model,scenario,version,reported_r10_variable_pairs,missing_r10_region_variables
GCAM 5.3,NGFS Phase 2-Below 2°C,1,190,Africa (R10)::Carbon Sequestration|Land Use; Africa (R10)::Food Demand|Crops; Africa (R10)::Food Demand|Livestock; Africa (R10)::Land Cover|Forest|Natural Forest; China+ (R10)::Carbon Sequestration|Land Use; China+ (R10)::Food Demand|Crops; China+ (R10)::Food Demand|Livestock; China+ (R10)::Land Cover|Forest|Natural Forest; Europe (R10)::Carbon Sequestration|Land Use; Europe (R10)::Food Demand|Crops; Europe (R10)::Food Demand|Livestock; Europe (R10)::Land Cover|Forest|Natural Forest; India+ (R10)::Carbon Sequestration|Land Use; India+ (R10)::Food Demand|Crops; India+ (R10)::Food Demand|Livestock; India+ (R10)::Land Cover|Forest|Natural Forest; Latin America (R10)::Carbon Sequestration|Land Use; Latin America (R10)::Food Demand|Crops; Latin America (R10)::Food Demand|Livestock; Latin America (R10)::Land Cover|Forest|Natural Forest; Middle East (R10)::Carbon Sequestration|Land Use; Middle East (R10)::Food Demand|Crops; Middle East (R10)::Food Demand|Livestock; Middle East (R10)::Land Cover|Forest|Natural Forest; North America (R10)::Carbon Sequestration|Land Use; North America (R10)::Food Demand|Crops; North America (R10)::Food Demand|Livestock; North America (R10)::Land Cover|Forest|Natural Forest; Pacific OECD (R10)::Carbon Sequestration|Land Use; Pacific OECD (R10)::Food Demand|Crops; Pacific OECD (R10)::Food Demand|Livestock; Pacific OECD (R10)::Land Cover|Forest|Natural Forest; Reforming Economies (R10)::Carbon Sequestration|Land Use; Reforming Economies (R10)::Food Demand|Crops; Reforming Economies (R10)::Food Demand|Livestock; Reforming Economies (R10)::Land Cover|Forest|Natural Forest; Rest of Asia (R10)::Carbon Sequestration|Land Use; Rest of Asia (R10)::Food Demand|Crops; Rest of Asia (R10)::Food Demand|Livestock; Rest of Asia (R10)::Land Cover|Forest|Natural Forest
GCAM 5.3,NGFS Phase 2-Delayed Transition,1,190,Africa (R10)::Carbon Sequestration|Land Use; Africa (R10)::Food Demand|Crops; Africa (R10)::Food Demand|Livestock; Africa (R10)::Land Cover|Forest|Natural Forest; China+ (R10)::Carbon Sequestration|Land Use; China+ (R10)::Food Demand|Crops; China+ (R10)::Food Demand|Livestock; China+ (R10)::Land Cover|Forest|Natural Forest; Europe (R10)::Carbon Sequestration|Land Use; Europe (R10)::Food Demand|Crops; Europe (R10)::Food Demand|Livestock; Europe (R10)::Land Cover|Forest|Natural Forest; India+ (R10)::Carbon Sequestration|Land Use; India+ (R10)::Food Demand|Crops; India+ (R10)::Food Demand|Livestock; India+ (R10)::Land Cover|Forest|Natural Forest; Latin America (R10)::Carbon Sequestration|Land Use; Latin America (R10)::Food Demand|Crops; Latin America (R10)::Food Demand|Livestock; Latin America (R10)::Land Cover|Forest|Natural Forest; Middle East (R10)::Carbon Sequestration|Land Use; Middle East (R10)::Food Demand|Crops; Middle East (R10)::Food Demand|Livestock; Middle East (R10)::Land Cover|Forest|Natural Forest; North America (R10)::Carbon Sequestration|Land Use; North America (R10)::Food Demand|Crops; North America (R10)::Food Demand|Livestock; North America (R10)::Land Cover|Forest|Natural Forest; Pacific OECD (R10)::Carbon Sequestration|Land Use; Pacific OECD (R10)::Food Demand|Crops; Pacific OECD (R10)::Food Demand|Livestock; Pacific OECD (R10)::Land Cover|Forest|Natural Forest; Reforming Economies (R10)::Carbon Sequestration|Land Use; Reforming Economies (R10)::Food Demand|Crops; Reforming Economies (R10)::Food Demand|Livestock; Reforming Economies (R10)::Land Cover|Forest|Natural Forest; Rest of Asia (R10)::Carbon Sequestration|Land Use; Rest of Asia (R10)::Food Demand|Crops; Rest of Asia (R10)::Food Demand|Livestock; Rest of Asia (R10)::Land Cover|Forest|Natural Forest
GCAM 6.0 NGFS,NGFS Phase 5-Below 2°C,1,190,Africa (R10)::Carbon Sequestration|Land Use; Africa (R10)::Food Demand|Crops; Africa (R10)::Food Demand|Livestock; Africa (R10)::Land Cover|Forest|Natural Forest; China+ (R10)::Carbon Sequestration|Land Use; China+ (R10)::Food Demand|Crops; China+ (R10)::Food Demand|Livestock; China+ (R10)::Land Cover|Forest|Natural Forest; Europe (R10)::Carbon Sequestration|Land Use; Europe (R10)::Food Demand|Crops; Europe (R10)::Food Demand|Livestock; Europe (R10)::Land Cover|Forest|Natural Forest; India+ (R10)::Carbon Sequestration|Land Use; India+ (R10)::Food Demand|Crops; India+ (R10)::Food Demand|Livestock; India+ (R10)::Land Cover|Forest|Natural Forest; Latin America (R10)::Carbon Sequestration|Land Use; Latin America (R10)::Food Demand|Crops; Latin America (R10)::Food Demand|Livestock; Latin America (R10)::Land Cover|Forest|Natural Forest; Middle East (R10)::Carbon Sequestration|Land Use; Middle East (R10)::Food Demand|Crops; Middle East (R10)::Food Demand|Livestock; Middle East (R10)::Land Cover|Forest|Natural Forest; North America (R10)::Carbon Sequestration|Land Use; North America (R10)::Food Demand|Crops; North America (R10)::Food Demand|Livestock; North America (R10)::Land Cover|Forest|Natural Forest; Pacific OECD (R10)::Carbon Sequestration|Land Use; Pacific OECD (R10)::Food Demand|Crops; Pacific OECD (R10)::Food Demand|Livestock; Pacific OECD (R10)::Land Cover|Forest|Natural Forest; Reforming Economies (R10)::Carbon Sequestration|Land Use; Reforming Economies (R10)::Food Demand|Crops; Reforming Economies (R10)::Food Demand|Livestock; Reforming Economies (R10)::Land Cover|Forest|Natural Forest; Rest of Asia (R10)::Carbon Sequestration|Land Use; Rest of Asia (R10)::Food Demand|Crops; Rest of Asia (R10)::Food Demand|Livestock; Rest of Asia (R10)::Land Cover|Forest|Natural Forest
GCAM 6.0 NGFS,NGFS Phase 5-Delayed Transition,1,190,Africa (R10)::Carbon Sequestration|Land Use; Africa (R10)::Food Demand|Crops; Africa (R10)::Food Demand|Livestock; Africa (R10)::Land Cover|Forest|Natural Forest; China+ (R10)::Carbon Sequestration|Land Use; China+ (R10)::Food Demand|Crops; China+ (R10)::Food Demand|Livestock; China+ (R10)::Land Cover|Forest|Natural Forest; Europe (R10)::Carbon Sequestration|Land Use; Europe (R10)::Food Demand|Crops; Europe (R10)::Food Demand|Livestock; Europe (R10)::Land Cover|Forest|Natural Forest; India+ (R10)::Carbon Sequestration|Land Use; India+ (R10)::Food Demand|Crops; India+ (R10)::Food Demand|Livestock; India+ (R10)::Land Cover|Forest|Natural Forest; Latin America (R10)::Carbon Sequestration|Land Use; Latin America (R10)::Food Demand|Crops; Latin America (R10)::Food Demand|Livestock; Latin America (R10)::Land Cover|Forest|Natural Forest; Middle East (R10)::Carbon Sequestration|Land Use; Middle East (R10)::Food Demand|Crops; Middle East (R10)::Food Demand|Livestock; Middle East (R10)::Land Cover|Forest|Natural Forest; North America (R10)::Carbon Sequestration|Land Use; North America (R10)::Food Demand|Crops; North America (R10)::Food Demand|Livestock; North America (R10)::Land Cover|Forest|Natural Forest; Pacific OECD (R10)::Carbon Sequestration|Land Use; Pacific OECD (R10)::Food Demand|Crops; Pacific OECD (R10)::Food Demand|Livestock; Pacific OECD (R10)::Land Cover|Forest|Natural Forest; Reforming Economies (R10)::Carbon Sequestration|Land Use; Reforming Economies (R10)::Food Demand|Crops; Reforming Economies (R10)::Food Demand|Livestock; Reforming Economies (R10)::Land Cover|Forest|Natural Forest; Rest of Asia (R10)::Carbon Sequestration|Land Use; Rest of Asia (R10)::Food Demand|Crops; Rest of Asia (R10)::Food Demand|Livestock; Rest of Asia (R10)::Land Cover|Forest|Natural Forest
GCAM 6.0 NGFS,NGFS Phase 5-Low Demand,1,190,Africa (R10)::Carbon Sequestration|Land Use; Africa (R10)::Food Demand|Crops; Africa (R10)::Food Demand|Livestock; Africa (R10)::Land Cover|Forest|Natural Forest; China+ (R10)::Carbon Sequestration|Land Use; China+ (R10)::Food Demand|Crops; China+ (R10)::Food Demand|Livestock; China+ (R10)::Land Cover|Forest|Natural Forest; Europe (R10)::Carbon Sequestration|Land Use; Europe (R10)::Food Demand|Crops; Europe (R10)::Food Demand|Livestock; Europe (R10)::Land Cover|Forest|Natural Forest; India+ (R10)::Carbon Sequestration|Land Use; India+ (R10)::Food Demand|Crops; India+ (R10)::Food Demand|Livestock; India+ (R10)::Land Cover|Forest|Natural Forest; Latin America (R10)::Carbon Sequestration|Land Use; Latin America (R10)::Food Demand|Crops; Latin America (R10)::Food Demand|Livestock; Latin America (R10)::Land Cover|Forest|Natural Forest; Middle East (R10)::Carbon Sequestration|Land Use; Middle East (R10)::Food Demand|Crops; Middle East (R10)::Food Demand|Livestock; Middle East (R10)::Land Cover|Forest|Natural Forest; North America (R10)::Carbon Sequestration|Land Use; North America (R10)::Food Demand|Crops; North America (R10)::Food Demand|Livestock; North America (R10)::Land Cover|Forest|Natural Forest; Pacific OECD (R10)::Carbon Sequestration|Land Use; Pacific OECD (R10)::Food Demand|Crops; Pacific OECD (R10)::Food Demand|Livestock; Pacific OECD (R10)::Land Cover|Forest|Natural Forest; Reforming Economies (R10)::Carbon Sequestration|Land Use; Reforming Economies (R10)::Food Demand|Crops; Reforming Economies (R10)::Food Demand|Livestock; Reforming Economies (R10)::Land Cover|Forest|Natural Forest; Rest of Asia (R10)::Carbon Sequestration|Land Use; Rest of Asia (R10)::Food Demand|Crops; Rest of Asia (R10)::Food Demand|Livestock; Rest of Asia (R10)::Land Cover|Forest|Natural Forest
GCAM 6.0 NGFS,NGFS Phase 5-Net-Zero 2050,1,190,Africa (R10)::Carbon Sequestration|Land Use; Africa (R10)::Food Demand|Crops; Africa (R10)::Food Demand|Livestock; Africa (R10)::Land Cover|Forest|Natural Forest; China+ (R10)::Carbon Sequestration|Land Use; China+ (R10)::Food Demand|Crops; China+ (R10)::Food Demand|Livestock; China+ (R10)::Land Cover|Forest|Natural Forest; Europe (R10)::Carbon Sequestration|Land Use; Europe (R10)::Food Demand|Crops; Europe (R10)::Food Demand|Livestock; Europe (R10)::Land Cover|Forest|Natural Forest; India+ (R10)::Carbon Sequestration|Land Use; India+ (R10)::Food Demand|Crops; India+ (R10)::Food Demand|Livestock; India+ (R10)::Land Cover|Forest|Natural Forest; Latin America (R10)::Carbon Sequestration|Land Use; Latin America (R10)::Food Demand|Crops; Latin America (R10)::Food Demand|Livestock; Latin America (R10)::Land Cover|Forest|Natural Forest; Middle East (R10)::Carbon Sequestration|Land Use; Middle East (R10)::Food Demand|Crops; Middle East (R10)::Food Demand|Livestock; Middle East (R10)::Land Cover|Forest|Natural Forest; North America (R10)::Carbon Sequestration|Land Use; North America (R10)::Food Demand|Crops; North America (R10)::Food Demand|Livestock; North America (R10)::Land Cover|Forest|Natural Forest; Pacific OECD (R10)::Carbon Sequestration|Land Use; Pacific OECD (R10)::Food Demand|Crops; Pacific OECD (R10)::Food Demand|Livestock; Pacific OECD (R10)::Land Cover|Forest|Natural Forest; Reforming Economies (R10)::Carbon Sequestration|Land Use; Reforming Economies (R10)::Food Demand|Crops; Reforming Economies (R10)::Food Demand|Livestock; Reforming Economies (R10)::Land Cover|Forest|Natural Forest; Rest of Asia (R10)::Carbon Sequestration|Land Use; Rest of Asia (R10)::Food Demand|Crops; Rest of Asia (R10)::Food Demand|Livestock; Rest of Asia (R10)::Land Cover|Forest|Natural Forest
IMAGE 3.0,COMMIT-2°C-2030,1,95,Africa (R10)::Emissions|CO2; Africa (R10)::Investment|Energy Supply; Africa (R10)::Capacity|Electricity|Wind; Africa (R10)::Capacity|Electricity|Solar|PV; Africa (R10)::Final Energy; Africa (R10)::Final Energy|Electricity; Africa (R10)::Population; Africa (R10)::Primary Energy|Coal; Africa (R10)::Primary Energy|Oil; Africa (R10)::Primary Energy|Gas; Africa (R10)::Primary Energy|Nuclear; Africa (R10)::Primary Energy|Biomass; Africa (R10)::Primary Energy|Non-Biomass Renewables; Africa (R10)::Carbon Capture|Geological Storage|Biomass; Africa (R10)::GDP|MER; Africa (R10)::Land Cover; Africa (R10)::Carbon Sequestration|Land Use; Africa (R10)::Price|Secondary Energy|Electricity; Africa (R10)::Food Demand|Crops; Africa (R10)::Food Demand|Livestock; Africa (R10)::Primary Energy|Fossil|w/ CCS; Africa (R10)::Primary Energy|Fossil|w/o CCS; Africa (R10)::Land Cover|Forest|Natural Forest; China+ (R10)::Carbon Sequestration|Land Use; China+ (R10)::Food Demand|Crops; China+ (R10)::Food Demand|Livestock; China+ (R10)::Land Cover|Forest|Natural Forest; Europe (R10)::Carbon Sequestration|Land Use; Europe (R10)::Food Demand|Crops; Europe (R10)::Food Demand|Livestock; Europe (R10)::Land Cover|Forest|Natural Forest; India+ (R10)::Emissions|CO2; India+ (R10)::Investment|Energy Supply; India+ (R10)::Capacity|Electricity|Wind; India+ (R10)::Capacity|Electricity|Solar|PV; India+ (R10)::Final Energy; India+ (R10)::Final Energy|Electricity; India+ (R10)::Population; India+ (R10)::Primary Energy|Coal; India+ (R10)::Primary Energy|Oil; India+ (R10)::Primary Energy|Gas; India+ (R10)::Primary Energy|Nuclear; India+ (R10)::Primary Energy|Biomass; India+ (R10)::Primary Energy|Non-Biomass Renewables; India+ (R10)::Carbon Capture|Geological Storage|Biomass; India+ (R10)::GDP|MER; India+ (R10)::Land Cover; India+ (R10)::Carbon Sequestration|Land Use; India+ (R10)::Price|Secondary Energy|Electricity; India+ (R10)::Food Demand|Crops; India+ (R10)::Food Demand|Livestock; India+ (R10)::Primary Energy|Fossil|w/ CCS; India+ (R10)::Primary Energy|Fossil|w/o CCS; India+ (R10)::Land Cover|Forest|Natural Forest; Latin America (R10)::Carbon Sequestration|Land Use; Latin America (R10)::Food Demand|Crops; Latin America (R10)::Food Demand|Livestock; Latin America (R10)::Land Cover|Forest|Natural Forest; Middle East (R10)::Emissions|CO2; Middle East (R10)::Investment|Energy Supply; Middle East (R10)::Capacity|Electricity|Wind; Middle East (R10)::Capacity|Electricity|Solar|PV; Middle East (R10)::Final Energy; Middle East (R10)::Final Energy|Electricity; Middle East (R10)::Population; Middle East (R10)::Primary Energy|Coal; Middle East (R10)::Primary Energy|Oil; Middle East (R10)::Primary Energy|Gas; Middle East (R10)::Primary Energy|Nuclear; Middle East (R10)::Primary Energy|Biomass; Middle East (R10)::Primary Energy|Non-Biomass Renewables; Middle East (R10)::Carbon Capture|Geological Storage|Biomass; Middle East (R10)::GDP|MER; Middle East (R10)::Land Cover; Middle East (R10)::Carbon Sequestration|Land Use; Middle East (R10)::Price|Secondary Energy|Electricity; Middle East (R10)::Food Demand|Crops; Middle East (R10)::Food Demand|Livestock; Middle East (R10)::Primary Energy|Fossil|w/ CCS; Middle East (R10)::Primary Energy|Fossil|w/o CCS; Middle East (R10)::Land Cover|Forest|Natural Forest; North America (R10)::Carbon Sequestration|Land Use; North America (R10)::Food Demand|Crops; North America (R10)::Food Demand|Livestock; North America (R10)::Land Cover|Forest|Natural Forest; Pacific OECD (R10)::Emissions|CO2; Pacific OECD (R10)::Investment|Energy Supply; Pacific OECD (R10)::Capacity|Electricity|Wind; Pacific OECD (R10)::Capacity|Electricity|Solar|PV; Pacific OECD (R10)::Final Energy; Pacific OECD (R10)::Final Energy|Electricity; Pacific OECD (R10)::Population; Pacific OECD (R10)::Primary Energy|Coal; Pacific OECD (R10)::Primary Energy|Oil; Pacific OECD (R10)::Primary Energy|Gas; Pacific OECD (R10)::Primary Energy|Nuclear; Pacific OECD (R10)::Primary Energy|Biomass; Pacific OECD (R10)::Primary Energy|Non-Biomass Renewables; Pacific OECD (R10)::Carbon Capture|Geological Storage|Biomass; Pacific OECD (R10)::GDP|MER; Pacific OECD (R10)::Land Cover; Pacific OECD (R10)::Carbon Sequestration|Land Use; Pacific OECD (R10)::Price|Secondary Energy|Electricity; Pacific OECD (R10)::Food Demand|Crops; Pacific OECD (R10)::Food Demand|Livestock; Pacific OECD (R10)::Primary Energy|Fossil|w/ CCS; Pacific OECD (R10)::Primary Energy|Fossil|w/o CCS; Pacific OECD (R10)::Land Cover|Forest|Natural Forest; Reforming Economies (R10)::Carbon Sequestration|Land Use; Reforming Economies (R10)::Food Demand|Crops; Reforming Economies (R10)::Food Demand|Livestock; Reforming Economies (R10)::Land Cover|Forest|Natural Forest; Rest of Asia (R10)::Emissions|CO2; Rest of Asia (R10)::Investment|Energy Supply; Rest of Asia (R10)::Capacity|Electricity|Wind; Rest of Asia (R10)::Capacity|Electricity|Solar|PV; Rest of Asia (R10)::Final Energy; Rest of Asia (R10)::Final Energy|Electricity; Rest of Asia (R10)::Population; Rest of Asia (R10)::Primary Energy|Coal; Rest of Asia (R10)::Primary Energy|Oil; Rest of Asia (R10)::Primary Energy|Gas; Rest of Asia (R10)::Primary Energy|Nuclear; Rest of Asia (R10)::Primary Energy|Biomass; Rest of Asia (R10)::Primary Energy|Non-Biomass Renewables; Rest of Asia (R10)::Carbon Capture|Geological Storage|Biomass; Rest of Asia (R10)::GDP|MER; Rest of Asia (R10)::Land Cover; Rest of Asia (R10)::Carbon Sequestration|Land Use; Rest of Asia (R10)::Price|Secondary Energy|Electricity; Rest of Asia (R10)::Food Demand|Crops; Rest of Asia (R10)::Food Demand|Livestock; Rest of Asia (R10)::Primary Energy|Fossil|w/ CCS; Rest of Asia (R10)::Primary Energy|Fossil|w/o CCS; Rest of Asia (R10)::Land Cover|Forest|Natural Forest
IMAGE 3.0,ENGAGE-INDCi2030-1000,1,180,Africa (R10)::Carbon Sequestration|Land Use; Africa (R10)::Price|Secondary Energy|Electricity; Africa (R10)::Food Demand|Crops; Africa (R10)::Food Demand|Livestock; Africa (R10)::Land Cover|Forest|Natural Forest; China+ (R10)::Carbon Sequestration|Land Use; China+ (R10)::Price|Secondary Energy|Electricity; China+ (R10)::Food Demand|Crops; China+ (R10)::Food Demand|Livestock; China+ (R10)::Land Cover|Forest|Natural Forest; Europe (R10)::Carbon Sequestration|Land Use; Europe (R10)::Price|Secondary Energy|Electricity; Europe (R10)::Food Demand|Crops; Europe (R10)::Food Demand|Livestock; Europe (R10)::Land Cover|Forest|Natural Forest; India+ (R10)::Carbon Sequestration|Land Use; India+ (R10)::Price|Secondary Energy|Electricity; India+ (R10)::Food Demand|Crops; India+ (R10)::Food Demand|Livestock; India+ (R10)::Land Cover|Forest|Natural Forest; Latin America (R10)::Carbon Sequestration|Land Use; Latin America (R10)::Price|Secondary Energy|Electricity; Latin America (R10)::Food Demand|Crops; Latin America (R10)::Food Demand|Livestock; Latin America (R10)::Land Cover|Forest|Natural Forest; Middle East (R10)::Carbon Sequestration|Land Use; Middle East (R10)::Price|Secondary Energy|Electricity; Middle East (R10)::Food Demand|Crops; Middle East (R10)::Food Demand|Livestock; Middle East (R10)::Land Cover|Forest|Natural Forest; North America (R10)::Carbon Sequestration|Land Use; North America (R10)::Price|Secondary Energy|Electricity; North America (R10)::Food Demand|Crops; North America (R10)::Food Demand|Livestock; North America (R10)::Land Cover|Forest|Natural Forest; Pacific OECD (R10)::Carbon Sequestration|Land Use; Pacific OECD (R10)::Price|Secondary Energy|Electricity; Pacific OECD (R10)::Food Demand|Crops; Pacific OECD (R10)::Food Demand|Livestock; Pacific OECD (R10)::Land Cover|Forest|Natural Forest; Reforming Economies (R10)::Carbon Sequestration|Land Use; Reforming Economies (R10)::Price|Secondary Energy|Electricity; Reforming Economies (R10)::Food Demand|Crops; Reforming Economies (R10)::Food Demand|Livestock; Reforming Economies (R10)::Land Cover|Forest|Natural Forest; Rest of Asia (R10)::Carbon Sequestration|Land Use; Rest of Asia (R10)::Price|Secondary Energy|Electricity; Rest of Asia (R10)::Food Demand|Crops; Rest of Asia (R10)::Food Demand|Livestock; Rest of Asia (R10)::Land Cover|Forest|Natural Forest
IMAGE 3.0,ENGAGE-INDCi2030-1000f,1,180,Africa (R10)::Carbon Sequestration|Land Use; Africa (R10)::Price|Secondary Energy|Electricity; Africa (R10)::Food Demand|Crops; Africa (R10)::Food Demand|Livestock; Africa (R10)::Land Cover|Forest|Natural Forest; China+ (R10)::Carbon Sequestration|Land Use; China+ (R10)::Price|Secondary Energy|Electricity; China+ (R10)::Food Demand|Crops; China+ (R10)::Food Demand|Livestock; China+ (R10)::Land Cover|Forest|Natural Forest; Europe (R10)::Carbon Sequestration|Land Use; Europe (R10)::Price|Secondary Energy|Electricity; Europe (R10)::Food Demand|Crops; Europe (R10)::Food Demand|Livestock; Europe (R10)::Land Cover|Forest|Natural Forest; India+ (R10)::Carbon Sequestration|Land Use; India+ (R10)::Price|Secondary Energy|Electricity; India+ (R10)::Food Demand|Crops; India+ (R10)::Food Demand|Livestock; India+ (R10)::Land Cover|Forest|Natural Forest; Latin America (R10)::Carbon Sequestration|Land Use; Latin America (R10)::Price|Secondary Energy|Electricity; Latin America (R10)::Food Demand|Crops; Latin America (R10)::Food Demand|Livestock; Latin America (R10)::Land Cover|Forest|Natural Forest; Middle East (R10)::Carbon Sequestration|Land Use; Middle East (R10)::Price|Secondary Energy|Electricity; Middle East (R10)::Food Demand|Crops; Middle East (R10)::Food Demand|Livestock; Middle East (R10)::Land Cover|Forest|Natural Forest; North America (R10)::Carbon Sequestration|Land Use; North America (R10)::Price|Secondary Energy|Electricity; North America (R10)::Food Demand|Crops; North America (R10)::Food Demand|Livestock; North America (R10)::Land Cover|Forest|Natural Forest; Pacific OECD (R10)::Carbon Sequestration|Land Use; Pacific OECD (R10)::Price|Secondary Energy|Electricity; Pacific OECD (R10)::Food Demand|Crops; Pacific OECD (R10)::Food Demand|Livestock; Pacific OECD (R10)::Land Cover|Forest|Natural Forest; Reforming Economies (R10)::Carbon Sequestration|Land Use; Reforming Economies (R10)::Price|Secondary Energy|Electricity; Reforming Economies (R10)::Food Demand|Crops; Reforming Economies (R10)::Food Demand|Livestock; Reforming Economies (R10)::Land Cover|Forest|Natural Forest; Rest of Asia (R10)::Carbon Sequestration|Land Use; Rest of Asia (R10)::Price|Secondary Energy|Electricity; Rest of Asia (R10)::Food Demand|Crops; Rest of Asia (R10)::Food Demand|Livestock; Rest of Asia (R10)::Land Cover|Forest|Natural Forest
IMAGE 3.0,ENGAGE-INDCi2030-1200,1,180,Africa (R10)::Carbon Sequestration|Land Use; Africa (R10)::Price|Secondary Energy|Electricity; Africa (R10)::Food Demand|Crops; Africa (R10)::Food Demand|Livestock; Africa (R10)::Land Cover|Forest|Natural Forest; China+ (R10)::Carbon Sequestration|Land Use; China+ (R10)::Price|Secondary Energy|Electricity; China+ (R10)::Food Demand|Crops; China+ (R10)::Food Demand|Livestock; China+ (R10)::Land Cover|Forest|Natural Forest; Europe (R10)::Carbon Sequestration|Land Use; Europe (R10)::Price|Secondary Energy|Electricity; Europe (R10)::Food Demand|Crops; Europe (R10)::Food Demand|Livestock; Europe (R10)::Land Cover|Forest|Natural Forest; India+ (R10)::Carbon Sequestration|Land Use; India+ (R10)::Price|Secondary Energy|Electricity; India+ (R10)::Food Demand|Crops; India+ (R10)::Food Demand|Livestock; India+ (R10)::Land Cover|Forest|Natural Forest; Latin America (R10)::Carbon Sequestration|Land Use; Latin America (R10)::Price|Secondary Energy|Electricity; Latin America (R10)::Food Demand|Crops; Latin America (R10)::Food Demand|Livestock; Latin America (R10)::Land Cover|Forest|Natural Forest; Middle East (R10)::Carbon Sequestration|Land Use; Middle East (R10)::Price|Secondary Energy|Electricity; Middle East (R10)::Food Demand|Crops; Middle East (R10)::Food Demand|Livestock; Middle East (R10)::Land Cover|Forest|Natural Forest; North America (R10)::Carbon Sequestration|Land Use; North America (R10)::Price|Secondary Energy|Electricity; North America (R10)::Food Demand|Crops; North America (R10)::Food Demand|Livestock; North America (R10)::Land Cover|Forest|Natural Forest; Pacific OECD (R10)::Carbon Sequestration|Land Use; Pacific OECD (R10)::Price|Secondary Energy|Electricity; Pacific OECD (R10)::Food Demand|Crops; Pacific OECD (R10)::Food Demand|Livestock; Pacific OECD (R10)::Land Cover|Forest|Natural Forest; Reforming Economies (R10)::Carbon Sequestration|Land Use; Reforming Economies (R10)::Price|Secondary Energy|Electricity; Reforming Economies (R10)::Food Demand|Crops; Reforming Economies (R10)::Food Demand|Livestock; Reforming Economies (R10)::Land Cover|Forest|Natural Forest; Rest of Asia (R10)::Carbon Sequestration|Land Use; Rest of Asia (R10)::Price|Secondary Energy|Electricity; Rest of Asia (R10)::Food Demand|Crops; Rest of Asia (R10)::Food Demand|Livestock; Rest of Asia (R10)::Land Cover|Forest|Natural Forest
IMAGE 3.0,ENGAGE-INDCi2030-1200f,1,180,Africa (R10)::Carbon Sequestration|Land Use; Africa (R10)::Price|Secondary Energy|Electricity; Africa (R10)::Food Demand|Crops; Africa (R10)::Food Demand|Livestock; Africa (R10)::Land Cover|Forest|Natural Forest; China+ (R10)::Carbon Sequestration|Land Use; China+ (R10)::Price|Secondary Energy|Electricity; China+ (R10)::Food Demand|Crops; China+ (R10)::Food Demand|Livestock; China+ (R10)::Land Cover|Forest|Natural Forest; Europe (R10)::Carbon Sequestration|Land Use; Europe (R10)::Price|Secondary Energy|Electricity; Europe (R10)::Food Demand|Crops; Europe (R10)::Food Demand|Livestock; Europe (R10)::Land Cover|Forest|Natural Forest; India+ (R10)::Carbon Sequestration|Land Use; India+ (R10)::Price|Secondary Energy|Electricity; India+ (R10)::Food Demand|Crops; India+ (R10)::Food Demand|Livestock; India+ (R10)::Land Cover|Forest|Natural Forest; Latin America (R10)::Carbon Sequestration|Land Use; Latin America (R10)::Price|Secondary Energy|Electricity; Latin America (R10)::Food Demand|Crops; Latin America (R10)::Food Demand|Livestock; Latin America (R10)::Land Cover|Forest|Natural Forest; Middle East (R10)::Carbon Sequestration|Land Use; Middle East (R10)::Price|Secondary Energy|Electricity; Middle East (R10)::Food Demand|Crops; Middle East (R10)::Food Demand|Livestock; Middle East (R10)::Land Cover|Forest|Natural Forest; North America (R10)::Carbon Sequestration|Land Use; North America (R10)::Price|Secondary Energy|Electricity; North America (R10)::Food Demand|Crops; North America (R10)::Food Demand|Livestock; North America (R10)::Land Cover|Forest|Natural Forest; Pacific OECD (R10)::Carbon Sequestration|Land Use; Pacific OECD (R10)::Price|Secondary Energy|Electricity; Pacific OECD (R10)::Food Demand|Crops; Pacific OECD (R10)::Food Demand|Livestock; Pacific OECD (R10)::Land Cover|Forest|Natural Forest; Reforming Economies (R10)::Carbon Sequestration|Land Use; Reforming Economies (R10)::Price|Secondary Energy|Electricity; Reforming Economies (R10)::Food Demand|Crops; Reforming Economies (R10)::Food Demand|Livestock; Reforming Economies (R10)::Land Cover|Forest|Natural Forest; Rest of Asia (R10)::Carbon Sequestration|Land Use; Rest of Asia (R10)::Price|Secondary Energy|Electricity; Rest of Asia (R10)::Food Demand|Crops; Rest of Asia (R10)::Food Demand|Livestock; Rest of Asia (R10)::Land Cover|Forest|Natural Forest
IMAGE 3.0,ENGAGE-INDCi2030-1400f,1,180,Africa (R10)::Carbon Sequestration|Land Use; Africa (R10)::Price|Secondary Energy|Electricity; Africa (R10)::Food Demand|Crops; Africa (R10)::Food Demand|Livestock; Africa (R10)::Land Cover|Forest|Natural Forest; China+ (R10)::Carbon Sequestration|Land Use; China+ (R10)::Price|Secondary Energy|Electricity; China+ (R10)::Food Demand|Crops; China+ (R10)::Food Demand|Livestock; China+ (R10)::Land Cover|Forest|Natural Forest; Europe (R10)::Carbon Sequestration|Land Use; Europe (R10)::Price|Secondary Energy|Electricity; Europe (R10)::Food Demand|Crops; Europe (R10)::Food Demand|Livestock; Europe (R10)::Land Cover|Forest|Natural Forest; India+ (R10)::Carbon Sequestration|Land Use; India+ (R10)::Price|Secondary Energy|Electricity; India+ (R10)::Food Demand|Crops; India+ (R10)::Food Demand|Livestock; India+ (R10)::Land Cover|Forest|Natural Forest; Latin America (R10)::Carbon Sequestration|Land Use; Latin America (R10)::Price|Secondary Energy|Electricity; Latin America (R10)::Food Demand|Crops; Latin America (R10)::Food Demand|Livestock; Latin America (R10)::Land Cover|Forest|Natural Forest; Middle East (R10)::Carbon Sequestration|Land Use; Middle East (R10)::Price|Secondary Energy|Electricity; Middle East (R10)::Food Demand|Crops; Middle East (R10)::Food Demand|Livestock; Middle East (R10)::Land Cover|Forest|Natural Forest; North America (R10)::Carbon Sequestration|Land Use; North America (R10)::Price|Secondary Energy|Electricity; North America (R10)::Food Demand|Crops; North America (R10)::Food Demand|Livestock; North America (R10)::Land Cover|Forest|Natural Forest; Pacific OECD (R10)::Carbon Sequestration|Land Use; Pacific OECD (R10)::Price|Secondary Energy|Electricity; Pacific OECD (R10)::Food Demand|Crops; Pacific OECD (R10)::Food Demand|Livestock; Pacific OECD (R10)::Land Cover|Forest|Natural Forest; Reforming Economies (R10)::Carbon Sequestration|Land Use; Reforming Economies (R10)::Price|Secondary Energy|Electricity; Reforming Economies (R10)::Food Demand|Crops; Reforming Economies (R10)::Food Demand|Livestock; Reforming Economies (R10)::Land Cover|Forest|Natural Forest; Rest of Asia (R10)::Carbon Sequestration|Land Use; Rest of Asia (R10)::Price|Secondary Energy|Electricity; Rest of Asia (R10)::Food Demand|Crops; Rest of Asia (R10)::Food Demand|Livestock; Rest of Asia (R10)::Land Cover|Forest|Natural Forest
IMAGE 3.0,ENGAGE-INDCi2030-800f,1,180,Africa (R10)::Carbon Sequestration|Land Use; Africa (R10)::Price|Secondary Energy|Electricity; Africa (R10)::Food Demand|Crops; Africa (R10)::Food Demand|Livestock; Africa (R10)::Land Cover|Forest|Natural Forest; China+ (R10)::Carbon Sequestration|Land Use; China+ (R10)::Price|Secondary Energy|Electricity; China+ (R10)::Food Demand|Crops; China+ (R10)::Food Demand|Livestock; China+ (R10)::Land Cover|Forest|Natural Forest; Europe (R10)::Carbon Sequestration|Land Use; Europe (R10)::Price|Secondary Energy|Electricity; Europe (R10)::Food Demand|Crops; Europe (R10)::Food Demand|Livestock; Europe (R10)::Land Cover|Forest|Natural Forest; India+ (R10)::Carbon Sequestration|Land Use; India+ (R10)::Price|Secondary Energy|Electricity; India+ (R10)::Food Demand|Crops; India+ (R10)::Food Demand|Livestock; India+ (R10)::Land Cover|Forest|Natural Forest; Latin America (R10)::Carbon Sequestration|Land Use; Latin America (R10)::Price|Secondary Energy|Electricity; Latin America (R10)::Food Demand|Crops; Latin America (R10)::Food Demand|Livestock; Latin America (R10)::Land Cover|Forest|Natural Forest; Middle East (R10)::Carbon Sequestration|Land Use; Middle East (R10)::Price|Secondary Energy|Electricity; Middle East (R10)::Food Demand|Crops; Middle East (R10)::Food Demand|Livestock; Middle East (R10)::Land Cover|Forest|Natural Forest; North America (R10)::Carbon Sequestration|Land Use; North America (R10)::Price|Secondary Energy|Electricity; North America (R10)::Food Demand|Crops; North America (R10)::Food Demand|Livestock; North America (R10)::Land Cover|Forest|Natural Forest; Pacific OECD (R10)::Carbon Sequestration|Land Use; Pacific OECD (R10)::Price|Secondary Energy|Electricity; Pacific OECD (R10)::Food Demand|Crops; Pacific OECD (R10)::Food Demand|Livestock; Pacific OECD (R10)::Land Cover|Forest|Natural Forest; Reforming Economies (R10)::Carbon Sequestration|Land Use; Reforming Economies (R10)::Price|Secondary Energy|Electricity; Reforming Economies (R10)::Food Demand|Crops; Reforming Economies (R10)::Food Demand|Livestock; Reforming Economies (R10)::Land Cover|Forest|Natural Forest; Rest of Asia (R10)::Carbon Sequestration|Land Use; Rest of Asia (R10)::Price|Secondary Energy|Electricity; Rest of Asia (R10)::Food Demand|Crops; Rest of Asia (R10)::Food Demand|Livestock; Rest of Asia (R10)::Land Cover|Forest|Natural Forest
IMAGE 3.0,ENGAGE-NPi2020-1000,1,180,Africa (R10)::Carbon Sequestration|Land Use; Africa (R10)::Price|Secondary Energy|Electricity; Africa (R10)::Food Demand|Crops; Africa (R10)::Food Demand|Livestock; Africa (R10)::Land Cover|Forest|Natural Forest; China+ (R10)::Carbon Sequestration|Land Use; China+ (R10)::Price|Secondary Energy|Electricity; China+ (R10)::Food Demand|Crops; China+ (R10)::Food Demand|Livestock; China+ (R10)::Land Cover|Forest|Natural Forest; Europe (R10)::Carbon Sequestration|Land Use; Europe (R10)::Price|Secondary Energy|Electricity; Europe (R10)::Food Demand|Crops; Europe (R10)::Food Demand|Livestock; Europe (R10)::Land Cover|Forest|Natural Forest; India+ (R10)::Carbon Sequestration|Land Use; India+ (R10)::Price|Secondary Energy|Electricity; India+ (R10)::Food Demand|Crops; India+ (R10)::Food Demand|Livestock; India+ (R10)::Land Cover|Forest|Natural Forest; Latin America (R10)::Carbon Sequestration|Land Use; Latin America (R10)::Price|Secondary Energy|Electricity; Latin America (R10)::Food Demand|Crops; Latin America (R10)::Food Demand|Livestock; Latin America (R10)::Land Cover|Forest|Natural Forest; Middle East (R10)::Carbon Sequestration|Land Use; Middle East (R10)::Price|Secondary Energy|Electricity; Middle East (R10)::Food Demand|Crops; Middle East (R10)::Food Demand|Livestock; Middle East (R10)::Land Cover|Forest|Natural Forest; North America (R10)::Carbon Sequestration|Land Use; North America (R10)::Price|Secondary Energy|Electricity; North America (R10)::Food Demand|Crops; North America (R10)::Food Demand|Livestock; North America (R10)::Land Cover|Forest|Natural Forest; Pacific OECD (R10)::Carbon Sequestration|Land Use; Pacific OECD (R10)::Price|Secondary Energy|Electricity; Pacific OECD (R10)::Food Demand|Crops; Pacific OECD (R10)::Food Demand|Livestock; Pacific OECD (R10)::Land Cover|Forest|Natural Forest; Reforming Economies (R10)::Carbon Sequestration|Land Use; Reforming Economies (R10)::Price|Secondary Energy|Electricity; Reforming Economies (R10)::Food Demand|Crops; Reforming Economies (R10)::Food Demand|Livestock; Reforming Economies (R10)::Land Cover|Forest|Natural Forest; Rest of Asia (R10)::Carbon Sequestration|Land Use; Rest of Asia (R10)::Price|Secondary Energy|Electricity; Rest of Asia (R10)::Food Demand|Crops; Rest of Asia (R10)::Food Demand|Livestock; Rest of Asia (R10)::Land Cover|Forest|Natural Forest
IMAGE 3.0,ENGAGE-NPi2020-1200,1,180,Africa (R10)::Carbon Sequestration|Land Use; Africa (R10)::Price|Secondary Energy|Electricity; Africa (R10)::Food Demand|Crops; Africa (R10)::Food Demand|Livestock; Africa (R10)::Land Cover|Forest|Natural Forest; China+ (R10)::Carbon Sequestration|Land Use; China+ (R10)::Price|Secondary Energy|Electricity; China+ (R10)::Food Demand|Crops; China+ (R10)::Food Demand|Livestock; China+ (R10)::Land Cover|Forest|Natural Forest; Europe (R10)::Carbon Sequestration|Land Use; Europe (R10)::Price|Secondary Energy|Electricity; Europe (R10)::Food Demand|Crops; Europe (R10)::Food Demand|Livestock; Europe (R10)::Land Cover|Forest|Natural Forest; India+ (R10)::Carbon Sequestration|Land Use; India+ (R10)::Price|Secondary Energy|Electricity; India+ (R10)::Food Demand|Crops; India+ (R10)::Food Demand|Livestock; India+ (R10)::Land Cover|Forest|Natural Forest; Latin America (R10)::Carbon Sequestration|Land Use; Latin America (R10)::Price|Secondary Energy|Electricity; Latin America (R10)::Food Demand|Crops; Latin America (R10)::Food Demand|Livestock; Latin America (R10)::Land Cover|Forest|Natural Forest; Middle East (R10)::Carbon Sequestration|Land Use; Middle East (R10)::Price|Secondary Energy|Electricity; Middle East (R10)::Food Demand|Crops; Middle East (R10)::Food Demand|Livestock; Middle East (R10)::Land Cover|Forest|Natural Forest; North America (R10)::Carbon Sequestration|Land Use; North America (R10)::Price|Secondary Energy|Electricity; North America (R10)::Food Demand|Crops; North America (R10)::Food Demand|Livestock; North America (R10)::Land Cover|Forest|Natural Forest; Pacific OECD (R10)::Carbon Sequestration|Land Use; Pacific OECD (R10)::Price|Secondary Energy|Electricity; Pacific OECD (R10)::Food Demand|Crops; Pacific OECD (R10)::Food Demand|Livestock; Pacific OECD (R10)::Land Cover|Forest|Natural Forest; Reforming Economies (R10)::Carbon Sequestration|Land Use; Reforming Economies (R10)::Price|Secondary Energy|Electricity; Reforming Economies (R10)::Food Demand|Crops; Reforming Economies (R10)::Food Demand|Livestock; Reforming Economies (R10)::Land Cover|Forest|Natural Forest; Rest of Asia (R10)::Carbon Sequestration|Land Use; Rest of Asia (R10)::Price|Secondary Energy|Electricity; Rest of Asia (R10)::Food Demand|Crops; Rest of Asia (R10)::Food Demand|Livestock; Rest of Asia (R10)::Land Cover|Forest|Natural Forest
IMAGE 3.0,ENGAGE-NPi2020-1400,1,180,Africa (R10)::Carbon Sequestration|Land Use; Africa (R10)::Price|Secondary Energy|Electricity; Africa (R10)::Food Demand|Crops; Africa (R10)::Food Demand|Livestock; Africa (R10)::Land Cover|Forest|Natural Forest; China+ (R10)::Carbon Sequestration|Land Use; China+ (R10)::Price|Secondary Energy|Electricity; China+ (R10)::Food Demand|Crops; China+ (R10)::Food Demand|Livestock; China+ (R10)::Land Cover|Forest|Natural Forest; Europe (R10)::Carbon Sequestration|Land Use; Europe (R10)::Price|Secondary Energy|Electricity; Europe (R10)::Food Demand|Crops; Europe (R10)::Food Demand|Livestock; Europe (R10)::Land Cover|Forest|Natural Forest; India+ (R10)::Carbon Sequestration|Land Use; India+ (R10)::Price|Secondary Energy|Electricity; India+ (R10)::Food Demand|Crops; India+ (R10)::Food Demand|Livestock; India+ (R10)::Land Cover|Forest|Natural Forest; Latin America (R10)::Carbon Sequestration|Land Use; Latin America (R10)::Price|Secondary Energy|Electricity; Latin America (R10)::Food Demand|Crops; Latin America (R10)::Food Demand|Livestock; Latin America (R10)::Land Cover|Forest|Natural Forest; Middle East (R10)::Carbon Sequestration|Land Use; Middle East (R10)::Price|Secondary Energy|Electricity; Middle East (R10)::Food Demand|Crops; Middle East (R10)::Food Demand|Livestock; Middle East (R10)::Land Cover|Forest|Natural Forest; North America (R10)::Carbon Sequestration|Land Use; North America (R10)::Price|Secondary Energy|Electricity; North America (R10)::Food Demand|Crops; North America (R10)::Food Demand|Livestock; North America (R10)::Land Cover|Forest|Natural Forest; Pacific OECD (R10)::Carbon Sequestration|Land Use; Pacific OECD (R10)::Price|Secondary Energy|Electricity; Pacific OECD (R10)::Food Demand|Crops; Pacific OECD (R10)::Food Demand|Livestock; Pacific OECD (R10)::Land Cover|Forest|Natural Forest; Reforming Economies (R10)::Carbon Sequestration|Land Use; Reforming Economies (R10)::Price|Secondary Energy|Electricity; Reforming Economies (R10)::Food Demand|Crops; Reforming Economies (R10)::Food Demand|Livestock; Reforming Economies (R10)::Land Cover|Forest|Natural Forest; Rest of Asia (R10)::Carbon Sequestration|Land Use; Rest of Asia (R10)::Price|Secondary Energy|Electricity; Rest of Asia (R10)::Food Demand|Crops; Rest of Asia (R10)::Food Demand|Livestock; Rest of Asia (R10)::Land Cover|Forest|Natural Forest
IMAGE 3.0,ENGAGE-NPi2020-1400f,1,180,Africa (R10)::Carbon Sequestration|Land Use; Africa (R10)::Price|Secondary Energy|Electricity; Africa (R10)::Food Demand|Crops; Africa (R10)::Food Demand|Livestock; Africa (R10)::Land Cover|Forest|Natural Forest; China+ (R10)::Carbon Sequestration|Land Use; China+ (R10)::Price|Secondary Energy|Electricity; China+ (R10)::Food Demand|Crops; China+ (R10)::Food Demand|Livestock; China+ (R10)::Land Cover|Forest|Natural Forest; Europe (R10)::Carbon Sequestration|Land Use; Europe (R10)::Price|Secondary Energy|Electricity; Europe (R10)::Food Demand|Crops; Europe (R10)::Food Demand|Livestock; Europe (R10)::Land Cover|Forest|Natural Forest; India+ (R10)::Carbon Sequestration|Land Use; India+ (R10)::Price|Secondary Energy|Electricity; India+ (R10)::Food Demand|Crops; India+ (R10)::Food Demand|Livestock; India+ (R10)::Land Cover|Forest|Natural Forest; Latin America (R10)::Carbon Sequestration|Land Use; Latin America (R10)::Price|Secondary Energy|Electricity; Latin America (R10)::Food Demand|Crops; Latin America (R10)::Food Demand|Livestock; Latin America (R10)::Land Cover|Forest|Natural Forest; Middle East (R10)::Carbon Sequestration|Land Use; Middle East (R10)::Price|Secondary Energy|Electricity; Middle East (R10)::Food Demand|Crops; Middle East (R10)::Food Demand|Livestock; Middle East (R10)::Land Cover|Forest|Natural Forest; North America (R10)::Carbon Sequestration|Land Use; North America (R10)::Price|Secondary Energy|Electricity; North America (R10)::Food Demand|Crops; North America (R10)::Food Demand|Livestock; North America (R10)::Land Cover|Forest|Natural Forest; Pacific OECD (R10)::Carbon Sequestration|Land Use; Pacific OECD (R10)::Price|Secondary Energy|Electricity; Pacific OECD (R10)::Food Demand|Crops; Pacific OECD (R10)::Food Demand|Livestock; Pacific OECD (R10)::Land Cover|Forest|Natural Forest; Reforming Economies (R10)::Carbon Sequestration|Land Use; Reforming Economies (R10)::Price|Secondary Energy|Electricity; Reforming Economies (R10)::Food Demand|Crops; Reforming Economies (R10)::Food Demand|Livestock; Reforming Economies (R10)::Land Cover|Forest|Natural Forest; Rest of Asia (R10)::Carbon Sequestration|Land Use; Rest of Asia (R10)::Price|Secondary Energy|Electricity; Rest of Asia (R10)::Food Demand|Crops; Rest of Asia (R10)::Food Demand|Livestock; Rest of Asia (R10)::Land Cover|Forest|Natural Forest
IMAGE 3.2,SSP2021-SSP1-SPA1-19-Default,1,190,Africa (R10)::Carbon Sequestration|Land Use; Africa (R10)::Food Demand|Crops; Africa (R10)::Food Demand|Livestock; Africa (R10)::Land Cover|Forest|Natural Forest; China+ (R10)::Carbon Sequestration|Land Use; China+ (R10)::Food Demand|Crops; China+ (R10)::Food Demand|Livestock; China+ (R10)::Land Cover|Forest|Natural Forest; Europe (R10)::Carbon Sequestration|Land Use; Europe (R10)::Food Demand|Crops; Europe (R10)::Food Demand|Livestock; Europe (R10)::Land Cover|Forest|Natural Forest; India+ (R10)::Carbon Sequestration|Land Use; India+ (R10)::Food Demand|Crops; India+ (R10)::Food Demand|Livestock; India+ (R10)::Land Cover|Forest|Natural Forest; Latin America (R10)::Carbon Sequestration|Land Use; Latin America (R10)::Food Demand|Crops; Latin America (R10)::Food Demand|Livestock; Latin America (R10)::Land Cover|Forest|Natural Forest; Middle East (R10)::Carbon Sequestration|Land Use; Middle East (R10)::Food Demand|Crops; Middle East (R10)::Food Demand|Livestock; Middle East (R10)::Land Cover|Forest|Natural Forest; North America (R10)::Carbon Sequestration|Land Use; North America (R10)::Food Demand|Crops; North America (R10)::Food Demand|Livestock; North America (R10)::Land Cover|Forest|Natural Forest; Pacific OECD (R10)::Carbon Sequestration|Land Use; Pacific OECD (R10)::Food Demand|Crops; Pacific OECD (R10)::Food Demand|Livestock; Pacific OECD (R10)::Land Cover|Forest|Natural Forest; Reforming Economies (R10)::Carbon Sequestration|Land Use; Reforming Economies (R10)::Food Demand|Crops; Reforming Economies (R10)::Food Demand|Livestock; Reforming Economies (R10)::Land Cover|Forest|Natural Forest; Rest of Asia (R10)::Carbon Sequestration|Land Use; Rest of Asia (R10)::Food Demand|Crops; Rest of Asia (R10)::Food Demand|Livestock; Rest of Asia (R10)::Land Cover|Forest|Natural Forest
IMAGE 3.2,SSP2021-SSP1-SPA1-19-Lifestyle-Renewables,1,190,Africa (R10)::Carbon Sequestration|Land Use; Africa (R10)::Food Demand|Crops; Africa (R10)::Food Demand|Livestock; Africa (R10)::Land Cover|Forest|Natural Forest; China+ (R10)::Carbon Sequestration|Land Use; China+ (R10)::Food Demand|Crops; China+ (R10)::Food Demand|Livestock; China+ (R10)::Land Cover|Forest|Natural Forest; Europe (R10)::Carbon Sequestration|Land Use; Europe (R10)::Food Demand|Crops; Europe (R10)::Food Demand|Livestock; Europe (R10)::Land Cover|Forest|Natural Forest; India+ (R10)::Carbon Sequestration|Land Use; India+ (R10)::Food Demand|Crops; India+ (R10)::Food Demand|Livestock; India+ (R10)::Land Cover|Forest|Natural Forest; Latin America (R10)::Carbon Sequestration|Land Use; Latin America (R10)::Food Demand|Crops; Latin America (R10)::Food Demand|Livestock; Latin America (R10)::Land Cover|Forest|Natural Forest; Middle East (R10)::Carbon Sequestration|Land Use; Middle East (R10)::Food Demand|Crops; Middle East (R10)::Food Demand|Livestock; Middle East (R10)::Land Cover|Forest|Natural Forest; North America (R10)::Carbon Sequestration|Land Use; North America (R10)::Food Demand|Crops; North America (R10)::Food Demand|Livestock; North America (R10)::Land Cover|Forest|Natural Forest; Pacific OECD (R10)::Carbon Sequestration|Land Use; Pacific OECD (R10)::Food Demand|Crops; Pacific OECD (R10)::Food Demand|Livestock; Pacific OECD (R10)::Land Cover|Forest|Natural Forest; Reforming Economies (R10)::Carbon Sequestration|Land Use; Reforming Economies (R10)::Food Demand|Crops; Reforming Economies (R10)::Food Demand|Livestock; Reforming Economies (R10)::Land Cover|Forest|Natural Forest; Rest of Asia (R10)::Carbon Sequestration|Land Use; Rest of Asia (R10)::Food Demand|Crops; Rest of Asia (R10)::Food Demand|Livestock; Rest of Asia (R10)::Land Cover|Forest|Natural Forest
IMAGE 3.2,SSP2021-SSP1-SPA1-19-Renewables,1,190,Africa (R10)::Carbon Sequestration|Land Use; Africa (R10)::Food Demand|Crops; Africa (R10)::Food Demand|Livestock; Africa (R10)::Land Cover|Forest|Natural Forest; China+ (R10)::Carbon Sequestration|Land Use; China+ (R10)::Food Demand|Crops; China+ (R10)::Food Demand|Livestock; China+ (R10)::Land Cover|Forest|Natural Forest; Europe (R10)::Carbon Sequestration|Land Use; Europe (R10)::Food Demand|Crops; Europe (R10)::Food Demand|Livestock; Europe (R10)::Land Cover|Forest|Natural Forest; India+ (R10)::Carbon Sequestration|Land Use; India+ (R10)::Food Demand|Crops; India+ (R10)::Food Demand|Livestock; India+ (R10)::Land Cover|Forest|Natural Forest; Latin America (R10)::Carbon Sequestration|Land Use; Latin America (R10)::Food Demand|Crops; Latin America (R10)::Food Demand|Livestock; Latin America (R10)::Land Cover|Forest|Natural Forest; Middle East (R10)::Carbon Sequestration|Land Use; Middle East (R10)::Food Demand|Crops; Middle East (R10)::Food Demand|Livestock; Middle East (R10)::Land Cover|Forest|Natural Forest; North America (R10)::Carbon Sequestration|Land Use; North America (R10)::Food Demand|Crops; North America (R10)::Food Demand|Livestock; North America (R10)::Land Cover|Forest|Natural Forest; Pacific OECD (R10)::Carbon Sequestration|Land Use; Pacific OECD (R10)::Food Demand|Crops; Pacific OECD (R10)::Food Demand|Livestock; Pacific OECD (R10)::Land Cover|Forest|Natural Forest; Reforming Economies (R10)::Carbon Sequestration|Land Use; Reforming Economies (R10)::Food Demand|Crops; Reforming Economies (R10)::Food Demand|Livestock; Reforming Economies (R10)::Land Cover|Forest|Natural Forest; Rest of Asia (R10)::Carbon Sequestration|Land Use; Rest of Asia (R10)::Food Demand|Crops; Rest of Asia (R10)::Food Demand|Livestock; Rest of Asia (R10)::Land Cover|Forest|Natural Forest
IMAGE 3.2,SSP2021-SSP1-SPA1-26-Default,1,190,Africa (R10)::Carbon Sequestration|Land Use; Africa (R10)::Food Demand|Crops; Africa (R10)::Food Demand|Livestock; Africa (R10)::Land Cover|Forest|Natural Forest; China+ (R10)::Carbon Sequestration|Land Use; China+ (R10)::Food Demand|Crops; China+ (R10)::Food Demand|Livestock; China+ (R10)::Land Cover|Forest|Natural Forest; Europe (R10)::Carbon Sequestration|Land Use; Europe (R10)::Food Demand|Crops; Europe (R10)::Food Demand|Livestock; Europe (R10)::Land Cover|Forest|Natural Forest; India+ (R10)::Carbon Sequestration|Land Use; India+ (R10)::Food Demand|Crops; India+ (R10)::Food Demand|Livestock; India+ (R10)::Land Cover|Forest|Natural Forest; Latin America (R10)::Carbon Sequestration|Land Use; Latin America (R10)::Food Demand|Crops; Latin America (R10)::Food Demand|Livestock; Latin America (R10)::Land Cover|Forest|Natural Forest; Middle East (R10)::Carbon Sequestration|Land Use; Middle East (R10)::Food Demand|Crops; Middle East (R10)::Food Demand|Livestock; Middle East (R10)::Land Cover|Forest|Natural Forest; North America (R10)::Carbon Sequestration|Land Use; North America (R10)::Food Demand|Crops; North America (R10)::Food Demand|Livestock; North America (R10)::Land Cover|Forest|Natural Forest; Pacific OECD (R10)::Carbon Sequestration|Land Use; Pacific OECD (R10)::Food Demand|Crops; Pacific OECD (R10)::Food Demand|Livestock; Pacific OECD (R10)::Land Cover|Forest|Natural Forest; Reforming Economies (R10)::Carbon Sequestration|Land Use; Reforming Economies (R10)::Food Demand|Crops; Reforming Economies (R10)::Food Demand|Livestock; Reforming Economies (R10)::Land Cover|Forest|Natural Forest; Rest of Asia (R10)::Carbon Sequestration|Land Use; Rest of Asia (R10)::Food Demand|Crops; Rest of Asia (R10)::Food Demand|Livestock; Rest of Asia (R10)::Land Cover|Forest|Natural Forest
IMAGE 3.2,SSP2021-SSP1-SPA1-26-Lifestyle,1,190,Africa (R10)::Carbon Sequestration|Land Use; Africa (R10)::Food Demand|Crops; Africa (R10)::Food Demand|Livestock; Africa (R10)::Land Cover|Forest|Natural Forest; China+ (R10)::Carbon Sequestration|Land Use; China+ (R10)::Food Demand|Crops; China+ (R10)::Food Demand|Livestock; China+ (R10)::Land Cover|Forest|Natural Forest; Europe (R10)::Carbon Sequestration|Land Use; Europe (R10)::Food Demand|Crops; Europe (R10)::Food Demand|Livestock; Europe (R10)::Land Cover|Forest|Natural Forest; India+ (R10)::Carbon Sequestration|Land Use; India+ (R10)::Food Demand|Crops; India+ (R10)::Food Demand|Livestock; India+ (R10)::Land Cover|Forest|Natural Forest; Latin America (R10)::Carbon Sequestration|Land Use; Latin America (R10)::Food Demand|Crops; Latin America (R10)::Food Demand|Livestock; Latin America (R10)::Land Cover|Forest|Natural Forest; Middle East (R10)::Carbon Sequestration|Land Use; Middle East (R10)::Food Demand|Crops; Middle East (R10)::Food Demand|Livestock; Middle East (R10)::Land Cover|Forest|Natural Forest; North America (R10)::Carbon Sequestration|Land Use; North America (R10)::Food Demand|Crops; North America (R10)::Food Demand|Livestock; North America (R10)::Land Cover|Forest|Natural Forest; Pacific OECD (R10)::Carbon Sequestration|Land Use; Pacific OECD (R10)::Food Demand|Crops; Pacific OECD (R10)::Food Demand|Livestock; Pacific OECD (R10)::Land Cover|Forest|Natural Forest; Reforming Economies (R10)::Carbon Sequestration|Land Use; Reforming Economies (R10)::Food Demand|Crops; Reforming Economies (R10)::Food Demand|Livestock; Reforming Economies (R10)::Land Cover|Forest|Natural Forest; Rest of Asia (R10)::Carbon Sequestration|Land Use; Rest of Asia (R10)::Food Demand|Crops; Rest of Asia (R10)::Food Demand|Livestock; Rest of Asia (R10)::Land Cover|Forest|Natural Forest
IMAGE 3.2,SSP2021-SSP1-SPA1-26-Lifestyle-Renewables,1,190,Africa (R10)::Carbon Sequestration|Land Use; Africa (R10)::Food Demand|Crops; Africa (R10)::Food Demand|Livestock; Africa (R10)::Land Cover|Forest|Natural Forest; China+ (R10)::Carbon Sequestration|Land Use; China+ (R10)::Food Demand|Crops; China+ (R10)::Food Demand|Livestock; China+ (R10)::Land Cover|Forest|Natural Forest; Europe (R10)::Carbon Sequestration|Land Use; Europe (R10)::Food Demand|Crops; Europe (R10)::Food Demand|Livestock; Europe (R10)::Land Cover|Forest|Natural Forest; India+ (R10)::Carbon Sequestration|Land Use; India+ (R10)::Food Demand|Crops; India+ (R10)::Food Demand|Livestock; India+ (R10)::Land Cover|Forest|Natural Forest; Latin America (R10)::Carbon Sequestration|Land Use; Latin America (R10)::Food Demand|Crops; Latin America (R10)::Food Demand|Livestock; Latin America (R10)::Land Cover|Forest|Natural Forest; Middle East (R10)::Carbon Sequestration|Land Use; Middle East (R10)::Food Demand|Crops; Middle East (R10)::Food Demand|Livestock; Middle East (R10)::Land Cover|Forest|Natural Forest; North America (R10)::Carbon Sequestration|Land Use; North America (R10)::Food Demand|Crops; North America (R10)::Food Demand|Livestock; North America (R10)::Land Cover|Forest|Natural Forest; Pacific OECD (R10)::Carbon Sequestration|Land Use; Pacific OECD (R10)::Food Demand|Crops; Pacific OECD (R10)::Food Demand|Livestock; Pacific OECD (R10)::Land Cover|Forest|Natural Forest; Reforming Economies (R10)::Carbon Sequestration|Land Use; Reforming Economies (R10)::Food Demand|Crops; Reforming Economies (R10)::Food Demand|Livestock; Reforming Economies (R10)::Land Cover|Forest|Natural Forest; Rest of Asia (R10)::Carbon Sequestration|Land Use; Rest of Asia (R10)::Food Demand|Crops; Rest of Asia (R10)::Food Demand|Livestock; Rest of Asia (R10)::Land Cover|Forest|Natural Forest
IMAGE 3.2,SSP2021-SSP1-SPA1-26-Renewables,1,190,Africa (R10)::Carbon Sequestration|Land Use; Africa (R10)::Food Demand|Crops; Africa (R10)::Food Demand|Livestock; Africa (R10)::Land Cover|Forest|Natural Forest; China+ (R10)::Carbon Sequestration|Land Use; China+ (R10)::Food Demand|Crops; China+ (R10)::Food Demand|Livestock; China+ (R10)::Land Cover|Forest|Natural Forest; Europe (R10)::Carbon Sequestration|Land Use; Europe (R10)::Food Demand|Crops; Europe (R10)::Food Demand|Livestock; Europe (R10)::Land Cover|Forest|Natural Forest; India+ (R10)::Carbon Sequestration|Land Use; India+ (R10)::Food Demand|Crops; India+ (R10)::Food Demand|Livestock; India+ (R10)::Land Cover|Forest|Natural Forest; Latin America (R10)::Carbon Sequestration|Land Use; Latin America (R10)::Food Demand|Crops; Latin America (R10)::Food Demand|Livestock; Latin America (R10)::Land Cover|Forest|Natural Forest; Middle East (R10)::Carbon Sequestration|Land Use; Middle East (R10)::Food Demand|Crops; Middle East (R10)::Food Demand|Livestock; Middle East (R10)::Land Cover|Forest|Natural Forest; North America (R10)::Carbon Sequestration|Land Use; North America (R10)::Food Demand|Crops; North America (R10)::Food Demand|Livestock; North America (R10)::Land Cover|Forest|Natural Forest; Pacific OECD (R10)::Carbon Sequestration|Land Use; Pacific OECD (R10)::Food Demand|Crops; Pacific OECD (R10)::Food Demand|Livestock; Pacific OECD (R10)::Land Cover|Forest|Natural Forest; Reforming Economies (R10)::Carbon Sequestration|Land Use; Reforming Economies (R10)::Food Demand|Crops; Reforming Economies (R10)::Food Demand|Livestock; Reforming Economies (R10)::Land Cover|Forest|Natural Forest; Rest of Asia (R10)::Carbon Sequestration|Land Use; Rest of Asia (R10)::Food Demand|Crops; Rest of Asia (R10)::Food Demand|Livestock; Rest of Asia (R10)::Land Cover|Forest|Natural Forest
IMAGE 3.2,SSP2021-SSP2-SPA0-26-Default,1,190,Africa (R10)::Carbon Sequestration|Land Use; Africa (R10)::Food Demand|Crops; Africa (R10)::Food Demand|Livestock; Africa (R10)::Land Cover|Forest|Natural Forest; China+ (R10)::Carbon Sequestration|Land Use; China+ (R10)::Food Demand|Crops; China+ (R10)::Food Demand|Livestock; China+ (R10)::Land Cover|Forest|Natural Forest; Europe (R10)::Carbon Sequestration|Land Use; Europe (R10)::Food Demand|Crops; Europe (R10)::Food Demand|Livestock; Europe (R10)::Land Cover|Forest|Natural Forest; India+ (R10)::Carbon Sequestration|Land Use; India+ (R10)::Food Demand|Crops; India+ (R10)::Food Demand|Livestock; India+ (R10)::Land Cover|Forest|Natural Forest; Latin America (R10)::Carbon Sequestration|Land Use; Latin America (R10)::Food Demand|Crops; Latin America (R10)::Food Demand|Livestock; Latin America (R10)::Land Cover|Forest|Natural Forest; Middle East (R10)::Carbon Sequestration|Land Use; Middle East (R10)::Food Demand|Crops; Middle East (R10)::Food Demand|Livestock; Middle East (R10)::Land Cover|Forest|Natural Forest; North America (R10)::Carbon Sequestration|Land Use; North America (R10)::Food Demand|Crops; North America (R10)::Food Demand|Livestock; North America (R10)::Land Cover|Forest|Natural Forest; Pacific OECD (R10)::Carbon Sequestration|Land Use; Pacific OECD (R10)::Food Demand|Crops; Pacific OECD (R10)::Food Demand|Livestock; Pacific OECD (R10)::Land Cover|Forest|Natural Forest; Reforming Economies (R10)::Carbon Sequestration|Land Use; Reforming Economies (R10)::Food Demand|Crops; Reforming Economies (R10)::Food Demand|Livestock; Reforming Economies (R10)::Land Cover|Forest|Natural Forest; Rest of Asia (R10)::Carbon Sequestration|Land Use; Rest of Asia (R10)::Food Demand|Crops; Rest of Asia (R10)::Food Demand|Livestock; Rest of Asia (R10)::Land Cover|Forest|Natural Forest
IMAGE 3.2,SSP2021-SSP2-SPA2-19-Renewables,1,190,Africa (R10)::Carbon Sequestration|Land Use; Africa (R10)::Food Demand|Crops; Africa (R10)::Food Demand|Livestock; Africa (R10)::Land Cover|Forest|Natural Forest; China+ (R10)::Carbon Sequestration|Land Use; China+ (R10)::Food Demand|Crops; China+ (R10)::Food Demand|Livestock; China+ (R10)::Land Cover|Forest|Natural Forest; Europe (R10)::Carbon Sequestration|Land Use; Europe (R10)::Food Demand|Crops; Europe (R10)::Food Demand|Livestock; Europe (R10)::Land Cover|Forest|Natural Forest; India+ (R10)::Carbon Sequestration|Land Use; India+ (R10)::Food Demand|Crops; India+ (R10)::Food Demand|Livestock; India+ (R10)::Land Cover|Forest|Natural Forest; Latin America (R10)::Carbon Sequestration|Land Use; Latin America (R10)::Food Demand|Crops; Latin America (R10)::Food Demand|Livestock; Latin America (R10)::Land Cover|Forest|Natural Forest; Middle East (R10)::Carbon Sequestration|Land Use; Middle East (R10)::Food Demand|Crops; Middle East (R10)::Food Demand|Livestock; Middle East (R10)::Land Cover|Forest|Natural Forest; North America (R10)::Carbon Sequestration|Land Use; North America (R10)::Food Demand|Crops; North America (R10)::Food Demand|Livestock; North America (R10)::Land Cover|Forest|Natural Forest; Pacific OECD (R10)::Carbon Sequestration|Land Use; Pacific OECD (R10)::Food Demand|Crops; Pacific OECD (R10)::Food Demand|Livestock; Pacific OECD (R10)::Land Cover|Forest|Natural Forest; Reforming Economies (R10)::Carbon Sequestration|Land Use; Reforming Economies (R10)::Food Demand|Crops; Reforming Economies (R10)::Food Demand|Livestock; Reforming Economies (R10)::Land Cover|Forest|Natural Forest; Rest of Asia (R10)::Carbon Sequestration|Land Use; Rest of Asia (R10)::Food Demand|Crops; Rest of Asia (R10)::Food Demand|Livestock; Rest of Asia (R10)::Land Cover|Forest|Natural Forest
IMAGE 3.2,SSP2021-SSP2-SPA2-26-Default,1,190,Africa (R10)::Carbon Sequestration|Land Use; Africa (R10)::Food Demand|Crops; Africa (R10)::Food Demand|Livestock; Africa (R10)::Land Cover|Forest|Natural Forest; China+ (R10)::Carbon Sequestration|Land Use; China+ (R10)::Food Demand|Crops; China+ (R10)::Food Demand|Livestock; China+ (R10)::Land Cover|Forest|Natural Forest; Europe (R10)::Carbon Sequestration|Land Use; Europe (R10)::Food Demand|Crops; Europe (R10)::Food Demand|Livestock; Europe (R10)::Land Cover|Forest|Natural Forest; India+ (R10)::Carbon Sequestration|Land Use; India+ (R10)::Food Demand|Crops; India+ (R10)::Food Demand|Livestock; India+ (R10)::Land Cover|Forest|Natural Forest; Latin America (R10)::Carbon Sequestration|Land Use; Latin America (R10)::Food Demand|Crops; Latin America (R10)::Food Demand|Livestock; Latin America (R10)::Land Cover|Forest|Natural Forest; Middle East (R10)::Carbon Sequestration|Land Use; Middle East (R10)::Food Demand|Crops; Middle East (R10)::Food Demand|Livestock; Middle East (R10)::Land Cover|Forest|Natural Forest; North America (R10)::Carbon Sequestration|Land Use; North America (R10)::Food Demand|Crops; North America (R10)::Food Demand|Livestock; North America (R10)::Land Cover|Forest|Natural Forest; Pacific OECD (R10)::Carbon Sequestration|Land Use; Pacific OECD (R10)::Food Demand|Crops; Pacific OECD (R10)::Food Demand|Livestock; Pacific OECD (R10)::Land Cover|Forest|Natural Forest; Reforming Economies (R10)::Carbon Sequestration|Land Use; Reforming Economies (R10)::Food Demand|Crops; Reforming Economies (R10)::Food Demand|Livestock; Reforming Economies (R10)::Land Cover|Forest|Natural Forest; Rest of Asia (R10)::Carbon Sequestration|Land Use; Rest of Asia (R10)::Food Demand|Crops; Rest of Asia (R10)::Food Demand|Livestock; Rest of Asia (R10)::Land Cover|Forest|Natural Forest
IMAGE 3.2,SSP2021-SSP2-SPA2-26-Lifestyle,1,190,Africa (R10)::Carbon Sequestration|Land Use; Africa (R10)::Food Demand|Crops; Africa (R10)::Food Demand|Livestock; Africa (R10)::Land Cover|Forest|Natural Forest; China+ (R10)::Carbon Sequestration|Land Use; China+ (R10)::Food Demand|Crops; China+ (R10)::Food Demand|Livestock; China+ (R10)::Land Cover|Forest|Natural Forest; Europe (R10)::Carbon Sequestration|Land Use; Europe (R10)::Food Demand|Crops; Europe (R10)::Food Demand|Livestock; Europe (R10)::Land Cover|Forest|Natural Forest; India+ (R10)::Carbon Sequestration|Land Use; India+ (R10)::Food Demand|Crops; India+ (R10)::Food Demand|Livestock; India+ (R10)::Land Cover|Forest|Natural Forest; Latin America (R10)::Carbon Sequestration|Land Use; Latin America (R10)::Food Demand|Crops; Latin America (R10)::Food Demand|Livestock; Latin America (R10)::Land Cover|Forest|Natural Forest; Middle East (R10)::Carbon Sequestration|Land Use; Middle East (R10)::Food Demand|Crops; Middle East (R10)::Food Demand|Livestock; Middle East (R10)::Land Cover|Forest|Natural Forest; North America (R10)::Carbon Sequestration|Land Use; North America (R10)::Food Demand|Crops; North America (R10)::Food Demand|Livestock; North America (R10)::Land Cover|Forest|Natural Forest; Pacific OECD (R10)::Carbon Sequestration|Land Use; Pacific OECD (R10)::Food Demand|Crops; Pacific OECD (R10)::Food Demand|Livestock; Pacific OECD (R10)::Land Cover|Forest|Natural Forest; Reforming Economies (R10)::Carbon Sequestration|Land Use; Reforming Economies (R10)::Food Demand|Crops; Reforming Economies (R10)::Food Demand|Livestock; Reforming Economies (R10)::Land Cover|Forest|Natural Forest; Rest of Asia (R10)::Carbon Sequestration|Land Use; Rest of Asia (R10)::Food Demand|Crops; Rest of Asia (R10)::Food Demand|Livestock; Rest of Asia (R10)::Land Cover|Forest|Natural Forest
IMAGE 3.2,SSP2021-SSP2-SPA2-26-Lifestyle-Renewables,1,190,Africa (R10)::Carbon Sequestration|Land Use; Africa (R10)::Food Demand|Crops; Africa (R10)::Food Demand|Livestock; Africa (R10)::Land Cover|Forest|Natural Forest; China+ (R10)::Carbon Sequestration|Land Use; China+ (R10)::Food Demand|Crops; China+ (R10)::Food Demand|Livestock; China+ (R10)::Land Cover|Forest|Natural Forest; Europe (R10)::Carbon Sequestration|Land Use; Europe (R10)::Food Demand|Crops; Europe (R10)::Food Demand|Livestock; Europe (R10)::Land Cover|Forest|Natural Forest; India+ (R10)::Carbon Sequestration|Land Use; India+ (R10)::Food Demand|Crops; India+ (R10)::Food Demand|Livestock; India+ (R10)::Land Cover|Forest|Natural Forest; Latin America (R10)::Carbon Sequestration|Land Use; Latin America (R10)::Food Demand|Crops; Latin America (R10)::Food Demand|Livestock; Latin America (R10)::Land Cover|Forest|Natural Forest; Middle East (R10)::Carbon Sequestration|Land Use; Middle East (R10)::Food Demand|Crops; Middle East (R10)::Food Demand|Livestock; Middle East (R10)::Land Cover|Forest|Natural Forest; North America (R10)::Carbon Sequestration|Land Use; North America (R10)::Food Demand|Crops; North America (R10)::Food Demand|Livestock; North America (R10)::Land Cover|Forest|Natural Forest; Pacific OECD (R10)::Carbon Sequestration|Land Use; Pacific OECD (R10)::Food Demand|Crops; Pacific OECD (R10)::Food Demand|Livestock; Pacific OECD (R10)::Land Cover|Forest|Natural Forest; Reforming Economies (R10)::Carbon Sequestration|Land Use; Reforming Economies (R10)::Food Demand|Crops; Reforming Economies (R10)::Food Demand|Livestock; Reforming Economies (R10)::Land Cover|Forest|Natural Forest; Rest of Asia (R10)::Carbon Sequestration|Land Use; Rest of Asia (R10)::Food Demand|Crops; Rest of Asia (R10)::Food Demand|Livestock; Rest of Asia (R10)::Land Cover|Forest|Natural Forest
IMAGE 3.2,SSP2021-SSP2-SPA2-26-Renewables,1,190,Africa (R10)::Carbon Sequestration|Land Use; Africa (R10)::Food Demand|Crops; Africa (R10)::Food Demand|Livestock; Africa (R10)::Land Cover|Forest|Natural Forest; China+ (R10)::Carbon Sequestration|Land Use; China+ (R10)::Food Demand|Crops; China+ (R10)::Food Demand|Livestock; China+ (R10)::Land Cover|Forest|Natural Forest; Europe (R10)::Carbon Sequestration|Land Use; Europe (R10)::Food Demand|Crops; Europe (R10)::Food Demand|Livestock; Europe (R10)::Land Cover|Forest|Natural Forest; India+ (R10)::Carbon Sequestration|Land Use; India+ (R10)::Food Demand|Crops; India+ (R10)::Food Demand|Livestock; India+ (R10)::Land Cover|Forest|Natural Forest; Latin America (R10)::Carbon Sequestration|Land Use; Latin America (R10)::Food Demand|Crops; Latin America (R10)::Food Demand|Livestock; Latin America (R10)::Land Cover|Forest|Natural Forest; Middle East (R10)::Carbon Sequestration|Land Use; Middle East (R10)::Food Demand|Crops; Middle East (R10)::Food Demand|Livestock; Middle East (R10)::Land Cover|Forest|Natural Forest; North America (R10)::Carbon Sequestration|Land Use; North America (R10)::Food Demand|Crops; North America (R10)::Food Demand|Livestock; North America (R10)::Land Cover|Forest|Natural Forest; Pacific OECD (R10)::Carbon Sequestration|Land Use; Pacific OECD (R10)::Food Demand|Crops; Pacific OECD (R10)::Food Demand|Livestock; Pacific OECD (R10)::Land Cover|Forest|Natural Forest; Reforming Economies (R10)::Carbon Sequestration|Land Use; Reforming Economies (R10)::Food Demand|Crops; Reforming Economies (R10)::Food Demand|Livestock; Reforming Economies (R10)::Land Cover|Forest|Natural Forest; Rest of Asia (R10)::Carbon Sequestration|Land Use; Rest of Asia (R10)::Food Demand|Crops; Rest of Asia (R10)::Food Demand|Livestock; Rest of Asia (R10)::Land Cover|Forest|Natural Forest
IMAGE 3.3,NAVIGATE Demand-1.5°C-ele_u,1,190,Africa (R10)::Carbon Sequestration|Land Use; Africa (R10)::Food Demand|Crops; Africa (R10)::Food Demand|Livestock; Africa (R10)::Land Cover|Forest|Natural Forest; China+ (R10)::Carbon Sequestration|Land Use; China+ (R10)::Food Demand|Crops; China+ (R10)::Food Demand|Livestock; China+ (R10)::Land Cover|Forest|Natural Forest; Europe (R10)::Carbon Sequestration|Land Use; Europe (R10)::Food Demand|Crops; Europe (R10)::Food Demand|Livestock; Europe (R10)::Land Cover|Forest|Natural Forest; India+ (R10)::Carbon Sequestration|Land Use; India+ (R10)::Food Demand|Crops; India+ (R10)::Food Demand|Livestock; India+ (R10)::Land Cover|Forest|Natural Forest; Latin America (R10)::Carbon Sequestration|Land Use; Latin America (R10)::Food Demand|Crops; Latin America (R10)::Food Demand|Livestock; Latin America (R10)::Land Cover|Forest|Natural Forest; Middle East (R10)::Carbon Sequestration|Land Use; Middle East (R10)::Food Demand|Crops; Middle East (R10)::Food Demand|Livestock; Middle East (R10)::Land Cover|Forest|Natural Forest; North America (R10)::Carbon Sequestration|Land Use; North America (R10)::Food Demand|Crops; North America (R10)::Food Demand|Livestock; North America (R10)::Land Cover|Forest|Natural Forest; Pacific OECD (R10)::Carbon Sequestration|Land Use; Pacific OECD (R10)::Food Demand|Crops; Pacific OECD (R10)::Food Demand|Livestock; Pacific OECD (R10)::Land Cover|Forest|Natural Forest; Reforming Economies (R10)::Carbon Sequestration|Land Use; Reforming Economies (R10)::Food Demand|Crops; Reforming Economies (R10)::Food Demand|Livestock; Reforming Economies (R10)::Land Cover|Forest|Natural Forest; Rest of Asia (R10)::Carbon Sequestration|Land Use; Rest of Asia (R10)::Food Demand|Crops; Rest of Asia (R10)::Food Demand|Livestock; Rest of Asia (R10)::Land Cover|Forest|Natural Forest
IMAGE 3.3,NAVIGATE Demand-1.5°C-tec_u,1,190,Africa (R10)::Carbon Sequestration|Land Use; Africa (R10)::Food Demand|Crops; Africa (R10)::Food Demand|Livestock; Africa (R10)::Land Cover|Forest|Natural Forest; China+ (R10)::Carbon Sequestration|Land Use; China+ (R10)::Food Demand|Crops; China+ (R10)::Food Demand|Livestock; China+ (R10)::Land Cover|Forest|Natural Forest; Europe (R10)::Carbon Sequestration|Land Use; Europe (R10)::Food Demand|Crops; Europe (R10)::Food Demand|Livestock; Europe (R10)::Land Cover|Forest|Natural Forest; India+ (R10)::Carbon Sequestration|Land Use; India+ (R10)::Food Demand|Crops; India+ (R10)::Food Demand|Livestock; India+ (R10)::Land Cover|Forest|Natural Forest; Latin America (R10)::Carbon Sequestration|Land Use; Latin America (R10)::Food Demand|Crops; Latin America (R10)::Food Demand|Livestock; Latin America (R10)::Land Cover|Forest|Natural Forest; Middle East (R10)::Carbon Sequestration|Land Use; Middle East (R10)::Food Demand|Crops; Middle East (R10)::Food Demand|Livestock; Middle East (R10)::Land Cover|Forest|Natural Forest; North America (R10)::Carbon Sequestration|Land Use; North America (R10)::Food Demand|Crops; North America (R10)::Food Demand|Livestock; North America (R10)::Land Cover|Forest|Natural Forest; Pacific OECD (R10)::Carbon Sequestration|Land Use; Pacific OECD (R10)::Food Demand|Crops; Pacific OECD (R10)::Food Demand|Livestock; Pacific OECD (R10)::Land Cover|Forest|Natural Forest; Reforming Economies (R10)::Carbon Sequestration|Land Use; Reforming Economies (R10)::Food Demand|Crops; Reforming Economies (R10)::Food Demand|Livestock; Reforming Economies (R10)::Land Cover|Forest|Natural Forest; Rest of Asia (R10)::Carbon Sequestration|Land Use; Rest of Asia (R10)::Food Demand|Crops; Rest of Asia (R10)::Food Demand|Livestock; Rest of Asia (R10)::Land Cover|Forest|Natural Forest
IMAGE 3.3,NAVIGATE Demand-2.0°C-ele_u,1,190,Africa (R10)::Carbon Sequestration|Land Use; Africa (R10)::Food Demand|Crops; Africa (R10)::Food Demand|Livestock; Africa (R10)::Land Cover|Forest|Natural Forest; China+ (R10)::Carbon Sequestration|Land Use; China+ (R10)::Food Demand|Crops; China+ (R10)::Food Demand|Livestock; China+ (R10)::Land Cover|Forest|Natural Forest; Europe (R10)::Carbon Sequestration|Land Use; Europe (R10)::Food Demand|Crops; Europe (R10)::Food Demand|Livestock; Europe (R10)::Land Cover|Forest|Natural Forest; India+ (R10)::Carbon Sequestration|Land Use; India+ (R10)::Food Demand|Crops; India+ (R10)::Food Demand|Livestock; India+ (R10)::Land Cover|Forest|Natural Forest; Latin America (R10)::Carbon Sequestration|Land Use; Latin America (R10)::Food Demand|Crops; Latin America (R10)::Food Demand|Livestock; Latin America (R10)::Land Cover|Forest|Natural Forest; Middle East (R10)::Carbon Sequestration|Land Use; Middle East (R10)::Food Demand|Crops; Middle East (R10)::Food Demand|Livestock; Middle East (R10)::Land Cover|Forest|Natural Forest; North America (R10)::Carbon Sequestration|Land Use; North America (R10)::Food Demand|Crops; North America (R10)::Food Demand|Livestock; North America (R10)::Land Cover|Forest|Natural Forest; Pacific OECD (R10)::Carbon Sequestration|Land Use; Pacific OECD (R10)::Food Demand|Crops; Pacific OECD (R10)::Food Demand|Livestock; Pacific OECD (R10)::Land Cover|Forest|Natural Forest; Reforming Economies (R10)::Carbon Sequestration|Land Use; Reforming Economies (R10)::Food Demand|Crops; Reforming Economies (R10)::Food Demand|Livestock; Reforming Economies (R10)::Land Cover|Forest|Natural Forest; Rest of Asia (R10)::Carbon Sequestration|Land Use; Rest of Asia (R10)::Food Demand|Crops; Rest of Asia (R10)::Food Demand|Livestock; Rest of Asia (R10)::Land Cover|Forest|Natural Forest
IMAGE 3.3,NAVIGATE Demand-2.0°C-ref,1,190,Africa (R10)::Carbon Sequestration|Land Use; Africa (R10)::Food Demand|Crops; Africa (R10)::Food Demand|Livestock; Africa (R10)::Land Cover|Forest|Natural Forest; China+ (R10)::Carbon Sequestration|Land Use; China+ (R10)::Food Demand|Crops; China+ (R10)::Food Demand|Livestock; China+ (R10)::Land Cover|Forest|Natural Forest; Europe (R10)::Carbon Sequestration|Land Use; Europe (R10)::Food Demand|Crops; Europe (R10)::Food Demand|Livestock; Europe (R10)::Land Cover|Forest|Natural Forest; India+ (R10)::Carbon Sequestration|Land Use; India+ (R10)::Food Demand|Crops; India+ (R10)::Food Demand|Livestock; India+ (R10)::Land Cover|Forest|Natural Forest; Latin America (R10)::Carbon Sequestration|Land Use; Latin America (R10)::Food Demand|Crops; Latin America (R10)::Food Demand|Livestock; Latin America (R10)::Land Cover|Forest|Natural Forest; Middle East (R10)::Carbon Sequestration|Land Use; Middle East (R10)::Food Demand|Crops; Middle East (R10)::Food Demand|Livestock; Middle East (R10)::Land Cover|Forest|Natural Forest; North America (R10)::Carbon Sequestration|Land Use; North America (R10)::Food Demand|Crops; North America (R10)::Food Demand|Livestock; North America (R10)::Land Cover|Forest|Natural Forest; Pacific OECD (R10)::Carbon Sequestration|Land Use; Pacific OECD (R10)::Food Demand|Crops; Pacific OECD (R10)::Food Demand|Livestock; Pacific OECD (R10)::Land Cover|Forest|Natural Forest; Reforming Economies (R10)::Carbon Sequestration|Land Use; Reforming Economies (R10)::Food Demand|Crops; Reforming Economies (R10)::Food Demand|Livestock; Reforming Economies (R10)::Land Cover|Forest|Natural Forest; Rest of Asia (R10)::Carbon Sequestration|Land Use; Rest of Asia (R10)::Food Demand|Crops; Rest of Asia (R10)::Food Demand|Livestock; Rest of Asia (R10)::Land Cover|Forest|Natural Forest
IMAGE 3.3,NAVIGATE Demand-2.0°C-tec_u,1,190,Africa (R10)::Carbon Sequestration|Land Use; Africa (R10)::Food Demand|Crops; Africa (R10)::Food Demand|Livestock; Africa (R10)::Land Cover|Forest|Natural Forest; China+ (R10)::Carbon Sequestration|Land Use; China+ (R10)::Food Demand|Crops; China+ (R10)::Food Demand|Livestock; China+ (R10)::Land Cover|Forest|Natural Forest; Europe (R10)::Carbon Sequestration|Land Use; Europe (R10)::Food Demand|Crops; Europe (R10)::Food Demand|Livestock; Europe (R10)::Land Cover|Forest|Natural Forest; India+ (R10)::Carbon Sequestration|Land Use; India+ (R10)::Food Demand|Crops; India+ (R10)::Food Demand|Livestock; India+ (R10)::Land Cover|Forest|Natural Forest; Latin America (R10)::Carbon Sequestration|Land Use; Latin America (R10)::Food Demand|Crops; Latin America (R10)::Food Demand|Livestock; Latin America (R10)::Land Cover|Forest|Natural Forest; Middle East (R10)::Carbon Sequestration|Land Use; Middle East (R10)::Food Demand|Crops; Middle East (R10)::Food Demand|Livestock; Middle East (R10)::Land Cover|Forest|Natural Forest; North America (R10)::Carbon Sequestration|Land Use; North America (R10)::Food Demand|Crops; North America (R10)::Food Demand|Livestock; North America (R10)::Land Cover|Forest|Natural Forest; Pacific OECD (R10)::Carbon Sequestration|Land Use; Pacific OECD (R10)::Food Demand|Crops; Pacific OECD (R10)::Food Demand|Livestock; Pacific OECD (R10)::Land Cover|Forest|Natural Forest; Reforming Economies (R10)::Carbon Sequestration|Land Use; Reforming Economies (R10)::Food Demand|Crops; Reforming Economies (R10)::Food Demand|Livestock; Reforming Economies (R10)::Land Cover|Forest|Natural Forest; Rest of Asia (R10)::Carbon Sequestration|Land Use; Rest of Asia (R10)::Food Demand|Crops; Rest of Asia (R10)::Food Demand|Livestock; Rest of Asia (R10)::Land Cover|Forest|Natural Forest
MESSAGEix-GLOBIOM 2.0-M-R12-NGFS,NGFS Phase 5-Below 2°C,1,190,Africa (R10)::Carbon Sequestration|Land Use; Africa (R10)::Food Demand|Crops; Africa (R10)::Food Demand|Livestock; Africa (R10)::Land Cover|Forest|Natural Forest; China+ (R10)::Carbon Sequestration|Land Use; China+ (R10)::Food Demand|Crops; China+ (R10)::Food Demand|Livestock; China+ (R10)::Land Cover|Forest|Natural Forest; Europe (R10)::Carbon Sequestration|Land Use; Europe (R10)::Food Demand|Crops; Europe (R10)::Food Demand|Livestock; Europe (R10)::Land Cover|Forest|Natural Forest; India+ (R10)::Carbon Sequestration|Land Use; India+ (R10)::Food Demand|Crops; India+ (R10)::Food Demand|Livestock; India+ (R10)::Land Cover|Forest|Natural Forest; Latin America (R10)::Carbon Sequestration|Land Use; Latin America (R10)::Food Demand|Crops; Latin America (R10)::Food Demand|Livestock; Latin America (R10)::Land Cover|Forest|Natural Forest; Middle East (R10)::Carbon Sequestration|Land Use; Middle East (R10)::Food Demand|Crops; Middle East (R10)::Food Demand|Livestock; Middle East (R10)::Land Cover|Forest|Natural Forest; North America (R10)::Carbon Sequestration|Land Use; North America (R10)::Food Demand|Crops; North America (R10)::Food Demand|Livestock; North America (R10)::Land Cover|Forest|Natural Forest; Pacific OECD (R10)::Carbon Sequestration|Land Use; Pacific OECD (R10)::Food Demand|Crops; Pacific OECD (R10)::Food Demand|Livestock; Pacific OECD (R10)::Land Cover|Forest|Natural Forest; Reforming Economies (R10)::Carbon Sequestration|Land Use; Reforming Economies (R10)::Food Demand|Crops; Reforming Economies (R10)::Food Demand|Livestock; Reforming Economies (R10)::Land Cover|Forest|Natural Forest; Rest of Asia (R10)::Carbon Sequestration|Land Use; Rest of Asia (R10)::Food Demand|Crops; Rest of Asia (R10)::Food Demand|Livestock; Rest of Asia (R10)::Land Cover|Forest|Natural Forest
MESSAGEix-GLOBIOM 2.0-M-R12-NGFS,NGFS Phase 5-Delayed Transition,1,190,Africa (R10)::Carbon Sequestration|Land Use; Africa (R10)::Food Demand|Crops; Africa (R10)::Food Demand|Livestock; Africa (R10)::Land Cover|Forest|Natural Forest; China+ (R10)::Carbon Sequestration|Land Use; China+ (R10)::Food Demand|Crops; China+ (R10)::Food Demand|Livestock; China+ (R10)::Land Cover|Forest|Natural Forest; Europe (R10)::Carbon Sequestration|Land Use; Europe (R10)::Food Demand|Crops; Europe (R10)::Food Demand|Livestock; Europe (R10)::Land Cover|Forest|Natural Forest; India+ (R10)::Carbon Sequestration|Land Use; India+ (R10)::Food Demand|Crops; India+ (R10)::Food Demand|Livestock; India+ (R10)::Land Cover|Forest|Natural Forest; Latin America (R10)::Carbon Sequestration|Land Use; Latin America (R10)::Food Demand|Crops; Latin America (R10)::Food Demand|Livestock; Latin America (R10)::Land Cover|Forest|Natural Forest; Middle East (R10)::Carbon Sequestration|Land Use; Middle East (R10)::Food Demand|Crops; Middle East (R10)::Food Demand|Livestock; Middle East (R10)::Land Cover|Forest|Natural Forest; North America (R10)::Carbon Sequestration|Land Use; North America (R10)::Food Demand|Crops; North America (R10)::Food Demand|Livestock; North America (R10)::Land Cover|Forest|Natural Forest; Pacific OECD (R10)::Carbon Sequestration|Land Use; Pacific OECD (R10)::Food Demand|Crops; Pacific OECD (R10)::Food Demand|Livestock; Pacific OECD (R10)::Land Cover|Forest|Natural Forest; Reforming Economies (R10)::Carbon Sequestration|Land Use; Reforming Economies (R10)::Food Demand|Crops; Reforming Economies (R10)::Food Demand|Livestock; Reforming Economies (R10)::Land Cover|Forest|Natural Forest; Rest of Asia (R10)::Carbon Sequestration|Land Use; Rest of Asia (R10)::Food Demand|Crops; Rest of Asia (R10)::Food Demand|Livestock; Rest of Asia (R10)::Land Cover|Forest|Natural Forest
MESSAGEix-GLOBIOM 2.0-M-R12-NGFS,NGFS Phase 5-Low Demand,1,190,Africa (R10)::Carbon Sequestration|Land Use; Africa (R10)::Food Demand|Crops; Africa (R10)::Food Demand|Livestock; Africa (R10)::Land Cover|Forest|Natural Forest; China+ (R10)::Carbon Sequestration|Land Use; China+ (R10)::Food Demand|Crops; China+ (R10)::Food Demand|Livestock; China+ (R10)::Land Cover|Forest|Natural Forest; Europe (R10)::Carbon Sequestration|Land Use; Europe (R10)::Food Demand|Crops; Europe (R10)::Food Demand|Livestock; Europe (R10)::Land Cover|Forest|Natural Forest; India+ (R10)::Carbon Sequestration|Land Use; India+ (R10)::Food Demand|Crops; India+ (R10)::Food Demand|Livestock; India+ (R10)::Land Cover|Forest|Natural Forest; Latin America (R10)::Carbon Sequestration|Land Use; Latin America (R10)::Food Demand|Crops; Latin America (R10)::Food Demand|Livestock; Latin America (R10)::Land Cover|Forest|Natural Forest; Middle East (R10)::Carbon Sequestration|Land Use; Middle East (R10)::Food Demand|Crops; Middle East (R10)::Food Demand|Livestock; Middle East (R10)::Land Cover|Forest|Natural Forest; North America (R10)::Carbon Sequestration|Land Use; North America (R10)::Food Demand|Crops; North America (R10)::Food Demand|Livestock; North America (R10)::Land Cover|Forest|Natural Forest; Pacific OECD (R10)::Carbon Sequestration|Land Use; Pacific OECD (R10)::Food Demand|Crops; Pacific OECD (R10)::Food Demand|Livestock; Pacific OECD (R10)::Land Cover|Forest|Natural Forest; Reforming Economies (R10)::Carbon Sequestration|Land Use; Reforming Economies (R10)::Food Demand|Crops; Reforming Economies (R10)::Food Demand|Livestock; Reforming Economies (R10)::Land Cover|Forest|Natural Forest; Rest of Asia (R10)::Carbon Sequestration|Land Use; Rest of Asia (R10)::Food Demand|Crops; Rest of Asia (R10)::Food Demand|Livestock; Rest of Asia (R10)::Land Cover|Forest|Natural Forest
MESSAGEix-GLOBIOM 2.0-M-R12-NGFS,NGFS Phase 5-Nationally Determined Contributions (NDCs),1,190,Africa (R10)::Carbon Sequestration|Land Use; Africa (R10)::Food Demand|Crops; Africa (R10)::Food Demand|Livestock; Africa (R10)::Land Cover|Forest|Natural Forest; China+ (R10)::Carbon Sequestration|Land Use; China+ (R10)::Food Demand|Crops; China+ (R10)::Food Demand|Livestock; China+ (R10)::Land Cover|Forest|Natural Forest; Europe (R10)::Carbon Sequestration|Land Use; Europe (R10)::Food Demand|Crops; Europe (R10)::Food Demand|Livestock; Europe (R10)::Land Cover|Forest|Natural Forest; India+ (R10)::Carbon Sequestration|Land Use; India+ (R10)::Food Demand|Crops; India+ (R10)::Food Demand|Livestock; India+ (R10)::Land Cover|Forest|Natural Forest; Latin America (R10)::Carbon Sequestration|Land Use; Latin America (R10)::Food Demand|Crops; Latin America (R10)::Food Demand|Livestock; Latin America (R10)::Land Cover|Forest|Natural Forest; Middle East (R10)::Carbon Sequestration|Land Use; Middle East (R10)::Food Demand|Crops; Middle East (R10)::Food Demand|Livestock; Middle East (R10)::Land Cover|Forest|Natural Forest; North America (R10)::Carbon Sequestration|Land Use; North America (R10)::Food Demand|Crops; North America (R10)::Food Demand|Livestock; North America (R10)::Land Cover|Forest|Natural Forest; Pacific OECD (R10)::Carbon Sequestration|Land Use; Pacific OECD (R10)::Food Demand|Crops; Pacific OECD (R10)::Food Demand|Livestock; Pacific OECD (R10)::Land Cover|Forest|Natural Forest; Reforming Economies (R10)::Carbon Sequestration|Land Use; Reforming Economies (R10)::Food Demand|Crops; Reforming Economies (R10)::Food Demand|Livestock; Reforming Economies (R10)::Land Cover|Forest|Natural Forest; Rest of Asia (R10)::Carbon Sequestration|Land Use; Rest of Asia (R10)::Food Demand|Crops; Rest of Asia (R10)::Food Demand|Livestock; Rest of Asia (R10)::Land Cover|Forest|Natural Forest
MESSAGEix-GLOBIOM 2.0-M-R12-NGFS,NGFS Phase 5-Net-Zero 2050,1,190,Africa (R10)::Carbon Sequestration|Land Use; Africa (R10)::Food Demand|Crops; Africa (R10)::Food Demand|Livestock; Africa (R10)::Land Cover|Forest|Natural Forest; China+ (R10)::Carbon Sequestration|Land Use; China+ (R10)::Food Demand|Crops; China+ (R10)::Food Demand|Livestock; China+ (R10)::Land Cover|Forest|Natural Forest; Europe (R10)::Carbon Sequestration|Land Use; Europe (R10)::Food Demand|Crops; Europe (R10)::Food Demand|Livestock; Europe (R10)::Land Cover|Forest|Natural Forest; India+ (R10)::Carbon Sequestration|Land Use; India+ (R10)::Food Demand|Crops; India+ (R10)::Food Demand|Livestock; India+ (R10)::Land Cover|Forest|Natural Forest; Latin America (R10)::Carbon Sequestration|Land Use; Latin America (R10)::Food Demand|Crops; Latin America (R10)::Food Demand|Livestock; Latin America (R10)::Land Cover|Forest|Natural Forest; Middle East (R10)::Carbon Sequestration|Land Use; Middle East (R10)::Food Demand|Crops; Middle East (R10)::Food Demand|Livestock; Middle East (R10)::Land Cover|Forest|Natural Forest; North America (R10)::Carbon Sequestration|Land Use; North America (R10)::Food Demand|Crops; North America (R10)::Food Demand|Livestock; North America (R10)::Land Cover|Forest|Natural Forest; Pacific OECD (R10)::Carbon Sequestration|Land Use; Pacific OECD (R10)::Food Demand|Crops; Pacific OECD (R10)::Food Demand|Livestock; Pacific OECD (R10)::Land Cover|Forest|Natural Forest; Reforming Economies (R10)::Carbon Sequestration|Land Use; Reforming Economies (R10)::Food Demand|Crops; Reforming Economies (R10)::Food Demand|Livestock; Reforming Economies (R10)::Land Cover|Forest|Natural Forest; Rest of Asia (R10)::Carbon Sequestration|Land Use; Rest of Asia (R10)::Food Demand|Crops; Rest of Asia (R10)::Food Demand|Livestock; Rest of Asia (R10)::Land Cover|Forest|Natural Forest
POLES-JRC ENGAGE,ENGAGE-INDCi2030-1000,1,180,Africa (R10)::Carbon Sequestration|Land Use; Africa (R10)::Price|Secondary Energy|Electricity; Africa (R10)::Food Demand|Crops; Africa (R10)::Food Demand|Livestock; Africa (R10)::Land Cover|Forest|Natural Forest; China+ (R10)::Carbon Sequestration|Land Use; China+ (R10)::Price|Secondary Energy|Electricity; China+ (R10)::Food Demand|Crops; China+ (R10)::Food Demand|Livestock; China+ (R10)::Land Cover|Forest|Natural Forest; Europe (R10)::Carbon Sequestration|Land Use; Europe (R10)::Price|Secondary Energy|Electricity; Europe (R10)::Food Demand|Crops; Europe (R10)::Food Demand|Livestock; Europe (R10)::Land Cover|Forest|Natural Forest; India+ (R10)::Carbon Sequestration|Land Use; India+ (R10)::Price|Secondary Energy|Electricity; India+ (R10)::Food Demand|Crops; India+ (R10)::Food Demand|Livestock; India+ (R10)::Land Cover|Forest|Natural Forest; Latin America (R10)::Carbon Sequestration|Land Use; Latin America (R10)::Price|Secondary Energy|Electricity; Latin America (R10)::Food Demand|Crops; Latin America (R10)::Food Demand|Livestock; Latin America (R10)::Land Cover|Forest|Natural Forest; Middle East (R10)::Carbon Sequestration|Land Use; Middle East (R10)::Price|Secondary Energy|Electricity; Middle East (R10)::Food Demand|Crops; Middle East (R10)::Food Demand|Livestock; Middle East (R10)::Land Cover|Forest|Natural Forest; North America (R10)::Carbon Sequestration|Land Use; North America (R10)::Price|Secondary Energy|Electricity; North America (R10)::Food Demand|Crops; North America (R10)::Food Demand|Livestock; North America (R10)::Land Cover|Forest|Natural Forest; Pacific OECD (R10)::Carbon Sequestration|Land Use; Pacific OECD (R10)::Price|Secondary Energy|Electricity; Pacific OECD (R10)::Food Demand|Crops; Pacific OECD (R10)::Food Demand|Livestock; Pacific OECD (R10)::Land Cover|Forest|Natural Forest; Reforming Economies (R10)::Carbon Sequestration|Land Use; Reforming Economies (R10)::Price|Secondary Energy|Electricity; Reforming Economies (R10)::Food Demand|Crops; Reforming Economies (R10)::Food Demand|Livestock; Reforming Economies (R10)::Land Cover|Forest|Natural Forest; Rest of Asia (R10)::Carbon Sequestration|Land Use; Rest of Asia (R10)::Price|Secondary Energy|Electricity; Rest of Asia (R10)::Food Demand|Crops; Rest of Asia (R10)::Food Demand|Livestock; Rest of Asia (R10)::Land Cover|Forest|Natural Forest
POLES-JRC ENGAGE,ENGAGE-INDCi2030-1000-COV,1,180,Africa (R10)::Carbon Sequestration|Land Use; Africa (R10)::Price|Secondary Energy|Electricity; Africa (R10)::Food Demand|Crops; Africa (R10)::Food Demand|Livestock; Africa (R10)::Land Cover|Forest|Natural Forest; China+ (R10)::Carbon Sequestration|Land Use; China+ (R10)::Price|Secondary Energy|Electricity; China+ (R10)::Food Demand|Crops; China+ (R10)::Food Demand|Livestock; China+ (R10)::Land Cover|Forest|Natural Forest; Europe (R10)::Carbon Sequestration|Land Use; Europe (R10)::Price|Secondary Energy|Electricity; Europe (R10)::Food Demand|Crops; Europe (R10)::Food Demand|Livestock; Europe (R10)::Land Cover|Forest|Natural Forest; India+ (R10)::Carbon Sequestration|Land Use; India+ (R10)::Price|Secondary Energy|Electricity; India+ (R10)::Food Demand|Crops; India+ (R10)::Food Demand|Livestock; India+ (R10)::Land Cover|Forest|Natural Forest; Latin America (R10)::Carbon Sequestration|Land Use; Latin America (R10)::Price|Secondary Energy|Electricity; Latin America (R10)::Food Demand|Crops; Latin America (R10)::Food Demand|Livestock; Latin America (R10)::Land Cover|Forest|Natural Forest; Middle East (R10)::Carbon Sequestration|Land Use; Middle East (R10)::Price|Secondary Energy|Electricity; Middle East (R10)::Food Demand|Crops; Middle East (R10)::Food Demand|Livestock; Middle East (R10)::Land Cover|Forest|Natural Forest; North America (R10)::Carbon Sequestration|Land Use; North America (R10)::Price|Secondary Energy|Electricity; North America (R10)::Food Demand|Crops; North America (R10)::Food Demand|Livestock; North America (R10)::Land Cover|Forest|Natural Forest; Pacific OECD (R10)::Carbon Sequestration|Land Use; Pacific OECD (R10)::Price|Secondary Energy|Electricity; Pacific OECD (R10)::Food Demand|Crops; Pacific OECD (R10)::Food Demand|Livestock; Pacific OECD (R10)::Land Cover|Forest|Natural Forest; Reforming Economies (R10)::Carbon Sequestration|Land Use; Reforming Economies (R10)::Price|Secondary Energy|Electricity; Reforming Economies (R10)::Food Demand|Crops; Reforming Economies (R10)::Food Demand|Livestock; Reforming Economies (R10)::Land Cover|Forest|Natural Forest; Rest of Asia (R10)::Carbon Sequestration|Land Use; Rest of Asia (R10)::Price|Secondary Energy|Electricity; Rest of Asia (R10)::Food Demand|Crops; Rest of Asia (R10)::Food Demand|Livestock; Rest of Asia (R10)::Land Cover|Forest|Natural Forest
POLES-JRC ENGAGE,ENGAGE-INDCi2030-1000-COV-NDCp,1,180,Africa (R10)::Carbon Sequestration|Land Use; Africa (R10)::Price|Secondary Energy|Electricity; Africa (R10)::Food Demand|Crops; Africa (R10)::Food Demand|Livestock; Africa (R10)::Land Cover|Forest|Natural Forest; China+ (R10)::Carbon Sequestration|Land Use; China+ (R10)::Price|Secondary Energy|Electricity; China+ (R10)::Food Demand|Crops; China+ (R10)::Food Demand|Livestock; China+ (R10)::Land Cover|Forest|Natural Forest; Europe (R10)::Carbon Sequestration|Land Use; Europe (R10)::Price|Secondary Energy|Electricity; Europe (R10)::Food Demand|Crops; Europe (R10)::Food Demand|Livestock; Europe (R10)::Land Cover|Forest|Natural Forest; India+ (R10)::Carbon Sequestration|Land Use; India+ (R10)::Price|Secondary Energy|Electricity; India+ (R10)::Food Demand|Crops; India+ (R10)::Food Demand|Livestock; India+ (R10)::Land Cover|Forest|Natural Forest; Latin America (R10)::Carbon Sequestration|Land Use; Latin America (R10)::Price|Secondary Energy|Electricity; Latin America (R10)::Food Demand|Crops; Latin America (R10)::Food Demand|Livestock; Latin America (R10)::Land Cover|Forest|Natural Forest; Middle East (R10)::Carbon Sequestration|Land Use; Middle East (R10)::Price|Secondary Energy|Electricity; Middle East (R10)::Food Demand|Crops; Middle East (R10)::Food Demand|Livestock; Middle East (R10)::Land Cover|Forest|Natural Forest; North America (R10)::Carbon Sequestration|Land Use; North America (R10)::Price|Secondary Energy|Electricity; North America (R10)::Food Demand|Crops; North America (R10)::Food Demand|Livestock; North America (R10)::Land Cover|Forest|Natural Forest; Pacific OECD (R10)::Carbon Sequestration|Land Use; Pacific OECD (R10)::Price|Secondary Energy|Electricity; Pacific OECD (R10)::Food Demand|Crops; Pacific OECD (R10)::Food Demand|Livestock; Pacific OECD (R10)::Land Cover|Forest|Natural Forest; Reforming Economies (R10)::Carbon Sequestration|Land Use; Reforming Economies (R10)::Price|Secondary Energy|Electricity; Reforming Economies (R10)::Food Demand|Crops; Reforming Economies (R10)::Food Demand|Livestock; Reforming Economies (R10)::Land Cover|Forest|Natural Forest; Rest of Asia (R10)::Carbon Sequestration|Land Use; Rest of Asia (R10)::Price|Secondary Energy|Electricity; Rest of Asia (R10)::Food Demand|Crops; Rest of Asia (R10)::Food Demand|Livestock; Rest of Asia (R10)::Land Cover|Forest|Natural Forest
POLES-JRC ENGAGE,ENGAGE-INDCi2030-1000-NDCp,1,180,Africa (R10)::Carbon Sequestration|Land Use; Africa (R10)::Price|Secondary Energy|Electricity; Africa (R10)::Food Demand|Crops; Africa (R10)::Food Demand|Livestock; Africa (R10)::Land Cover|Forest|Natural Forest; China+ (R10)::Carbon Sequestration|Land Use; China+ (R10)::Price|Secondary Energy|Electricity; China+ (R10)::Food Demand|Crops; China+ (R10)::Food Demand|Livestock; China+ (R10)::Land Cover|Forest|Natural Forest; Europe (R10)::Carbon Sequestration|Land Use; Europe (R10)::Price|Secondary Energy|Electricity; Europe (R10)::Food Demand|Crops; Europe (R10)::Food Demand|Livestock; Europe (R10)::Land Cover|Forest|Natural Forest; India+ (R10)::Carbon Sequestration|Land Use; India+ (R10)::Price|Secondary Energy|Electricity; India+ (R10)::Food Demand|Crops; India+ (R10)::Food Demand|Livestock; India+ (R10)::Land Cover|Forest|Natural Forest; Latin America (R10)::Carbon Sequestration|Land Use; Latin America (R10)::Price|Secondary Energy|Electricity; Latin America (R10)::Food Demand|Crops; Latin America (R10)::Food Demand|Livestock; Latin America (R10)::Land Cover|Forest|Natural Forest; Middle East (R10)::Carbon Sequestration|Land Use; Middle East (R10)::Price|Secondary Energy|Electricity; Middle East (R10)::Food Demand|Crops; Middle East (R10)::Food Demand|Livestock; Middle East (R10)::Land Cover|Forest|Natural Forest; North America (R10)::Carbon Sequestration|Land Use; North America (R10)::Price|Secondary Energy|Electricity; North America (R10)::Food Demand|Crops; North America (R10)::Food Demand|Livestock; North America (R10)::Land Cover|Forest|Natural Forest; Pacific OECD (R10)::Carbon Sequestration|Land Use; Pacific OECD (R10)::Price|Secondary Energy|Electricity; Pacific OECD (R10)::Food Demand|Crops; Pacific OECD (R10)::Food Demand|Livestock; Pacific OECD (R10)::Land Cover|Forest|Natural Forest; Reforming Economies (R10)::Carbon Sequestration|Land Use; Reforming Economies (R10)::Price|Secondary Energy|Electricity; Reforming Economies (R10)::Food Demand|Crops; Reforming Economies (R10)::Food Demand|Livestock; Reforming Economies (R10)::Land Cover|Forest|Natural Forest; Rest of Asia (R10)::Carbon Sequestration|Land Use; Rest of Asia (R10)::Price|Secondary Energy|Electricity; Rest of Asia (R10)::Food Demand|Crops; Rest of Asia (R10)::Food Demand|Livestock; Rest of Asia (R10)::Land Cover|Forest|Natural Forest
POLES-JRC ENGAGE,ENGAGE-INDCi2030-1000f,1,180,Africa (R10)::Carbon Sequestration|Land Use; Africa (R10)::Price|Secondary Energy|Electricity; Africa (R10)::Food Demand|Crops; Africa (R10)::Food Demand|Livestock; Africa (R10)::Land Cover|Forest|Natural Forest; China+ (R10)::Carbon Sequestration|Land Use; China+ (R10)::Price|Secondary Energy|Electricity; China+ (R10)::Food Demand|Crops; China+ (R10)::Food Demand|Livestock; China+ (R10)::Land Cover|Forest|Natural Forest; Europe (R10)::Carbon Sequestration|Land Use; Europe (R10)::Price|Secondary Energy|Electricity; Europe (R10)::Food Demand|Crops; Europe (R10)::Food Demand|Livestock; Europe (R10)::Land Cover|Forest|Natural Forest; India+ (R10)::Carbon Sequestration|Land Use; India+ (R10)::Price|Secondary Energy|Electricity; India+ (R10)::Food Demand|Crops; India+ (R10)::Food Demand|Livestock; India+ (R10)::Land Cover|Forest|Natural Forest; Latin America (R10)::Carbon Sequestration|Land Use; Latin America (R10)::Price|Secondary Energy|Electricity; Latin America (R10)::Food Demand|Crops; Latin America (R10)::Food Demand|Livestock; Latin America (R10)::Land Cover|Forest|Natural Forest; Middle East (R10)::Carbon Sequestration|Land Use; Middle East (R10)::Price|Secondary Energy|Electricity; Middle East (R10)::Food Demand|Crops; Middle East (R10)::Food Demand|Livestock; Middle East (R10)::Land Cover|Forest|Natural Forest; North America (R10)::Carbon Sequestration|Land Use; North America (R10)::Price|Secondary Energy|Electricity; North America (R10)::Food Demand|Crops; North America (R10)::Food Demand|Livestock; North America (R10)::Land Cover|Forest|Natural Forest; Pacific OECD (R10)::Carbon Sequestration|Land Use; Pacific OECD (R10)::Price|Secondary Energy|Electricity; Pacific OECD (R10)::Food Demand|Crops; Pacific OECD (R10)::Food Demand|Livestock; Pacific OECD (R10)::Land Cover|Forest|Natural Forest; Reforming Economies (R10)::Carbon Sequestration|Land Use; Reforming Economies (R10)::Price|Secondary Energy|Electricity; Reforming Economies (R10)::Food Demand|Crops; Reforming Economies (R10)::Food Demand|Livestock; Reforming Economies (R10)::Land Cover|Forest|Natural Forest; Rest of Asia (R10)::Carbon Sequestration|Land Use; Rest of Asia (R10)::Price|Secondary Energy|Electricity; Rest of Asia (R10)::Food Demand|Crops; Rest of Asia (R10)::Food Demand|Livestock; Rest of Asia (R10)::Land Cover|Forest|Natural Forest
POLES-JRC ENGAGE,ENGAGE-INDCi2030-1000f-COV,1,180,Africa (R10)::Carbon Sequestration|Land Use; Africa (R10)::Price|Secondary Energy|Electricity; Africa (R10)::Food Demand|Crops; Africa (R10)::Food Demand|Livestock; Africa (R10)::Land Cover|Forest|Natural Forest; China+ (R10)::Carbon Sequestration|Land Use; China+ (R10)::Price|Secondary Energy|Electricity; China+ (R10)::Food Demand|Crops; China+ (R10)::Food Demand|Livestock; China+ (R10)::Land Cover|Forest|Natural Forest; Europe (R10)::Carbon Sequestration|Land Use; Europe (R10)::Price|Secondary Energy|Electricity; Europe (R10)::Food Demand|Crops; Europe (R10)::Food Demand|Livestock; Europe (R10)::Land Cover|Forest|Natural Forest; India+ (R10)::Carbon Sequestration|Land Use; India+ (R10)::Price|Secondary Energy|Electricity; India+ (R10)::Food Demand|Crops; India+ (R10)::Food Demand|Livestock; India+ (R10)::Land Cover|Forest|Natural Forest; Latin America (R10)::Carbon Sequestration|Land Use; Latin America (R10)::Price|Secondary Energy|Electricity; Latin America (R10)::Food Demand|Crops; Latin America (R10)::Food Demand|Livestock; Latin America (R10)::Land Cover|Forest|Natural Forest; Middle East (R10)::Carbon Sequestration|Land Use; Middle East (R10)::Price|Secondary Energy|Electricity; Middle East (R10)::Food Demand|Crops; Middle East (R10)::Food Demand|Livestock; Middle East (R10)::Land Cover|Forest|Natural Forest; North America (R10)::Carbon Sequestration|Land Use; North America (R10)::Price|Secondary Energy|Electricity; North America (R10)::Food Demand|Crops; North America (R10)::Food Demand|Livestock; North America (R10)::Land Cover|Forest|Natural Forest; Pacific OECD (R10)::Carbon Sequestration|Land Use; Pacific OECD (R10)::Price|Secondary Energy|Electricity; Pacific OECD (R10)::Food Demand|Crops; Pacific OECD (R10)::Food Demand|Livestock; Pacific OECD (R10)::Land Cover|Forest|Natural Forest; Reforming Economies (R10)::Carbon Sequestration|Land Use; Reforming Economies (R10)::Price|Secondary Energy|Electricity; Reforming Economies (R10)::Food Demand|Crops; Reforming Economies (R10)::Food Demand|Livestock; Reforming Economies (R10)::Land Cover|Forest|Natural Forest; Rest of Asia (R10)::Carbon Sequestration|Land Use; Rest of Asia (R10)::Price|Secondary Energy|Electricity; Rest of Asia (R10)::Food Demand|Crops; Rest of Asia (R10)::Food Demand|Livestock; Rest of Asia (R10)::Land Cover|Forest|Natural Forest
POLES-JRC ENGAGE,ENGAGE-INDCi2030-1000f-COV-NDCp,1,180,Africa (R10)::Carbon Sequestration|Land Use; Africa (R10)::Price|Secondary Energy|Electricity; Africa (R10)::Food Demand|Crops; Africa (R10)::Food Demand|Livestock; Africa (R10)::Land Cover|Forest|Natural Forest; China+ (R10)::Carbon Sequestration|Land Use; China+ (R10)::Price|Secondary Energy|Electricity; China+ (R10)::Food Demand|Crops; China+ (R10)::Food Demand|Livestock; China+ (R10)::Land Cover|Forest|Natural Forest; Europe (R10)::Carbon Sequestration|Land Use; Europe (R10)::Price|Secondary Energy|Electricity; Europe (R10)::Food Demand|Crops; Europe (R10)::Food Demand|Livestock; Europe (R10)::Land Cover|Forest|Natural Forest; India+ (R10)::Carbon Sequestration|Land Use; India+ (R10)::Price|Secondary Energy|Electricity; India+ (R10)::Food Demand|Crops; India+ (R10)::Food Demand|Livestock; India+ (R10)::Land Cover|Forest|Natural Forest; Latin America (R10)::Carbon Sequestration|Land Use; Latin America (R10)::Price|Secondary Energy|Electricity; Latin America (R10)::Food Demand|Crops; Latin America (R10)::Food Demand|Livestock; Latin America (R10)::Land Cover|Forest|Natural Forest; Middle East (R10)::Carbon Sequestration|Land Use; Middle East (R10)::Price|Secondary Energy|Electricity; Middle East (R10)::Food Demand|Crops; Middle East (R10)::Food Demand|Livestock; Middle East (R10)::Land Cover|Forest|Natural Forest; North America (R10)::Carbon Sequestration|Land Use; North America (R10)::Price|Secondary Energy|Electricity; North America (R10)::Food Demand|Crops; North America (R10)::Food Demand|Livestock; North America (R10)::Land Cover|Forest|Natural Forest; Pacific OECD (R10)::Carbon Sequestration|Land Use; Pacific OECD (R10)::Price|Secondary Energy|Electricity; Pacific OECD (R10)::Food Demand|Crops; Pacific OECD (R10)::Food Demand|Livestock; Pacific OECD (R10)::Land Cover|Forest|Natural Forest; Reforming Economies (R10)::Carbon Sequestration|Land Use; Reforming Economies (R10)::Price|Secondary Energy|Electricity; Reforming Economies (R10)::Food Demand|Crops; Reforming Economies (R10)::Food Demand|Livestock; Reforming Economies (R10)::Land Cover|Forest|Natural Forest; Rest of Asia (R10)::Carbon Sequestration|Land Use; Rest of Asia (R10)::Price|Secondary Energy|Electricity; Rest of Asia (R10)::Food Demand|Crops; Rest of Asia (R10)::Food Demand|Livestock; Rest of Asia (R10)::Land Cover|Forest|Natural Forest
POLES-JRC ENGAGE,ENGAGE-INDCi2030-1000f-NDCp,1,180,Africa (R10)::Carbon Sequestration|Land Use; Africa (R10)::Price|Secondary Energy|Electricity; Africa (R10)::Food Demand|Crops; Africa (R10)::Food Demand|Livestock; Africa (R10)::Land Cover|Forest|Natural Forest; China+ (R10)::Carbon Sequestration|Land Use; China+ (R10)::Price|Secondary Energy|Electricity; China+ (R10)::Food Demand|Crops; China+ (R10)::Food Demand|Livestock; China+ (R10)::Land Cover|Forest|Natural Forest; Europe (R10)::Carbon Sequestration|Land Use; Europe (R10)::Price|Secondary Energy|Electricity; Europe (R10)::Food Demand|Crops; Europe (R10)::Food Demand|Livestock; Europe (R10)::Land Cover|Forest|Natural Forest; India+ (R10)::Carbon Sequestration|Land Use; India+ (R10)::Price|Secondary Energy|Electricity; India+ (R10)::Food Demand|Crops; India+ (R10)::Food Demand|Livestock; India+ (R10)::Land Cover|Forest|Natural Forest; Latin America (R10)::Carbon Sequestration|Land Use; Latin America (R10)::Price|Secondary Energy|Electricity; Latin America (R10)::Food Demand|Crops; Latin America (R10)::Food Demand|Livestock; Latin America (R10)::Land Cover|Forest|Natural Forest; Middle East (R10)::Carbon Sequestration|Land Use; Middle East (R10)::Price|Secondary Energy|Electricity; Middle East (R10)::Food Demand|Crops; Middle East (R10)::Food Demand|Livestock; Middle East (R10)::Land Cover|Forest|Natural Forest; North America (R10)::Carbon Sequestration|Land Use; North America (R10)::Price|Secondary Energy|Electricity; North America (R10)::Food Demand|Crops; North America (R10)::Food Demand|Livestock; North America (R10)::Land Cover|Forest|Natural Forest; Pacific OECD (R10)::Carbon Sequestration|Land Use; Pacific OECD (R10)::Price|Secondary Energy|Electricity; Pacific OECD (R10)::Food Demand|Crops; Pacific OECD (R10)::Food Demand|Livestock; Pacific OECD (R10)::Land Cover|Forest|Natural Forest; Reforming Economies (R10)::Carbon Sequestration|Land Use; Reforming Economies (R10)::Price|Secondary Energy|Electricity; Reforming Economies (R10)::Food Demand|Crops; Reforming Economies (R10)::Food Demand|Livestock; Reforming Economies (R10)::Land Cover|Forest|Natural Forest; Rest of Asia (R10)::Carbon Sequestration|Land Use; Rest of Asia (R10)::Price|Secondary Energy|Electricity; Rest of Asia (R10)::Food Demand|Crops; Rest of Asia (R10)::Food Demand|Livestock; Rest of Asia (R10)::Land Cover|Forest|Natural Forest
POLES-JRC ENGAGE,ENGAGE-INDCi2030-1200,1,180,Africa (R10)::Carbon Sequestration|Land Use; Africa (R10)::Price|Secondary Energy|Electricity; Africa (R10)::Food Demand|Crops; Africa (R10)::Food Demand|Livestock; Africa (R10)::Land Cover|Forest|Natural Forest; China+ (R10)::Carbon Sequestration|Land Use; China+ (R10)::Price|Secondary Energy|Electricity; China+ (R10)::Food Demand|Crops; China+ (R10)::Food Demand|Livestock; China+ (R10)::Land Cover|Forest|Natural Forest; Europe (R10)::Carbon Sequestration|Land Use; Europe (R10)::Price|Secondary Energy|Electricity; Europe (R10)::Food Demand|Crops; Europe (R10)::Food Demand|Livestock; Europe (R10)::Land Cover|Forest|Natural Forest; India+ (R10)::Carbon Sequestration|Land Use; India+ (R10)::Price|Secondary Energy|Electricity; India+ (R10)::Food Demand|Crops; India+ (R10)::Food Demand|Livestock; India+ (R10)::Land Cover|Forest|Natural Forest; Latin America (R10)::Carbon Sequestration|Land Use; Latin America (R10)::Price|Secondary Energy|Electricity; Latin America (R10)::Food Demand|Crops; Latin America (R10)::Food Demand|Livestock; Latin America (R10)::Land Cover|Forest|Natural Forest; Middle East (R10)::Carbon Sequestration|Land Use; Middle East (R10)::Price|Secondary Energy|Electricity; Middle East (R10)::Food Demand|Crops; Middle East (R10)::Food Demand|Livestock; Middle East (R10)::Land Cover|Forest|Natural Forest; North America (R10)::Carbon Sequestration|Land Use; North America (R10)::Price|Secondary Energy|Electricity; North America (R10)::Food Demand|Crops; North America (R10)::Food Demand|Livestock; North America (R10)::Land Cover|Forest|Natural Forest; Pacific OECD (R10)::Carbon Sequestration|Land Use; Pacific OECD (R10)::Price|Secondary Energy|Electricity; Pacific OECD (R10)::Food Demand|Crops; Pacific OECD (R10)::Food Demand|Livestock; Pacific OECD (R10)::Land Cover|Forest|Natural Forest; Reforming Economies (R10)::Carbon Sequestration|Land Use; Reforming Economies (R10)::Price|Secondary Energy|Electricity; Reforming Economies (R10)::Food Demand|Crops; Reforming Economies (R10)::Food Demand|Livestock; Reforming Economies (R10)::Land Cover|Forest|Natural Forest; Rest of Asia (R10)::Carbon Sequestration|Land Use; Rest of Asia (R10)::Price|Secondary Energy|Electricity; Rest of Asia (R10)::Food Demand|Crops; Rest of Asia (R10)::Food Demand|Livestock; Rest of Asia (R10)::Land Cover|Forest|Natural Forest
POLES-JRC ENGAGE,ENGAGE-INDCi2030-1200f,1,180,Africa (R10)::Carbon Sequestration|Land Use; Africa (R10)::Price|Secondary Energy|Electricity; Africa (R10)::Food Demand|Crops; Africa (R10)::Food Demand|Livestock; Africa (R10)::Land Cover|Forest|Natural Forest; China+ (R10)::Carbon Sequestration|Land Use; China+ (R10)::Price|Secondary Energy|Electricity; China+ (R10)::Food Demand|Crops; China+ (R10)::Food Demand|Livestock; China+ (R10)::Land Cover|Forest|Natural Forest; Europe (R10)::Carbon Sequestration|Land Use; Europe (R10)::Price|Secondary Energy|Electricity; Europe (R10)::Food Demand|Crops; Europe (R10)::Food Demand|Livestock; Europe (R10)::Land Cover|Forest|Natural Forest; India+ (R10)::Carbon Sequestration|Land Use; India+ (R10)::Price|Secondary Energy|Electricity; India+ (R10)::Food Demand|Crops; India+ (R10)::Food Demand|Livestock; India+ (R10)::Land Cover|Forest|Natural Forest; Latin America (R10)::Carbon Sequestration|Land Use; Latin America (R10)::Price|Secondary Energy|Electricity; Latin America (R10)::Food Demand|Crops; Latin America (R10)::Food Demand|Livestock; Latin America (R10)::Land Cover|Forest|Natural Forest; Middle East (R10)::Carbon Sequestration|Land Use; Middle East (R10)::Price|Secondary Energy|Electricity; Middle East (R10)::Food Demand|Crops; Middle East (R10)::Food Demand|Livestock; Middle East (R10)::Land Cover|Forest|Natural Forest; North America (R10)::Carbon Sequestration|Land Use; North America (R10)::Price|Secondary Energy|Electricity; North America (R10)::Food Demand|Crops; North America (R10)::Food Demand|Livestock; North America (R10)::Land Cover|Forest|Natural Forest; Pacific OECD (R10)::Carbon Sequestration|Land Use; Pacific OECD (R10)::Price|Secondary Energy|Electricity; Pacific OECD (R10)::Food Demand|Crops; Pacific OECD (R10)::Food Demand|Livestock; Pacific OECD (R10)::Land Cover|Forest|Natural Forest; Reforming Economies (R10)::Carbon Sequestration|Land Use; Reforming Economies (R10)::Price|Secondary Energy|Electricity; Reforming Economies (R10)::Food Demand|Crops; Reforming Economies (R10)::Food Demand|Livestock; Reforming Economies (R10)::Land Cover|Forest|Natural Forest; Rest of Asia (R10)::Carbon Sequestration|Land Use; Rest of Asia (R10)::Price|Secondary Energy|Electricity; Rest of Asia (R10)::Food Demand|Crops; Rest of Asia (R10)::Food Demand|Livestock; Rest of Asia (R10)::Land Cover|Forest|Natural Forest
POLES-JRC ENGAGE,ENGAGE-INDCi2030-300f,1,180,Africa (R10)::Carbon Sequestration|Land Use; Africa (R10)::Price|Secondary Energy|Electricity; Africa (R10)::Food Demand|Crops; Africa (R10)::Food Demand|Livestock; Africa (R10)::Land Cover|Forest|Natural Forest; China+ (R10)::Carbon Sequestration|Land Use; China+ (R10)::Price|Secondary Energy|Electricity; China+ (R10)::Food Demand|Crops; China+ (R10)::Food Demand|Livestock; China+ (R10)::Land Cover|Forest|Natural Forest; Europe (R10)::Carbon Sequestration|Land Use; Europe (R10)::Price|Secondary Energy|Electricity; Europe (R10)::Food Demand|Crops; Europe (R10)::Food Demand|Livestock; Europe (R10)::Land Cover|Forest|Natural Forest; India+ (R10)::Carbon Sequestration|Land Use; India+ (R10)::Price|Secondary Energy|Electricity; India+ (R10)::Food Demand|Crops; India+ (R10)::Food Demand|Livestock; India+ (R10)::Land Cover|Forest|Natural Forest; Latin America (R10)::Carbon Sequestration|Land Use; Latin America (R10)::Price|Secondary Energy|Electricity; Latin America (R10)::Food Demand|Crops; Latin America (R10)::Food Demand|Livestock; Latin America (R10)::Land Cover|Forest|Natural Forest; Middle East (R10)::Carbon Sequestration|Land Use; Middle East (R10)::Price|Secondary Energy|Electricity; Middle East (R10)::Food Demand|Crops; Middle East (R10)::Food Demand|Livestock; Middle East (R10)::Land Cover|Forest|Natural Forest; North America (R10)::Carbon Sequestration|Land Use; North America (R10)::Price|Secondary Energy|Electricity; North America (R10)::Food Demand|Crops; North America (R10)::Food Demand|Livestock; North America (R10)::Land Cover|Forest|Natural Forest; Pacific OECD (R10)::Carbon Sequestration|Land Use; Pacific OECD (R10)::Price|Secondary Energy|Electricity; Pacific OECD (R10)::Food Demand|Crops; Pacific OECD (R10)::Food Demand|Livestock; Pacific OECD (R10)::Land Cover|Forest|Natural Forest; Reforming Economies (R10)::Carbon Sequestration|Land Use; Reforming Economies (R10)::Price|Secondary Energy|Electricity; Reforming Economies (R10)::Food Demand|Crops; Reforming Economies (R10)::Food Demand|Livestock; Reforming Economies (R10)::Land Cover|Forest|Natural Forest; Rest of Asia (R10)::Carbon Sequestration|Land Use; Rest of Asia (R10)::Price|Secondary Energy|Electricity; Rest of Asia (R10)::Food Demand|Crops; Rest of Asia (R10)::Food Demand|Livestock; Rest of Asia (R10)::Land Cover|Forest|Natural Forest
POLES-JRC ENGAGE,ENGAGE-INDCi2030-400f,1,180,Africa (R10)::Carbon Sequestration|Land Use; Africa (R10)::Price|Secondary Energy|Electricity; Africa (R10)::Food Demand|Crops; Africa (R10)::Food Demand|Livestock; Africa (R10)::Land Cover|Forest|Natural Forest; China+ (R10)::Carbon Sequestration|Land Use; China+ (R10)::Price|Secondary Energy|Electricity; China+ (R10)::Food Demand|Crops; China+ (R10)::Food Demand|Livestock; China+ (R10)::Land Cover|Forest|Natural Forest; Europe (R10)::Carbon Sequestration|Land Use; Europe (R10)::Price|Secondary Energy|Electricity; Europe (R10)::Food Demand|Crops; Europe (R10)::Food Demand|Livestock; Europe (R10)::Land Cover|Forest|Natural Forest; India+ (R10)::Carbon Sequestration|Land Use; India+ (R10)::Price|Secondary Energy|Electricity; India+ (R10)::Food Demand|Crops; India+ (R10)::Food Demand|Livestock; India+ (R10)::Land Cover|Forest|Natural Forest; Latin America (R10)::Carbon Sequestration|Land Use; Latin America (R10)::Price|Secondary Energy|Electricity; Latin America (R10)::Food Demand|Crops; Latin America (R10)::Food Demand|Livestock; Latin America (R10)::Land Cover|Forest|Natural Forest; Middle East (R10)::Carbon Sequestration|Land Use; Middle East (R10)::Price|Secondary Energy|Electricity; Middle East (R10)::Food Demand|Crops; Middle East (R10)::Food Demand|Livestock; Middle East (R10)::Land Cover|Forest|Natural Forest; North America (R10)::Carbon Sequestration|Land Use; North America (R10)::Price|Secondary Energy|Electricity; North America (R10)::Food Demand|Crops; North America (R10)::Food Demand|Livestock; North America (R10)::Land Cover|Forest|Natural Forest; Pacific OECD (R10)::Carbon Sequestration|Land Use; Pacific OECD (R10)::Price|Secondary Energy|Electricity; Pacific OECD (R10)::Food Demand|Crops; Pacific OECD (R10)::Food Demand|Livestock; Pacific OECD (R10)::Land Cover|Forest|Natural Forest; Reforming Economies (R10)::Carbon Sequestration|Land Use; Reforming Economies (R10)::Price|Secondary Energy|Electricity; Reforming Economies (R10)::Food Demand|Crops; Reforming Economies (R10)::Food Demand|Livestock; Reforming Economies (R10)::Land Cover|Forest|Natural Forest; Rest of Asia (R10)::Carbon Sequestration|Land Use; Rest of Asia (R10)::Price|Secondary Energy|Electricity; Rest of Asia (R10)::Food Demand|Crops; Rest of Asia (R10)::Food Demand|Livestock; Rest of Asia (R10)::Land Cover|Forest|Natural Forest
POLES-JRC ENGAGE,ENGAGE-INDCi2030-500f,1,180,Africa (R10)::Carbon Sequestration|Land Use; Africa (R10)::Price|Secondary Energy|Electricity; Africa (R10)::Food Demand|Crops; Africa (R10)::Food Demand|Livestock; Africa (R10)::Land Cover|Forest|Natural Forest; China+ (R10)::Carbon Sequestration|Land Use; China+ (R10)::Price|Secondary Energy|Electricity; China+ (R10)::Food Demand|Crops; China+ (R10)::Food Demand|Livestock; China+ (R10)::Land Cover|Forest|Natural Forest; Europe (R10)::Carbon Sequestration|Land Use; Europe (R10)::Price|Secondary Energy|Electricity; Europe (R10)::Food Demand|Crops; Europe (R10)::Food Demand|Livestock; Europe (R10)::Land Cover|Forest|Natural Forest; India+ (R10)::Carbon Sequestration|Land Use; India+ (R10)::Price|Secondary Energy|Electricity; India+ (R10)::Food Demand|Crops; India+ (R10)::Food Demand|Livestock; India+ (R10)::Land Cover|Forest|Natural Forest; Latin America (R10)::Carbon Sequestration|Land Use; Latin America (R10)::Price|Secondary Energy|Electricity; Latin America (R10)::Food Demand|Crops; Latin America (R10)::Food Demand|Livestock; Latin America (R10)::Land Cover|Forest|Natural Forest; Middle East (R10)::Carbon Sequestration|Land Use; Middle East (R10)::Price|Secondary Energy|Electricity; Middle East (R10)::Food Demand|Crops; Middle East (R10)::Food Demand|Livestock; Middle East (R10)::Land Cover|Forest|Natural Forest; North America (R10)::Carbon Sequestration|Land Use; North America (R10)::Price|Secondary Energy|Electricity; North America (R10)::Food Demand|Crops; North America (R10)::Food Demand|Livestock; North America (R10)::Land Cover|Forest|Natural Forest; Pacific OECD (R10)::Carbon Sequestration|Land Use; Pacific OECD (R10)::Price|Secondary Energy|Electricity; Pacific OECD (R10)::Food Demand|Crops; Pacific OECD (R10)::Food Demand|Livestock; Pacific OECD (R10)::Land Cover|Forest|Natural Forest; Reforming Economies (R10)::Carbon Sequestration|Land Use; Reforming Economies (R10)::Price|Secondary Energy|Electricity; Reforming Economies (R10)::Food Demand|Crops; Reforming Economies (R10)::Food Demand|Livestock; Reforming Economies (R10)::Land Cover|Forest|Natural Forest; Rest of Asia (R10)::Carbon Sequestration|Land Use; Rest of Asia (R10)::Price|Secondary Energy|Electricity; Rest of Asia (R10)::Food Demand|Crops; Rest of Asia (R10)::Food Demand|Livestock; Rest of Asia (R10)::Land Cover|Forest|Natural Forest
POLES-JRC ENGAGE,ENGAGE-INDCi2030-600f,1,180,Africa (R10)::Carbon Sequestration|Land Use; Africa (R10)::Price|Secondary Energy|Electricity; Africa (R10)::Food Demand|Crops; Africa (R10)::Food Demand|Livestock; Africa (R10)::Land Cover|Forest|Natural Forest; China+ (R10)::Carbon Sequestration|Land Use; China+ (R10)::Price|Secondary Energy|Electricity; China+ (R10)::Food Demand|Crops; China+ (R10)::Food Demand|Livestock; China+ (R10)::Land Cover|Forest|Natural Forest; Europe (R10)::Carbon Sequestration|Land Use; Europe (R10)::Price|Secondary Energy|Electricity; Europe (R10)::Food Demand|Crops; Europe (R10)::Food Demand|Livestock; Europe (R10)::Land Cover|Forest|Natural Forest; India+ (R10)::Carbon Sequestration|Land Use; India+ (R10)::Price|Secondary Energy|Electricity; India+ (R10)::Food Demand|Crops; India+ (R10)::Food Demand|Livestock; India+ (R10)::Land Cover|Forest|Natural Forest; Latin America (R10)::Carbon Sequestration|Land Use; Latin America (R10)::Price|Secondary Energy|Electricity; Latin America (R10)::Food Demand|Crops; Latin America (R10)::Food Demand|Livestock; Latin America (R10)::Land Cover|Forest|Natural Forest; Middle East (R10)::Carbon Sequestration|Land Use; Middle East (R10)::Price|Secondary Energy|Electricity; Middle East (R10)::Food Demand|Crops; Middle East (R10)::Food Demand|Livestock; Middle East (R10)::Land Cover|Forest|Natural Forest; North America (R10)::Carbon Sequestration|Land Use; North America (R10)::Price|Secondary Energy|Electricity; North America (R10)::Food Demand|Crops; North America (R10)::Food Demand|Livestock; North America (R10)::Land Cover|Forest|Natural Forest; Pacific OECD (R10)::Carbon Sequestration|Land Use; Pacific OECD (R10)::Price|Secondary Energy|Electricity; Pacific OECD (R10)::Food Demand|Crops; Pacific OECD (R10)::Food Demand|Livestock; Pacific OECD (R10)::Land Cover|Forest|Natural Forest; Reforming Economies (R10)::Carbon Sequestration|Land Use; Reforming Economies (R10)::Price|Secondary Energy|Electricity; Reforming Economies (R10)::Food Demand|Crops; Reforming Economies (R10)::Food Demand|Livestock; Reforming Economies (R10)::Land Cover|Forest|Natural Forest; Rest of Asia (R10)::Carbon Sequestration|Land Use; Rest of Asia (R10)::Price|Secondary Energy|Electricity; Rest of Asia (R10)::Food Demand|Crops; Rest of Asia (R10)::Food Demand|Livestock; Rest of Asia (R10)::Land Cover|Forest|Natural Forest
POLES-JRC ENGAGE,ENGAGE-INDCi2030-600f-COV,1,180,Africa (R10)::Carbon Sequestration|Land Use; Africa (R10)::Price|Secondary Energy|Electricity; Africa (R10)::Food Demand|Crops; Africa (R10)::Food Demand|Livestock; Africa (R10)::Land Cover|Forest|Natural Forest; China+ (R10)::Carbon Sequestration|Land Use; China+ (R10)::Price|Secondary Energy|Electricity; China+ (R10)::Food Demand|Crops; China+ (R10)::Food Demand|Livestock; China+ (R10)::Land Cover|Forest|Natural Forest; Europe (R10)::Carbon Sequestration|Land Use; Europe (R10)::Price|Secondary Energy|Electricity; Europe (R10)::Food Demand|Crops; Europe (R10)::Food Demand|Livestock; Europe (R10)::Land Cover|Forest|Natural Forest; India+ (R10)::Carbon Sequestration|Land Use; India+ (R10)::Price|Secondary Energy|Electricity; India+ (R10)::Food Demand|Crops; India+ (R10)::Food Demand|Livestock; India+ (R10)::Land Cover|Forest|Natural Forest; Latin America (R10)::Carbon Sequestration|Land Use; Latin America (R10)::Price|Secondary Energy|Electricity; Latin America (R10)::Food Demand|Crops; Latin America (R10)::Food Demand|Livestock; Latin America (R10)::Land Cover|Forest|Natural Forest; Middle East (R10)::Carbon Sequestration|Land Use; Middle East (R10)::Price|Secondary Energy|Electricity; Middle East (R10)::Food Demand|Crops; Middle East (R10)::Food Demand|Livestock; Middle East (R10)::Land Cover|Forest|Natural Forest; North America (R10)::Carbon Sequestration|Land Use; North America (R10)::Price|Secondary Energy|Electricity; North America (R10)::Food Demand|Crops; North America (R10)::Food Demand|Livestock; North America (R10)::Land Cover|Forest|Natural Forest; Pacific OECD (R10)::Carbon Sequestration|Land Use; Pacific OECD (R10)::Price|Secondary Energy|Electricity; Pacific OECD (R10)::Food Demand|Crops; Pacific OECD (R10)::Food Demand|Livestock; Pacific OECD (R10)::Land Cover|Forest|Natural Forest; Reforming Economies (R10)::Carbon Sequestration|Land Use; Reforming Economies (R10)::Price|Secondary Energy|Electricity; Reforming Economies (R10)::Food Demand|Crops; Reforming Economies (R10)::Food Demand|Livestock; Reforming Economies (R10)::Land Cover|Forest|Natural Forest; Rest of Asia (R10)::Carbon Sequestration|Land Use; Rest of Asia (R10)::Price|Secondary Energy|Electricity; Rest of Asia (R10)::Food Demand|Crops; Rest of Asia (R10)::Food Demand|Livestock; Rest of Asia (R10)::Land Cover|Forest|Natural Forest
POLES-JRC ENGAGE,ENGAGE-INDCi2030-600f-COV-NDCp,1,180,Africa (R10)::Carbon Sequestration|Land Use; Africa (R10)::Price|Secondary Energy|Electricity; Africa (R10)::Food Demand|Crops; Africa (R10)::Food Demand|Livestock; Africa (R10)::Land Cover|Forest|Natural Forest; China+ (R10)::Carbon Sequestration|Land Use; China+ (R10)::Price|Secondary Energy|Electricity; China+ (R10)::Food Demand|Crops; China+ (R10)::Food Demand|Livestock; China+ (R10)::Land Cover|Forest|Natural Forest; Europe (R10)::Carbon Sequestration|Land Use; Europe (R10)::Price|Secondary Energy|Electricity; Europe (R10)::Food Demand|Crops; Europe (R10)::Food Demand|Livestock; Europe (R10)::Land Cover|Forest|Natural Forest; India+ (R10)::Carbon Sequestration|Land Use; India+ (R10)::Price|Secondary Energy|Electricity; India+ (R10)::Food Demand|Crops; India+ (R10)::Food Demand|Livestock; India+ (R10)::Land Cover|Forest|Natural Forest; Latin America (R10)::Carbon Sequestration|Land Use; Latin America (R10)::Price|Secondary Energy|Electricity; Latin America (R10)::Food Demand|Crops; Latin America (R10)::Food Demand|Livestock; Latin America (R10)::Land Cover|Forest|Natural Forest; Middle East (R10)::Carbon Sequestration|Land Use; Middle East (R10)::Price|Secondary Energy|Electricity; Middle East (R10)::Food Demand|Crops; Middle East (R10)::Food Demand|Livestock; Middle East (R10)::Land Cover|Forest|Natural Forest; North America (R10)::Carbon Sequestration|Land Use; North America (R10)::Price|Secondary Energy|Electricity; North America (R10)::Food Demand|Crops; North America (R10)::Food Demand|Livestock; North America (R10)::Land Cover|Forest|Natural Forest; Pacific OECD (R10)::Carbon Sequestration|Land Use; Pacific OECD (R10)::Price|Secondary Energy|Electricity; Pacific OECD (R10)::Food Demand|Crops; Pacific OECD (R10)::Food Demand|Livestock; Pacific OECD (R10)::Land Cover|Forest|Natural Forest; Reforming Economies (R10)::Carbon Sequestration|Land Use; Reforming Economies (R10)::Price|Secondary Energy|Electricity; Reforming Economies (R10)::Food Demand|Crops; Reforming Economies (R10)::Food Demand|Livestock; Reforming Economies (R10)::Land Cover|Forest|Natural Forest; Rest of Asia (R10)::Carbon Sequestration|Land Use; Rest of Asia (R10)::Price|Secondary Energy|Electricity; Rest of Asia (R10)::Food Demand|Crops; Rest of Asia (R10)::Food Demand|Livestock; Rest of Asia (R10)::Land Cover|Forest|Natural Forest
POLES-JRC ENGAGE,ENGAGE-INDCi2030-600f-NDCp,1,180,Africa (R10)::Carbon Sequestration|Land Use; Africa (R10)::Price|Secondary Energy|Electricity; Africa (R10)::Food Demand|Crops; Africa (R10)::Food Demand|Livestock; Africa (R10)::Land Cover|Forest|Natural Forest; China+ (R10)::Carbon Sequestration|Land Use; China+ (R10)::Price|Secondary Energy|Electricity; China+ (R10)::Food Demand|Crops; China+ (R10)::Food Demand|Livestock; China+ (R10)::Land Cover|Forest|Natural Forest; Europe (R10)::Carbon Sequestration|Land Use; Europe (R10)::Price|Secondary Energy|Electricity; Europe (R10)::Food Demand|Crops; Europe (R10)::Food Demand|Livestock; Europe (R10)::Land Cover|Forest|Natural Forest; India+ (R10)::Carbon Sequestration|Land Use; India+ (R10)::Price|Secondary Energy|Electricity; India+ (R10)::Food Demand|Crops; India+ (R10)::Food Demand|Livestock; India+ (R10)::Land Cover|Forest|Natural Forest; Latin America (R10)::Carbon Sequestration|Land Use; Latin America (R10)::Price|Secondary Energy|Electricity; Latin America (R10)::Food Demand|Crops; Latin America (R10)::Food Demand|Livestock; Latin America (R10)::Land Cover|Forest|Natural Forest; Middle East (R10)::Carbon Sequestration|Land Use; Middle East (R10)::Price|Secondary Energy|Electricity; Middle East (R10)::Food Demand|Crops; Middle East (R10)::Food Demand|Livestock; Middle East (R10)::Land Cover|Forest|Natural Forest; North America (R10)::Carbon Sequestration|Land Use; North America (R10)::Price|Secondary Energy|Electricity; North America (R10)::Food Demand|Crops; North America (R10)::Food Demand|Livestock; North America (R10)::Land Cover|Forest|Natural Forest; Pacific OECD (R10)::Carbon Sequestration|Land Use; Pacific OECD (R10)::Price|Secondary Energy|Electricity; Pacific OECD (R10)::Food Demand|Crops; Pacific OECD (R10)::Food Demand|Livestock; Pacific OECD (R10)::Land Cover|Forest|Natural Forest; Reforming Economies (R10)::Carbon Sequestration|Land Use; Reforming Economies (R10)::Price|Secondary Energy|Electricity; Reforming Economies (R10)::Food Demand|Crops; Reforming Economies (R10)::Food Demand|Livestock; Reforming Economies (R10)::Land Cover|Forest|Natural Forest; Rest of Asia (R10)::Carbon Sequestration|Land Use; Rest of Asia (R10)::Price|Secondary Energy|Electricity; Rest of Asia (R10)::Food Demand|Crops; Rest of Asia (R10)::Food Demand|Livestock; Rest of Asia (R10)::Land Cover|Forest|Natural Forest
POLES-JRC ENGAGE,ENGAGE-INDCi2030-700f,1,180,Africa (R10)::Carbon Sequestration|Land Use; Africa (R10)::Price|Secondary Energy|Electricity; Africa (R10)::Food Demand|Crops; Africa (R10)::Food Demand|Livestock; Africa (R10)::Land Cover|Forest|Natural Forest; China+ (R10)::Carbon Sequestration|Land Use; China+ (R10)::Price|Secondary Energy|Electricity; China+ (R10)::Food Demand|Crops; China+ (R10)::Food Demand|Livestock; China+ (R10)::Land Cover|Forest|Natural Forest; Europe (R10)::Carbon Sequestration|Land Use; Europe (R10)::Price|Secondary Energy|Electricity; Europe (R10)::Food Demand|Crops; Europe (R10)::Food Demand|Livestock; Europe (R10)::Land Cover|Forest|Natural Forest; India+ (R10)::Carbon Sequestration|Land Use; India+ (R10)::Price|Secondary Energy|Electricity; India+ (R10)::Food Demand|Crops; India+ (R10)::Food Demand|Livestock; India+ (R10)::Land Cover|Forest|Natural Forest; Latin America (R10)::Carbon Sequestration|Land Use; Latin America (R10)::Price|Secondary Energy|Electricity; Latin America (R10)::Food Demand|Crops; Latin America (R10)::Food Demand|Livestock; Latin America (R10)::Land Cover|Forest|Natural Forest; Middle East (R10)::Carbon Sequestration|Land Use; Middle East (R10)::Price|Secondary Energy|Electricity; Middle East (R10)::Food Demand|Crops; Middle East (R10)::Food Demand|Livestock; Middle East (R10)::Land Cover|Forest|Natural Forest; North America (R10)::Carbon Sequestration|Land Use; North America (R10)::Price|Secondary Energy|Electricity; North America (R10)::Food Demand|Crops; North America (R10)::Food Demand|Livestock; North America (R10)::Land Cover|Forest|Natural Forest; Pacific OECD (R10)::Carbon Sequestration|Land Use; Pacific OECD (R10)::Price|Secondary Energy|Electricity; Pacific OECD (R10)::Food Demand|Crops; Pacific OECD (R10)::Food Demand|Livestock; Pacific OECD (R10)::Land Cover|Forest|Natural Forest; Reforming Economies (R10)::Carbon Sequestration|Land Use; Reforming Economies (R10)::Price|Secondary Energy|Electricity; Reforming Economies (R10)::Food Demand|Crops; Reforming Economies (R10)::Food Demand|Livestock; Reforming Economies (R10)::Land Cover|Forest|Natural Forest; Rest of Asia (R10)::Carbon Sequestration|Land Use; Rest of Asia (R10)::Price|Secondary Energy|Electricity; Rest of Asia (R10)::Food Demand|Crops; Rest of Asia (R10)::Food Demand|Livestock; Rest of Asia (R10)::Land Cover|Forest|Natural Forest
POLES-JRC ENGAGE,ENGAGE-INDCi2030-800f,1,180,Africa (R10)::Carbon Sequestration|Land Use; Africa (R10)::Price|Secondary Energy|Electricity; Africa (R10)::Food Demand|Crops; Africa (R10)::Food Demand|Livestock; Africa (R10)::Land Cover|Forest|Natural Forest; China+ (R10)::Carbon Sequestration|Land Use; China+ (R10)::Price|Secondary Energy|Electricity; China+ (R10)::Food Demand|Crops; China+ (R10)::Food Demand|Livestock; China+ (R10)::Land Cover|Forest|Natural Forest; Europe (R10)::Carbon Sequestration|Land Use; Europe (R10)::Price|Secondary Energy|Electricity; Europe (R10)::Food Demand|Crops; Europe (R10)::Food Demand|Livestock; Europe (R10)::Land Cover|Forest|Natural Forest; India+ (R10)::Carbon Sequestration|Land Use; India+ (R10)::Price|Secondary Energy|Electricity; India+ (R10)::Food Demand|Crops; India+ (R10)::Food Demand|Livestock; India+ (R10)::Land Cover|Forest|Natural Forest; Latin America (R10)::Carbon Sequestration|Land Use; Latin America (R10)::Price|Secondary Energy|Electricity; Latin America (R10)::Food Demand|Crops; Latin America (R10)::Food Demand|Livestock; Latin America (R10)::Land Cover|Forest|Natural Forest; Middle East (R10)::Carbon Sequestration|Land Use; Middle East (R10)::Price|Secondary Energy|Electricity; Middle East (R10)::Food Demand|Crops; Middle East (R10)::Food Demand|Livestock; Middle East (R10)::Land Cover|Forest|Natural Forest; North America (R10)::Carbon Sequestration|Land Use; North America (R10)::Price|Secondary Energy|Electricity; North America (R10)::Food Demand|Crops; North America (R10)::Food Demand|Livestock; North America (R10)::Land Cover|Forest|Natural Forest; Pacific OECD (R10)::Carbon Sequestration|Land Use; Pacific OECD (R10)::Price|Secondary Energy|Electricity; Pacific OECD (R10)::Food Demand|Crops; Pacific OECD (R10)::Food Demand|Livestock; Pacific OECD (R10)::Land Cover|Forest|Natural Forest; Reforming Economies (R10)::Carbon Sequestration|Land Use; Reforming Economies (R10)::Price|Secondary Energy|Electricity; Reforming Economies (R10)::Food Demand|Crops; Reforming Economies (R10)::Food Demand|Livestock; Reforming Economies (R10)::Land Cover|Forest|Natural Forest; Rest of Asia (R10)::Carbon Sequestration|Land Use; Rest of Asia (R10)::Price|Secondary Energy|Electricity; Rest of Asia (R10)::Food Demand|Crops; Rest of Asia (R10)::Food Demand|Livestock; Rest of Asia (R10)::Land Cover|Forest|Natural Forest
POLES-JRC ENGAGE,ENGAGE-INDCi2030-900,1,180,Africa (R10)::Carbon Sequestration|Land Use; Africa (R10)::Price|Secondary Energy|Electricity; Africa (R10)::Food Demand|Crops; Africa (R10)::Food Demand|Livestock; Africa (R10)::Land Cover|Forest|Natural Forest; China+ (R10)::Carbon Sequestration|Land Use; China+ (R10)::Price|Secondary Energy|Electricity; China+ (R10)::Food Demand|Crops; China+ (R10)::Food Demand|Livestock; China+ (R10)::Land Cover|Forest|Natural Forest; Europe (R10)::Carbon Sequestration|Land Use; Europe (R10)::Price|Secondary Energy|Electricity; Europe (R10)::Food Demand|Crops; Europe (R10)::Food Demand|Livestock; Europe (R10)::Land Cover|Forest|Natural Forest; India+ (R10)::Carbon Sequestration|Land Use; India+ (R10)::Price|Secondary Energy|Electricity; India+ (R10)::Food Demand|Crops; India+ (R10)::Food Demand|Livestock; India+ (R10)::Land Cover|Forest|Natural Forest; Latin America (R10)::Carbon Sequestration|Land Use; Latin America (R10)::Price|Secondary Energy|Electricity; Latin America (R10)::Food Demand|Crops; Latin America (R10)::Food Demand|Livestock; Latin America (R10)::Land Cover|Forest|Natural Forest; Middle East (R10)::Carbon Sequestration|Land Use; Middle East (R10)::Price|Secondary Energy|Electricity; Middle East (R10)::Food Demand|Crops; Middle East (R10)::Food Demand|Livestock; Middle East (R10)::Land Cover|Forest|Natural Forest; North America (R10)::Carbon Sequestration|Land Use; North America (R10)::Price|Secondary Energy|Electricity; North America (R10)::Food Demand|Crops; North America (R10)::Food Demand|Livestock; North America (R10)::Land Cover|Forest|Natural Forest; Pacific OECD (R10)::Carbon Sequestration|Land Use; Pacific OECD (R10)::Price|Secondary Energy|Electricity; Pacific OECD (R10)::Food Demand|Crops; Pacific OECD (R10)::Food Demand|Livestock; Pacific OECD (R10)::Land Cover|Forest|Natural Forest; Reforming Economies (R10)::Carbon Sequestration|Land Use; Reforming Economies (R10)::Price|Secondary Energy|Electricity; Reforming Economies (R10)::Food Demand|Crops; Reforming Economies (R10)::Food Demand|Livestock; Reforming Economies (R10)::Land Cover|Forest|Natural Forest; Rest of Asia (R10)::Carbon Sequestration|Land Use; Rest of Asia (R10)::Price|Secondary Energy|Electricity; Rest of Asia (R10)::Food Demand|Crops; Rest of Asia (R10)::Food Demand|Livestock; Rest of Asia (R10)::Land Cover|Forest|Natural Forest
POLES-JRC ENGAGE,ENGAGE-INDCi2030-900f,1,180,Africa (R10)::Carbon Sequestration|Land Use; Africa (R10)::Price|Secondary Energy|Electricity; Africa (R10)::Food Demand|Crops; Africa (R10)::Food Demand|Livestock; Africa (R10)::Land Cover|Forest|Natural Forest; China+ (R10)::Carbon Sequestration|Land Use; China+ (R10)::Price|Secondary Energy|Electricity; China+ (R10)::Food Demand|Crops; China+ (R10)::Food Demand|Livestock; China+ (R10)::Land Cover|Forest|Natural Forest; Europe (R10)::Carbon Sequestration|Land Use; Europe (R10)::Price|Secondary Energy|Electricity; Europe (R10)::Food Demand|Crops; Europe (R10)::Food Demand|Livestock; Europe (R10)::Land Cover|Forest|Natural Forest; India+ (R10)::Carbon Sequestration|Land Use; India+ (R10)::Price|Secondary Energy|Electricity; India+ (R10)::Food Demand|Crops; India+ (R10)::Food Demand|Livestock; India+ (R10)::Land Cover|Forest|Natural Forest; Latin America (R10)::Carbon Sequestration|Land Use; Latin America (R10)::Price|Secondary Energy|Electricity; Latin America (R10)::Food Demand|Crops; Latin America (R10)::Food Demand|Livestock; Latin America (R10)::Land Cover|Forest|Natural Forest; Middle East (R10)::Carbon Sequestration|Land Use; Middle East (R10)::Price|Secondary Energy|Electricity; Middle East (R10)::Food Demand|Crops; Middle East (R10)::Food Demand|Livestock; Middle East (R10)::Land Cover|Forest|Natural Forest; North America (R10)::Carbon Sequestration|Land Use; North America (R10)::Price|Secondary Energy|Electricity; North America (R10)::Food Demand|Crops; North America (R10)::Food Demand|Livestock; North America (R10)::Land Cover|Forest|Natural Forest; Pacific OECD (R10)::Carbon Sequestration|Land Use; Pacific OECD (R10)::Price|Secondary Energy|Electricity; Pacific OECD (R10)::Food Demand|Crops; Pacific OECD (R10)::Food Demand|Livestock; Pacific OECD (R10)::Land Cover|Forest|Natural Forest; Reforming Economies (R10)::Carbon Sequestration|Land Use; Reforming Economies (R10)::Price|Secondary Energy|Electricity; Reforming Economies (R10)::Food Demand|Crops; Reforming Economies (R10)::Food Demand|Livestock; Reforming Economies (R10)::Land Cover|Forest|Natural Forest; Rest of Asia (R10)::Carbon Sequestration|Land Use; Rest of Asia (R10)::Price|Secondary Energy|Electricity; Rest of Asia (R10)::Food Demand|Crops; Rest of Asia (R10)::Food Demand|Livestock; Rest of Asia (R10)::Land Cover|Forest|Natural Forest
POLES-JRC ENGAGE,ENGAGE-NPi2020-1000f,1,180,Africa (R10)::Carbon Sequestration|Land Use; Africa (R10)::Price|Secondary Energy|Electricity; Africa (R10)::Food Demand|Crops; Africa (R10)::Food Demand|Livestock; Africa (R10)::Land Cover|Forest|Natural Forest; China+ (R10)::Carbon Sequestration|Land Use; China+ (R10)::Price|Secondary Energy|Electricity; China+ (R10)::Food Demand|Crops; China+ (R10)::Food Demand|Livestock; China+ (R10)::Land Cover|Forest|Natural Forest; Europe (R10)::Carbon Sequestration|Land Use; Europe (R10)::Price|Secondary Energy|Electricity; Europe (R10)::Food Demand|Crops; Europe (R10)::Food Demand|Livestock; Europe (R10)::Land Cover|Forest|Natural Forest; India+ (R10)::Carbon Sequestration|Land Use; India+ (R10)::Price|Secondary Energy|Electricity; India+ (R10)::Food Demand|Crops; India+ (R10)::Food Demand|Livestock; India+ (R10)::Land Cover|Forest|Natural Forest; Latin America (R10)::Carbon Sequestration|Land Use; Latin America (R10)::Price|Secondary Energy|Electricity; Latin America (R10)::Food Demand|Crops; Latin America (R10)::Food Demand|Livestock; Latin America (R10)::Land Cover|Forest|Natural Forest; Middle East (R10)::Carbon Sequestration|Land Use; Middle East (R10)::Price|Secondary Energy|Electricity; Middle East (R10)::Food Demand|Crops; Middle East (R10)::Food Demand|Livestock; Middle East (R10)::Land Cover|Forest|Natural Forest; North America (R10)::Carbon Sequestration|Land Use; North America (R10)::Price|Secondary Energy|Electricity; North America (R10)::Food Demand|Crops; North America (R10)::Food Demand|Livestock; North America (R10)::Land Cover|Forest|Natural Forest; Pacific OECD (R10)::Carbon Sequestration|Land Use; Pacific OECD (R10)::Price|Secondary Energy|Electricity; Pacific OECD (R10)::Food Demand|Crops; Pacific OECD (R10)::Food Demand|Livestock; Pacific OECD (R10)::Land Cover|Forest|Natural Forest; Reforming Economies (R10)::Carbon Sequestration|Land Use; Reforming Economies (R10)::Price|Secondary Energy|Electricity; Reforming Economies (R10)::Food Demand|Crops; Reforming Economies (R10)::Food Demand|Livestock; Reforming Economies (R10)::Land Cover|Forest|Natural Forest; Rest of Asia (R10)::Carbon Sequestration|Land Use; Rest of Asia (R10)::Price|Secondary Energy|Electricity; Rest of Asia (R10)::Food Demand|Crops; Rest of Asia (R10)::Food Demand|Livestock; Rest of Asia (R10)::Land Cover|Forest|Natural Forest
POLES-JRC ENGAGE,ENGAGE-NPi2020-1000f-COV,1,180,Africa (R10)::Carbon Sequestration|Land Use; Africa (R10)::Price|Secondary Energy|Electricity; Africa (R10)::Food Demand|Crops; Africa (R10)::Food Demand|Livestock; Africa (R10)::Land Cover|Forest|Natural Forest; China+ (R10)::Carbon Sequestration|Land Use; China+ (R10)::Price|Secondary Energy|Electricity; China+ (R10)::Food Demand|Crops; China+ (R10)::Food Demand|Livestock; China+ (R10)::Land Cover|Forest|Natural Forest; Europe (R10)::Carbon Sequestration|Land Use; Europe (R10)::Price|Secondary Energy|Electricity; Europe (R10)::Food Demand|Crops; Europe (R10)::Food Demand|Livestock; Europe (R10)::Land Cover|Forest|Natural Forest; India+ (R10)::Carbon Sequestration|Land Use; India+ (R10)::Price|Secondary Energy|Electricity; India+ (R10)::Food Demand|Crops; India+ (R10)::Food Demand|Livestock; India+ (R10)::Land Cover|Forest|Natural Forest; Latin America (R10)::Carbon Sequestration|Land Use; Latin America (R10)::Price|Secondary Energy|Electricity; Latin America (R10)::Food Demand|Crops; Latin America (R10)::Food Demand|Livestock; Latin America (R10)::Land Cover|Forest|Natural Forest; Middle East (R10)::Carbon Sequestration|Land Use; Middle East (R10)::Price|Secondary Energy|Electricity; Middle East (R10)::Food Demand|Crops; Middle East (R10)::Food Demand|Livestock; Middle East (R10)::Land Cover|Forest|Natural Forest; North America (R10)::Carbon Sequestration|Land Use; North America (R10)::Price|Secondary Energy|Electricity; North America (R10)::Food Demand|Crops; North America (R10)::Food Demand|Livestock; North America (R10)::Land Cover|Forest|Natural Forest; Pacific OECD (R10)::Carbon Sequestration|Land Use; Pacific OECD (R10)::Price|Secondary Energy|Electricity; Pacific OECD (R10)::Food Demand|Crops; Pacific OECD (R10)::Food Demand|Livestock; Pacific OECD (R10)::Land Cover|Forest|Natural Forest; Reforming Economies (R10)::Carbon Sequestration|Land Use; Reforming Economies (R10)::Price|Secondary Energy|Electricity; Reforming Economies (R10)::Food Demand|Crops; Reforming Economies (R10)::Food Demand|Livestock; Reforming Economies (R10)::Land Cover|Forest|Natural Forest; Rest of Asia (R10)::Carbon Sequestration|Land Use; Rest of Asia (R10)::Price|Secondary Energy|Electricity; Rest of Asia (R10)::Food Demand|Crops; Rest of Asia (R10)::Food Demand|Livestock; Rest of Asia (R10)::Land Cover|Forest|Natural Forest
POLES-JRC ENGAGE,ENGAGE-NPi2020-1200f,1,180,Africa (R10)::Carbon Sequestration|Land Use; Africa (R10)::Price|Secondary Energy|Electricity; Africa (R10)::Food Demand|Crops; Africa (R10)::Food Demand|Livestock; Africa (R10)::Land Cover|Forest|Natural Forest; China+ (R10)::Carbon Sequestration|Land Use; China+ (R10)::Price|Secondary Energy|Electricity; China+ (R10)::Food Demand|Crops; China+ (R10)::Food Demand|Livestock; China+ (R10)::Land Cover|Forest|Natural Forest; Europe (R10)::Carbon Sequestration|Land Use; Europe (R10)::Price|Secondary Energy|Electricity; Europe (R10)::Food Demand|Crops; Europe (R10)::Food Demand|Livestock; Europe (R10)::Land Cover|Forest|Natural Forest; India+ (R10)::Carbon Sequestration|Land Use; India+ (R10)::Price|Secondary Energy|Electricity; India+ (R10)::Food Demand|Crops; India+ (R10)::Food Demand|Livestock; India+ (R10)::Land Cover|Forest|Natural Forest; Latin America (R10)::Carbon Sequestration|Land Use; Latin America (R10)::Price|Secondary Energy|Electricity; Latin America (R10)::Food Demand|Crops; Latin America (R10)::Food Demand|Livestock; Latin America (R10)::Land Cover|Forest|Natural Forest; Middle East (R10)::Carbon Sequestration|Land Use; Middle East (R10)::Price|Secondary Energy|Electricity; Middle East (R10)::Food Demand|Crops; Middle East (R10)::Food Demand|Livestock; Middle East (R10)::Land Cover|Forest|Natural Forest; North America (R10)::Carbon Sequestration|Land Use; North America (R10)::Price|Secondary Energy|Electricity; North America (R10)::Food Demand|Crops; North America (R10)::Food Demand|Livestock; North America (R10)::Land Cover|Forest|Natural Forest; Pacific OECD (R10)::Carbon Sequestration|Land Use; Pacific OECD (R10)::Price|Secondary Energy|Electricity; Pacific OECD (R10)::Food Demand|Crops; Pacific OECD (R10)::Food Demand|Livestock; Pacific OECD (R10)::Land Cover|Forest|Natural Forest; Reforming Economies (R10)::Carbon Sequestration|Land Use; Reforming Economies (R10)::Price|Secondary Energy|Electricity; Reforming Economies (R10)::Food Demand|Crops; Reforming Economies (R10)::Food Demand|Livestock; Reforming Economies (R10)::Land Cover|Forest|Natural Forest; Rest of Asia (R10)::Carbon Sequestration|Land Use; Rest of Asia (R10)::Price|Secondary Energy|Electricity; Rest of Asia (R10)::Food Demand|Crops; Rest of Asia (R10)::Food Demand|Livestock; Rest of Asia (R10)::Land Cover|Forest|Natural Forest
POLES-JRC ENGAGE,ENGAGE-NPi2020-900f,1,180,Africa (R10)::Carbon Sequestration|Land Use; Africa (R10)::Price|Secondary Energy|Electricity; Africa (R10)::Food Demand|Crops; Africa (R10)::Food Demand|Livestock; Africa (R10)::Land Cover|Forest|Natural Forest; China+ (R10)::Carbon Sequestration|Land Use; China+ (R10)::Price|Secondary Energy|Electricity; China+ (R10)::Food Demand|Crops; China+ (R10)::Food Demand|Livestock; China+ (R10)::Land Cover|Forest|Natural Forest; Europe (R10)::Carbon Sequestration|Land Use; Europe (R10)::Price|Secondary Energy|Electricity; Europe (R10)::Food Demand|Crops; Europe (R10)::Food Demand|Livestock; Europe (R10)::Land Cover|Forest|Natural Forest; India+ (R10)::Carbon Sequestration|Land Use; India+ (R10)::Price|Secondary Energy|Electricity; India+ (R10)::Food Demand|Crops; India+ (R10)::Food Demand|Livestock; India+ (R10)::Land Cover|Forest|Natural Forest; Latin America (R10)::Carbon Sequestration|Land Use; Latin America (R10)::Price|Secondary Energy|Electricity; Latin America (R10)::Food Demand|Crops; Latin America (R10)::Food Demand|Livestock; Latin America (R10)::Land Cover|Forest|Natural Forest; Middle East (R10)::Carbon Sequestration|Land Use; Middle East (R10)::Price|Secondary Energy|Electricity; Middle East (R10)::Food Demand|Crops; Middle East (R10)::Food Demand|Livestock; Middle East (R10)::Land Cover|Forest|Natural Forest; North America (R10)::Carbon Sequestration|Land Use; North America (R10)::Price|Secondary Energy|Electricity; North America (R10)::Food Demand|Crops; North America (R10)::Food Demand|Livestock; North America (R10)::Land Cover|Forest|Natural Forest; Pacific OECD (R10)::Carbon Sequestration|Land Use; Pacific OECD (R10)::Price|Secondary Energy|Electricity; Pacific OECD (R10)::Food Demand|Crops; Pacific OECD (R10)::Food Demand|Livestock; Pacific OECD (R10)::Land Cover|Forest|Natural Forest; Reforming Economies (R10)::Carbon Sequestration|Land Use; Reforming Economies (R10)::Price|Secondary Energy|Electricity; Reforming Economies (R10)::Food Demand|Crops; Reforming Economies (R10)::Food Demand|Livestock; Reforming Economies (R10)::Land Cover|Forest|Natural Forest; Rest of Asia (R10)::Carbon Sequestration|Land Use; Rest of Asia (R10)::Price|Secondary Energy|Electricity; Rest of Asia (R10)::Food Demand|Crops; Rest of Asia (R10)::Food Demand|Livestock; Rest of Asia (R10)::Land Cover|Forest|Natural Forest
REMIND 3.5,Rescuing-1.5°C-Highest-Possible-Ambition,1,180,Africa (R10)::Land Cover; Africa (R10)::Carbon Sequestration|Land Use; Africa (R10)::Food Demand|Crops; Africa (R10)::Food Demand|Livestock; Africa (R10)::Land Cover|Forest|Natural Forest; China+ (R10)::Land Cover; China+ (R10)::Carbon Sequestration|Land Use; China+ (R10)::Food Demand|Crops; China+ (R10)::Food Demand|Livestock; China+ (R10)::Land Cover|Forest|Natural Forest; Europe (R10)::Land Cover; Europe (R10)::Carbon Sequestration|Land Use; Europe (R10)::Food Demand|Crops; Europe (R10)::Food Demand|Livestock; Europe (R10)::Land Cover|Forest|Natural Forest; India+ (R10)::Land Cover; India+ (R10)::Carbon Sequestration|Land Use; India+ (R10)::Food Demand|Crops; India+ (R10)::Food Demand|Livestock; India+ (R10)::Land Cover|Forest|Natural Forest; Latin America (R10)::Land Cover; Latin America (R10)::Carbon Sequestration|Land Use; Latin America (R10)::Food Demand|Crops; Latin America (R10)::Food Demand|Livestock; Latin America (R10)::Land Cover|Forest|Natural Forest; Middle East (R10)::Land Cover; Middle East (R10)::Carbon Sequestration|Land Use; Middle East (R10)::Food Demand|Crops; Middle East (R10)::Food Demand|Livestock; Middle East (R10)::Land Cover|Forest|Natural Forest; North America (R10)::Land Cover; North America (R10)::Carbon Sequestration|Land Use; North America (R10)::Food Demand|Crops; North America (R10)::Food Demand|Livestock; North America (R10)::Land Cover|Forest|Natural Forest; Pacific OECD (R10)::Land Cover; Pacific OECD (R10)::Carbon Sequestration|Land Use; Pacific OECD (R10)::Food Demand|Crops; Pacific OECD (R10)::Food Demand|Livestock; Pacific OECD (R10)::Land Cover|Forest|Natural Forest; Reforming Economies (R10)::Land Cover; Reforming Economies (R10)::Carbon Sequestration|Land Use; Reforming Economies (R10)::Food Demand|Crops; Reforming Economies (R10)::Food Demand|Livestock; Reforming Economies (R10)::Land Cover|Forest|Natural Forest; Rest of Asia (R10)::Land Cover; Rest of Asia (R10)::Carbon Sequestration|Land Use; Rest of Asia (R10)::Food Demand|Crops; Rest of Asia (R10)::Food Demand|Livestock; Rest of Asia (R10)::Land Cover|Forest|Natural Forest
REMIND-MAgPIE 2.1-4.2,NGFS Phase 2-Delayed Transition,1,190,Africa (R10)::Carbon Sequestration|Land Use; Africa (R10)::Food Demand|Crops; Africa (R10)::Food Demand|Livestock; Africa (R10)::Land Cover|Forest|Natural Forest; China+ (R10)::Carbon Sequestration|Land Use; China+ (R10)::Food Demand|Crops; China+ (R10)::Food Demand|Livestock; China+ (R10)::Land Cover|Forest|Natural Forest; Europe (R10)::Carbon Sequestration|Land Use; Europe (R10)::Food Demand|Crops; Europe (R10)::Food Demand|Livestock; Europe (R10)::Land Cover|Forest|Natural Forest; India+ (R10)::Carbon Sequestration|Land Use; India+ (R10)::Food Demand|Crops; India+ (R10)::Food Demand|Livestock; India+ (R10)::Land Cover|Forest|Natural Forest; Latin America (R10)::Carbon Sequestration|Land Use; Latin America (R10)::Food Demand|Crops; Latin America (R10)::Food Demand|Livestock; Latin America (R10)::Land Cover|Forest|Natural Forest; Middle East (R10)::Carbon Sequestration|Land Use; Middle East (R10)::Food Demand|Crops; Middle East (R10)::Food Demand|Livestock; Middle East (R10)::Land Cover|Forest|Natural Forest; North America (R10)::Carbon Sequestration|Land Use; North America (R10)::Food Demand|Crops; North America (R10)::Food Demand|Livestock; North America (R10)::Land Cover|Forest|Natural Forest; Pacific OECD (R10)::Carbon Sequestration|Land Use; Pacific OECD (R10)::Food Demand|Crops; Pacific OECD (R10)::Food Demand|Livestock; Pacific OECD (R10)::Land Cover|Forest|Natural Forest; Reforming Economies (R10)::Carbon Sequestration|Land Use; Reforming Economies (R10)::Food Demand|Crops; Reforming Economies (R10)::Food Demand|Livestock; Reforming Economies (R10)::Land Cover|Forest|Natural Forest; Rest of Asia (R10)::Carbon Sequestration|Land Use; Rest of Asia (R10)::Food Demand|Crops; Rest of Asia (R10)::Food Demand|Livestock; Rest of Asia (R10)::Land Cover|Forest|Natural Forest
REMIND-MAgPIE 3.2.0-4.8.0,RESCUE-End-of-Century-Budget-1150,1,190,Africa (R10)::Carbon Sequestration|Land Use; Africa (R10)::Food Demand|Crops; Africa (R10)::Food Demand|Livestock; Africa (R10)::Land Cover|Forest|Natural Forest; China+ (R10)::Carbon Sequestration|Land Use; China+ (R10)::Food Demand|Crops; China+ (R10)::Food Demand|Livestock; China+ (R10)::Land Cover|Forest|Natural Forest; Europe (R10)::Carbon Sequestration|Land Use; Europe (R10)::Food Demand|Crops; Europe (R10)::Food Demand|Livestock; Europe (R10)::Land Cover|Forest|Natural Forest; India+ (R10)::Carbon Sequestration|Land Use; India+ (R10)::Food Demand|Crops; India+ (R10)::Food Demand|Livestock; India+ (R10)::Land Cover|Forest|Natural Forest; Latin America (R10)::Carbon Sequestration|Land Use; Latin America (R10)::Food Demand|Crops; Latin America (R10)::Food Demand|Livestock; Latin America (R10)::Land Cover|Forest|Natural Forest; Middle East (R10)::Carbon Sequestration|Land Use; Middle East (R10)::Food Demand|Crops; Middle East (R10)::Food Demand|Livestock; Middle East (R10)::Land Cover|Forest|Natural Forest; North America (R10)::Carbon Sequestration|Land Use; North America (R10)::Food Demand|Crops; North America (R10)::Food Demand|Livestock; North America (R10)::Land Cover|Forest|Natural Forest; Pacific OECD (R10)::Carbon Sequestration|Land Use; Pacific OECD (R10)::Food Demand|Crops; Pacific OECD (R10)::Food Demand|Livestock; Pacific OECD (R10)::Land Cover|Forest|Natural Forest; Reforming Economies (R10)::Carbon Sequestration|Land Use; Reforming Economies (R10)::Food Demand|Crops; Reforming Economies (R10)::Food Demand|Livestock; Reforming Economies (R10)::Land Cover|Forest|Natural Forest; Rest of Asia (R10)::Carbon Sequestration|Land Use; Rest of Asia (R10)::Food Demand|Crops; Rest of Asia (R10)::Food Demand|Livestock; Rest of Asia (R10)::Land Cover|Forest|Natural Forest
REMIND-MAgPIE 3.2.0-4.8.0,RESCUE-End-of-Century-Budget-1150-with-OAE,1,190,Africa (R10)::Carbon Sequestration|Land Use; Africa (R10)::Food Demand|Crops; Africa (R10)::Food Demand|Livestock; Africa (R10)::Land Cover|Forest|Natural Forest; China+ (R10)::Carbon Sequestration|Land Use; China+ (R10)::Food Demand|Crops; China+ (R10)::Food Demand|Livestock; China+ (R10)::Land Cover|Forest|Natural Forest; Europe (R10)::Carbon Sequestration|Land Use; Europe (R10)::Food Demand|Crops; Europe (R10)::Food Demand|Livestock; Europe (R10)::Land Cover|Forest|Natural Forest; India+ (R10)::Carbon Sequestration|Land Use; India+ (R10)::Food Demand|Crops; India+ (R10)::Food Demand|Livestock; India+ (R10)::Land Cover|Forest|Natural Forest; Latin America (R10)::Carbon Sequestration|Land Use; Latin America (R10)::Food Demand|Crops; Latin America (R10)::Food Demand|Livestock; Latin America (R10)::Land Cover|Forest|Natural Forest; Middle East (R10)::Carbon Sequestration|Land Use; Middle East (R10)::Food Demand|Crops; Middle East (R10)::Food Demand|Livestock; Middle East (R10)::Land Cover|Forest|Natural Forest; North America (R10)::Carbon Sequestration|Land Use; North America (R10)::Food Demand|Crops; North America (R10)::Food Demand|Livestock; North America (R10)::Land Cover|Forest|Natural Forest; Pacific OECD (R10)::Carbon Sequestration|Land Use; Pacific OECD (R10)::Food Demand|Crops; Pacific OECD (R10)::Food Demand|Livestock; Pacific OECD (R10)::Land Cover|Forest|Natural Forest; Reforming Economies (R10)::Carbon Sequestration|Land Use; Reforming Economies (R10)::Food Demand|Crops; Reforming Economies (R10)::Food Demand|Livestock; Reforming Economies (R10)::Land Cover|Forest|Natural Forest; Rest of Asia (R10)::Carbon Sequestration|Land Use; Rest of Asia (R10)::Food Demand|Crops; Rest of Asia (R10)::Food Demand|Livestock; Rest of Asia (R10)::Land Cover|Forest|Natural Forest
REMIND-MAgPIE 3.2.0-4.8.0,RESCUE-End-of-Century-Budget-500,1,190,Africa (R10)::Carbon Sequestration|Land Use; Africa (R10)::Food Demand|Crops; Africa (R10)::Food Demand|Livestock; Africa (R10)::Land Cover|Forest|Natural Forest; China+ (R10)::Carbon Sequestration|Land Use; China+ (R10)::Food Demand|Crops; China+ (R10)::Food Demand|Livestock; China+ (R10)::Land Cover|Forest|Natural Forest; Europe (R10)::Carbon Sequestration|Land Use; Europe (R10)::Food Demand|Crops; Europe (R10)::Food Demand|Livestock; Europe (R10)::Land Cover|Forest|Natural Forest; India+ (R10)::Carbon Sequestration|Land Use; India+ (R10)::Food Demand|Crops; India+ (R10)::Food Demand|Livestock; India+ (R10)::Land Cover|Forest|Natural Forest; Latin America (R10)::Carbon Sequestration|Land Use; Latin America (R10)::Food Demand|Crops; Latin America (R10)::Food Demand|Livestock; Latin America (R10)::Land Cover|Forest|Natural Forest; Middle East (R10)::Carbon Sequestration|Land Use; Middle East (R10)::Food Demand|Crops; Middle East (R10)::Food Demand|Livestock; Middle East (R10)::Land Cover|Forest|Natural Forest; North America (R10)::Carbon Sequestration|Land Use; North America (R10)::Food Demand|Crops; North America (R10)::Food Demand|Livestock; North America (R10)::Land Cover|Forest|Natural Forest; Pacific OECD (R10)::Carbon Sequestration|Land Use; Pacific OECD (R10)::Food Demand|Crops; Pacific OECD (R10)::Food Demand|Livestock; Pacific OECD (R10)::Land Cover|Forest|Natural Forest; Reforming Economies (R10)::Carbon Sequestration|Land Use; Reforming Economies (R10)::Food Demand|Crops; Reforming Economies (R10)::Food Demand|Livestock; Reforming Economies (R10)::Land Cover|Forest|Natural Forest; Rest of Asia (R10)::Carbon Sequestration|Land Use; Rest of Asia (R10)::Food Demand|Crops; Rest of Asia (R10)::Food Demand|Livestock; Rest of Asia (R10)::Land Cover|Forest|Natural Forest
REMIND-MAgPIE 3.2.0-4.8.0,RESCUE-End-of-Century-Budget-500-with-OAE,1,190,Africa (R10)::Carbon Sequestration|Land Use; Africa (R10)::Food Demand|Crops; Africa (R10)::Food Demand|Livestock; Africa (R10)::Land Cover|Forest|Natural Forest; China+ (R10)::Carbon Sequestration|Land Use; China+ (R10)::Food Demand|Crops; China+ (R10)::Food Demand|Livestock; China+ (R10)::Land Cover|Forest|Natural Forest; Europe (R10)::Carbon Sequestration|Land Use; Europe (R10)::Food Demand|Crops; Europe (R10)::Food Demand|Livestock; Europe (R10)::Land Cover|Forest|Natural Forest; India+ (R10)::Carbon Sequestration|Land Use; India+ (R10)::Food Demand|Crops; India+ (R10)::Food Demand|Livestock; India+ (R10)::Land Cover|Forest|Natural Forest; Latin America (R10)::Carbon Sequestration|Land Use; Latin America (R10)::Food Demand|Crops; Latin America (R10)::Food Demand|Livestock; Latin America (R10)::Land Cover|Forest|Natural Forest; Middle East (R10)::Carbon Sequestration|Land Use; Middle East (R10)::Food Demand|Crops; Middle East (R10)::Food Demand|Livestock; Middle East (R10)::Land Cover|Forest|Natural Forest; North America (R10)::Carbon Sequestration|Land Use; North America (R10)::Food Demand|Crops; North America (R10)::Food Demand|Livestock; North America (R10)::Land Cover|Forest|Natural Forest; Pacific OECD (R10)::Carbon Sequestration|Land Use; Pacific OECD (R10)::Food Demand|Crops; Pacific OECD (R10)::Food Demand|Livestock; Pacific OECD (R10)::Land Cover|Forest|Natural Forest; Reforming Economies (R10)::Carbon Sequestration|Land Use; Reforming Economies (R10)::Food Demand|Crops; Reforming Economies (R10)::Food Demand|Livestock; Reforming Economies (R10)::Land Cover|Forest|Natural Forest; Rest of Asia (R10)::Carbon Sequestration|Land Use; Rest of Asia (R10)::Food Demand|Crops; Rest of Asia (R10)::Food Demand|Livestock; Rest of Asia (R10)::Land Cover|Forest|Natural Forest
REMIND-MAgPIE 3.2.0-4.8.0,RESCUE-Peak-Budget-1150,1,190,Africa (R10)::Carbon Sequestration|Land Use; Africa (R10)::Food Demand|Crops; Africa (R10)::Food Demand|Livestock; Africa (R10)::Land Cover|Forest|Natural Forest; China+ (R10)::Carbon Sequestration|Land Use; China+ (R10)::Food Demand|Crops; China+ (R10)::Food Demand|Livestock; China+ (R10)::Land Cover|Forest|Natural Forest; Europe (R10)::Carbon Sequestration|Land Use; Europe (R10)::Food Demand|Crops; Europe (R10)::Food Demand|Livestock; Europe (R10)::Land Cover|Forest|Natural Forest; India+ (R10)::Carbon Sequestration|Land Use; India+ (R10)::Food Demand|Crops; India+ (R10)::Food Demand|Livestock; India+ (R10)::Land Cover|Forest|Natural Forest; Latin America (R10)::Carbon Sequestration|Land Use; Latin America (R10)::Food Demand|Crops; Latin America (R10)::Food Demand|Livestock; Latin America (R10)::Land Cover|Forest|Natural Forest; Middle East (R10)::Carbon Sequestration|Land Use; Middle East (R10)::Food Demand|Crops; Middle East (R10)::Food Demand|Livestock; Middle East (R10)::Land Cover|Forest|Natural Forest; North America (R10)::Carbon Sequestration|Land Use; North America (R10)::Food Demand|Crops; North America (R10)::Food Demand|Livestock; North America (R10)::Land Cover|Forest|Natural Forest; Pacific OECD (R10)::Carbon Sequestration|Land Use; Pacific OECD (R10)::Food Demand|Crops; Pacific OECD (R10)::Food Demand|Livestock; Pacific OECD (R10)::Land Cover|Forest|Natural Forest; Reforming Economies (R10)::Carbon Sequestration|Land Use; Reforming Economies (R10)::Food Demand|Crops; Reforming Economies (R10)::Food Demand|Livestock; Reforming Economies (R10)::Land Cover|Forest|Natural Forest; Rest of Asia (R10)::Carbon Sequestration|Land Use; Rest of Asia (R10)::Food Demand|Crops; Rest of Asia (R10)::Food Demand|Livestock; Rest of Asia (R10)::Land Cover|Forest|Natural Forest
REMIND-MAgPIE 3.2.0-4.8.0,RESCUE-Peak-Budget-1150-with-OAE,1,190,Africa (R10)::Carbon Sequestration|Land Use; Africa (R10)::Food Demand|Crops; Africa (R10)::Food Demand|Livestock; Africa (R10)::Land Cover|Forest|Natural Forest; China+ (R10)::Carbon Sequestration|Land Use; China+ (R10)::Food Demand|Crops; China+ (R10)::Food Demand|Livestock; China+ (R10)::Land Cover|Forest|Natural Forest; Europe (R10)::Carbon Sequestration|Land Use; Europe (R10)::Food Demand|Crops; Europe (R10)::Food Demand|Livestock; Europe (R10)::Land Cover|Forest|Natural Forest; India+ (R10)::Carbon Sequestration|Land Use; India+ (R10)::Food Demand|Crops; India+ (R10)::Food Demand|Livestock; India+ (R10)::Land Cover|Forest|Natural Forest; Latin America (R10)::Carbon Sequestration|Land Use; Latin America (R10)::Food Demand|Crops; Latin America (R10)::Food Demand|Livestock; Latin America (R10)::Land Cover|Forest|Natural Forest; Middle East (R10)::Carbon Sequestration|Land Use; Middle East (R10)::Food Demand|Crops; Middle East (R10)::Food Demand|Livestock; Middle East (R10)::Land Cover|Forest|Natural Forest; North America (R10)::Carbon Sequestration|Land Use; North America (R10)::Food Demand|Crops; North America (R10)::Food Demand|Livestock; North America (R10)::Land Cover|Forest|Natural Forest; Pacific OECD (R10)::Carbon Sequestration|Land Use; Pacific OECD (R10)::Food Demand|Crops; Pacific OECD (R10)::Food Demand|Livestock; Pacific OECD (R10)::Land Cover|Forest|Natural Forest; Reforming Economies (R10)::Carbon Sequestration|Land Use; Reforming Economies (R10)::Food Demand|Crops; Reforming Economies (R10)::Food Demand|Livestock; Reforming Economies (R10)::Land Cover|Forest|Natural Forest; Rest of Asia (R10)::Carbon Sequestration|Land Use; Rest of Asia (R10)::Food Demand|Crops; Rest of Asia (R10)::Food Demand|Livestock; Rest of Asia (R10)::Land Cover|Forest|Natural Forest
REMIND-MAgPIE 3.3-4.8,NGFS Phase 5-Below 2°C,1,190,Africa (R10)::Carbon Sequestration|Land Use; Africa (R10)::Food Demand|Crops; Africa (R10)::Food Demand|Livestock; Africa (R10)::Land Cover|Forest|Natural Forest; China+ (R10)::Carbon Sequestration|Land Use; China+ (R10)::Food Demand|Crops; China+ (R10)::Food Demand|Livestock; China+ (R10)::Land Cover|Forest|Natural Forest; Europe (R10)::Carbon Sequestration|Land Use; Europe (R10)::Food Demand|Crops; Europe (R10)::Food Demand|Livestock; Europe (R10)::Land Cover|Forest|Natural Forest; India+ (R10)::Carbon Sequestration|Land Use; India+ (R10)::Food Demand|Crops; India+ (R10)::Food Demand|Livestock; India+ (R10)::Land Cover|Forest|Natural Forest; Latin America (R10)::Carbon Sequestration|Land Use; Latin America (R10)::Food Demand|Crops; Latin America (R10)::Food Demand|Livestock; Latin America (R10)::Land Cover|Forest|Natural Forest; Middle East (R10)::Carbon Sequestration|Land Use; Middle East (R10)::Food Demand|Crops; Middle East (R10)::Food Demand|Livestock; Middle East (R10)::Land Cover|Forest|Natural Forest; North America (R10)::Carbon Sequestration|Land Use; North America (R10)::Food Demand|Crops; North America (R10)::Food Demand|Livestock; North America (R10)::Land Cover|Forest|Natural Forest; Pacific OECD (R10)::Carbon Sequestration|Land Use; Pacific OECD (R10)::Food Demand|Crops; Pacific OECD (R10)::Food Demand|Livestock; Pacific OECD (R10)::Land Cover|Forest|Natural Forest; Reforming Economies (R10)::Carbon Sequestration|Land Use; Reforming Economies (R10)::Food Demand|Crops; Reforming Economies (R10)::Food Demand|Livestock; Reforming Economies (R10)::Land Cover|Forest|Natural Forest; Rest of Asia (R10)::Carbon Sequestration|Land Use; Rest of Asia (R10)::Food Demand|Crops; Rest of Asia (R10)::Food Demand|Livestock; Rest of Asia (R10)::Land Cover|Forest|Natural Forest
REMIND-MAgPIE 3.3-4.8,NGFS Phase 5-Delayed Transition,1,190,Africa (R10)::Carbon Sequestration|Land Use; Africa (R10)::Food Demand|Crops; Africa (R10)::Food Demand|Livestock; Africa (R10)::Land Cover|Forest|Natural Forest; China+ (R10)::Carbon Sequestration|Land Use; China+ (R10)::Food Demand|Crops; China+ (R10)::Food Demand|Livestock; China+ (R10)::Land Cover|Forest|Natural Forest; Europe (R10)::Carbon Sequestration|Land Use; Europe (R10)::Food Demand|Crops; Europe (R10)::Food Demand|Livestock; Europe (R10)::Land Cover|Forest|Natural Forest; India+ (R10)::Carbon Sequestration|Land Use; India+ (R10)::Food Demand|Crops; India+ (R10)::Food Demand|Livestock; India+ (R10)::Land Cover|Forest|Natural Forest; Latin America (R10)::Carbon Sequestration|Land Use; Latin America (R10)::Food Demand|Crops; Latin America (R10)::Food Demand|Livestock; Latin America (R10)::Land Cover|Forest|Natural Forest; Middle East (R10)::Carbon Sequestration|Land Use; Middle East (R10)::Food Demand|Crops; Middle East (R10)::Food Demand|Livestock; Middle East (R10)::Land Cover|Forest|Natural Forest; North America (R10)::Carbon Sequestration|Land Use; North America (R10)::Food Demand|Crops; North America (R10)::Food Demand|Livestock; North America (R10)::Land Cover|Forest|Natural Forest; Pacific OECD (R10)::Carbon Sequestration|Land Use; Pacific OECD (R10)::Food Demand|Crops; Pacific OECD (R10)::Food Demand|Livestock; Pacific OECD (R10)::Land Cover|Forest|Natural Forest; Reforming Economies (R10)::Carbon Sequestration|Land Use; Reforming Economies (R10)::Food Demand|Crops; Reforming Economies (R10)::Food Demand|Livestock; Reforming Economies (R10)::Land Cover|Forest|Natural Forest; Rest of Asia (R10)::Carbon Sequestration|Land Use; Rest of Asia (R10)::Food Demand|Crops; Rest of Asia (R10)::Food Demand|Livestock; Rest of Asia (R10)::Land Cover|Forest|Natural Forest
REMIND-MAgPIE 3.3-4.8,NGFS Phase 5-Low Demand,1,190,Africa (R10)::Carbon Sequestration|Land Use; Africa (R10)::Food Demand|Crops; Africa (R10)::Food Demand|Livestock; Africa (R10)::Land Cover|Forest|Natural Forest; China+ (R10)::Carbon Sequestration|Land Use; China+ (R10)::Food Demand|Crops; China+ (R10)::Food Demand|Livestock; China+ (R10)::Land Cover|Forest|Natural Forest; Europe (R10)::Carbon Sequestration|Land Use; Europe (R10)::Food Demand|Crops; Europe (R10)::Food Demand|Livestock; Europe (R10)::Land Cover|Forest|Natural Forest; India+ (R10)::Carbon Sequestration|Land Use; India+ (R10)::Food Demand|Crops; India+ (R10)::Food Demand|Livestock; India+ (R10)::Land Cover|Forest|Natural Forest; Latin America (R10)::Carbon Sequestration|Land Use; Latin America (R10)::Food Demand|Crops; Latin America (R10)::Food Demand|Livestock; Latin America (R10)::Land Cover|Forest|Natural Forest; Middle East (R10)::Carbon Sequestration|Land Use; Middle East (R10)::Food Demand|Crops; Middle East (R10)::Food Demand|Livestock; Middle East (R10)::Land Cover|Forest|Natural Forest; North America (R10)::Carbon Sequestration|Land Use; North America (R10)::Food Demand|Crops; North America (R10)::Food Demand|Livestock; North America (R10)::Land Cover|Forest|Natural Forest; Pacific OECD (R10)::Carbon Sequestration|Land Use; Pacific OECD (R10)::Food Demand|Crops; Pacific OECD (R10)::Food Demand|Livestock; Pacific OECD (R10)::Land Cover|Forest|Natural Forest; Reforming Economies (R10)::Carbon Sequestration|Land Use; Reforming Economies (R10)::Food Demand|Crops; Reforming Economies (R10)::Food Demand|Livestock; Reforming Economies (R10)::Land Cover|Forest|Natural Forest; Rest of Asia (R10)::Carbon Sequestration|Land Use; Rest of Asia (R10)::Food Demand|Crops; Rest of Asia (R10)::Food Demand|Livestock; Rest of Asia (R10)::Land Cover|Forest|Natural Forest
REMIND-MAgPIE 3.3-4.8,NGFS Phase 5-Net-Zero 2050,1,190,Africa (R10)::Carbon Sequestration|Land Use; Africa (R10)::Food Demand|Crops; Africa (R10)::Food Demand|Livestock; Africa (R10)::Land Cover|Forest|Natural Forest; China+ (R10)::Carbon Sequestration|Land Use; China+ (R10)::Food Demand|Crops; China+ (R10)::Food Demand|Livestock; China+ (R10)::Land Cover|Forest|Natural Forest; Europe (R10)::Carbon Sequestration|Land Use; Europe (R10)::Food Demand|Crops; Europe (R10)::Food Demand|Livestock; Europe (R10)::Land Cover|Forest|Natural Forest; India+ (R10)::Carbon Sequestration|Land Use; India+ (R10)::Food Demand|Crops; India+ (R10)::Food Demand|Livestock; India+ (R10)::Land Cover|Forest|Natural Forest; Latin America (R10)::Carbon Sequestration|Land Use; Latin America (R10)::Food Demand|Crops; Latin America (R10)::Food Demand|Livestock; Latin America (R10)::Land Cover|Forest|Natural Forest; Middle East (R10)::Carbon Sequestration|Land Use; Middle East (R10)::Food Demand|Crops; Middle East (R10)::Food Demand|Livestock; Middle East (R10)::Land Cover|Forest|Natural Forest; North America (R10)::Carbon Sequestration|Land Use; North America (R10)::Food Demand|Crops; North America (R10)::Food Demand|Livestock; North America (R10)::Land Cover|Forest|Natural Forest; Pacific OECD (R10)::Carbon Sequestration|Land Use; Pacific OECD (R10)::Food Demand|Crops; Pacific OECD (R10)::Food Demand|Livestock; Pacific OECD (R10)::Land Cover|Forest|Natural Forest; Reforming Economies (R10)::Carbon Sequestration|Land Use; Reforming Economies (R10)::Food Demand|Crops; Reforming Economies (R10)::Food Demand|Livestock; Reforming Economies (R10)::Land Cover|Forest|Natural Forest; Rest of Asia (R10)::Carbon Sequestration|Land Use; Rest of Asia (R10)::Food Demand|Crops; Rest of Asia (R10)::Food Demand|Livestock; Rest of Asia (R10)::Land Cover|Forest|Natural Forest
TIAM-ECN 1.1,ENGAGE-INDCi2030-1000,1,120,Africa (R10)::Investment|Energy Supply; Africa (R10)::Population; Africa (R10)::Primary Energy|Non-Biomass Renewables; Africa (R10)::GDP|MER; Africa (R10)::Land Cover; Africa (R10)::Carbon Sequestration|Land Use; Africa (R10)::Food Demand|Crops; Africa (R10)::Food Demand|Livestock; Africa (R10)::Primary Energy|Fossil|w/ CCS; Africa (R10)::Primary Energy|Fossil|w/o CCS; Africa (R10)::Land Cover|Forest|Natural Forest; China+ (R10)::Investment|Energy Supply; China+ (R10)::Population; China+ (R10)::Primary Energy|Non-Biomass Renewables; China+ (R10)::GDP|MER; China+ (R10)::Land Cover; China+ (R10)::Carbon Sequestration|Land Use; China+ (R10)::Food Demand|Crops; China+ (R10)::Food Demand|Livestock; China+ (R10)::Primary Energy|Fossil|w/ CCS; China+ (R10)::Primary Energy|Fossil|w/o CCS; China+ (R10)::Land Cover|Forest|Natural Forest; Europe (R10)::Investment|Energy Supply; Europe (R10)::Population; Europe (R10)::Primary Energy|Non-Biomass Renewables; Europe (R10)::GDP|MER; Europe (R10)::Land Cover; Europe (R10)::Carbon Sequestration|Land Use; Europe (R10)::Food Demand|Crops; Europe (R10)::Food Demand|Livestock; Europe (R10)::Primary Energy|Fossil|w/ CCS; Europe (R10)::Primary Energy|Fossil|w/o CCS; Europe (R10)::Land Cover|Forest|Natural Forest; India+ (R10)::Investment|Energy Supply; India+ (R10)::Population; India+ (R10)::Primary Energy|Non-Biomass Renewables; India+ (R10)::GDP|MER; India+ (R10)::Land Cover; India+ (R10)::Carbon Sequestration|Land Use; India+ (R10)::Food Demand|Crops; India+ (R10)::Food Demand|Livestock; India+ (R10)::Primary Energy|Fossil|w/ CCS; India+ (R10)::Primary Energy|Fossil|w/o CCS; India+ (R10)::Land Cover|Forest|Natural Forest; Latin America (R10)::Investment|Energy Supply; Latin America (R10)::Population; Latin America (R10)::Primary Energy|Non-Biomass Renewables; Latin America (R10)::GDP|MER; Latin America (R10)::Land Cover; Latin America (R10)::Carbon Sequestration|Land Use; Latin America (R10)::Food Demand|Crops; Latin America (R10)::Food Demand|Livestock; Latin America (R10)::Primary Energy|Fossil|w/ CCS; Latin America (R10)::Primary Energy|Fossil|w/o CCS; Latin America (R10)::Land Cover|Forest|Natural Forest; Middle East (R10)::Investment|Energy Supply; Middle East (R10)::Population; Middle East (R10)::Primary Energy|Non-Biomass Renewables; Middle East (R10)::GDP|MER; Middle East (R10)::Land Cover; Middle East (R10)::Carbon Sequestration|Land Use; Middle East (R10)::Food Demand|Crops; Middle East (R10)::Food Demand|Livestock; Middle East (R10)::Primary Energy|Fossil|w/ CCS; Middle East (R10)::Primary Energy|Fossil|w/o CCS; Middle East (R10)::Land Cover|Forest|Natural Forest; North America (R10)::Investment|Energy Supply; North America (R10)::Population; North America (R10)::Primary Energy|Non-Biomass Renewables; North America (R10)::GDP|MER; North America (R10)::Land Cover; North America (R10)::Carbon Sequestration|Land Use; North America (R10)::Food Demand|Crops; North America (R10)::Food Demand|Livestock; North America (R10)::Primary Energy|Fossil|w/ CCS; North America (R10)::Primary Energy|Fossil|w/o CCS; North America (R10)::Land Cover|Forest|Natural Forest; Pacific OECD (R10)::Investment|Energy Supply; Pacific OECD (R10)::Population; Pacific OECD (R10)::Primary Energy|Non-Biomass Renewables; Pacific OECD (R10)::GDP|MER; Pacific OECD (R10)::Land Cover; Pacific OECD (R10)::Carbon Sequestration|Land Use; Pacific OECD (R10)::Food Demand|Crops; Pacific OECD (R10)::Food Demand|Livestock; Pacific OECD (R10)::Primary Energy|Fossil|w/ CCS; Pacific OECD (R10)::Primary Energy|Fossil|w/o CCS; Pacific OECD (R10)::Land Cover|Forest|Natural Forest; Reforming Economies (R10)::Investment|Energy Supply; Reforming Economies (R10)::Population; Reforming Economies (R10)::Primary Energy|Non-Biomass Renewables; Reforming Economies (R10)::GDP|MER; Reforming Economies (R10)::Land Cover; Reforming Economies (R10)::Carbon Sequestration|Land Use; Reforming Economies (R10)::Food Demand|Crops; Reforming Economies (R10)::Food Demand|Livestock; Reforming Economies (R10)::Primary Energy|Fossil|w/ CCS; Reforming Economies (R10)::Primary Energy|Fossil|w/o CCS; Reforming Economies (R10)::Land Cover|Forest|Natural Forest; Rest of Asia (R10)::Investment|Energy Supply; Rest of Asia (R10)::Population; Rest of Asia (R10)::Primary Energy|Non-Biomass Renewables; Rest of Asia (R10)::GDP|MER; Rest of Asia (R10)::Land Cover; Rest of Asia (R10)::Carbon Sequestration|Land Use; Rest of Asia (R10)::Food Demand|Crops; Rest of Asia (R10)::Food Demand|Livestock; Rest of Asia (R10)::Primary Energy|Fossil|w/ CCS; Rest of Asia (R10)::Primary Energy|Fossil|w/o CCS; Rest of Asia (R10)::Land Cover|Forest|Natural Forest
TIAM-ECN 1.1,ENGAGE-INDCi2030-1000-COV,1,120,Africa (R10)::Investment|Energy Supply; Africa (R10)::Population; Africa (R10)::Primary Energy|Non-Biomass Renewables; Africa (R10)::GDP|MER; Africa (R10)::Land Cover; Africa (R10)::Carbon Sequestration|Land Use; Africa (R10)::Food Demand|Crops; Africa (R10)::Food Demand|Livestock; Africa (R10)::Primary Energy|Fossil|w/ CCS; Africa (R10)::Primary Energy|Fossil|w/o CCS; Africa (R10)::Land Cover|Forest|Natural Forest; China+ (R10)::Investment|Energy Supply; China+ (R10)::Population; China+ (R10)::Primary Energy|Non-Biomass Renewables; China+ (R10)::GDP|MER; China+ (R10)::Land Cover; China+ (R10)::Carbon Sequestration|Land Use; China+ (R10)::Food Demand|Crops; China+ (R10)::Food Demand|Livestock; China+ (R10)::Primary Energy|Fossil|w/ CCS; China+ (R10)::Primary Energy|Fossil|w/o CCS; China+ (R10)::Land Cover|Forest|Natural Forest; Europe (R10)::Investment|Energy Supply; Europe (R10)::Population; Europe (R10)::Primary Energy|Non-Biomass Renewables; Europe (R10)::GDP|MER; Europe (R10)::Land Cover; Europe (R10)::Carbon Sequestration|Land Use; Europe (R10)::Food Demand|Crops; Europe (R10)::Food Demand|Livestock; Europe (R10)::Primary Energy|Fossil|w/ CCS; Europe (R10)::Primary Energy|Fossil|w/o CCS; Europe (R10)::Land Cover|Forest|Natural Forest; India+ (R10)::Investment|Energy Supply; India+ (R10)::Population; India+ (R10)::Primary Energy|Non-Biomass Renewables; India+ (R10)::GDP|MER; India+ (R10)::Land Cover; India+ (R10)::Carbon Sequestration|Land Use; India+ (R10)::Food Demand|Crops; India+ (R10)::Food Demand|Livestock; India+ (R10)::Primary Energy|Fossil|w/ CCS; India+ (R10)::Primary Energy|Fossil|w/o CCS; India+ (R10)::Land Cover|Forest|Natural Forest; Latin America (R10)::Investment|Energy Supply; Latin America (R10)::Population; Latin America (R10)::Primary Energy|Non-Biomass Renewables; Latin America (R10)::GDP|MER; Latin America (R10)::Land Cover; Latin America (R10)::Carbon Sequestration|Land Use; Latin America (R10)::Food Demand|Crops; Latin America (R10)::Food Demand|Livestock; Latin America (R10)::Primary Energy|Fossil|w/ CCS; Latin America (R10)::Primary Energy|Fossil|w/o CCS; Latin America (R10)::Land Cover|Forest|Natural Forest; Middle East (R10)::Investment|Energy Supply; Middle East (R10)::Population; Middle East (R10)::Primary Energy|Non-Biomass Renewables; Middle East (R10)::GDP|MER; Middle East (R10)::Land Cover; Middle East (R10)::Carbon Sequestration|Land Use; Middle East (R10)::Food Demand|Crops; Middle East (R10)::Food Demand|Livestock; Middle East (R10)::Primary Energy|Fossil|w/ CCS; Middle East (R10)::Primary Energy|Fossil|w/o CCS; Middle East (R10)::Land Cover|Forest|Natural Forest; North America (R10)::Investment|Energy Supply; North America (R10)::Population; North America (R10)::Primary Energy|Non-Biomass Renewables; North America (R10)::GDP|MER; North America (R10)::Land Cover; North America (R10)::Carbon Sequestration|Land Use; North America (R10)::Food Demand|Crops; North America (R10)::Food Demand|Livestock; North America (R10)::Primary Energy|Fossil|w/ CCS; North America (R10)::Primary Energy|Fossil|w/o CCS; North America (R10)::Land Cover|Forest|Natural Forest; Pacific OECD (R10)::Investment|Energy Supply; Pacific OECD (R10)::Population; Pacific OECD (R10)::Primary Energy|Non-Biomass Renewables; Pacific OECD (R10)::GDP|MER; Pacific OECD (R10)::Land Cover; Pacific OECD (R10)::Carbon Sequestration|Land Use; Pacific OECD (R10)::Food Demand|Crops; Pacific OECD (R10)::Food Demand|Livestock; Pacific OECD (R10)::Primary Energy|Fossil|w/ CCS; Pacific OECD (R10)::Primary Energy|Fossil|w/o CCS; Pacific OECD (R10)::Land Cover|Forest|Natural Forest; Reforming Economies (R10)::Investment|Energy Supply; Reforming Economies (R10)::Population; Reforming Economies (R10)::Primary Energy|Non-Biomass Renewables; Reforming Economies (R10)::GDP|MER; Reforming Economies (R10)::Land Cover; Reforming Economies (R10)::Carbon Sequestration|Land Use; Reforming Economies (R10)::Food Demand|Crops; Reforming Economies (R10)::Food Demand|Livestock; Reforming Economies (R10)::Primary Energy|Fossil|w/ CCS; Reforming Economies (R10)::Primary Energy|Fossil|w/o CCS; Reforming Economies (R10)::Land Cover|Forest|Natural Forest; Rest of Asia (R10)::Investment|Energy Supply; Rest of Asia (R10)::Population; Rest of Asia (R10)::Primary Energy|Non-Biomass Renewables; Rest of Asia (R10)::GDP|MER; Rest of Asia (R10)::Land Cover; Rest of Asia (R10)::Carbon Sequestration|Land Use; Rest of Asia (R10)::Food Demand|Crops; Rest of Asia (R10)::Food Demand|Livestock; Rest of Asia (R10)::Primary Energy|Fossil|w/ CCS; Rest of Asia (R10)::Primary Energy|Fossil|w/o CCS; Rest of Asia (R10)::Land Cover|Forest|Natural Forest
TIAM-ECN 1.1,ENGAGE-INDCi2030-1000-NDCp,1,120,Africa (R10)::Investment|Energy Supply; Africa (R10)::Population; Africa (R10)::Primary Energy|Non-Biomass Renewables; Africa (R10)::GDP|MER; Africa (R10)::Land Cover; Africa (R10)::Carbon Sequestration|Land Use; Africa (R10)::Food Demand|Crops; Africa (R10)::Food Demand|Livestock; Africa (R10)::Primary Energy|Fossil|w/ CCS; Africa (R10)::Primary Energy|Fossil|w/o CCS; Africa (R10)::Land Cover|Forest|Natural Forest; China+ (R10)::Investment|Energy Supply; China+ (R10)::Population; China+ (R10)::Primary Energy|Non-Biomass Renewables; China+ (R10)::GDP|MER; China+ (R10)::Land Cover; China+ (R10)::Carbon Sequestration|Land Use; China+ (R10)::Food Demand|Crops; China+ (R10)::Food Demand|Livestock; China+ (R10)::Primary Energy|Fossil|w/ CCS; China+ (R10)::Primary Energy|Fossil|w/o CCS; China+ (R10)::Land Cover|Forest|Natural Forest; Europe (R10)::Investment|Energy Supply; Europe (R10)::Population; Europe (R10)::Primary Energy|Non-Biomass Renewables; Europe (R10)::GDP|MER; Europe (R10)::Land Cover; Europe (R10)::Carbon Sequestration|Land Use; Europe (R10)::Food Demand|Crops; Europe (R10)::Food Demand|Livestock; Europe (R10)::Primary Energy|Fossil|w/ CCS; Europe (R10)::Primary Energy|Fossil|w/o CCS; Europe (R10)::Land Cover|Forest|Natural Forest; India+ (R10)::Investment|Energy Supply; India+ (R10)::Population; India+ (R10)::Primary Energy|Non-Biomass Renewables; India+ (R10)::GDP|MER; India+ (R10)::Land Cover; India+ (R10)::Carbon Sequestration|Land Use; India+ (R10)::Food Demand|Crops; India+ (R10)::Food Demand|Livestock; India+ (R10)::Primary Energy|Fossil|w/ CCS; India+ (R10)::Primary Energy|Fossil|w/o CCS; India+ (R10)::Land Cover|Forest|Natural Forest; Latin America (R10)::Investment|Energy Supply; Latin America (R10)::Population; Latin America (R10)::Primary Energy|Non-Biomass Renewables; Latin America (R10)::GDP|MER; Latin America (R10)::Land Cover; Latin America (R10)::Carbon Sequestration|Land Use; Latin America (R10)::Food Demand|Crops; Latin America (R10)::Food Demand|Livestock; Latin America (R10)::Primary Energy|Fossil|w/ CCS; Latin America (R10)::Primary Energy|Fossil|w/o CCS; Latin America (R10)::Land Cover|Forest|Natural Forest; Middle East (R10)::Investment|Energy Supply; Middle East (R10)::Population; Middle East (R10)::Primary Energy|Non-Biomass Renewables; Middle East (R10)::GDP|MER; Middle East (R10)::Land Cover; Middle East (R10)::Carbon Sequestration|Land Use; Middle East (R10)::Food Demand|Crops; Middle East (R10)::Food Demand|Livestock; Middle East (R10)::Primary Energy|Fossil|w/ CCS; Middle East (R10)::Primary Energy|Fossil|w/o CCS; Middle East (R10)::Land Cover|Forest|Natural Forest; North America (R10)::Investment|Energy Supply; North America (R10)::Population; North America (R10)::Primary Energy|Non-Biomass Renewables; North America (R10)::GDP|MER; North America (R10)::Land Cover; North America (R10)::Carbon Sequestration|Land Use; North America (R10)::Food Demand|Crops; North America (R10)::Food Demand|Livestock; North America (R10)::Primary Energy|Fossil|w/ CCS; North America (R10)::Primary Energy|Fossil|w/o CCS; North America (R10)::Land Cover|Forest|Natural Forest; Pacific OECD (R10)::Investment|Energy Supply; Pacific OECD (R10)::Population; Pacific OECD (R10)::Primary Energy|Non-Biomass Renewables; Pacific OECD (R10)::GDP|MER; Pacific OECD (R10)::Land Cover; Pacific OECD (R10)::Carbon Sequestration|Land Use; Pacific OECD (R10)::Food Demand|Crops; Pacific OECD (R10)::Food Demand|Livestock; Pacific OECD (R10)::Primary Energy|Fossil|w/ CCS; Pacific OECD (R10)::Primary Energy|Fossil|w/o CCS; Pacific OECD (R10)::Land Cover|Forest|Natural Forest; Reforming Economies (R10)::Investment|Energy Supply; Reforming Economies (R10)::Population; Reforming Economies (R10)::Primary Energy|Non-Biomass Renewables; Reforming Economies (R10)::GDP|MER; Reforming Economies (R10)::Land Cover; Reforming Economies (R10)::Carbon Sequestration|Land Use; Reforming Economies (R10)::Food Demand|Crops; Reforming Economies (R10)::Food Demand|Livestock; Reforming Economies (R10)::Primary Energy|Fossil|w/ CCS; Reforming Economies (R10)::Primary Energy|Fossil|w/o CCS; Reforming Economies (R10)::Land Cover|Forest|Natural Forest; Rest of Asia (R10)::Investment|Energy Supply; Rest of Asia (R10)::Population; Rest of Asia (R10)::Primary Energy|Non-Biomass Renewables; Rest of Asia (R10)::GDP|MER; Rest of Asia (R10)::Land Cover; Rest of Asia (R10)::Carbon Sequestration|Land Use; Rest of Asia (R10)::Food Demand|Crops; Rest of Asia (R10)::Food Demand|Livestock; Rest of Asia (R10)::Primary Energy|Fossil|w/ CCS; Rest of Asia (R10)::Primary Energy|Fossil|w/o CCS; Rest of Asia (R10)::Land Cover|Forest|Natural Forest
TIAM-ECN 1.1,ENGAGE-INDCi2030-1000f,1,120,Africa (R10)::Investment|Energy Supply; Africa (R10)::Population; Africa (R10)::Primary Energy|Non-Biomass Renewables; Africa (R10)::GDP|MER; Africa (R10)::Land Cover; Africa (R10)::Carbon Sequestration|Land Use; Africa (R10)::Food Demand|Crops; Africa (R10)::Food Demand|Livestock; Africa (R10)::Primary Energy|Fossil|w/ CCS; Africa (R10)::Primary Energy|Fossil|w/o CCS; Africa (R10)::Land Cover|Forest|Natural Forest; China+ (R10)::Investment|Energy Supply; China+ (R10)::Population; China+ (R10)::Primary Energy|Non-Biomass Renewables; China+ (R10)::GDP|MER; China+ (R10)::Land Cover; China+ (R10)::Carbon Sequestration|Land Use; China+ (R10)::Food Demand|Crops; China+ (R10)::Food Demand|Livestock; China+ (R10)::Primary Energy|Fossil|w/ CCS; China+ (R10)::Primary Energy|Fossil|w/o CCS; China+ (R10)::Land Cover|Forest|Natural Forest; Europe (R10)::Investment|Energy Supply; Europe (R10)::Population; Europe (R10)::Primary Energy|Non-Biomass Renewables; Europe (R10)::GDP|MER; Europe (R10)::Land Cover; Europe (R10)::Carbon Sequestration|Land Use; Europe (R10)::Food Demand|Crops; Europe (R10)::Food Demand|Livestock; Europe (R10)::Primary Energy|Fossil|w/ CCS; Europe (R10)::Primary Energy|Fossil|w/o CCS; Europe (R10)::Land Cover|Forest|Natural Forest; India+ (R10)::Investment|Energy Supply; India+ (R10)::Population; India+ (R10)::Primary Energy|Non-Biomass Renewables; India+ (R10)::GDP|MER; India+ (R10)::Land Cover; India+ (R10)::Carbon Sequestration|Land Use; India+ (R10)::Food Demand|Crops; India+ (R10)::Food Demand|Livestock; India+ (R10)::Primary Energy|Fossil|w/ CCS; India+ (R10)::Primary Energy|Fossil|w/o CCS; India+ (R10)::Land Cover|Forest|Natural Forest; Latin America (R10)::Investment|Energy Supply; Latin America (R10)::Population; Latin America (R10)::Primary Energy|Non-Biomass Renewables; Latin America (R10)::GDP|MER; Latin America (R10)::Land Cover; Latin America (R10)::Carbon Sequestration|Land Use; Latin America (R10)::Food Demand|Crops; Latin America (R10)::Food Demand|Livestock; Latin America (R10)::Primary Energy|Fossil|w/ CCS; Latin America (R10)::Primary Energy|Fossil|w/o CCS; Latin America (R10)::Land Cover|Forest|Natural Forest; Middle East (R10)::Investment|Energy Supply; Middle East (R10)::Population; Middle East (R10)::Primary Energy|Non-Biomass Renewables; Middle East (R10)::GDP|MER; Middle East (R10)::Land Cover; Middle East (R10)::Carbon Sequestration|Land Use; Middle East (R10)::Food Demand|Crops; Middle East (R10)::Food Demand|Livestock; Middle East (R10)::Primary Energy|Fossil|w/ CCS; Middle East (R10)::Primary Energy|Fossil|w/o CCS; Middle East (R10)::Land Cover|Forest|Natural Forest; North America (R10)::Investment|Energy Supply; North America (R10)::Population; North America (R10)::Primary Energy|Non-Biomass Renewables; North America (R10)::GDP|MER; North America (R10)::Land Cover; North America (R10)::Carbon Sequestration|Land Use; North America (R10)::Food Demand|Crops; North America (R10)::Food Demand|Livestock; North America (R10)::Primary Energy|Fossil|w/ CCS; North America (R10)::Primary Energy|Fossil|w/o CCS; North America (R10)::Land Cover|Forest|Natural Forest; Pacific OECD (R10)::Investment|Energy Supply; Pacific OECD (R10)::Population; Pacific OECD (R10)::Primary Energy|Non-Biomass Renewables; Pacific OECD (R10)::GDP|MER; Pacific OECD (R10)::Land Cover; Pacific OECD (R10)::Carbon Sequestration|Land Use; Pacific OECD (R10)::Food Demand|Crops; Pacific OECD (R10)::Food Demand|Livestock; Pacific OECD (R10)::Primary Energy|Fossil|w/ CCS; Pacific OECD (R10)::Primary Energy|Fossil|w/o CCS; Pacific OECD (R10)::Land Cover|Forest|Natural Forest; Reforming Economies (R10)::Investment|Energy Supply; Reforming Economies (R10)::Population; Reforming Economies (R10)::Primary Energy|Non-Biomass Renewables; Reforming Economies (R10)::GDP|MER; Reforming Economies (R10)::Land Cover; Reforming Economies (R10)::Carbon Sequestration|Land Use; Reforming Economies (R10)::Food Demand|Crops; Reforming Economies (R10)::Food Demand|Livestock; Reforming Economies (R10)::Primary Energy|Fossil|w/ CCS; Reforming Economies (R10)::Primary Energy|Fossil|w/o CCS; Reforming Economies (R10)::Land Cover|Forest|Natural Forest; Rest of Asia (R10)::Investment|Energy Supply; Rest of Asia (R10)::Population; Rest of Asia (R10)::Primary Energy|Non-Biomass Renewables; Rest of Asia (R10)::GDP|MER; Rest of Asia (R10)::Land Cover; Rest of Asia (R10)::Carbon Sequestration|Land Use; Rest of Asia (R10)::Food Demand|Crops; Rest of Asia (R10)::Food Demand|Livestock; Rest of Asia (R10)::Primary Energy|Fossil|w/ CCS; Rest of Asia (R10)::Primary Energy|Fossil|w/o CCS; Rest of Asia (R10)::Land Cover|Forest|Natural Forest
TIAM-ECN 1.1,ENGAGE-INDCi2030-1000f-COV,1,120,Africa (R10)::Investment|Energy Supply; Africa (R10)::Population; Africa (R10)::Primary Energy|Non-Biomass Renewables; Africa (R10)::GDP|MER; Africa (R10)::Land Cover; Africa (R10)::Carbon Sequestration|Land Use; Africa (R10)::Food Demand|Crops; Africa (R10)::Food Demand|Livestock; Africa (R10)::Primary Energy|Fossil|w/ CCS; Africa (R10)::Primary Energy|Fossil|w/o CCS; Africa (R10)::Land Cover|Forest|Natural Forest; China+ (R10)::Investment|Energy Supply; China+ (R10)::Population; China+ (R10)::Primary Energy|Non-Biomass Renewables; China+ (R10)::GDP|MER; China+ (R10)::Land Cover; China+ (R10)::Carbon Sequestration|Land Use; China+ (R10)::Food Demand|Crops; China+ (R10)::Food Demand|Livestock; China+ (R10)::Primary Energy|Fossil|w/ CCS; China+ (R10)::Primary Energy|Fossil|w/o CCS; China+ (R10)::Land Cover|Forest|Natural Forest; Europe (R10)::Investment|Energy Supply; Europe (R10)::Population; Europe (R10)::Primary Energy|Non-Biomass Renewables; Europe (R10)::GDP|MER; Europe (R10)::Land Cover; Europe (R10)::Carbon Sequestration|Land Use; Europe (R10)::Food Demand|Crops; Europe (R10)::Food Demand|Livestock; Europe (R10)::Primary Energy|Fossil|w/ CCS; Europe (R10)::Primary Energy|Fossil|w/o CCS; Europe (R10)::Land Cover|Forest|Natural Forest; India+ (R10)::Investment|Energy Supply; India+ (R10)::Population; India+ (R10)::Primary Energy|Non-Biomass Renewables; India+ (R10)::GDP|MER; India+ (R10)::Land Cover; India+ (R10)::Carbon Sequestration|Land Use; India+ (R10)::Food Demand|Crops; India+ (R10)::Food Demand|Livestock; India+ (R10)::Primary Energy|Fossil|w/ CCS; India+ (R10)::Primary Energy|Fossil|w/o CCS; India+ (R10)::Land Cover|Forest|Natural Forest; Latin America (R10)::Investment|Energy Supply; Latin America (R10)::Population; Latin America (R10)::Primary Energy|Non-Biomass Renewables; Latin America (R10)::GDP|MER; Latin America (R10)::Land Cover; Latin America (R10)::Carbon Sequestration|Land Use; Latin America (R10)::Food Demand|Crops; Latin America (R10)::Food Demand|Livestock; Latin America (R10)::Primary Energy|Fossil|w/ CCS; Latin America (R10)::Primary Energy|Fossil|w/o CCS; Latin America (R10)::Land Cover|Forest|Natural Forest; Middle East (R10)::Investment|Energy Supply; Middle East (R10)::Population; Middle East (R10)::Primary Energy|Non-Biomass Renewables; Middle East (R10)::GDP|MER; Middle East (R10)::Land Cover; Middle East (R10)::Carbon Sequestration|Land Use; Middle East (R10)::Food Demand|Crops; Middle East (R10)::Food Demand|Livestock; Middle East (R10)::Primary Energy|Fossil|w/ CCS; Middle East (R10)::Primary Energy|Fossil|w/o CCS; Middle East (R10)::Land Cover|Forest|Natural Forest; North America (R10)::Investment|Energy Supply; North America (R10)::Population; North America (R10)::Primary Energy|Non-Biomass Renewables; North America (R10)::GDP|MER; North America (R10)::Land Cover; North America (R10)::Carbon Sequestration|Land Use; North America (R10)::Food Demand|Crops; North America (R10)::Food Demand|Livestock; North America (R10)::Primary Energy|Fossil|w/ CCS; North America (R10)::Primary Energy|Fossil|w/o CCS; North America (R10)::Land Cover|Forest|Natural Forest; Pacific OECD (R10)::Investment|Energy Supply; Pacific OECD (R10)::Population; Pacific OECD (R10)::Primary Energy|Non-Biomass Renewables; Pacific OECD (R10)::GDP|MER; Pacific OECD (R10)::Land Cover; Pacific OECD (R10)::Carbon Sequestration|Land Use; Pacific OECD (R10)::Food Demand|Crops; Pacific OECD (R10)::Food Demand|Livestock; Pacific OECD (R10)::Primary Energy|Fossil|w/ CCS; Pacific OECD (R10)::Primary Energy|Fossil|w/o CCS; Pacific OECD (R10)::Land Cover|Forest|Natural Forest; Reforming Economies (R10)::Investment|Energy Supply; Reforming Economies (R10)::Population; Reforming Economies (R10)::Primary Energy|Non-Biomass Renewables; Reforming Economies (R10)::GDP|MER; Reforming Economies (R10)::Land Cover; Reforming Economies (R10)::Carbon Sequestration|Land Use; Reforming Economies (R10)::Food Demand|Crops; Reforming Economies (R10)::Food Demand|Livestock; Reforming Economies (R10)::Primary Energy|Fossil|w/ CCS; Reforming Economies (R10)::Primary Energy|Fossil|w/o CCS; Reforming Economies (R10)::Land Cover|Forest|Natural Forest; Rest of Asia (R10)::Investment|Energy Supply; Rest of Asia (R10)::Population; Rest of Asia (R10)::Primary Energy|Non-Biomass Renewables; Rest of Asia (R10)::GDP|MER; Rest of Asia (R10)::Land Cover; Rest of Asia (R10)::Carbon Sequestration|Land Use; Rest of Asia (R10)::Food Demand|Crops; Rest of Asia (R10)::Food Demand|Livestock; Rest of Asia (R10)::Primary Energy|Fossil|w/ CCS; Rest of Asia (R10)::Primary Energy|Fossil|w/o CCS; Rest of Asia (R10)::Land Cover|Forest|Natural Forest
TIAM-ECN 1.1,ENGAGE-INDCi2030-1000f-NDCp,1,120,Africa (R10)::Investment|Energy Supply; Africa (R10)::Population; Africa (R10)::Primary Energy|Non-Biomass Renewables; Africa (R10)::GDP|MER; Africa (R10)::Land Cover; Africa (R10)::Carbon Sequestration|Land Use; Africa (R10)::Food Demand|Crops; Africa (R10)::Food Demand|Livestock; Africa (R10)::Primary Energy|Fossil|w/ CCS; Africa (R10)::Primary Energy|Fossil|w/o CCS; Africa (R10)::Land Cover|Forest|Natural Forest; China+ (R10)::Investment|Energy Supply; China+ (R10)::Population; China+ (R10)::Primary Energy|Non-Biomass Renewables; China+ (R10)::GDP|MER; China+ (R10)::Land Cover; China+ (R10)::Carbon Sequestration|Land Use; China+ (R10)::Food Demand|Crops; China+ (R10)::Food Demand|Livestock; China+ (R10)::Primary Energy|Fossil|w/ CCS; China+ (R10)::Primary Energy|Fossil|w/o CCS; China+ (R10)::Land Cover|Forest|Natural Forest; Europe (R10)::Investment|Energy Supply; Europe (R10)::Population; Europe (R10)::Primary Energy|Non-Biomass Renewables; Europe (R10)::GDP|MER; Europe (R10)::Land Cover; Europe (R10)::Carbon Sequestration|Land Use; Europe (R10)::Food Demand|Crops; Europe (R10)::Food Demand|Livestock; Europe (R10)::Primary Energy|Fossil|w/ CCS; Europe (R10)::Primary Energy|Fossil|w/o CCS; Europe (R10)::Land Cover|Forest|Natural Forest; India+ (R10)::Investment|Energy Supply; India+ (R10)::Population; India+ (R10)::Primary Energy|Non-Biomass Renewables; India+ (R10)::GDP|MER; India+ (R10)::Land Cover; India+ (R10)::Carbon Sequestration|Land Use; India+ (R10)::Food Demand|Crops; India+ (R10)::Food Demand|Livestock; India+ (R10)::Primary Energy|Fossil|w/ CCS; India+ (R10)::Primary Energy|Fossil|w/o CCS; India+ (R10)::Land Cover|Forest|Natural Forest; Latin America (R10)::Investment|Energy Supply; Latin America (R10)::Population; Latin America (R10)::Primary Energy|Non-Biomass Renewables; Latin America (R10)::GDP|MER; Latin America (R10)::Land Cover; Latin America (R10)::Carbon Sequestration|Land Use; Latin America (R10)::Food Demand|Crops; Latin America (R10)::Food Demand|Livestock; Latin America (R10)::Primary Energy|Fossil|w/ CCS; Latin America (R10)::Primary Energy|Fossil|w/o CCS; Latin America (R10)::Land Cover|Forest|Natural Forest; Middle East (R10)::Investment|Energy Supply; Middle East (R10)::Population; Middle East (R10)::Primary Energy|Non-Biomass Renewables; Middle East (R10)::GDP|MER; Middle East (R10)::Land Cover; Middle East (R10)::Carbon Sequestration|Land Use; Middle East (R10)::Food Demand|Crops; Middle East (R10)::Food Demand|Livestock; Middle East (R10)::Primary Energy|Fossil|w/ CCS; Middle East (R10)::Primary Energy|Fossil|w/o CCS; Middle East (R10)::Land Cover|Forest|Natural Forest; North America (R10)::Investment|Energy Supply; North America (R10)::Population; North America (R10)::Primary Energy|Non-Biomass Renewables; North America (R10)::GDP|MER; North America (R10)::Land Cover; North America (R10)::Carbon Sequestration|Land Use; North America (R10)::Food Demand|Crops; North America (R10)::Food Demand|Livestock; North America (R10)::Primary Energy|Fossil|w/ CCS; North America (R10)::Primary Energy|Fossil|w/o CCS; North America (R10)::Land Cover|Forest|Natural Forest; Pacific OECD (R10)::Investment|Energy Supply; Pacific OECD (R10)::Population; Pacific OECD (R10)::Primary Energy|Non-Biomass Renewables; Pacific OECD (R10)::GDP|MER; Pacific OECD (R10)::Land Cover; Pacific OECD (R10)::Carbon Sequestration|Land Use; Pacific OECD (R10)::Food Demand|Crops; Pacific OECD (R10)::Food Demand|Livestock; Pacific OECD (R10)::Primary Energy|Fossil|w/ CCS; Pacific OECD (R10)::Primary Energy|Fossil|w/o CCS; Pacific OECD (R10)::Land Cover|Forest|Natural Forest; Reforming Economies (R10)::Investment|Energy Supply; Reforming Economies (R10)::Population; Reforming Economies (R10)::Primary Energy|Non-Biomass Renewables; Reforming Economies (R10)::GDP|MER; Reforming Economies (R10)::Land Cover; Reforming Economies (R10)::Carbon Sequestration|Land Use; Reforming Economies (R10)::Food Demand|Crops; Reforming Economies (R10)::Food Demand|Livestock; Reforming Economies (R10)::Primary Energy|Fossil|w/ CCS; Reforming Economies (R10)::Primary Energy|Fossil|w/o CCS; Reforming Economies (R10)::Land Cover|Forest|Natural Forest; Rest of Asia (R10)::Investment|Energy Supply; Rest of Asia (R10)::Population; Rest of Asia (R10)::Primary Energy|Non-Biomass Renewables; Rest of Asia (R10)::GDP|MER; Rest of Asia (R10)::Land Cover; Rest of Asia (R10)::Carbon Sequestration|Land Use; Rest of Asia (R10)::Food Demand|Crops; Rest of Asia (R10)::Food Demand|Livestock; Rest of Asia (R10)::Primary Energy|Fossil|w/ CCS; Rest of Asia (R10)::Primary Energy|Fossil|w/o CCS; Rest of Asia (R10)::Land Cover|Forest|Natural Forest
TIAM-ECN 1.1,ENGAGE-INDCi2030-1200,1,120,Africa (R10)::Investment|Energy Supply; Africa (R10)::Population; Africa (R10)::Primary Energy|Non-Biomass Renewables; Africa (R10)::GDP|MER; Africa (R10)::Land Cover; Africa (R10)::Carbon Sequestration|Land Use; Africa (R10)::Food Demand|Crops; Africa (R10)::Food Demand|Livestock; Africa (R10)::Primary Energy|Fossil|w/ CCS; Africa (R10)::Primary Energy|Fossil|w/o CCS; Africa (R10)::Land Cover|Forest|Natural Forest; China+ (R10)::Investment|Energy Supply; China+ (R10)::Population; China+ (R10)::Primary Energy|Non-Biomass Renewables; China+ (R10)::GDP|MER; China+ (R10)::Land Cover; China+ (R10)::Carbon Sequestration|Land Use; China+ (R10)::Food Demand|Crops; China+ (R10)::Food Demand|Livestock; China+ (R10)::Primary Energy|Fossil|w/ CCS; China+ (R10)::Primary Energy|Fossil|w/o CCS; China+ (R10)::Land Cover|Forest|Natural Forest; Europe (R10)::Investment|Energy Supply; Europe (R10)::Population; Europe (R10)::Primary Energy|Non-Biomass Renewables; Europe (R10)::GDP|MER; Europe (R10)::Land Cover; Europe (R10)::Carbon Sequestration|Land Use; Europe (R10)::Food Demand|Crops; Europe (R10)::Food Demand|Livestock; Europe (R10)::Primary Energy|Fossil|w/ CCS; Europe (R10)::Primary Energy|Fossil|w/o CCS; Europe (R10)::Land Cover|Forest|Natural Forest; India+ (R10)::Investment|Energy Supply; India+ (R10)::Population; India+ (R10)::Primary Energy|Non-Biomass Renewables; India+ (R10)::GDP|MER; India+ (R10)::Land Cover; India+ (R10)::Carbon Sequestration|Land Use; India+ (R10)::Food Demand|Crops; India+ (R10)::Food Demand|Livestock; India+ (R10)::Primary Energy|Fossil|w/ CCS; India+ (R10)::Primary Energy|Fossil|w/o CCS; India+ (R10)::Land Cover|Forest|Natural Forest; Latin America (R10)::Investment|Energy Supply; Latin America (R10)::Population; Latin America (R10)::Primary Energy|Non-Biomass Renewables; Latin America (R10)::GDP|MER; Latin America (R10)::Land Cover; Latin America (R10)::Carbon Sequestration|Land Use; Latin America (R10)::Food Demand|Crops; Latin America (R10)::Food Demand|Livestock; Latin America (R10)::Primary Energy|Fossil|w/ CCS; Latin America (R10)::Primary Energy|Fossil|w/o CCS; Latin America (R10)::Land Cover|Forest|Natural Forest; Middle East (R10)::Investment|Energy Supply; Middle East (R10)::Population; Middle East (R10)::Primary Energy|Non-Biomass Renewables; Middle East (R10)::GDP|MER; Middle East (R10)::Land Cover; Middle East (R10)::Carbon Sequestration|Land Use; Middle East (R10)::Food Demand|Crops; Middle East (R10)::Food Demand|Livestock; Middle East (R10)::Primary Energy|Fossil|w/ CCS; Middle East (R10)::Primary Energy|Fossil|w/o CCS; Middle East (R10)::Land Cover|Forest|Natural Forest; North America (R10)::Investment|Energy Supply; North America (R10)::Population; North America (R10)::Primary Energy|Non-Biomass Renewables; North America (R10)::GDP|MER; North America (R10)::Land Cover; North America (R10)::Carbon Sequestration|Land Use; North America (R10)::Food Demand|Crops; North America (R10)::Food Demand|Livestock; North America (R10)::Primary Energy|Fossil|w/ CCS; North America (R10)::Primary Energy|Fossil|w/o CCS; North America (R10)::Land Cover|Forest|Natural Forest; Pacific OECD (R10)::Investment|Energy Supply; Pacific OECD (R10)::Population; Pacific OECD (R10)::Primary Energy|Non-Biomass Renewables; Pacific OECD (R10)::GDP|MER; Pacific OECD (R10)::Land Cover; Pacific OECD (R10)::Carbon Sequestration|Land Use; Pacific OECD (R10)::Food Demand|Crops; Pacific OECD (R10)::Food Demand|Livestock; Pacific OECD (R10)::Primary Energy|Fossil|w/ CCS; Pacific OECD (R10)::Primary Energy|Fossil|w/o CCS; Pacific OECD (R10)::Land Cover|Forest|Natural Forest; Reforming Economies (R10)::Investment|Energy Supply; Reforming Economies (R10)::Population; Reforming Economies (R10)::Primary Energy|Non-Biomass Renewables; Reforming Economies (R10)::GDP|MER; Reforming Economies (R10)::Land Cover; Reforming Economies (R10)::Carbon Sequestration|Land Use; Reforming Economies (R10)::Food Demand|Crops; Reforming Economies (R10)::Food Demand|Livestock; Reforming Economies (R10)::Primary Energy|Fossil|w/ CCS; Reforming Economies (R10)::Primary Energy|Fossil|w/o CCS; Reforming Economies (R10)::Land Cover|Forest|Natural Forest; Rest of Asia (R10)::Investment|Energy Supply; Rest of Asia (R10)::Population; Rest of Asia (R10)::Primary Energy|Non-Biomass Renewables; Rest of Asia (R10)::GDP|MER; Rest of Asia (R10)::Land Cover; Rest of Asia (R10)::Carbon Sequestration|Land Use; Rest of Asia (R10)::Food Demand|Crops; Rest of Asia (R10)::Food Demand|Livestock; Rest of Asia (R10)::Primary Energy|Fossil|w/ CCS; Rest of Asia (R10)::Primary Energy|Fossil|w/o CCS; Rest of Asia (R10)::Land Cover|Forest|Natural Forest
TIAM-ECN 1.1,ENGAGE-INDCi2030-1200f,1,120,Africa (R10)::Investment|Energy Supply; Africa (R10)::Population; Africa (R10)::Primary Energy|Non-Biomass Renewables; Africa (R10)::GDP|MER; Africa (R10)::Land Cover; Africa (R10)::Carbon Sequestration|Land Use; Africa (R10)::Food Demand|Crops; Africa (R10)::Food Demand|Livestock; Africa (R10)::Primary Energy|Fossil|w/ CCS; Africa (R10)::Primary Energy|Fossil|w/o CCS; Africa (R10)::Land Cover|Forest|Natural Forest; China+ (R10)::Investment|Energy Supply; China+ (R10)::Population; China+ (R10)::Primary Energy|Non-Biomass Renewables; China+ (R10)::GDP|MER; China+ (R10)::Land Cover; China+ (R10)::Carbon Sequestration|Land Use; China+ (R10)::Food Demand|Crops; China+ (R10)::Food Demand|Livestock; China+ (R10)::Primary Energy|Fossil|w/ CCS; China+ (R10)::Primary Energy|Fossil|w/o CCS; China+ (R10)::Land Cover|Forest|Natural Forest; Europe (R10)::Investment|Energy Supply; Europe (R10)::Population; Europe (R10)::Primary Energy|Non-Biomass Renewables; Europe (R10)::GDP|MER; Europe (R10)::Land Cover; Europe (R10)::Carbon Sequestration|Land Use; Europe (R10)::Food Demand|Crops; Europe (R10)::Food Demand|Livestock; Europe (R10)::Primary Energy|Fossil|w/ CCS; Europe (R10)::Primary Energy|Fossil|w/o CCS; Europe (R10)::Land Cover|Forest|Natural Forest; India+ (R10)::Investment|Energy Supply; India+ (R10)::Population; India+ (R10)::Primary Energy|Non-Biomass Renewables; India+ (R10)::GDP|MER; India+ (R10)::Land Cover; India+ (R10)::Carbon Sequestration|Land Use; India+ (R10)::Food Demand|Crops; India+ (R10)::Food Demand|Livestock; India+ (R10)::Primary Energy|Fossil|w/ CCS; India+ (R10)::Primary Energy|Fossil|w/o CCS; India+ (R10)::Land Cover|Forest|Natural Forest; Latin America (R10)::Investment|Energy Supply; Latin America (R10)::Population; Latin America (R10)::Primary Energy|Non-Biomass Renewables; Latin America (R10)::GDP|MER; Latin America (R10)::Land Cover; Latin America (R10)::Carbon Sequestration|Land Use; Latin America (R10)::Food Demand|Crops; Latin America (R10)::Food Demand|Livestock; Latin America (R10)::Primary Energy|Fossil|w/ CCS; Latin America (R10)::Primary Energy|Fossil|w/o CCS; Latin America (R10)::Land Cover|Forest|Natural Forest; Middle East (R10)::Investment|Energy Supply; Middle East (R10)::Population; Middle East (R10)::Primary Energy|Non-Biomass Renewables; Middle East (R10)::GDP|MER; Middle East (R10)::Land Cover; Middle East (R10)::Carbon Sequestration|Land Use; Middle East (R10)::Food Demand|Crops; Middle East (R10)::Food Demand|Livestock; Middle East (R10)::Primary Energy|Fossil|w/ CCS; Middle East (R10)::Primary Energy|Fossil|w/o CCS; Middle East (R10)::Land Cover|Forest|Natural Forest; North America (R10)::Investment|Energy Supply; North America (R10)::Population; North America (R10)::Primary Energy|Non-Biomass Renewables; North America (R10)::GDP|MER; North America (R10)::Land Cover; North America (R10)::Carbon Sequestration|Land Use; North America (R10)::Food Demand|Crops; North America (R10)::Food Demand|Livestock; North America (R10)::Primary Energy|Fossil|w/ CCS; North America (R10)::Primary Energy|Fossil|w/o CCS; North America (R10)::Land Cover|Forest|Natural Forest; Pacific OECD (R10)::Investment|Energy Supply; Pacific OECD (R10)::Population; Pacific OECD (R10)::Primary Energy|Non-Biomass Renewables; Pacific OECD (R10)::GDP|MER; Pacific OECD (R10)::Land Cover; Pacific OECD (R10)::Carbon Sequestration|Land Use; Pacific OECD (R10)::Food Demand|Crops; Pacific OECD (R10)::Food Demand|Livestock; Pacific OECD (R10)::Primary Energy|Fossil|w/ CCS; Pacific OECD (R10)::Primary Energy|Fossil|w/o CCS; Pacific OECD (R10)::Land Cover|Forest|Natural Forest; Reforming Economies (R10)::Investment|Energy Supply; Reforming Economies (R10)::Population; Reforming Economies (R10)::Primary Energy|Non-Biomass Renewables; Reforming Economies (R10)::GDP|MER; Reforming Economies (R10)::Land Cover; Reforming Economies (R10)::Carbon Sequestration|Land Use; Reforming Economies (R10)::Food Demand|Crops; Reforming Economies (R10)::Food Demand|Livestock; Reforming Economies (R10)::Primary Energy|Fossil|w/ CCS; Reforming Economies (R10)::Primary Energy|Fossil|w/o CCS; Reforming Economies (R10)::Land Cover|Forest|Natural Forest; Rest of Asia (R10)::Investment|Energy Supply; Rest of Asia (R10)::Population; Rest of Asia (R10)::Primary Energy|Non-Biomass Renewables; Rest of Asia (R10)::GDP|MER; Rest of Asia (R10)::Land Cover; Rest of Asia (R10)::Carbon Sequestration|Land Use; Rest of Asia (R10)::Food Demand|Crops; Rest of Asia (R10)::Food Demand|Livestock; Rest of Asia (R10)::Primary Energy|Fossil|w/ CCS; Rest of Asia (R10)::Primary Energy|Fossil|w/o CCS; Rest of Asia (R10)::Land Cover|Forest|Natural Forest
TIAM-ECN 1.1,ENGAGE-INDCi2030-1400,1,120,Africa (R10)::Investment|Energy Supply; Africa (R10)::Population; Africa (R10)::Primary Energy|Non-Biomass Renewables; Africa (R10)::GDP|MER; Africa (R10)::Land Cover; Africa (R10)::Carbon Sequestration|Land Use; Africa (R10)::Food Demand|Crops; Africa (R10)::Food Demand|Livestock; Africa (R10)::Primary Energy|Fossil|w/ CCS; Africa (R10)::Primary Energy|Fossil|w/o CCS; Africa (R10)::Land Cover|Forest|Natural Forest; China+ (R10)::Investment|Energy Supply; China+ (R10)::Population; China+ (R10)::Primary Energy|Non-Biomass Renewables; China+ (R10)::GDP|MER; China+ (R10)::Land Cover; China+ (R10)::Carbon Sequestration|Land Use; China+ (R10)::Food Demand|Crops; China+ (R10)::Food Demand|Livestock; China+ (R10)::Primary Energy|Fossil|w/ CCS; China+ (R10)::Primary Energy|Fossil|w/o CCS; China+ (R10)::Land Cover|Forest|Natural Forest; Europe (R10)::Investment|Energy Supply; Europe (R10)::Population; Europe (R10)::Primary Energy|Non-Biomass Renewables; Europe (R10)::GDP|MER; Europe (R10)::Land Cover; Europe (R10)::Carbon Sequestration|Land Use; Europe (R10)::Food Demand|Crops; Europe (R10)::Food Demand|Livestock; Europe (R10)::Primary Energy|Fossil|w/ CCS; Europe (R10)::Primary Energy|Fossil|w/o CCS; Europe (R10)::Land Cover|Forest|Natural Forest; India+ (R10)::Investment|Energy Supply; India+ (R10)::Population; India+ (R10)::Primary Energy|Non-Biomass Renewables; India+ (R10)::GDP|MER; India+ (R10)::Land Cover; India+ (R10)::Carbon Sequestration|Land Use; India+ (R10)::Food Demand|Crops; India+ (R10)::Food Demand|Livestock; India+ (R10)::Primary Energy|Fossil|w/ CCS; India+ (R10)::Primary Energy|Fossil|w/o CCS; India+ (R10)::Land Cover|Forest|Natural Forest; Latin America (R10)::Investment|Energy Supply; Latin America (R10)::Population; Latin America (R10)::Primary Energy|Non-Biomass Renewables; Latin America (R10)::GDP|MER; Latin America (R10)::Land Cover; Latin America (R10)::Carbon Sequestration|Land Use; Latin America (R10)::Food Demand|Crops; Latin America (R10)::Food Demand|Livestock; Latin America (R10)::Primary Energy|Fossil|w/ CCS; Latin America (R10)::Primary Energy|Fossil|w/o CCS; Latin America (R10)::Land Cover|Forest|Natural Forest; Middle East (R10)::Investment|Energy Supply; Middle East (R10)::Population; Middle East (R10)::Primary Energy|Non-Biomass Renewables; Middle East (R10)::GDP|MER; Middle East (R10)::Land Cover; Middle East (R10)::Carbon Sequestration|Land Use; Middle East (R10)::Food Demand|Crops; Middle East (R10)::Food Demand|Livestock; Middle East (R10)::Primary Energy|Fossil|w/ CCS; Middle East (R10)::Primary Energy|Fossil|w/o CCS; Middle East (R10)::Land Cover|Forest|Natural Forest; North America (R10)::Investment|Energy Supply; North America (R10)::Population; North America (R10)::Primary Energy|Non-Biomass Renewables; North America (R10)::GDP|MER; North America (R10)::Land Cover; North America (R10)::Carbon Sequestration|Land Use; North America (R10)::Food Demand|Crops; North America (R10)::Food Demand|Livestock; North America (R10)::Primary Energy|Fossil|w/ CCS; North America (R10)::Primary Energy|Fossil|w/o CCS; North America (R10)::Land Cover|Forest|Natural Forest; Pacific OECD (R10)::Investment|Energy Supply; Pacific OECD (R10)::Population; Pacific OECD (R10)::Primary Energy|Non-Biomass Renewables; Pacific OECD (R10)::GDP|MER; Pacific OECD (R10)::Land Cover; Pacific OECD (R10)::Carbon Sequestration|Land Use; Pacific OECD (R10)::Food Demand|Crops; Pacific OECD (R10)::Food Demand|Livestock; Pacific OECD (R10)::Primary Energy|Fossil|w/ CCS; Pacific OECD (R10)::Primary Energy|Fossil|w/o CCS; Pacific OECD (R10)::Land Cover|Forest|Natural Forest; Reforming Economies (R10)::Investment|Energy Supply; Reforming Economies (R10)::Population; Reforming Economies (R10)::Primary Energy|Non-Biomass Renewables; Reforming Economies (R10)::GDP|MER; Reforming Economies (R10)::Land Cover; Reforming Economies (R10)::Carbon Sequestration|Land Use; Reforming Economies (R10)::Food Demand|Crops; Reforming Economies (R10)::Food Demand|Livestock; Reforming Economies (R10)::Primary Energy|Fossil|w/ CCS; Reforming Economies (R10)::Primary Energy|Fossil|w/o CCS; Reforming Economies (R10)::Land Cover|Forest|Natural Forest; Rest of Asia (R10)::Investment|Energy Supply; Rest of Asia (R10)::Population; Rest of Asia (R10)::Primary Energy|Non-Biomass Renewables; Rest of Asia (R10)::GDP|MER; Rest of Asia (R10)::Land Cover; Rest of Asia (R10)::Carbon Sequestration|Land Use; Rest of Asia (R10)::Food Demand|Crops; Rest of Asia (R10)::Food Demand|Livestock; Rest of Asia (R10)::Primary Energy|Fossil|w/ CCS; Rest of Asia (R10)::Primary Energy|Fossil|w/o CCS; Rest of Asia (R10)::Land Cover|Forest|Natural Forest
TIAM-ECN 1.1,ENGAGE-INDCi2030-1400f,1,120,Africa (R10)::Investment|Energy Supply; Africa (R10)::Population; Africa (R10)::Primary Energy|Non-Biomass Renewables; Africa (R10)::GDP|MER; Africa (R10)::Land Cover; Africa (R10)::Carbon Sequestration|Land Use; Africa (R10)::Food Demand|Crops; Africa (R10)::Food Demand|Livestock; Africa (R10)::Primary Energy|Fossil|w/ CCS; Africa (R10)::Primary Energy|Fossil|w/o CCS; Africa (R10)::Land Cover|Forest|Natural Forest; China+ (R10)::Investment|Energy Supply; China+ (R10)::Population; China+ (R10)::Primary Energy|Non-Biomass Renewables; China+ (R10)::GDP|MER; China+ (R10)::Land Cover; China+ (R10)::Carbon Sequestration|Land Use; China+ (R10)::Food Demand|Crops; China+ (R10)::Food Demand|Livestock; China+ (R10)::Primary Energy|Fossil|w/ CCS; China+ (R10)::Primary Energy|Fossil|w/o CCS; China+ (R10)::Land Cover|Forest|Natural Forest; Europe (R10)::Investment|Energy Supply; Europe (R10)::Population; Europe (R10)::Primary Energy|Non-Biomass Renewables; Europe (R10)::GDP|MER; Europe (R10)::Land Cover; Europe (R10)::Carbon Sequestration|Land Use; Europe (R10)::Food Demand|Crops; Europe (R10)::Food Demand|Livestock; Europe (R10)::Primary Energy|Fossil|w/ CCS; Europe (R10)::Primary Energy|Fossil|w/o CCS; Europe (R10)::Land Cover|Forest|Natural Forest; India+ (R10)::Investment|Energy Supply; India+ (R10)::Population; India+ (R10)::Primary Energy|Non-Biomass Renewables; India+ (R10)::GDP|MER; India+ (R10)::Land Cover; India+ (R10)::Carbon Sequestration|Land Use; India+ (R10)::Food Demand|Crops; India+ (R10)::Food Demand|Livestock; India+ (R10)::Primary Energy|Fossil|w/ CCS; India+ (R10)::Primary Energy|Fossil|w/o CCS; India+ (R10)::Land Cover|Forest|Natural Forest; Latin America (R10)::Investment|Energy Supply; Latin America (R10)::Population; Latin America (R10)::Primary Energy|Non-Biomass Renewables; Latin America (R10)::GDP|MER; Latin America (R10)::Land Cover; Latin America (R10)::Carbon Sequestration|Land Use; Latin America (R10)::Food Demand|Crops; Latin America (R10)::Food Demand|Livestock; Latin America (R10)::Primary Energy|Fossil|w/ CCS; Latin America (R10)::Primary Energy|Fossil|w/o CCS; Latin America (R10)::Land Cover|Forest|Natural Forest; Middle East (R10)::Investment|Energy Supply; Middle East (R10)::Population; Middle East (R10)::Primary Energy|Non-Biomass Renewables; Middle East (R10)::GDP|MER; Middle East (R10)::Land Cover; Middle East (R10)::Carbon Sequestration|Land Use; Middle East (R10)::Food Demand|Crops; Middle East (R10)::Food Demand|Livestock; Middle East (R10)::Primary Energy|Fossil|w/ CCS; Middle East (R10)::Primary Energy|Fossil|w/o CCS; Middle East (R10)::Land Cover|Forest|Natural Forest; North America (R10)::Investment|Energy Supply; North America (R10)::Population; North America (R10)::Primary Energy|Non-Biomass Renewables; North America (R10)::GDP|MER; North America (R10)::Land Cover; North America (R10)::Carbon Sequestration|Land Use; North America (R10)::Food Demand|Crops; North America (R10)::Food Demand|Livestock; North America (R10)::Primary Energy|Fossil|w/ CCS; North America (R10)::Primary Energy|Fossil|w/o CCS; North America (R10)::Land Cover|Forest|Natural Forest; Pacific OECD (R10)::Investment|Energy Supply; Pacific OECD (R10)::Population; Pacific OECD (R10)::Primary Energy|Non-Biomass Renewables; Pacific OECD (R10)::GDP|MER; Pacific OECD (R10)::Land Cover; Pacific OECD (R10)::Carbon Sequestration|Land Use; Pacific OECD (R10)::Food Demand|Crops; Pacific OECD (R10)::Food Demand|Livestock; Pacific OECD (R10)::Primary Energy|Fossil|w/ CCS; Pacific OECD (R10)::Primary Energy|Fossil|w/o CCS; Pacific OECD (R10)::Land Cover|Forest|Natural Forest; Reforming Economies (R10)::Investment|Energy Supply; Reforming Economies (R10)::Population; Reforming Economies (R10)::Primary Energy|Non-Biomass Renewables; Reforming Economies (R10)::GDP|MER; Reforming Economies (R10)::Land Cover; Reforming Economies (R10)::Carbon Sequestration|Land Use; Reforming Economies (R10)::Food Demand|Crops; Reforming Economies (R10)::Food Demand|Livestock; Reforming Economies (R10)::Primary Energy|Fossil|w/ CCS; Reforming Economies (R10)::Primary Energy|Fossil|w/o CCS; Reforming Economies (R10)::Land Cover|Forest|Natural Forest; Rest of Asia (R10)::Investment|Energy Supply; Rest of Asia (R10)::Population; Rest of Asia (R10)::Primary Energy|Non-Biomass Renewables; Rest of Asia (R10)::GDP|MER; Rest of Asia (R10)::Land Cover; Rest of Asia (R10)::Carbon Sequestration|Land Use; Rest of Asia (R10)::Food Demand|Crops; Rest of Asia (R10)::Food Demand|Livestock; Rest of Asia (R10)::Primary Energy|Fossil|w/ CCS; Rest of Asia (R10)::Primary Energy|Fossil|w/o CCS; Rest of Asia (R10)::Land Cover|Forest|Natural Forest
TIAM-ECN 1.1,ENGAGE-INDCi2030-1600,1,120,Africa (R10)::Investment|Energy Supply; Africa (R10)::Population; Africa (R10)::Primary Energy|Non-Biomass Renewables; Africa (R10)::GDP|MER; Africa (R10)::Land Cover; Africa (R10)::Carbon Sequestration|Land Use; Africa (R10)::Food Demand|Crops; Africa (R10)::Food Demand|Livestock; Africa (R10)::Primary Energy|Fossil|w/ CCS; Africa (R10)::Primary Energy|Fossil|w/o CCS; Africa (R10)::Land Cover|Forest|Natural Forest; China+ (R10)::Investment|Energy Supply; China+ (R10)::Population; China+ (R10)::Primary Energy|Non-Biomass Renewables; China+ (R10)::GDP|MER; China+ (R10)::Land Cover; China+ (R10)::Carbon Sequestration|Land Use; China+ (R10)::Food Demand|Crops; China+ (R10)::Food Demand|Livestock; China+ (R10)::Primary Energy|Fossil|w/ CCS; China+ (R10)::Primary Energy|Fossil|w/o CCS; China+ (R10)::Land Cover|Forest|Natural Forest; Europe (R10)::Investment|Energy Supply; Europe (R10)::Population; Europe (R10)::Primary Energy|Non-Biomass Renewables; Europe (R10)::GDP|MER; Europe (R10)::Land Cover; Europe (R10)::Carbon Sequestration|Land Use; Europe (R10)::Food Demand|Crops; Europe (R10)::Food Demand|Livestock; Europe (R10)::Primary Energy|Fossil|w/ CCS; Europe (R10)::Primary Energy|Fossil|w/o CCS; Europe (R10)::Land Cover|Forest|Natural Forest; India+ (R10)::Investment|Energy Supply; India+ (R10)::Population; India+ (R10)::Primary Energy|Non-Biomass Renewables; India+ (R10)::GDP|MER; India+ (R10)::Land Cover; India+ (R10)::Carbon Sequestration|Land Use; India+ (R10)::Food Demand|Crops; India+ (R10)::Food Demand|Livestock; India+ (R10)::Primary Energy|Fossil|w/ CCS; India+ (R10)::Primary Energy|Fossil|w/o CCS; India+ (R10)::Land Cover|Forest|Natural Forest; Latin America (R10)::Investment|Energy Supply; Latin America (R10)::Population; Latin America (R10)::Primary Energy|Non-Biomass Renewables; Latin America (R10)::GDP|MER; Latin America (R10)::Land Cover; Latin America (R10)::Carbon Sequestration|Land Use; Latin America (R10)::Food Demand|Crops; Latin America (R10)::Food Demand|Livestock; Latin America (R10)::Primary Energy|Fossil|w/ CCS; Latin America (R10)::Primary Energy|Fossil|w/o CCS; Latin America (R10)::Land Cover|Forest|Natural Forest; Middle East (R10)::Investment|Energy Supply; Middle East (R10)::Population; Middle East (R10)::Primary Energy|Non-Biomass Renewables; Middle East (R10)::GDP|MER; Middle East (R10)::Land Cover; Middle East (R10)::Carbon Sequestration|Land Use; Middle East (R10)::Food Demand|Crops; Middle East (R10)::Food Demand|Livestock; Middle East (R10)::Primary Energy|Fossil|w/ CCS; Middle East (R10)::Primary Energy|Fossil|w/o CCS; Middle East (R10)::Land Cover|Forest|Natural Forest; North America (R10)::Investment|Energy Supply; North America (R10)::Population; North America (R10)::Primary Energy|Non-Biomass Renewables; North America (R10)::GDP|MER; North America (R10)::Land Cover; North America (R10)::Carbon Sequestration|Land Use; North America (R10)::Food Demand|Crops; North America (R10)::Food Demand|Livestock; North America (R10)::Primary Energy|Fossil|w/ CCS; North America (R10)::Primary Energy|Fossil|w/o CCS; North America (R10)::Land Cover|Forest|Natural Forest; Pacific OECD (R10)::Investment|Energy Supply; Pacific OECD (R10)::Population; Pacific OECD (R10)::Primary Energy|Non-Biomass Renewables; Pacific OECD (R10)::GDP|MER; Pacific OECD (R10)::Land Cover; Pacific OECD (R10)::Carbon Sequestration|Land Use; Pacific OECD (R10)::Food Demand|Crops; Pacific OECD (R10)::Food Demand|Livestock; Pacific OECD (R10)::Primary Energy|Fossil|w/ CCS; Pacific OECD (R10)::Primary Energy|Fossil|w/o CCS; Pacific OECD (R10)::Land Cover|Forest|Natural Forest; Reforming Economies (R10)::Investment|Energy Supply; Reforming Economies (R10)::Population; Reforming Economies (R10)::Primary Energy|Non-Biomass Renewables; Reforming Economies (R10)::GDP|MER; Reforming Economies (R10)::Land Cover; Reforming Economies (R10)::Carbon Sequestration|Land Use; Reforming Economies (R10)::Food Demand|Crops; Reforming Economies (R10)::Food Demand|Livestock; Reforming Economies (R10)::Primary Energy|Fossil|w/ CCS; Reforming Economies (R10)::Primary Energy|Fossil|w/o CCS; Reforming Economies (R10)::Land Cover|Forest|Natural Forest; Rest of Asia (R10)::Investment|Energy Supply; Rest of Asia (R10)::Population; Rest of Asia (R10)::Primary Energy|Non-Biomass Renewables; Rest of Asia (R10)::GDP|MER; Rest of Asia (R10)::Land Cover; Rest of Asia (R10)::Carbon Sequestration|Land Use; Rest of Asia (R10)::Food Demand|Crops; Rest of Asia (R10)::Food Demand|Livestock; Rest of Asia (R10)::Primary Energy|Fossil|w/ CCS; Rest of Asia (R10)::Primary Energy|Fossil|w/o CCS; Rest of Asia (R10)::Land Cover|Forest|Natural Forest
TIAM-ECN 1.1,ENGAGE-INDCi2030-900,1,120,Africa (R10)::Investment|Energy Supply; Africa (R10)::Population; Africa (R10)::Primary Energy|Non-Biomass Renewables; Africa (R10)::GDP|MER; Africa (R10)::Land Cover; Africa (R10)::Carbon Sequestration|Land Use; Africa (R10)::Food Demand|Crops; Africa (R10)::Food Demand|Livestock; Africa (R10)::Primary Energy|Fossil|w/ CCS; Africa (R10)::Primary Energy|Fossil|w/o CCS; Africa (R10)::Land Cover|Forest|Natural Forest; China+ (R10)::Investment|Energy Supply; China+ (R10)::Population; China+ (R10)::Primary Energy|Non-Biomass Renewables; China+ (R10)::GDP|MER; China+ (R10)::Land Cover; China+ (R10)::Carbon Sequestration|Land Use; China+ (R10)::Food Demand|Crops; China+ (R10)::Food Demand|Livestock; China+ (R10)::Primary Energy|Fossil|w/ CCS; China+ (R10)::Primary Energy|Fossil|w/o CCS; China+ (R10)::Land Cover|Forest|Natural Forest; Europe (R10)::Investment|Energy Supply; Europe (R10)::Population; Europe (R10)::Primary Energy|Non-Biomass Renewables; Europe (R10)::GDP|MER; Europe (R10)::Land Cover; Europe (R10)::Carbon Sequestration|Land Use; Europe (R10)::Food Demand|Crops; Europe (R10)::Food Demand|Livestock; Europe (R10)::Primary Energy|Fossil|w/ CCS; Europe (R10)::Primary Energy|Fossil|w/o CCS; Europe (R10)::Land Cover|Forest|Natural Forest; India+ (R10)::Investment|Energy Supply; India+ (R10)::Population; India+ (R10)::Primary Energy|Non-Biomass Renewables; India+ (R10)::GDP|MER; India+ (R10)::Land Cover; India+ (R10)::Carbon Sequestration|Land Use; India+ (R10)::Food Demand|Crops; India+ (R10)::Food Demand|Livestock; India+ (R10)::Primary Energy|Fossil|w/ CCS; India+ (R10)::Primary Energy|Fossil|w/o CCS; India+ (R10)::Land Cover|Forest|Natural Forest; Latin America (R10)::Investment|Energy Supply; Latin America (R10)::Population; Latin America (R10)::Primary Energy|Non-Biomass Renewables; Latin America (R10)::GDP|MER; Latin America (R10)::Land Cover; Latin America (R10)::Carbon Sequestration|Land Use; Latin America (R10)::Food Demand|Crops; Latin America (R10)::Food Demand|Livestock; Latin America (R10)::Primary Energy|Fossil|w/ CCS; Latin America (R10)::Primary Energy|Fossil|w/o CCS; Latin America (R10)::Land Cover|Forest|Natural Forest; Middle East (R10)::Investment|Energy Supply; Middle East (R10)::Population; Middle East (R10)::Primary Energy|Non-Biomass Renewables; Middle East (R10)::GDP|MER; Middle East (R10)::Land Cover; Middle East (R10)::Carbon Sequestration|Land Use; Middle East (R10)::Food Demand|Crops; Middle East (R10)::Food Demand|Livestock; Middle East (R10)::Primary Energy|Fossil|w/ CCS; Middle East (R10)::Primary Energy|Fossil|w/o CCS; Middle East (R10)::Land Cover|Forest|Natural Forest; North America (R10)::Investment|Energy Supply; North America (R10)::Population; North America (R10)::Primary Energy|Non-Biomass Renewables; North America (R10)::GDP|MER; North America (R10)::Land Cover; North America (R10)::Carbon Sequestration|Land Use; North America (R10)::Food Demand|Crops; North America (R10)::Food Demand|Livestock; North America (R10)::Primary Energy|Fossil|w/ CCS; North America (R10)::Primary Energy|Fossil|w/o CCS; North America (R10)::Land Cover|Forest|Natural Forest; Pacific OECD (R10)::Investment|Energy Supply; Pacific OECD (R10)::Population; Pacific OECD (R10)::Primary Energy|Non-Biomass Renewables; Pacific OECD (R10)::GDP|MER; Pacific OECD (R10)::Land Cover; Pacific OECD (R10)::Carbon Sequestration|Land Use; Pacific OECD (R10)::Food Demand|Crops; Pacific OECD (R10)::Food Demand|Livestock; Pacific OECD (R10)::Primary Energy|Fossil|w/ CCS; Pacific OECD (R10)::Primary Energy|Fossil|w/o CCS; Pacific OECD (R10)::Land Cover|Forest|Natural Forest; Reforming Economies (R10)::Investment|Energy Supply; Reforming Economies (R10)::Population; Reforming Economies (R10)::Primary Energy|Non-Biomass Renewables; Reforming Economies (R10)::GDP|MER; Reforming Economies (R10)::Land Cover; Reforming Economies (R10)::Carbon Sequestration|Land Use; Reforming Economies (R10)::Food Demand|Crops; Reforming Economies (R10)::Food Demand|Livestock; Reforming Economies (R10)::Primary Energy|Fossil|w/ CCS; Reforming Economies (R10)::Primary Energy|Fossil|w/o CCS; Reforming Economies (R10)::Land Cover|Forest|Natural Forest; Rest of Asia (R10)::Investment|Energy Supply; Rest of Asia (R10)::Population; Rest of Asia (R10)::Primary Energy|Non-Biomass Renewables; Rest of Asia (R10)::GDP|MER; Rest of Asia (R10)::Land Cover; Rest of Asia (R10)::Carbon Sequestration|Land Use; Rest of Asia (R10)::Food Demand|Crops; Rest of Asia (R10)::Food Demand|Livestock; Rest of Asia (R10)::Primary Energy|Fossil|w/ CCS; Rest of Asia (R10)::Primary Energy|Fossil|w/o CCS; Rest of Asia (R10)::Land Cover|Forest|Natural Forest
TIAM-ECN 1.1,ENGAGE-INDCi2030-900f,1,120,Africa (R10)::Investment|Energy Supply; Africa (R10)::Population; Africa (R10)::Primary Energy|Non-Biomass Renewables; Africa (R10)::GDP|MER; Africa (R10)::Land Cover; Africa (R10)::Carbon Sequestration|Land Use; Africa (R10)::Food Demand|Crops; Africa (R10)::Food Demand|Livestock; Africa (R10)::Primary Energy|Fossil|w/ CCS; Africa (R10)::Primary Energy|Fossil|w/o CCS; Africa (R10)::Land Cover|Forest|Natural Forest; China+ (R10)::Investment|Energy Supply; China+ (R10)::Population; China+ (R10)::Primary Energy|Non-Biomass Renewables; China+ (R10)::GDP|MER; China+ (R10)::Land Cover; China+ (R10)::Carbon Sequestration|Land Use; China+ (R10)::Food Demand|Crops; China+ (R10)::Food Demand|Livestock; China+ (R10)::Primary Energy|Fossil|w/ CCS; China+ (R10)::Primary Energy|Fossil|w/o CCS; China+ (R10)::Land Cover|Forest|Natural Forest; Europe (R10)::Investment|Energy Supply; Europe (R10)::Population; Europe (R10)::Primary Energy|Non-Biomass Renewables; Europe (R10)::GDP|MER; Europe (R10)::Land Cover; Europe (R10)::Carbon Sequestration|Land Use; Europe (R10)::Food Demand|Crops; Europe (R10)::Food Demand|Livestock; Europe (R10)::Primary Energy|Fossil|w/ CCS; Europe (R10)::Primary Energy|Fossil|w/o CCS; Europe (R10)::Land Cover|Forest|Natural Forest; India+ (R10)::Investment|Energy Supply; India+ (R10)::Population; India+ (R10)::Primary Energy|Non-Biomass Renewables; India+ (R10)::GDP|MER; India+ (R10)::Land Cover; India+ (R10)::Carbon Sequestration|Land Use; India+ (R10)::Food Demand|Crops; India+ (R10)::Food Demand|Livestock; India+ (R10)::Primary Energy|Fossil|w/ CCS; India+ (R10)::Primary Energy|Fossil|w/o CCS; India+ (R10)::Land Cover|Forest|Natural Forest; Latin America (R10)::Investment|Energy Supply; Latin America (R10)::Population; Latin America (R10)::Primary Energy|Non-Biomass Renewables; Latin America (R10)::GDP|MER; Latin America (R10)::Land Cover; Latin America (R10)::Carbon Sequestration|Land Use; Latin America (R10)::Food Demand|Crops; Latin America (R10)::Food Demand|Livestock; Latin America (R10)::Primary Energy|Fossil|w/ CCS; Latin America (R10)::Primary Energy|Fossil|w/o CCS; Latin America (R10)::Land Cover|Forest|Natural Forest; Middle East (R10)::Investment|Energy Supply; Middle East (R10)::Population; Middle East (R10)::Primary Energy|Non-Biomass Renewables; Middle East (R10)::GDP|MER; Middle East (R10)::Land Cover; Middle East (R10)::Carbon Sequestration|Land Use; Middle East (R10)::Food Demand|Crops; Middle East (R10)::Food Demand|Livestock; Middle East (R10)::Primary Energy|Fossil|w/ CCS; Middle East (R10)::Primary Energy|Fossil|w/o CCS; Middle East (R10)::Land Cover|Forest|Natural Forest; North America (R10)::Investment|Energy Supply; North America (R10)::Population; North America (R10)::Primary Energy|Non-Biomass Renewables; North America (R10)::GDP|MER; North America (R10)::Land Cover; North America (R10)::Carbon Sequestration|Land Use; North America (R10)::Food Demand|Crops; North America (R10)::Food Demand|Livestock; North America (R10)::Primary Energy|Fossil|w/ CCS; North America (R10)::Primary Energy|Fossil|w/o CCS; North America (R10)::Land Cover|Forest|Natural Forest; Pacific OECD (R10)::Investment|Energy Supply; Pacific OECD (R10)::Population; Pacific OECD (R10)::Primary Energy|Non-Biomass Renewables; Pacific OECD (R10)::GDP|MER; Pacific OECD (R10)::Land Cover; Pacific OECD (R10)::Carbon Sequestration|Land Use; Pacific OECD (R10)::Food Demand|Crops; Pacific OECD (R10)::Food Demand|Livestock; Pacific OECD (R10)::Primary Energy|Fossil|w/ CCS; Pacific OECD (R10)::Primary Energy|Fossil|w/o CCS; Pacific OECD (R10)::Land Cover|Forest|Natural Forest; Reforming Economies (R10)::Investment|Energy Supply; Reforming Economies (R10)::Population; Reforming Economies (R10)::Primary Energy|Non-Biomass Renewables; Reforming Economies (R10)::GDP|MER; Reforming Economies (R10)::Land Cover; Reforming Economies (R10)::Carbon Sequestration|Land Use; Reforming Economies (R10)::Food Demand|Crops; Reforming Economies (R10)::Food Demand|Livestock; Reforming Economies (R10)::Primary Energy|Fossil|w/ CCS; Reforming Economies (R10)::Primary Energy|Fossil|w/o CCS; Reforming Economies (R10)::Land Cover|Forest|Natural Forest; Rest of Asia (R10)::Investment|Energy Supply; Rest of Asia (R10)::Population; Rest of Asia (R10)::Primary Energy|Non-Biomass Renewables; Rest of Asia (R10)::GDP|MER; Rest of Asia (R10)::Land Cover; Rest of Asia (R10)::Carbon Sequestration|Land Use; Rest of Asia (R10)::Food Demand|Crops; Rest of Asia (R10)::Food Demand|Livestock; Rest of Asia (R10)::Primary Energy|Fossil|w/ CCS; Rest of Asia (R10)::Primary Energy|Fossil|w/o CCS; Rest of Asia (R10)::Land Cover|Forest|Natural Forest
TIAM-ECN 1.1,ENGAGE-NPi2020-1000,1,120,Africa (R10)::Investment|Energy Supply; Africa (R10)::Population; Africa (R10)::Primary Energy|Non-Biomass Renewables; Africa (R10)::GDP|MER; Africa (R10)::Land Cover; Africa (R10)::Carbon Sequestration|Land Use; Africa (R10)::Food Demand|Crops; Africa (R10)::Food Demand|Livestock; Africa (R10)::Primary Energy|Fossil|w/ CCS; Africa (R10)::Primary Energy|Fossil|w/o CCS; Africa (R10)::Land Cover|Forest|Natural Forest; China+ (R10)::Investment|Energy Supply; China+ (R10)::Population; China+ (R10)::Primary Energy|Non-Biomass Renewables; China+ (R10)::GDP|MER; China+ (R10)::Land Cover; China+ (R10)::Carbon Sequestration|Land Use; China+ (R10)::Food Demand|Crops; China+ (R10)::Food Demand|Livestock; China+ (R10)::Primary Energy|Fossil|w/ CCS; China+ (R10)::Primary Energy|Fossil|w/o CCS; China+ (R10)::Land Cover|Forest|Natural Forest; Europe (R10)::Investment|Energy Supply; Europe (R10)::Population; Europe (R10)::Primary Energy|Non-Biomass Renewables; Europe (R10)::GDP|MER; Europe (R10)::Land Cover; Europe (R10)::Carbon Sequestration|Land Use; Europe (R10)::Food Demand|Crops; Europe (R10)::Food Demand|Livestock; Europe (R10)::Primary Energy|Fossil|w/ CCS; Europe (R10)::Primary Energy|Fossil|w/o CCS; Europe (R10)::Land Cover|Forest|Natural Forest; India+ (R10)::Investment|Energy Supply; India+ (R10)::Population; India+ (R10)::Primary Energy|Non-Biomass Renewables; India+ (R10)::GDP|MER; India+ (R10)::Land Cover; India+ (R10)::Carbon Sequestration|Land Use; India+ (R10)::Food Demand|Crops; India+ (R10)::Food Demand|Livestock; India+ (R10)::Primary Energy|Fossil|w/ CCS; India+ (R10)::Primary Energy|Fossil|w/o CCS; India+ (R10)::Land Cover|Forest|Natural Forest; Latin America (R10)::Investment|Energy Supply; Latin America (R10)::Population; Latin America (R10)::Primary Energy|Non-Biomass Renewables; Latin America (R10)::GDP|MER; Latin America (R10)::Land Cover; Latin America (R10)::Carbon Sequestration|Land Use; Latin America (R10)::Food Demand|Crops; Latin America (R10)::Food Demand|Livestock; Latin America (R10)::Primary Energy|Fossil|w/ CCS; Latin America (R10)::Primary Energy|Fossil|w/o CCS; Latin America (R10)::Land Cover|Forest|Natural Forest; Middle East (R10)::Investment|Energy Supply; Middle East (R10)::Population; Middle East (R10)::Primary Energy|Non-Biomass Renewables; Middle East (R10)::GDP|MER; Middle East (R10)::Land Cover; Middle East (R10)::Carbon Sequestration|Land Use; Middle East (R10)::Food Demand|Crops; Middle East (R10)::Food Demand|Livestock; Middle East (R10)::Primary Energy|Fossil|w/ CCS; Middle East (R10)::Primary Energy|Fossil|w/o CCS; Middle East (R10)::Land Cover|Forest|Natural Forest; North America (R10)::Investment|Energy Supply; North America (R10)::Population; North America (R10)::Primary Energy|Non-Biomass Renewables; North America (R10)::GDP|MER; North America (R10)::Land Cover; North America (R10)::Carbon Sequestration|Land Use; North America (R10)::Food Demand|Crops; North America (R10)::Food Demand|Livestock; North America (R10)::Primary Energy|Fossil|w/ CCS; North America (R10)::Primary Energy|Fossil|w/o CCS; North America (R10)::Land Cover|Forest|Natural Forest; Pacific OECD (R10)::Investment|Energy Supply; Pacific OECD (R10)::Population; Pacific OECD (R10)::Primary Energy|Non-Biomass Renewables; Pacific OECD (R10)::GDP|MER; Pacific OECD (R10)::Land Cover; Pacific OECD (R10)::Carbon Sequestration|Land Use; Pacific OECD (R10)::Food Demand|Crops; Pacific OECD (R10)::Food Demand|Livestock; Pacific OECD (R10)::Primary Energy|Fossil|w/ CCS; Pacific OECD (R10)::Primary Energy|Fossil|w/o CCS; Pacific OECD (R10)::Land Cover|Forest|Natural Forest; Reforming Economies (R10)::Investment|Energy Supply; Reforming Economies (R10)::Population; Reforming Economies (R10)::Primary Energy|Non-Biomass Renewables; Reforming Economies (R10)::GDP|MER; Reforming Economies (R10)::Land Cover; Reforming Economies (R10)::Carbon Sequestration|Land Use; Reforming Economies (R10)::Food Demand|Crops; Reforming Economies (R10)::Food Demand|Livestock; Reforming Economies (R10)::Primary Energy|Fossil|w/ CCS; Reforming Economies (R10)::Primary Energy|Fossil|w/o CCS; Reforming Economies (R10)::Land Cover|Forest|Natural Forest; Rest of Asia (R10)::Investment|Energy Supply; Rest of Asia (R10)::Population; Rest of Asia (R10)::Primary Energy|Non-Biomass Renewables; Rest of Asia (R10)::GDP|MER; Rest of Asia (R10)::Land Cover; Rest of Asia (R10)::Carbon Sequestration|Land Use; Rest of Asia (R10)::Food Demand|Crops; Rest of Asia (R10)::Food Demand|Livestock; Rest of Asia (R10)::Primary Energy|Fossil|w/ CCS; Rest of Asia (R10)::Primary Energy|Fossil|w/o CCS; Rest of Asia (R10)::Land Cover|Forest|Natural Forest
TIAM-ECN 1.1,ENGAGE-NPi2020-1000-COV,1,120,Africa (R10)::Investment|Energy Supply; Africa (R10)::Population; Africa (R10)::Primary Energy|Non-Biomass Renewables; Africa (R10)::GDP|MER; Africa (R10)::Land Cover; Africa (R10)::Carbon Sequestration|Land Use; Africa (R10)::Food Demand|Crops; Africa (R10)::Food Demand|Livestock; Africa (R10)::Primary Energy|Fossil|w/ CCS; Africa (R10)::Primary Energy|Fossil|w/o CCS; Africa (R10)::Land Cover|Forest|Natural Forest; China+ (R10)::Investment|Energy Supply; China+ (R10)::Population; China+ (R10)::Primary Energy|Non-Biomass Renewables; China+ (R10)::GDP|MER; China+ (R10)::Land Cover; China+ (R10)::Carbon Sequestration|Land Use; China+ (R10)::Food Demand|Crops; China+ (R10)::Food Demand|Livestock; China+ (R10)::Primary Energy|Fossil|w/ CCS; China+ (R10)::Primary Energy|Fossil|w/o CCS; China+ (R10)::Land Cover|Forest|Natural Forest; Europe (R10)::Investment|Energy Supply; Europe (R10)::Population; Europe (R10)::Primary Energy|Non-Biomass Renewables; Europe (R10)::GDP|MER; Europe (R10)::Land Cover; Europe (R10)::Carbon Sequestration|Land Use; Europe (R10)::Food Demand|Crops; Europe (R10)::Food Demand|Livestock; Europe (R10)::Primary Energy|Fossil|w/ CCS; Europe (R10)::Primary Energy|Fossil|w/o CCS; Europe (R10)::Land Cover|Forest|Natural Forest; India+ (R10)::Investment|Energy Supply; India+ (R10)::Population; India+ (R10)::Primary Energy|Non-Biomass Renewables; India+ (R10)::GDP|MER; India+ (R10)::Land Cover; India+ (R10)::Carbon Sequestration|Land Use; India+ (R10)::Food Demand|Crops; India+ (R10)::Food Demand|Livestock; India+ (R10)::Primary Energy|Fossil|w/ CCS; India+ (R10)::Primary Energy|Fossil|w/o CCS; India+ (R10)::Land Cover|Forest|Natural Forest; Latin America (R10)::Investment|Energy Supply; Latin America (R10)::Population; Latin America (R10)::Primary Energy|Non-Biomass Renewables; Latin America (R10)::GDP|MER; Latin America (R10)::Land Cover; Latin America (R10)::Carbon Sequestration|Land Use; Latin America (R10)::Food Demand|Crops; Latin America (R10)::Food Demand|Livestock; Latin America (R10)::Primary Energy|Fossil|w/ CCS; Latin America (R10)::Primary Energy|Fossil|w/o CCS; Latin America (R10)::Land Cover|Forest|Natural Forest; Middle East (R10)::Investment|Energy Supply; Middle East (R10)::Population; Middle East (R10)::Primary Energy|Non-Biomass Renewables; Middle East (R10)::GDP|MER; Middle East (R10)::Land Cover; Middle East (R10)::Carbon Sequestration|Land Use; Middle East (R10)::Food Demand|Crops; Middle East (R10)::Food Demand|Livestock; Middle East (R10)::Primary Energy|Fossil|w/ CCS; Middle East (R10)::Primary Energy|Fossil|w/o CCS; Middle East (R10)::Land Cover|Forest|Natural Forest; North America (R10)::Investment|Energy Supply; North America (R10)::Population; North America (R10)::Primary Energy|Non-Biomass Renewables; North America (R10)::GDP|MER; North America (R10)::Land Cover; North America (R10)::Carbon Sequestration|Land Use; North America (R10)::Food Demand|Crops; North America (R10)::Food Demand|Livestock; North America (R10)::Primary Energy|Fossil|w/ CCS; North America (R10)::Primary Energy|Fossil|w/o CCS; North America (R10)::Land Cover|Forest|Natural Forest; Pacific OECD (R10)::Investment|Energy Supply; Pacific OECD (R10)::Population; Pacific OECD (R10)::Primary Energy|Non-Biomass Renewables; Pacific OECD (R10)::GDP|MER; Pacific OECD (R10)::Land Cover; Pacific OECD (R10)::Carbon Sequestration|Land Use; Pacific OECD (R10)::Food Demand|Crops; Pacific OECD (R10)::Food Demand|Livestock; Pacific OECD (R10)::Primary Energy|Fossil|w/ CCS; Pacific OECD (R10)::Primary Energy|Fossil|w/o CCS; Pacific OECD (R10)::Land Cover|Forest|Natural Forest; Reforming Economies (R10)::Investment|Energy Supply; Reforming Economies (R10)::Population; Reforming Economies (R10)::Primary Energy|Non-Biomass Renewables; Reforming Economies (R10)::GDP|MER; Reforming Economies (R10)::Land Cover; Reforming Economies (R10)::Carbon Sequestration|Land Use; Reforming Economies (R10)::Food Demand|Crops; Reforming Economies (R10)::Food Demand|Livestock; Reforming Economies (R10)::Primary Energy|Fossil|w/ CCS; Reforming Economies (R10)::Primary Energy|Fossil|w/o CCS; Reforming Economies (R10)::Land Cover|Forest|Natural Forest; Rest of Asia (R10)::Investment|Energy Supply; Rest of Asia (R10)::Population; Rest of Asia (R10)::Primary Energy|Non-Biomass Renewables; Rest of Asia (R10)::GDP|MER; Rest of Asia (R10)::Land Cover; Rest of Asia (R10)::Carbon Sequestration|Land Use; Rest of Asia (R10)::Food Demand|Crops; Rest of Asia (R10)::Food Demand|Livestock; Rest of Asia (R10)::Primary Energy|Fossil|w/ CCS; Rest of Asia (R10)::Primary Energy|Fossil|w/o CCS; Rest of Asia (R10)::Land Cover|Forest|Natural Forest
TIAM-ECN 1.1,ENGAGE-NPi2020-1000f,1,120,Africa (R10)::Investment|Energy Supply; Africa (R10)::Population; Africa (R10)::Primary Energy|Non-Biomass Renewables; Africa (R10)::GDP|MER; Africa (R10)::Land Cover; Africa (R10)::Carbon Sequestration|Land Use; Africa (R10)::Food Demand|Crops; Africa (R10)::Food Demand|Livestock; Africa (R10)::Primary Energy|Fossil|w/ CCS; Africa (R10)::Primary Energy|Fossil|w/o CCS; Africa (R10)::Land Cover|Forest|Natural Forest; China+ (R10)::Investment|Energy Supply; China+ (R10)::Population; China+ (R10)::Primary Energy|Non-Biomass Renewables; China+ (R10)::GDP|MER; China+ (R10)::Land Cover; China+ (R10)::Carbon Sequestration|Land Use; China+ (R10)::Food Demand|Crops; China+ (R10)::Food Demand|Livestock; China+ (R10)::Primary Energy|Fossil|w/ CCS; China+ (R10)::Primary Energy|Fossil|w/o CCS; China+ (R10)::Land Cover|Forest|Natural Forest; Europe (R10)::Investment|Energy Supply; Europe (R10)::Population; Europe (R10)::Primary Energy|Non-Biomass Renewables; Europe (R10)::GDP|MER; Europe (R10)::Land Cover; Europe (R10)::Carbon Sequestration|Land Use; Europe (R10)::Food Demand|Crops; Europe (R10)::Food Demand|Livestock; Europe (R10)::Primary Energy|Fossil|w/ CCS; Europe (R10)::Primary Energy|Fossil|w/o CCS; Europe (R10)::Land Cover|Forest|Natural Forest; India+ (R10)::Investment|Energy Supply; India+ (R10)::Population; India+ (R10)::Primary Energy|Non-Biomass Renewables; India+ (R10)::GDP|MER; India+ (R10)::Land Cover; India+ (R10)::Carbon Sequestration|Land Use; India+ (R10)::Food Demand|Crops; India+ (R10)::Food Demand|Livestock; India+ (R10)::Primary Energy|Fossil|w/ CCS; India+ (R10)::Primary Energy|Fossil|w/o CCS; India+ (R10)::Land Cover|Forest|Natural Forest; Latin America (R10)::Investment|Energy Supply; Latin America (R10)::Population; Latin America (R10)::Primary Energy|Non-Biomass Renewables; Latin America (R10)::GDP|MER; Latin America (R10)::Land Cover; Latin America (R10)::Carbon Sequestration|Land Use; Latin America (R10)::Food Demand|Crops; Latin America (R10)::Food Demand|Livestock; Latin America (R10)::Primary Energy|Fossil|w/ CCS; Latin America (R10)::Primary Energy|Fossil|w/o CCS; Latin America (R10)::Land Cover|Forest|Natural Forest; Middle East (R10)::Investment|Energy Supply; Middle East (R10)::Population; Middle East (R10)::Primary Energy|Non-Biomass Renewables; Middle East (R10)::GDP|MER; Middle East (R10)::Land Cover; Middle East (R10)::Carbon Sequestration|Land Use; Middle East (R10)::Food Demand|Crops; Middle East (R10)::Food Demand|Livestock; Middle East (R10)::Primary Energy|Fossil|w/ CCS; Middle East (R10)::Primary Energy|Fossil|w/o CCS; Middle East (R10)::Land Cover|Forest|Natural Forest; North America (R10)::Investment|Energy Supply; North America (R10)::Population; North America (R10)::Primary Energy|Non-Biomass Renewables; North America (R10)::GDP|MER; North America (R10)::Land Cover; North America (R10)::Carbon Sequestration|Land Use; North America (R10)::Food Demand|Crops; North America (R10)::Food Demand|Livestock; North America (R10)::Primary Energy|Fossil|w/ CCS; North America (R10)::Primary Energy|Fossil|w/o CCS; North America (R10)::Land Cover|Forest|Natural Forest; Pacific OECD (R10)::Investment|Energy Supply; Pacific OECD (R10)::Population; Pacific OECD (R10)::Primary Energy|Non-Biomass Renewables; Pacific OECD (R10)::GDP|MER; Pacific OECD (R10)::Land Cover; Pacific OECD (R10)::Carbon Sequestration|Land Use; Pacific OECD (R10)::Food Demand|Crops; Pacific OECD (R10)::Food Demand|Livestock; Pacific OECD (R10)::Primary Energy|Fossil|w/ CCS; Pacific OECD (R10)::Primary Energy|Fossil|w/o CCS; Pacific OECD (R10)::Land Cover|Forest|Natural Forest; Reforming Economies (R10)::Investment|Energy Supply; Reforming Economies (R10)::Population; Reforming Economies (R10)::Primary Energy|Non-Biomass Renewables; Reforming Economies (R10)::GDP|MER; Reforming Economies (R10)::Land Cover; Reforming Economies (R10)::Carbon Sequestration|Land Use; Reforming Economies (R10)::Food Demand|Crops; Reforming Economies (R10)::Food Demand|Livestock; Reforming Economies (R10)::Primary Energy|Fossil|w/ CCS; Reforming Economies (R10)::Primary Energy|Fossil|w/o CCS; Reforming Economies (R10)::Land Cover|Forest|Natural Forest; Rest of Asia (R10)::Investment|Energy Supply; Rest of Asia (R10)::Population; Rest of Asia (R10)::Primary Energy|Non-Biomass Renewables; Rest of Asia (R10)::GDP|MER; Rest of Asia (R10)::Land Cover; Rest of Asia (R10)::Carbon Sequestration|Land Use; Rest of Asia (R10)::Food Demand|Crops; Rest of Asia (R10)::Food Demand|Livestock; Rest of Asia (R10)::Primary Energy|Fossil|w/ CCS; Rest of Asia (R10)::Primary Energy|Fossil|w/o CCS; Rest of Asia (R10)::Land Cover|Forest|Natural Forest
TIAM-ECN 1.1,ENGAGE-NPi2020-1000f-COV,1,120,Africa (R10)::Investment|Energy Supply; Africa (R10)::Population; Africa (R10)::Primary Energy|Non-Biomass Renewables; Africa (R10)::GDP|MER; Africa (R10)::Land Cover; Africa (R10)::Carbon Sequestration|Land Use; Africa (R10)::Food Demand|Crops; Africa (R10)::Food Demand|Livestock; Africa (R10)::Primary Energy|Fossil|w/ CCS; Africa (R10)::Primary Energy|Fossil|w/o CCS; Africa (R10)::Land Cover|Forest|Natural Forest; China+ (R10)::Investment|Energy Supply; China+ (R10)::Population; China+ (R10)::Primary Energy|Non-Biomass Renewables; China+ (R10)::GDP|MER; China+ (R10)::Land Cover; China+ (R10)::Carbon Sequestration|Land Use; China+ (R10)::Food Demand|Crops; China+ (R10)::Food Demand|Livestock; China+ (R10)::Primary Energy|Fossil|w/ CCS; China+ (R10)::Primary Energy|Fossil|w/o CCS; China+ (R10)::Land Cover|Forest|Natural Forest; Europe (R10)::Investment|Energy Supply; Europe (R10)::Population; Europe (R10)::Primary Energy|Non-Biomass Renewables; Europe (R10)::GDP|MER; Europe (R10)::Land Cover; Europe (R10)::Carbon Sequestration|Land Use; Europe (R10)::Food Demand|Crops; Europe (R10)::Food Demand|Livestock; Europe (R10)::Primary Energy|Fossil|w/ CCS; Europe (R10)::Primary Energy|Fossil|w/o CCS; Europe (R10)::Land Cover|Forest|Natural Forest; India+ (R10)::Investment|Energy Supply; India+ (R10)::Population; India+ (R10)::Primary Energy|Non-Biomass Renewables; India+ (R10)::GDP|MER; India+ (R10)::Land Cover; India+ (R10)::Carbon Sequestration|Land Use; India+ (R10)::Food Demand|Crops; India+ (R10)::Food Demand|Livestock; India+ (R10)::Primary Energy|Fossil|w/ CCS; India+ (R10)::Primary Energy|Fossil|w/o CCS; India+ (R10)::Land Cover|Forest|Natural Forest; Latin America (R10)::Investment|Energy Supply; Latin America (R10)::Population; Latin America (R10)::Primary Energy|Non-Biomass Renewables; Latin America (R10)::GDP|MER; Latin America (R10)::Land Cover; Latin America (R10)::Carbon Sequestration|Land Use; Latin America (R10)::Food Demand|Crops; Latin America (R10)::Food Demand|Livestock; Latin America (R10)::Primary Energy|Fossil|w/ CCS; Latin America (R10)::Primary Energy|Fossil|w/o CCS; Latin America (R10)::Land Cover|Forest|Natural Forest; Middle East (R10)::Investment|Energy Supply; Middle East (R10)::Population; Middle East (R10)::Primary Energy|Non-Biomass Renewables; Middle East (R10)::GDP|MER; Middle East (R10)::Land Cover; Middle East (R10)::Carbon Sequestration|Land Use; Middle East (R10)::Food Demand|Crops; Middle East (R10)::Food Demand|Livestock; Middle East (R10)::Primary Energy|Fossil|w/ CCS; Middle East (R10)::Primary Energy|Fossil|w/o CCS; Middle East (R10)::Land Cover|Forest|Natural Forest; North America (R10)::Investment|Energy Supply; North America (R10)::Population; North America (R10)::Primary Energy|Non-Biomass Renewables; North America (R10)::GDP|MER; North America (R10)::Land Cover; North America (R10)::Carbon Sequestration|Land Use; North America (R10)::Food Demand|Crops; North America (R10)::Food Demand|Livestock; North America (R10)::Primary Energy|Fossil|w/ CCS; North America (R10)::Primary Energy|Fossil|w/o CCS; North America (R10)::Land Cover|Forest|Natural Forest; Pacific OECD (R10)::Investment|Energy Supply; Pacific OECD (R10)::Population; Pacific OECD (R10)::Primary Energy|Non-Biomass Renewables; Pacific OECD (R10)::GDP|MER; Pacific OECD (R10)::Land Cover; Pacific OECD (R10)::Carbon Sequestration|Land Use; Pacific OECD (R10)::Food Demand|Crops; Pacific OECD (R10)::Food Demand|Livestock; Pacific OECD (R10)::Primary Energy|Fossil|w/ CCS; Pacific OECD (R10)::Primary Energy|Fossil|w/o CCS; Pacific OECD (R10)::Land Cover|Forest|Natural Forest; Reforming Economies (R10)::Investment|Energy Supply; Reforming Economies (R10)::Population; Reforming Economies (R10)::Primary Energy|Non-Biomass Renewables; Reforming Economies (R10)::GDP|MER; Reforming Economies (R10)::Land Cover; Reforming Economies (R10)::Carbon Sequestration|Land Use; Reforming Economies (R10)::Food Demand|Crops; Reforming Economies (R10)::Food Demand|Livestock; Reforming Economies (R10)::Primary Energy|Fossil|w/ CCS; Reforming Economies (R10)::Primary Energy|Fossil|w/o CCS; Reforming Economies (R10)::Land Cover|Forest|Natural Forest; Rest of Asia (R10)::Investment|Energy Supply; Rest of Asia (R10)::Population; Rest of Asia (R10)::Primary Energy|Non-Biomass Renewables; Rest of Asia (R10)::GDP|MER; Rest of Asia (R10)::Land Cover; Rest of Asia (R10)::Carbon Sequestration|Land Use; Rest of Asia (R10)::Food Demand|Crops; Rest of Asia (R10)::Food Demand|Livestock; Rest of Asia (R10)::Primary Energy|Fossil|w/ CCS; Rest of Asia (R10)::Primary Energy|Fossil|w/o CCS; Rest of Asia (R10)::Land Cover|Forest|Natural Forest
TIAM-ECN 1.1,ENGAGE-NPi2020-1200,1,120,Africa (R10)::Investment|Energy Supply; Africa (R10)::Population; Africa (R10)::Primary Energy|Non-Biomass Renewables; Africa (R10)::GDP|MER; Africa (R10)::Land Cover; Africa (R10)::Carbon Sequestration|Land Use; Africa (R10)::Food Demand|Crops; Africa (R10)::Food Demand|Livestock; Africa (R10)::Primary Energy|Fossil|w/ CCS; Africa (R10)::Primary Energy|Fossil|w/o CCS; Africa (R10)::Land Cover|Forest|Natural Forest; China+ (R10)::Investment|Energy Supply; China+ (R10)::Population; China+ (R10)::Primary Energy|Non-Biomass Renewables; China+ (R10)::GDP|MER; China+ (R10)::Land Cover; China+ (R10)::Carbon Sequestration|Land Use; China+ (R10)::Food Demand|Crops; China+ (R10)::Food Demand|Livestock; China+ (R10)::Primary Energy|Fossil|w/ CCS; China+ (R10)::Primary Energy|Fossil|w/o CCS; China+ (R10)::Land Cover|Forest|Natural Forest; Europe (R10)::Investment|Energy Supply; Europe (R10)::Population; Europe (R10)::Primary Energy|Non-Biomass Renewables; Europe (R10)::GDP|MER; Europe (R10)::Land Cover; Europe (R10)::Carbon Sequestration|Land Use; Europe (R10)::Food Demand|Crops; Europe (R10)::Food Demand|Livestock; Europe (R10)::Primary Energy|Fossil|w/ CCS; Europe (R10)::Primary Energy|Fossil|w/o CCS; Europe (R10)::Land Cover|Forest|Natural Forest; India+ (R10)::Investment|Energy Supply; India+ (R10)::Population; India+ (R10)::Primary Energy|Non-Biomass Renewables; India+ (R10)::GDP|MER; India+ (R10)::Land Cover; India+ (R10)::Carbon Sequestration|Land Use; India+ (R10)::Food Demand|Crops; India+ (R10)::Food Demand|Livestock; India+ (R10)::Primary Energy|Fossil|w/ CCS; India+ (R10)::Primary Energy|Fossil|w/o CCS; India+ (R10)::Land Cover|Forest|Natural Forest; Latin America (R10)::Investment|Energy Supply; Latin America (R10)::Population; Latin America (R10)::Primary Energy|Non-Biomass Renewables; Latin America (R10)::GDP|MER; Latin America (R10)::Land Cover; Latin America (R10)::Carbon Sequestration|Land Use; Latin America (R10)::Food Demand|Crops; Latin America (R10)::Food Demand|Livestock; Latin America (R10)::Primary Energy|Fossil|w/ CCS; Latin America (R10)::Primary Energy|Fossil|w/o CCS; Latin America (R10)::Land Cover|Forest|Natural Forest; Middle East (R10)::Investment|Energy Supply; Middle East (R10)::Population; Middle East (R10)::Primary Energy|Non-Biomass Renewables; Middle East (R10)::GDP|MER; Middle East (R10)::Land Cover; Middle East (R10)::Carbon Sequestration|Land Use; Middle East (R10)::Food Demand|Crops; Middle East (R10)::Food Demand|Livestock; Middle East (R10)::Primary Energy|Fossil|w/ CCS; Middle East (R10)::Primary Energy|Fossil|w/o CCS; Middle East (R10)::Land Cover|Forest|Natural Forest; North America (R10)::Investment|Energy Supply; North America (R10)::Population; North America (R10)::Primary Energy|Non-Biomass Renewables; North America (R10)::GDP|MER; North America (R10)::Land Cover; North America (R10)::Carbon Sequestration|Land Use; North America (R10)::Food Demand|Crops; North America (R10)::Food Demand|Livestock; North America (R10)::Primary Energy|Fossil|w/ CCS; North America (R10)::Primary Energy|Fossil|w/o CCS; North America (R10)::Land Cover|Forest|Natural Forest; Pacific OECD (R10)::Investment|Energy Supply; Pacific OECD (R10)::Population; Pacific OECD (R10)::Primary Energy|Non-Biomass Renewables; Pacific OECD (R10)::GDP|MER; Pacific OECD (R10)::Land Cover; Pacific OECD (R10)::Carbon Sequestration|Land Use; Pacific OECD (R10)::Food Demand|Crops; Pacific OECD (R10)::Food Demand|Livestock; Pacific OECD (R10)::Primary Energy|Fossil|w/ CCS; Pacific OECD (R10)::Primary Energy|Fossil|w/o CCS; Pacific OECD (R10)::Land Cover|Forest|Natural Forest; Reforming Economies (R10)::Investment|Energy Supply; Reforming Economies (R10)::Population; Reforming Economies (R10)::Primary Energy|Non-Biomass Renewables; Reforming Economies (R10)::GDP|MER; Reforming Economies (R10)::Land Cover; Reforming Economies (R10)::Carbon Sequestration|Land Use; Reforming Economies (R10)::Food Demand|Crops; Reforming Economies (R10)::Food Demand|Livestock; Reforming Economies (R10)::Primary Energy|Fossil|w/ CCS; Reforming Economies (R10)::Primary Energy|Fossil|w/o CCS; Reforming Economies (R10)::Land Cover|Forest|Natural Forest; Rest of Asia (R10)::Investment|Energy Supply; Rest of Asia (R10)::Population; Rest of Asia (R10)::Primary Energy|Non-Biomass Renewables; Rest of Asia (R10)::GDP|MER; Rest of Asia (R10)::Land Cover; Rest of Asia (R10)::Carbon Sequestration|Land Use; Rest of Asia (R10)::Food Demand|Crops; Rest of Asia (R10)::Food Demand|Livestock; Rest of Asia (R10)::Primary Energy|Fossil|w/ CCS; Rest of Asia (R10)::Primary Energy|Fossil|w/o CCS; Rest of Asia (R10)::Land Cover|Forest|Natural Forest
TIAM-ECN 1.1,ENGAGE-NPi2020-1200f,1,120,Africa (R10)::Investment|Energy Supply; Africa (R10)::Population; Africa (R10)::Primary Energy|Non-Biomass Renewables; Africa (R10)::GDP|MER; Africa (R10)::Land Cover; Africa (R10)::Carbon Sequestration|Land Use; Africa (R10)::Food Demand|Crops; Africa (R10)::Food Demand|Livestock; Africa (R10)::Primary Energy|Fossil|w/ CCS; Africa (R10)::Primary Energy|Fossil|w/o CCS; Africa (R10)::Land Cover|Forest|Natural Forest; China+ (R10)::Investment|Energy Supply; China+ (R10)::Population; China+ (R10)::Primary Energy|Non-Biomass Renewables; China+ (R10)::GDP|MER; China+ (R10)::Land Cover; China+ (R10)::Carbon Sequestration|Land Use; China+ (R10)::Food Demand|Crops; China+ (R10)::Food Demand|Livestock; China+ (R10)::Primary Energy|Fossil|w/ CCS; China+ (R10)::Primary Energy|Fossil|w/o CCS; China+ (R10)::Land Cover|Forest|Natural Forest; Europe (R10)::Investment|Energy Supply; Europe (R10)::Population; Europe (R10)::Primary Energy|Non-Biomass Renewables; Europe (R10)::GDP|MER; Europe (R10)::Land Cover; Europe (R10)::Carbon Sequestration|Land Use; Europe (R10)::Food Demand|Crops; Europe (R10)::Food Demand|Livestock; Europe (R10)::Primary Energy|Fossil|w/ CCS; Europe (R10)::Primary Energy|Fossil|w/o CCS; Europe (R10)::Land Cover|Forest|Natural Forest; India+ (R10)::Investment|Energy Supply; India+ (R10)::Population; India+ (R10)::Primary Energy|Non-Biomass Renewables; India+ (R10)::GDP|MER; India+ (R10)::Land Cover; India+ (R10)::Carbon Sequestration|Land Use; India+ (R10)::Food Demand|Crops; India+ (R10)::Food Demand|Livestock; India+ (R10)::Primary Energy|Fossil|w/ CCS; India+ (R10)::Primary Energy|Fossil|w/o CCS; India+ (R10)::Land Cover|Forest|Natural Forest; Latin America (R10)::Investment|Energy Supply; Latin America (R10)::Population; Latin America (R10)::Primary Energy|Non-Biomass Renewables; Latin America (R10)::GDP|MER; Latin America (R10)::Land Cover; Latin America (R10)::Carbon Sequestration|Land Use; Latin America (R10)::Food Demand|Crops; Latin America (R10)::Food Demand|Livestock; Latin America (R10)::Primary Energy|Fossil|w/ CCS; Latin America (R10)::Primary Energy|Fossil|w/o CCS; Latin America (R10)::Land Cover|Forest|Natural Forest; Middle East (R10)::Investment|Energy Supply; Middle East (R10)::Population; Middle East (R10)::Primary Energy|Non-Biomass Renewables; Middle East (R10)::GDP|MER; Middle East (R10)::Land Cover; Middle East (R10)::Carbon Sequestration|Land Use; Middle East (R10)::Food Demand|Crops; Middle East (R10)::Food Demand|Livestock; Middle East (R10)::Primary Energy|Fossil|w/ CCS; Middle East (R10)::Primary Energy|Fossil|w/o CCS; Middle East (R10)::Land Cover|Forest|Natural Forest; North America (R10)::Investment|Energy Supply; North America (R10)::Population; North America (R10)::Primary Energy|Non-Biomass Renewables; North America (R10)::GDP|MER; North America (R10)::Land Cover; North America (R10)::Carbon Sequestration|Land Use; North America (R10)::Food Demand|Crops; North America (R10)::Food Demand|Livestock; North America (R10)::Primary Energy|Fossil|w/ CCS; North America (R10)::Primary Energy|Fossil|w/o CCS; North America (R10)::Land Cover|Forest|Natural Forest; Pacific OECD (R10)::Investment|Energy Supply; Pacific OECD (R10)::Population; Pacific OECD (R10)::Primary Energy|Non-Biomass Renewables; Pacific OECD (R10)::GDP|MER; Pacific OECD (R10)::Land Cover; Pacific OECD (R10)::Carbon Sequestration|Land Use; Pacific OECD (R10)::Food Demand|Crops; Pacific OECD (R10)::Food Demand|Livestock; Pacific OECD (R10)::Primary Energy|Fossil|w/ CCS; Pacific OECD (R10)::Primary Energy|Fossil|w/o CCS; Pacific OECD (R10)::Land Cover|Forest|Natural Forest; Reforming Economies (R10)::Investment|Energy Supply; Reforming Economies (R10)::Population; Reforming Economies (R10)::Primary Energy|Non-Biomass Renewables; Reforming Economies (R10)::GDP|MER; Reforming Economies (R10)::Land Cover; Reforming Economies (R10)::Carbon Sequestration|Land Use; Reforming Economies (R10)::Food Demand|Crops; Reforming Economies (R10)::Food Demand|Livestock; Reforming Economies (R10)::Primary Energy|Fossil|w/ CCS; Reforming Economies (R10)::Primary Energy|Fossil|w/o CCS; Reforming Economies (R10)::Land Cover|Forest|Natural Forest; Rest of Asia (R10)::Investment|Energy Supply; Rest of Asia (R10)::Population; Rest of Asia (R10)::Primary Energy|Non-Biomass Renewables; Rest of Asia (R10)::GDP|MER; Rest of Asia (R10)::Land Cover; Rest of Asia (R10)::Carbon Sequestration|Land Use; Rest of Asia (R10)::Food Demand|Crops; Rest of Asia (R10)::Food Demand|Livestock; Rest of Asia (R10)::Primary Energy|Fossil|w/ CCS; Rest of Asia (R10)::Primary Energy|Fossil|w/o CCS; Rest of Asia (R10)::Land Cover|Forest|Natural Forest
TIAM-ECN 1.1,ENGAGE-NPi2020-1400,1,120,Africa (R10)::Investment|Energy Supply; Africa (R10)::Population; Africa (R10)::Primary Energy|Non-Biomass Renewables; Africa (R10)::GDP|MER; Africa (R10)::Land Cover; Africa (R10)::Carbon Sequestration|Land Use; Africa (R10)::Food Demand|Crops; Africa (R10)::Food Demand|Livestock; Africa (R10)::Primary Energy|Fossil|w/ CCS; Africa (R10)::Primary Energy|Fossil|w/o CCS; Africa (R10)::Land Cover|Forest|Natural Forest; China+ (R10)::Investment|Energy Supply; China+ (R10)::Population; China+ (R10)::Primary Energy|Non-Biomass Renewables; China+ (R10)::GDP|MER; China+ (R10)::Land Cover; China+ (R10)::Carbon Sequestration|Land Use; China+ (R10)::Food Demand|Crops; China+ (R10)::Food Demand|Livestock; China+ (R10)::Primary Energy|Fossil|w/ CCS; China+ (R10)::Primary Energy|Fossil|w/o CCS; China+ (R10)::Land Cover|Forest|Natural Forest; Europe (R10)::Investment|Energy Supply; Europe (R10)::Population; Europe (R10)::Primary Energy|Non-Biomass Renewables; Europe (R10)::GDP|MER; Europe (R10)::Land Cover; Europe (R10)::Carbon Sequestration|Land Use; Europe (R10)::Food Demand|Crops; Europe (R10)::Food Demand|Livestock; Europe (R10)::Primary Energy|Fossil|w/ CCS; Europe (R10)::Primary Energy|Fossil|w/o CCS; Europe (R10)::Land Cover|Forest|Natural Forest; India+ (R10)::Investment|Energy Supply; India+ (R10)::Population; India+ (R10)::Primary Energy|Non-Biomass Renewables; India+ (R10)::GDP|MER; India+ (R10)::Land Cover; India+ (R10)::Carbon Sequestration|Land Use; India+ (R10)::Food Demand|Crops; India+ (R10)::Food Demand|Livestock; India+ (R10)::Primary Energy|Fossil|w/ CCS; India+ (R10)::Primary Energy|Fossil|w/o CCS; India+ (R10)::Land Cover|Forest|Natural Forest; Latin America (R10)::Investment|Energy Supply; Latin America (R10)::Population; Latin America (R10)::Primary Energy|Non-Biomass Renewables; Latin America (R10)::GDP|MER; Latin America (R10)::Land Cover; Latin America (R10)::Carbon Sequestration|Land Use; Latin America (R10)::Food Demand|Crops; Latin America (R10)::Food Demand|Livestock; Latin America (R10)::Primary Energy|Fossil|w/ CCS; Latin America (R10)::Primary Energy|Fossil|w/o CCS; Latin America (R10)::Land Cover|Forest|Natural Forest; Middle East (R10)::Investment|Energy Supply; Middle East (R10)::Population; Middle East (R10)::Primary Energy|Non-Biomass Renewables; Middle East (R10)::GDP|MER; Middle East (R10)::Land Cover; Middle East (R10)::Carbon Sequestration|Land Use; Middle East (R10)::Food Demand|Crops; Middle East (R10)::Food Demand|Livestock; Middle East (R10)::Primary Energy|Fossil|w/ CCS; Middle East (R10)::Primary Energy|Fossil|w/o CCS; Middle East (R10)::Land Cover|Forest|Natural Forest; North America (R10)::Investment|Energy Supply; North America (R10)::Population; North America (R10)::Primary Energy|Non-Biomass Renewables; North America (R10)::GDP|MER; North America (R10)::Land Cover; North America (R10)::Carbon Sequestration|Land Use; North America (R10)::Food Demand|Crops; North America (R10)::Food Demand|Livestock; North America (R10)::Primary Energy|Fossil|w/ CCS; North America (R10)::Primary Energy|Fossil|w/o CCS; North America (R10)::Land Cover|Forest|Natural Forest; Pacific OECD (R10)::Investment|Energy Supply; Pacific OECD (R10)::Population; Pacific OECD (R10)::Primary Energy|Non-Biomass Renewables; Pacific OECD (R10)::GDP|MER; Pacific OECD (R10)::Land Cover; Pacific OECD (R10)::Carbon Sequestration|Land Use; Pacific OECD (R10)::Food Demand|Crops; Pacific OECD (R10)::Food Demand|Livestock; Pacific OECD (R10)::Primary Energy|Fossil|w/ CCS; Pacific OECD (R10)::Primary Energy|Fossil|w/o CCS; Pacific OECD (R10)::Land Cover|Forest|Natural Forest; Reforming Economies (R10)::Investment|Energy Supply; Reforming Economies (R10)::Population; Reforming Economies (R10)::Primary Energy|Non-Biomass Renewables; Reforming Economies (R10)::GDP|MER; Reforming Economies (R10)::Land Cover; Reforming Economies (R10)::Carbon Sequestration|Land Use; Reforming Economies (R10)::Food Demand|Crops; Reforming Economies (R10)::Food Demand|Livestock; Reforming Economies (R10)::Primary Energy|Fossil|w/ CCS; Reforming Economies (R10)::Primary Energy|Fossil|w/o CCS; Reforming Economies (R10)::Land Cover|Forest|Natural Forest; Rest of Asia (R10)::Investment|Energy Supply; Rest of Asia (R10)::Population; Rest of Asia (R10)::Primary Energy|Non-Biomass Renewables; Rest of Asia (R10)::GDP|MER; Rest of Asia (R10)::Land Cover; Rest of Asia (R10)::Carbon Sequestration|Land Use; Rest of Asia (R10)::Food Demand|Crops; Rest of Asia (R10)::Food Demand|Livestock; Rest of Asia (R10)::Primary Energy|Fossil|w/ CCS; Rest of Asia (R10)::Primary Energy|Fossil|w/o CCS; Rest of Asia (R10)::Land Cover|Forest|Natural Forest
TIAM-ECN 1.1,ENGAGE-NPi2020-1400f,1,120,Africa (R10)::Investment|Energy Supply; Africa (R10)::Population; Africa (R10)::Primary Energy|Non-Biomass Renewables; Africa (R10)::GDP|MER; Africa (R10)::Land Cover; Africa (R10)::Carbon Sequestration|Land Use; Africa (R10)::Food Demand|Crops; Africa (R10)::Food Demand|Livestock; Africa (R10)::Primary Energy|Fossil|w/ CCS; Africa (R10)::Primary Energy|Fossil|w/o CCS; Africa (R10)::Land Cover|Forest|Natural Forest; China+ (R10)::Investment|Energy Supply; China+ (R10)::Population; China+ (R10)::Primary Energy|Non-Biomass Renewables; China+ (R10)::GDP|MER; China+ (R10)::Land Cover; China+ (R10)::Carbon Sequestration|Land Use; China+ (R10)::Food Demand|Crops; China+ (R10)::Food Demand|Livestock; China+ (R10)::Primary Energy|Fossil|w/ CCS; China+ (R10)::Primary Energy|Fossil|w/o CCS; China+ (R10)::Land Cover|Forest|Natural Forest; Europe (R10)::Investment|Energy Supply; Europe (R10)::Population; Europe (R10)::Primary Energy|Non-Biomass Renewables; Europe (R10)::GDP|MER; Europe (R10)::Land Cover; Europe (R10)::Carbon Sequestration|Land Use; Europe (R10)::Food Demand|Crops; Europe (R10)::Food Demand|Livestock; Europe (R10)::Primary Energy|Fossil|w/ CCS; Europe (R10)::Primary Energy|Fossil|w/o CCS; Europe (R10)::Land Cover|Forest|Natural Forest; India+ (R10)::Investment|Energy Supply; India+ (R10)::Population; India+ (R10)::Primary Energy|Non-Biomass Renewables; India+ (R10)::GDP|MER; India+ (R10)::Land Cover; India+ (R10)::Carbon Sequestration|Land Use; India+ (R10)::Food Demand|Crops; India+ (R10)::Food Demand|Livestock; India+ (R10)::Primary Energy|Fossil|w/ CCS; India+ (R10)::Primary Energy|Fossil|w/o CCS; India+ (R10)::Land Cover|Forest|Natural Forest; Latin America (R10)::Investment|Energy Supply; Latin America (R10)::Population; Latin America (R10)::Primary Energy|Non-Biomass Renewables; Latin America (R10)::GDP|MER; Latin America (R10)::Land Cover; Latin America (R10)::Carbon Sequestration|Land Use; Latin America (R10)::Food Demand|Crops; Latin America (R10)::Food Demand|Livestock; Latin America (R10)::Primary Energy|Fossil|w/ CCS; Latin America (R10)::Primary Energy|Fossil|w/o CCS; Latin America (R10)::Land Cover|Forest|Natural Forest; Middle East (R10)::Investment|Energy Supply; Middle East (R10)::Population; Middle East (R10)::Primary Energy|Non-Biomass Renewables; Middle East (R10)::GDP|MER; Middle East (R10)::Land Cover; Middle East (R10)::Carbon Sequestration|Land Use; Middle East (R10)::Food Demand|Crops; Middle East (R10)::Food Demand|Livestock; Middle East (R10)::Primary Energy|Fossil|w/ CCS; Middle East (R10)::Primary Energy|Fossil|w/o CCS; Middle East (R10)::Land Cover|Forest|Natural Forest; North America (R10)::Investment|Energy Supply; North America (R10)::Population; North America (R10)::Primary Energy|Non-Biomass Renewables; North America (R10)::GDP|MER; North America (R10)::Land Cover; North America (R10)::Carbon Sequestration|Land Use; North America (R10)::Food Demand|Crops; North America (R10)::Food Demand|Livestock; North America (R10)::Primary Energy|Fossil|w/ CCS; North America (R10)::Primary Energy|Fossil|w/o CCS; North America (R10)::Land Cover|Forest|Natural Forest; Pacific OECD (R10)::Investment|Energy Supply; Pacific OECD (R10)::Population; Pacific OECD (R10)::Primary Energy|Non-Biomass Renewables; Pacific OECD (R10)::GDP|MER; Pacific OECD (R10)::Land Cover; Pacific OECD (R10)::Carbon Sequestration|Land Use; Pacific OECD (R10)::Food Demand|Crops; Pacific OECD (R10)::Food Demand|Livestock; Pacific OECD (R10)::Primary Energy|Fossil|w/ CCS; Pacific OECD (R10)::Primary Energy|Fossil|w/o CCS; Pacific OECD (R10)::Land Cover|Forest|Natural Forest; Reforming Economies (R10)::Investment|Energy Supply; Reforming Economies (R10)::Population; Reforming Economies (R10)::Primary Energy|Non-Biomass Renewables; Reforming Economies (R10)::GDP|MER; Reforming Economies (R10)::Land Cover; Reforming Economies (R10)::Carbon Sequestration|Land Use; Reforming Economies (R10)::Food Demand|Crops; Reforming Economies (R10)::Food Demand|Livestock; Reforming Economies (R10)::Primary Energy|Fossil|w/ CCS; Reforming Economies (R10)::Primary Energy|Fossil|w/o CCS; Reforming Economies (R10)::Land Cover|Forest|Natural Forest; Rest of Asia (R10)::Investment|Energy Supply; Rest of Asia (R10)::Population; Rest of Asia (R10)::Primary Energy|Non-Biomass Renewables; Rest of Asia (R10)::GDP|MER; Rest of Asia (R10)::Land Cover; Rest of Asia (R10)::Carbon Sequestration|Land Use; Rest of Asia (R10)::Food Demand|Crops; Rest of Asia (R10)::Food Demand|Livestock; Rest of Asia (R10)::Primary Energy|Fossil|w/ CCS; Rest of Asia (R10)::Primary Energy|Fossil|w/o CCS; Rest of Asia (R10)::Land Cover|Forest|Natural Forest
TIAM-ECN 1.1,ENGAGE-NPi2020-1600,1,120,Africa (R10)::Investment|Energy Supply; Africa (R10)::Population; Africa (R10)::Primary Energy|Non-Biomass Renewables; Africa (R10)::GDP|MER; Africa (R10)::Land Cover; Africa (R10)::Carbon Sequestration|Land Use; Africa (R10)::Food Demand|Crops; Africa (R10)::Food Demand|Livestock; Africa (R10)::Primary Energy|Fossil|w/ CCS; Africa (R10)::Primary Energy|Fossil|w/o CCS; Africa (R10)::Land Cover|Forest|Natural Forest; China+ (R10)::Investment|Energy Supply; China+ (R10)::Population; China+ (R10)::Primary Energy|Non-Biomass Renewables; China+ (R10)::GDP|MER; China+ (R10)::Land Cover; China+ (R10)::Carbon Sequestration|Land Use; China+ (R10)::Food Demand|Crops; China+ (R10)::Food Demand|Livestock; China+ (R10)::Primary Energy|Fossil|w/ CCS; China+ (R10)::Primary Energy|Fossil|w/o CCS; China+ (R10)::Land Cover|Forest|Natural Forest; Europe (R10)::Investment|Energy Supply; Europe (R10)::Population; Europe (R10)::Primary Energy|Non-Biomass Renewables; Europe (R10)::GDP|MER; Europe (R10)::Land Cover; Europe (R10)::Carbon Sequestration|Land Use; Europe (R10)::Food Demand|Crops; Europe (R10)::Food Demand|Livestock; Europe (R10)::Primary Energy|Fossil|w/ CCS; Europe (R10)::Primary Energy|Fossil|w/o CCS; Europe (R10)::Land Cover|Forest|Natural Forest; India+ (R10)::Investment|Energy Supply; India+ (R10)::Population; India+ (R10)::Primary Energy|Non-Biomass Renewables; India+ (R10)::GDP|MER; India+ (R10)::Land Cover; India+ (R10)::Carbon Sequestration|Land Use; India+ (R10)::Food Demand|Crops; India+ (R10)::Food Demand|Livestock; India+ (R10)::Primary Energy|Fossil|w/ CCS; India+ (R10)::Primary Energy|Fossil|w/o CCS; India+ (R10)::Land Cover|Forest|Natural Forest; Latin America (R10)::Investment|Energy Supply; Latin America (R10)::Population; Latin America (R10)::Primary Energy|Non-Biomass Renewables; Latin America (R10)::GDP|MER; Latin America (R10)::Land Cover; Latin America (R10)::Carbon Sequestration|Land Use; Latin America (R10)::Food Demand|Crops; Latin America (R10)::Food Demand|Livestock; Latin America (R10)::Primary Energy|Fossil|w/ CCS; Latin America (R10)::Primary Energy|Fossil|w/o CCS; Latin America (R10)::Land Cover|Forest|Natural Forest; Middle East (R10)::Investment|Energy Supply; Middle East (R10)::Population; Middle East (R10)::Primary Energy|Non-Biomass Renewables; Middle East (R10)::GDP|MER; Middle East (R10)::Land Cover; Middle East (R10)::Carbon Sequestration|Land Use; Middle East (R10)::Food Demand|Crops; Middle East (R10)::Food Demand|Livestock; Middle East (R10)::Primary Energy|Fossil|w/ CCS; Middle East (R10)::Primary Energy|Fossil|w/o CCS; Middle East (R10)::Land Cover|Forest|Natural Forest; North America (R10)::Investment|Energy Supply; North America (R10)::Population; North America (R10)::Primary Energy|Non-Biomass Renewables; North America (R10)::GDP|MER; North America (R10)::Land Cover; North America (R10)::Carbon Sequestration|Land Use; North America (R10)::Food Demand|Crops; North America (R10)::Food Demand|Livestock; North America (R10)::Primary Energy|Fossil|w/ CCS; North America (R10)::Primary Energy|Fossil|w/o CCS; North America (R10)::Land Cover|Forest|Natural Forest; Pacific OECD (R10)::Investment|Energy Supply; Pacific OECD (R10)::Population; Pacific OECD (R10)::Primary Energy|Non-Biomass Renewables; Pacific OECD (R10)::GDP|MER; Pacific OECD (R10)::Land Cover; Pacific OECD (R10)::Carbon Sequestration|Land Use; Pacific OECD (R10)::Food Demand|Crops; Pacific OECD (R10)::Food Demand|Livestock; Pacific OECD (R10)::Primary Energy|Fossil|w/ CCS; Pacific OECD (R10)::Primary Energy|Fossil|w/o CCS; Pacific OECD (R10)::Land Cover|Forest|Natural Forest; Reforming Economies (R10)::Investment|Energy Supply; Reforming Economies (R10)::Population; Reforming Economies (R10)::Primary Energy|Non-Biomass Renewables; Reforming Economies (R10)::GDP|MER; Reforming Economies (R10)::Land Cover; Reforming Economies (R10)::Carbon Sequestration|Land Use; Reforming Economies (R10)::Food Demand|Crops; Reforming Economies (R10)::Food Demand|Livestock; Reforming Economies (R10)::Primary Energy|Fossil|w/ CCS; Reforming Economies (R10)::Primary Energy|Fossil|w/o CCS; Reforming Economies (R10)::Land Cover|Forest|Natural Forest; Rest of Asia (R10)::Investment|Energy Supply; Rest of Asia (R10)::Population; Rest of Asia (R10)::Primary Energy|Non-Biomass Renewables; Rest of Asia (R10)::GDP|MER; Rest of Asia (R10)::Land Cover; Rest of Asia (R10)::Carbon Sequestration|Land Use; Rest of Asia (R10)::Food Demand|Crops; Rest of Asia (R10)::Food Demand|Livestock; Rest of Asia (R10)::Primary Energy|Fossil|w/ CCS; Rest of Asia (R10)::Primary Energy|Fossil|w/o CCS; Rest of Asia (R10)::Land Cover|Forest|Natural Forest
TIAM-ECN 1.1,ENGAGE-NPi2020-800,1,120,Africa (R10)::Investment|Energy Supply; Africa (R10)::Population; Africa (R10)::Primary Energy|Non-Biomass Renewables; Africa (R10)::GDP|MER; Africa (R10)::Land Cover; Africa (R10)::Carbon Sequestration|Land Use; Africa (R10)::Food Demand|Crops; Africa (R10)::Food Demand|Livestock; Africa (R10)::Primary Energy|Fossil|w/ CCS; Africa (R10)::Primary Energy|Fossil|w/o CCS; Africa (R10)::Land Cover|Forest|Natural Forest; China+ (R10)::Investment|Energy Supply; China+ (R10)::Population; China+ (R10)::Primary Energy|Non-Biomass Renewables; China+ (R10)::GDP|MER; China+ (R10)::Land Cover; China+ (R10)::Carbon Sequestration|Land Use; China+ (R10)::Food Demand|Crops; China+ (R10)::Food Demand|Livestock; China+ (R10)::Primary Energy|Fossil|w/ CCS; China+ (R10)::Primary Energy|Fossil|w/o CCS; China+ (R10)::Land Cover|Forest|Natural Forest; Europe (R10)::Investment|Energy Supply; Europe (R10)::Population; Europe (R10)::Primary Energy|Non-Biomass Renewables; Europe (R10)::GDP|MER; Europe (R10)::Land Cover; Europe (R10)::Carbon Sequestration|Land Use; Europe (R10)::Food Demand|Crops; Europe (R10)::Food Demand|Livestock; Europe (R10)::Primary Energy|Fossil|w/ CCS; Europe (R10)::Primary Energy|Fossil|w/o CCS; Europe (R10)::Land Cover|Forest|Natural Forest; India+ (R10)::Investment|Energy Supply; India+ (R10)::Population; India+ (R10)::Primary Energy|Non-Biomass Renewables; India+ (R10)::GDP|MER; India+ (R10)::Land Cover; India+ (R10)::Carbon Sequestration|Land Use; India+ (R10)::Food Demand|Crops; India+ (R10)::Food Demand|Livestock; India+ (R10)::Primary Energy|Fossil|w/ CCS; India+ (R10)::Primary Energy|Fossil|w/o CCS; India+ (R10)::Land Cover|Forest|Natural Forest; Latin America (R10)::Investment|Energy Supply; Latin America (R10)::Population; Latin America (R10)::Primary Energy|Non-Biomass Renewables; Latin America (R10)::GDP|MER; Latin America (R10)::Land Cover; Latin America (R10)::Carbon Sequestration|Land Use; Latin America (R10)::Food Demand|Crops; Latin America (R10)::Food Demand|Livestock; Latin America (R10)::Primary Energy|Fossil|w/ CCS; Latin America (R10)::Primary Energy|Fossil|w/o CCS; Latin America (R10)::Land Cover|Forest|Natural Forest; Middle East (R10)::Investment|Energy Supply; Middle East (R10)::Population; Middle East (R10)::Primary Energy|Non-Biomass Renewables; Middle East (R10)::GDP|MER; Middle East (R10)::Land Cover; Middle East (R10)::Carbon Sequestration|Land Use; Middle East (R10)::Food Demand|Crops; Middle East (R10)::Food Demand|Livestock; Middle East (R10)::Primary Energy|Fossil|w/ CCS; Middle East (R10)::Primary Energy|Fossil|w/o CCS; Middle East (R10)::Land Cover|Forest|Natural Forest; North America (R10)::Investment|Energy Supply; North America (R10)::Population; North America (R10)::Primary Energy|Non-Biomass Renewables; North America (R10)::GDP|MER; North America (R10)::Land Cover; North America (R10)::Carbon Sequestration|Land Use; North America (R10)::Food Demand|Crops; North America (R10)::Food Demand|Livestock; North America (R10)::Primary Energy|Fossil|w/ CCS; North America (R10)::Primary Energy|Fossil|w/o CCS; North America (R10)::Land Cover|Forest|Natural Forest; Pacific OECD (R10)::Investment|Energy Supply; Pacific OECD (R10)::Population; Pacific OECD (R10)::Primary Energy|Non-Biomass Renewables; Pacific OECD (R10)::GDP|MER; Pacific OECD (R10)::Land Cover; Pacific OECD (R10)::Carbon Sequestration|Land Use; Pacific OECD (R10)::Food Demand|Crops; Pacific OECD (R10)::Food Demand|Livestock; Pacific OECD (R10)::Primary Energy|Fossil|w/ CCS; Pacific OECD (R10)::Primary Energy|Fossil|w/o CCS; Pacific OECD (R10)::Land Cover|Forest|Natural Forest; Reforming Economies (R10)::Investment|Energy Supply; Reforming Economies (R10)::Population; Reforming Economies (R10)::Primary Energy|Non-Biomass Renewables; Reforming Economies (R10)::GDP|MER; Reforming Economies (R10)::Land Cover; Reforming Economies (R10)::Carbon Sequestration|Land Use; Reforming Economies (R10)::Food Demand|Crops; Reforming Economies (R10)::Food Demand|Livestock; Reforming Economies (R10)::Primary Energy|Fossil|w/ CCS; Reforming Economies (R10)::Primary Energy|Fossil|w/o CCS; Reforming Economies (R10)::Land Cover|Forest|Natural Forest; Rest of Asia (R10)::Investment|Energy Supply; Rest of Asia (R10)::Population; Rest of Asia (R10)::Primary Energy|Non-Biomass Renewables; Rest of Asia (R10)::GDP|MER; Rest of Asia (R10)::Land Cover; Rest of Asia (R10)::Carbon Sequestration|Land Use; Rest of Asia (R10)::Food Demand|Crops; Rest of Asia (R10)::Food Demand|Livestock; Rest of Asia (R10)::Primary Energy|Fossil|w/ CCS; Rest of Asia (R10)::Primary Energy|Fossil|w/o CCS; Rest of Asia (R10)::Land Cover|Forest|Natural Forest
TIAM-ECN 1.1,ENGAGE-NPi2020-800f,1,120,Africa (R10)::Investment|Energy Supply; Africa (R10)::Population; Africa (R10)::Primary Energy|Non-Biomass Renewables; Africa (R10)::GDP|MER; Africa (R10)::Land Cover; Africa (R10)::Carbon Sequestration|Land Use; Africa (R10)::Food Demand|Crops; Africa (R10)::Food Demand|Livestock; Africa (R10)::Primary Energy|Fossil|w/ CCS; Africa (R10)::Primary Energy|Fossil|w/o CCS; Africa (R10)::Land Cover|Forest|Natural Forest; China+ (R10)::Investment|Energy Supply; China+ (R10)::Population; China+ (R10)::Primary Energy|Non-Biomass Renewables; China+ (R10)::GDP|MER; China+ (R10)::Land Cover; China+ (R10)::Carbon Sequestration|Land Use; China+ (R10)::Food Demand|Crops; China+ (R10)::Food Demand|Livestock; China+ (R10)::Primary Energy|Fossil|w/ CCS; China+ (R10)::Primary Energy|Fossil|w/o CCS; China+ (R10)::Land Cover|Forest|Natural Forest; Europe (R10)::Investment|Energy Supply; Europe (R10)::Population; Europe (R10)::Primary Energy|Non-Biomass Renewables; Europe (R10)::GDP|MER; Europe (R10)::Land Cover; Europe (R10)::Carbon Sequestration|Land Use; Europe (R10)::Food Demand|Crops; Europe (R10)::Food Demand|Livestock; Europe (R10)::Primary Energy|Fossil|w/ CCS; Europe (R10)::Primary Energy|Fossil|w/o CCS; Europe (R10)::Land Cover|Forest|Natural Forest; India+ (R10)::Investment|Energy Supply; India+ (R10)::Population; India+ (R10)::Primary Energy|Non-Biomass Renewables; India+ (R10)::GDP|MER; India+ (R10)::Land Cover; India+ (R10)::Carbon Sequestration|Land Use; India+ (R10)::Food Demand|Crops; India+ (R10)::Food Demand|Livestock; India+ (R10)::Primary Energy|Fossil|w/ CCS; India+ (R10)::Primary Energy|Fossil|w/o CCS; India+ (R10)::Land Cover|Forest|Natural Forest; Latin America (R10)::Investment|Energy Supply; Latin America (R10)::Population; Latin America (R10)::Primary Energy|Non-Biomass Renewables; Latin America (R10)::GDP|MER; Latin America (R10)::Land Cover; Latin America (R10)::Carbon Sequestration|Land Use; Latin America (R10)::Food Demand|Crops; Latin America (R10)::Food Demand|Livestock; Latin America (R10)::Primary Energy|Fossil|w/ CCS; Latin America (R10)::Primary Energy|Fossil|w/o CCS; Latin America (R10)::Land Cover|Forest|Natural Forest; Middle East (R10)::Investment|Energy Supply; Middle East (R10)::Population; Middle East (R10)::Primary Energy|Non-Biomass Renewables; Middle East (R10)::GDP|MER; Middle East (R10)::Land Cover; Middle East (R10)::Carbon Sequestration|Land Use; Middle East (R10)::Food Demand|Crops; Middle East (R10)::Food Demand|Livestock; Middle East (R10)::Primary Energy|Fossil|w/ CCS; Middle East (R10)::Primary Energy|Fossil|w/o CCS; Middle East (R10)::Land Cover|Forest|Natural Forest; North America (R10)::Investment|Energy Supply; North America (R10)::Population; North America (R10)::Primary Energy|Non-Biomass Renewables; North America (R10)::GDP|MER; North America (R10)::Land Cover; North America (R10)::Carbon Sequestration|Land Use; North America (R10)::Food Demand|Crops; North America (R10)::Food Demand|Livestock; North America (R10)::Primary Energy|Fossil|w/ CCS; North America (R10)::Primary Energy|Fossil|w/o CCS; North America (R10)::Land Cover|Forest|Natural Forest; Pacific OECD (R10)::Investment|Energy Supply; Pacific OECD (R10)::Population; Pacific OECD (R10)::Primary Energy|Non-Biomass Renewables; Pacific OECD (R10)::GDP|MER; Pacific OECD (R10)::Land Cover; Pacific OECD (R10)::Carbon Sequestration|Land Use; Pacific OECD (R10)::Food Demand|Crops; Pacific OECD (R10)::Food Demand|Livestock; Pacific OECD (R10)::Primary Energy|Fossil|w/ CCS; Pacific OECD (R10)::Primary Energy|Fossil|w/o CCS; Pacific OECD (R10)::Land Cover|Forest|Natural Forest; Reforming Economies (R10)::Investment|Energy Supply; Reforming Economies (R10)::Population; Reforming Economies (R10)::Primary Energy|Non-Biomass Renewables; Reforming Economies (R10)::GDP|MER; Reforming Economies (R10)::Land Cover; Reforming Economies (R10)::Carbon Sequestration|Land Use; Reforming Economies (R10)::Food Demand|Crops; Reforming Economies (R10)::Food Demand|Livestock; Reforming Economies (R10)::Primary Energy|Fossil|w/ CCS; Reforming Economies (R10)::Primary Energy|Fossil|w/o CCS; Reforming Economies (R10)::Land Cover|Forest|Natural Forest; Rest of Asia (R10)::Investment|Energy Supply; Rest of Asia (R10)::Population; Rest of Asia (R10)::Primary Energy|Non-Biomass Renewables; Rest of Asia (R10)::GDP|MER; Rest of Asia (R10)::Land Cover; Rest of Asia (R10)::Carbon Sequestration|Land Use; Rest of Asia (R10)::Food Demand|Crops; Rest of Asia (R10)::Food Demand|Livestock; Rest of Asia (R10)::Primary Energy|Fossil|w/ CCS; Rest of Asia (R10)::Primary Energy|Fossil|w/o CCS; Rest of Asia (R10)::Land Cover|Forest|Natural Forest
TIAM-ECN 1.1,ENGAGE-NPi2020-900,1,120,Africa (R10)::Investment|Energy Supply; Africa (R10)::Population; Africa (R10)::Primary Energy|Non-Biomass Renewables; Africa (R10)::GDP|MER; Africa (R10)::Land Cover; Africa (R10)::Carbon Sequestration|Land Use; Africa (R10)::Food Demand|Crops; Africa (R10)::Food Demand|Livestock; Africa (R10)::Primary Energy|Fossil|w/ CCS; Africa (R10)::Primary Energy|Fossil|w/o CCS; Africa (R10)::Land Cover|Forest|Natural Forest; China+ (R10)::Investment|Energy Supply; China+ (R10)::Population; China+ (R10)::Primary Energy|Non-Biomass Renewables; China+ (R10)::GDP|MER; China+ (R10)::Land Cover; China+ (R10)::Carbon Sequestration|Land Use; China+ (R10)::Food Demand|Crops; China+ (R10)::Food Demand|Livestock; China+ (R10)::Primary Energy|Fossil|w/ CCS; China+ (R10)::Primary Energy|Fossil|w/o CCS; China+ (R10)::Land Cover|Forest|Natural Forest; Europe (R10)::Investment|Energy Supply; Europe (R10)::Population; Europe (R10)::Primary Energy|Non-Biomass Renewables; Europe (R10)::GDP|MER; Europe (R10)::Land Cover; Europe (R10)::Carbon Sequestration|Land Use; Europe (R10)::Food Demand|Crops; Europe (R10)::Food Demand|Livestock; Europe (R10)::Primary Energy|Fossil|w/ CCS; Europe (R10)::Primary Energy|Fossil|w/o CCS; Europe (R10)::Land Cover|Forest|Natural Forest; India+ (R10)::Investment|Energy Supply; India+ (R10)::Population; India+ (R10)::Primary Energy|Non-Biomass Renewables; India+ (R10)::GDP|MER; India+ (R10)::Land Cover; India+ (R10)::Carbon Sequestration|Land Use; India+ (R10)::Food Demand|Crops; India+ (R10)::Food Demand|Livestock; India+ (R10)::Primary Energy|Fossil|w/ CCS; India+ (R10)::Primary Energy|Fossil|w/o CCS; India+ (R10)::Land Cover|Forest|Natural Forest; Latin America (R10)::Investment|Energy Supply; Latin America (R10)::Population; Latin America (R10)::Primary Energy|Non-Biomass Renewables; Latin America (R10)::GDP|MER; Latin America (R10)::Land Cover; Latin America (R10)::Carbon Sequestration|Land Use; Latin America (R10)::Food Demand|Crops; Latin America (R10)::Food Demand|Livestock; Latin America (R10)::Primary Energy|Fossil|w/ CCS; Latin America (R10)::Primary Energy|Fossil|w/o CCS; Latin America (R10)::Land Cover|Forest|Natural Forest; Middle East (R10)::Investment|Energy Supply; Middle East (R10)::Population; Middle East (R10)::Primary Energy|Non-Biomass Renewables; Middle East (R10)::GDP|MER; Middle East (R10)::Land Cover; Middle East (R10)::Carbon Sequestration|Land Use; Middle East (R10)::Food Demand|Crops; Middle East (R10)::Food Demand|Livestock; Middle East (R10)::Primary Energy|Fossil|w/ CCS; Middle East (R10)::Primary Energy|Fossil|w/o CCS; Middle East (R10)::Land Cover|Forest|Natural Forest; North America (R10)::Investment|Energy Supply; North America (R10)::Population; North America (R10)::Primary Energy|Non-Biomass Renewables; North America (R10)::GDP|MER; North America (R10)::Land Cover; North America (R10)::Carbon Sequestration|Land Use; North America (R10)::Food Demand|Crops; North America (R10)::Food Demand|Livestock; North America (R10)::Primary Energy|Fossil|w/ CCS; North America (R10)::Primary Energy|Fossil|w/o CCS; North America (R10)::Land Cover|Forest|Natural Forest; Pacific OECD (R10)::Investment|Energy Supply; Pacific OECD (R10)::Population; Pacific OECD (R10)::Primary Energy|Non-Biomass Renewables; Pacific OECD (R10)::GDP|MER; Pacific OECD (R10)::Land Cover; Pacific OECD (R10)::Carbon Sequestration|Land Use; Pacific OECD (R10)::Food Demand|Crops; Pacific OECD (R10)::Food Demand|Livestock; Pacific OECD (R10)::Primary Energy|Fossil|w/ CCS; Pacific OECD (R10)::Primary Energy|Fossil|w/o CCS; Pacific OECD (R10)::Land Cover|Forest|Natural Forest; Reforming Economies (R10)::Investment|Energy Supply; Reforming Economies (R10)::Population; Reforming Economies (R10)::Primary Energy|Non-Biomass Renewables; Reforming Economies (R10)::GDP|MER; Reforming Economies (R10)::Land Cover; Reforming Economies (R10)::Carbon Sequestration|Land Use; Reforming Economies (R10)::Food Demand|Crops; Reforming Economies (R10)::Food Demand|Livestock; Reforming Economies (R10)::Primary Energy|Fossil|w/ CCS; Reforming Economies (R10)::Primary Energy|Fossil|w/o CCS; Reforming Economies (R10)::Land Cover|Forest|Natural Forest; Rest of Asia (R10)::Investment|Energy Supply; Rest of Asia (R10)::Population; Rest of Asia (R10)::Primary Energy|Non-Biomass Renewables; Rest of Asia (R10)::GDP|MER; Rest of Asia (R10)::Land Cover; Rest of Asia (R10)::Carbon Sequestration|Land Use; Rest of Asia (R10)::Food Demand|Crops; Rest of Asia (R10)::Food Demand|Livestock; Rest of Asia (R10)::Primary Energy|Fossil|w/ CCS; Rest of Asia (R10)::Primary Energy|Fossil|w/o CCS; Rest of Asia (R10)::Land Cover|Forest|Natural Forest
TIAM-ECN 1.1,ENGAGE-NPi2020-900f,1,120,Africa (R10)::Investment|Energy Supply; Africa (R10)::Population; Africa (R10)::Primary Energy|Non-Biomass Renewables; Africa (R10)::GDP|MER; Africa (R10)::Land Cover; Africa (R10)::Carbon Sequestration|Land Use; Africa (R10)::Food Demand|Crops; Africa (R10)::Food Demand|Livestock; Africa (R10)::Primary Energy|Fossil|w/ CCS; Africa (R10)::Primary Energy|Fossil|w/o CCS; Africa (R10)::Land Cover|Forest|Natural Forest; China+ (R10)::Investment|Energy Supply; China+ (R10)::Population; China+ (R10)::Primary Energy|Non-Biomass Renewables; China+ (R10)::GDP|MER; China+ (R10)::Land Cover; China+ (R10)::Carbon Sequestration|Land Use; China+ (R10)::Food Demand|Crops; China+ (R10)::Food Demand|Livestock; China+ (R10)::Primary Energy|Fossil|w/ CCS; China+ (R10)::Primary Energy|Fossil|w/o CCS; China+ (R10)::Land Cover|Forest|Natural Forest; Europe (R10)::Investment|Energy Supply; Europe (R10)::Population; Europe (R10)::Primary Energy|Non-Biomass Renewables; Europe (R10)::GDP|MER; Europe (R10)::Land Cover; Europe (R10)::Carbon Sequestration|Land Use; Europe (R10)::Food Demand|Crops; Europe (R10)::Food Demand|Livestock; Europe (R10)::Primary Energy|Fossil|w/ CCS; Europe (R10)::Primary Energy|Fossil|w/o CCS; Europe (R10)::Land Cover|Forest|Natural Forest; India+ (R10)::Investment|Energy Supply; India+ (R10)::Population; India+ (R10)::Primary Energy|Non-Biomass Renewables; India+ (R10)::GDP|MER; India+ (R10)::Land Cover; India+ (R10)::Carbon Sequestration|Land Use; India+ (R10)::Food Demand|Crops; India+ (R10)::Food Demand|Livestock; India+ (R10)::Primary Energy|Fossil|w/ CCS; India+ (R10)::Primary Energy|Fossil|w/o CCS; India+ (R10)::Land Cover|Forest|Natural Forest; Latin America (R10)::Investment|Energy Supply; Latin America (R10)::Population; Latin America (R10)::Primary Energy|Non-Biomass Renewables; Latin America (R10)::GDP|MER; Latin America (R10)::Land Cover; Latin America (R10)::Carbon Sequestration|Land Use; Latin America (R10)::Food Demand|Crops; Latin America (R10)::Food Demand|Livestock; Latin America (R10)::Primary Energy|Fossil|w/ CCS; Latin America (R10)::Primary Energy|Fossil|w/o CCS; Latin America (R10)::Land Cover|Forest|Natural Forest; Middle East (R10)::Investment|Energy Supply; Middle East (R10)::Population; Middle East (R10)::Primary Energy|Non-Biomass Renewables; Middle East (R10)::GDP|MER; Middle East (R10)::Land Cover; Middle East (R10)::Carbon Sequestration|Land Use; Middle East (R10)::Food Demand|Crops; Middle East (R10)::Food Demand|Livestock; Middle East (R10)::Primary Energy|Fossil|w/ CCS; Middle East (R10)::Primary Energy|Fossil|w/o CCS; Middle East (R10)::Land Cover|Forest|Natural Forest; North America (R10)::Investment|Energy Supply; North America (R10)::Population; North America (R10)::Primary Energy|Non-Biomass Renewables; North America (R10)::GDP|MER; North America (R10)::Land Cover; North America (R10)::Carbon Sequestration|Land Use; North America (R10)::Food Demand|Crops; North America (R10)::Food Demand|Livestock; North America (R10)::Primary Energy|Fossil|w/ CCS; North America (R10)::Primary Energy|Fossil|w/o CCS; North America (R10)::Land Cover|Forest|Natural Forest; Pacific OECD (R10)::Investment|Energy Supply; Pacific OECD (R10)::Population; Pacific OECD (R10)::Primary Energy|Non-Biomass Renewables; Pacific OECD (R10)::GDP|MER; Pacific OECD (R10)::Land Cover; Pacific OECD (R10)::Carbon Sequestration|Land Use; Pacific OECD (R10)::Food Demand|Crops; Pacific OECD (R10)::Food Demand|Livestock; Pacific OECD (R10)::Primary Energy|Fossil|w/ CCS; Pacific OECD (R10)::Primary Energy|Fossil|w/o CCS; Pacific OECD (R10)::Land Cover|Forest|Natural Forest; Reforming Economies (R10)::Investment|Energy Supply; Reforming Economies (R10)::Population; Reforming Economies (R10)::Primary Energy|Non-Biomass Renewables; Reforming Economies (R10)::GDP|MER; Reforming Economies (R10)::Land Cover; Reforming Economies (R10)::Carbon Sequestration|Land Use; Reforming Economies (R10)::Food Demand|Crops; Reforming Economies (R10)::Food Demand|Livestock; Reforming Economies (R10)::Primary Energy|Fossil|w/ CCS; Reforming Economies (R10)::Primary Energy|Fossil|w/o CCS; Reforming Economies (R10)::Land Cover|Forest|Natural Forest; Rest of Asia (R10)::Investment|Energy Supply; Rest of Asia (R10)::Population; Rest of Asia (R10)::Primary Energy|Non-Biomass Renewables; Rest of Asia (R10)::GDP|MER; Rest of Asia (R10)::Land Cover; Rest of Asia (R10)::Carbon Sequestration|Land Use; Rest of Asia (R10)::Food Demand|Crops; Rest of Asia (R10)::Food Demand|Livestock; Rest of Asia (R10)::Primary Energy|Fossil|w/ CCS; Rest of Asia (R10)::Primary Energy|Fossil|w/o CCS; Rest of Asia (R10)::Land Cover|Forest|Natural Forest
WITCH 5.0,ENGAGE-INDCi2030-1000,1,190,Africa (R10)::Carbon Sequestration|Land Use; Africa (R10)::Food Demand|Crops; Africa (R10)::Food Demand|Livestock; Africa (R10)::Land Cover|Forest|Natural Forest; China+ (R10)::Carbon Sequestration|Land Use; China+ (R10)::Food Demand|Crops; China+ (R10)::Food Demand|Livestock; China+ (R10)::Land Cover|Forest|Natural Forest; Europe (R10)::Carbon Sequestration|Land Use; Europe (R10)::Food Demand|Crops; Europe (R10)::Food Demand|Livestock; Europe (R10)::Land Cover|Forest|Natural Forest; India+ (R10)::Carbon Sequestration|Land Use; India+ (R10)::Food Demand|Crops; India+ (R10)::Food Demand|Livestock; India+ (R10)::Land Cover|Forest|Natural Forest; Latin America (R10)::Carbon Sequestration|Land Use; Latin America (R10)::Food Demand|Crops; Latin America (R10)::Food Demand|Livestock; Latin America (R10)::Land Cover|Forest|Natural Forest; Middle East (R10)::Carbon Sequestration|Land Use; Middle East (R10)::Food Demand|Crops; Middle East (R10)::Food Demand|Livestock; Middle East (R10)::Land Cover|Forest|Natural Forest; North America (R10)::Carbon Sequestration|Land Use; North America (R10)::Food Demand|Crops; North America (R10)::Food Demand|Livestock; North America (R10)::Land Cover|Forest|Natural Forest; Pacific OECD (R10)::Carbon Sequestration|Land Use; Pacific OECD (R10)::Food Demand|Crops; Pacific OECD (R10)::Food Demand|Livestock; Pacific OECD (R10)::Land Cover|Forest|Natural Forest; Reforming Economies (R10)::Carbon Sequestration|Land Use; Reforming Economies (R10)::Food Demand|Crops; Reforming Economies (R10)::Food Demand|Livestock; Reforming Economies (R10)::Land Cover|Forest|Natural Forest; Rest of Asia (R10)::Carbon Sequestration|Land Use; Rest of Asia (R10)::Food Demand|Crops; Rest of Asia (R10)::Food Demand|Livestock; Rest of Asia (R10)::Land Cover|Forest|Natural Forest
WITCH 5.0,ENGAGE-INDCi2030-1000-NDCp,1,190,Africa (R10)::Carbon Sequestration|Land Use; Africa (R10)::Food Demand|Crops; Africa (R10)::Food Demand|Livestock; Africa (R10)::Land Cover|Forest|Natural Forest; China+ (R10)::Carbon Sequestration|Land Use; China+ (R10)::Food Demand|Crops; China+ (R10)::Food Demand|Livestock; China+ (R10)::Land Cover|Forest|Natural Forest; Europe (R10)::Carbon Sequestration|Land Use; Europe (R10)::Food Demand|Crops; Europe (R10)::Food Demand|Livestock; Europe (R10)::Land Cover|Forest|Natural Forest; India+ (R10)::Carbon Sequestration|Land Use; India+ (R10)::Food Demand|Crops; India+ (R10)::Food Demand|Livestock; India+ (R10)::Land Cover|Forest|Natural Forest; Latin America (R10)::Carbon Sequestration|Land Use; Latin America (R10)::Food Demand|Crops; Latin America (R10)::Food Demand|Livestock; Latin America (R10)::Land Cover|Forest|Natural Forest; Middle East (R10)::Carbon Sequestration|Land Use; Middle East (R10)::Food Demand|Crops; Middle East (R10)::Food Demand|Livestock; Middle East (R10)::Land Cover|Forest|Natural Forest; North America (R10)::Carbon Sequestration|Land Use; North America (R10)::Food Demand|Crops; North America (R10)::Food Demand|Livestock; North America (R10)::Land Cover|Forest|Natural Forest; Pacific OECD (R10)::Carbon Sequestration|Land Use; Pacific OECD (R10)::Food Demand|Crops; Pacific OECD (R10)::Food Demand|Livestock; Pacific OECD (R10)::Land Cover|Forest|Natural Forest; Reforming Economies (R10)::Carbon Sequestration|Land Use; Reforming Economies (R10)::Food Demand|Crops; Reforming Economies (R10)::Food Demand|Livestock; Reforming Economies (R10)::Land Cover|Forest|Natural Forest; Rest of Asia (R10)::Carbon Sequestration|Land Use; Rest of Asia (R10)::Food Demand|Crops; Rest of Asia (R10)::Food Demand|Livestock; Rest of Asia (R10)::Land Cover|Forest|Natural Forest
WITCH 5.0,ENGAGE-INDCi2030-1000f,1,190,Africa (R10)::Carbon Sequestration|Land Use; Africa (R10)::Food Demand|Crops; Africa (R10)::Food Demand|Livestock; Africa (R10)::Land Cover|Forest|Natural Forest; China+ (R10)::Carbon Sequestration|Land Use; China+ (R10)::Food Demand|Crops; China+ (R10)::Food Demand|Livestock; China+ (R10)::Land Cover|Forest|Natural Forest; Europe (R10)::Carbon Sequestration|Land Use; Europe (R10)::Food Demand|Crops; Europe (R10)::Food Demand|Livestock; Europe (R10)::Land Cover|Forest|Natural Forest; India+ (R10)::Carbon Sequestration|Land Use; India+ (R10)::Food Demand|Crops; India+ (R10)::Food Demand|Livestock; India+ (R10)::Land Cover|Forest|Natural Forest; Latin America (R10)::Carbon Sequestration|Land Use; Latin America (R10)::Food Demand|Crops; Latin America (R10)::Food Demand|Livestock; Latin America (R10)::Land Cover|Forest|Natural Forest; Middle East (R10)::Carbon Sequestration|Land Use; Middle East (R10)::Food Demand|Crops; Middle East (R10)::Food Demand|Livestock; Middle East (R10)::Land Cover|Forest|Natural Forest; North America (R10)::Carbon Sequestration|Land Use; North America (R10)::Food Demand|Crops; North America (R10)::Food Demand|Livestock; North America (R10)::Land Cover|Forest|Natural Forest; Pacific OECD (R10)::Carbon Sequestration|Land Use; Pacific OECD (R10)::Food Demand|Crops; Pacific OECD (R10)::Food Demand|Livestock; Pacific OECD (R10)::Land Cover|Forest|Natural Forest; Reforming Economies (R10)::Carbon Sequestration|Land Use; Reforming Economies (R10)::Food Demand|Crops; Reforming Economies (R10)::Food Demand|Livestock; Reforming Economies (R10)::Land Cover|Forest|Natural Forest; Rest of Asia (R10)::Carbon Sequestration|Land Use; Rest of Asia (R10)::Food Demand|Crops; Rest of Asia (R10)::Food Demand|Livestock; Rest of Asia (R10)::Land Cover|Forest|Natural Forest
WITCH 5.0,ENGAGE-INDCi2030-1000f-NDCp,1,190,Africa (R10)::Carbon Sequestration|Land Use; Africa (R10)::Food Demand|Crops; Africa (R10)::Food Demand|Livestock; Africa (R10)::Land Cover|Forest|Natural Forest; China+ (R10)::Carbon Sequestration|Land Use; China+ (R10)::Food Demand|Crops; China+ (R10)::Food Demand|Livestock; China+ (R10)::Land Cover|Forest|Natural Forest; Europe (R10)::Carbon Sequestration|Land Use; Europe (R10)::Food Demand|Crops; Europe (R10)::Food Demand|Livestock; Europe (R10)::Land Cover|Forest|Natural Forest; India+ (R10)::Carbon Sequestration|Land Use; India+ (R10)::Food Demand|Crops; India+ (R10)::Food Demand|Livestock; India+ (R10)::Land Cover|Forest|Natural Forest; Latin America (R10)::Carbon Sequestration|Land Use; Latin America (R10)::Food Demand|Crops; Latin America (R10)::Food Demand|Livestock; Latin America (R10)::Land Cover|Forest|Natural Forest; Middle East (R10)::Carbon Sequestration|Land Use; Middle East (R10)::Food Demand|Crops; Middle East (R10)::Food Demand|Livestock; Middle East (R10)::Land Cover|Forest|Natural Forest; North America (R10)::Carbon Sequestration|Land Use; North America (R10)::Food Demand|Crops; North America (R10)::Food Demand|Livestock; North America (R10)::Land Cover|Forest|Natural Forest; Pacific OECD (R10)::Carbon Sequestration|Land Use; Pacific OECD (R10)::Food Demand|Crops; Pacific OECD (R10)::Food Demand|Livestock; Pacific OECD (R10)::Land Cover|Forest|Natural Forest; Reforming Economies (R10)::Carbon Sequestration|Land Use; Reforming Economies (R10)::Food Demand|Crops; Reforming Economies (R10)::Food Demand|Livestock; Reforming Economies (R10)::Land Cover|Forest|Natural Forest; Rest of Asia (R10)::Carbon Sequestration|Land Use; Rest of Asia (R10)::Food Demand|Crops; Rest of Asia (R10)::Food Demand|Livestock; Rest of Asia (R10)::Land Cover|Forest|Natural Forest
WITCH 5.0,ENGAGE-INDCi2030-1200,1,190,Africa (R10)::Carbon Sequestration|Land Use; Africa (R10)::Food Demand|Crops; Africa (R10)::Food Demand|Livestock; Africa (R10)::Land Cover|Forest|Natural Forest; China+ (R10)::Carbon Sequestration|Land Use; China+ (R10)::Food Demand|Crops; China+ (R10)::Food Demand|Livestock; China+ (R10)::Land Cover|Forest|Natural Forest; Europe (R10)::Carbon Sequestration|Land Use; Europe (R10)::Food Demand|Crops; Europe (R10)::Food Demand|Livestock; Europe (R10)::Land Cover|Forest|Natural Forest; India+ (R10)::Carbon Sequestration|Land Use; India+ (R10)::Food Demand|Crops; India+ (R10)::Food Demand|Livestock; India+ (R10)::Land Cover|Forest|Natural Forest; Latin America (R10)::Carbon Sequestration|Land Use; Latin America (R10)::Food Demand|Crops; Latin America (R10)::Food Demand|Livestock; Latin America (R10)::Land Cover|Forest|Natural Forest; Middle East (R10)::Carbon Sequestration|Land Use; Middle East (R10)::Food Demand|Crops; Middle East (R10)::Food Demand|Livestock; Middle East (R10)::Land Cover|Forest|Natural Forest; North America (R10)::Carbon Sequestration|Land Use; North America (R10)::Food Demand|Crops; North America (R10)::Food Demand|Livestock; North America (R10)::Land Cover|Forest|Natural Forest; Pacific OECD (R10)::Carbon Sequestration|Land Use; Pacific OECD (R10)::Food Demand|Crops; Pacific OECD (R10)::Food Demand|Livestock; Pacific OECD (R10)::Land Cover|Forest|Natural Forest; Reforming Economies (R10)::Carbon Sequestration|Land Use; Reforming Economies (R10)::Food Demand|Crops; Reforming Economies (R10)::Food Demand|Livestock; Reforming Economies (R10)::Land Cover|Forest|Natural Forest; Rest of Asia (R10)::Carbon Sequestration|Land Use; Rest of Asia (R10)::Food Demand|Crops; Rest of Asia (R10)::Food Demand|Livestock; Rest of Asia (R10)::Land Cover|Forest|Natural Forest
WITCH 5.0,ENGAGE-INDCi2030-1200-NDCp,1,190,Africa (R10)::Carbon Sequestration|Land Use; Africa (R10)::Food Demand|Crops; Africa (R10)::Food Demand|Livestock; Africa (R10)::Land Cover|Forest|Natural Forest; China+ (R10)::Carbon Sequestration|Land Use; China+ (R10)::Food Demand|Crops; China+ (R10)::Food Demand|Livestock; China+ (R10)::Land Cover|Forest|Natural Forest; Europe (R10)::Carbon Sequestration|Land Use; Europe (R10)::Food Demand|Crops; Europe (R10)::Food Demand|Livestock; Europe (R10)::Land Cover|Forest|Natural Forest; India+ (R10)::Carbon Sequestration|Land Use; India+ (R10)::Food Demand|Crops; India+ (R10)::Food Demand|Livestock; India+ (R10)::Land Cover|Forest|Natural Forest; Latin America (R10)::Carbon Sequestration|Land Use; Latin America (R10)::Food Demand|Crops; Latin America (R10)::Food Demand|Livestock; Latin America (R10)::Land Cover|Forest|Natural Forest; Middle East (R10)::Carbon Sequestration|Land Use; Middle East (R10)::Food Demand|Crops; Middle East (R10)::Food Demand|Livestock; Middle East (R10)::Land Cover|Forest|Natural Forest; North America (R10)::Carbon Sequestration|Land Use; North America (R10)::Food Demand|Crops; North America (R10)::Food Demand|Livestock; North America (R10)::Land Cover|Forest|Natural Forest; Pacific OECD (R10)::Carbon Sequestration|Land Use; Pacific OECD (R10)::Food Demand|Crops; Pacific OECD (R10)::Food Demand|Livestock; Pacific OECD (R10)::Land Cover|Forest|Natural Forest; Reforming Economies (R10)::Carbon Sequestration|Land Use; Reforming Economies (R10)::Food Demand|Crops; Reforming Economies (R10)::Food Demand|Livestock; Reforming Economies (R10)::Land Cover|Forest|Natural Forest; Rest of Asia (R10)::Carbon Sequestration|Land Use; Rest of Asia (R10)::Food Demand|Crops; Rest of Asia (R10)::Food Demand|Livestock; Rest of Asia (R10)::Land Cover|Forest|Natural Forest
WITCH 5.0,ENGAGE-INDCi2030-1200f,1,190,Africa (R10)::Carbon Sequestration|Land Use; Africa (R10)::Food Demand|Crops; Africa (R10)::Food Demand|Livestock; Africa (R10)::Land Cover|Forest|Natural Forest; China+ (R10)::Carbon Sequestration|Land Use; China+ (R10)::Food Demand|Crops; China+ (R10)::Food Demand|Livestock; China+ (R10)::Land Cover|Forest|Natural Forest; Europe (R10)::Carbon Sequestration|Land Use; Europe (R10)::Food Demand|Crops; Europe (R10)::Food Demand|Livestock; Europe (R10)::Land Cover|Forest|Natural Forest; India+ (R10)::Carbon Sequestration|Land Use; India+ (R10)::Food Demand|Crops; India+ (R10)::Food Demand|Livestock; India+ (R10)::Land Cover|Forest|Natural Forest; Latin America (R10)::Carbon Sequestration|Land Use; Latin America (R10)::Food Demand|Crops; Latin America (R10)::Food Demand|Livestock; Latin America (R10)::Land Cover|Forest|Natural Forest; Middle East (R10)::Carbon Sequestration|Land Use; Middle East (R10)::Food Demand|Crops; Middle East (R10)::Food Demand|Livestock; Middle East (R10)::Land Cover|Forest|Natural Forest; North America (R10)::Carbon Sequestration|Land Use; North America (R10)::Food Demand|Crops; North America (R10)::Food Demand|Livestock; North America (R10)::Land Cover|Forest|Natural Forest; Pacific OECD (R10)::Carbon Sequestration|Land Use; Pacific OECD (R10)::Food Demand|Crops; Pacific OECD (R10)::Food Demand|Livestock; Pacific OECD (R10)::Land Cover|Forest|Natural Forest; Reforming Economies (R10)::Carbon Sequestration|Land Use; Reforming Economies (R10)::Food Demand|Crops; Reforming Economies (R10)::Food Demand|Livestock; Reforming Economies (R10)::Land Cover|Forest|Natural Forest; Rest of Asia (R10)::Carbon Sequestration|Land Use; Rest of Asia (R10)::Food Demand|Crops; Rest of Asia (R10)::Food Demand|Livestock; Rest of Asia (R10)::Land Cover|Forest|Natural Forest
WITCH 5.0,ENGAGE-INDCi2030-1200f-NDCp,1,190,Africa (R10)::Carbon Sequestration|Land Use; Africa (R10)::Food Demand|Crops; Africa (R10)::Food Demand|Livestock; Africa (R10)::Land Cover|Forest|Natural Forest; China+ (R10)::Carbon Sequestration|Land Use; China+ (R10)::Food Demand|Crops; China+ (R10)::Food Demand|Livestock; China+ (R10)::Land Cover|Forest|Natural Forest; Europe (R10)::Carbon Sequestration|Land Use; Europe (R10)::Food Demand|Crops; Europe (R10)::Food Demand|Livestock; Europe (R10)::Land Cover|Forest|Natural Forest; India+ (R10)::Carbon Sequestration|Land Use; India+ (R10)::Food Demand|Crops; India+ (R10)::Food Demand|Livestock; India+ (R10)::Land Cover|Forest|Natural Forest; Latin America (R10)::Carbon Sequestration|Land Use; Latin America (R10)::Food Demand|Crops; Latin America (R10)::Food Demand|Livestock; Latin America (R10)::Land Cover|Forest|Natural Forest; Middle East (R10)::Carbon Sequestration|Land Use; Middle East (R10)::Food Demand|Crops; Middle East (R10)::Food Demand|Livestock; Middle East (R10)::Land Cover|Forest|Natural Forest; North America (R10)::Carbon Sequestration|Land Use; North America (R10)::Food Demand|Crops; North America (R10)::Food Demand|Livestock; North America (R10)::Land Cover|Forest|Natural Forest; Pacific OECD (R10)::Carbon Sequestration|Land Use; Pacific OECD (R10)::Food Demand|Crops; Pacific OECD (R10)::Food Demand|Livestock; Pacific OECD (R10)::Land Cover|Forest|Natural Forest; Reforming Economies (R10)::Carbon Sequestration|Land Use; Reforming Economies (R10)::Food Demand|Crops; Reforming Economies (R10)::Food Demand|Livestock; Reforming Economies (R10)::Land Cover|Forest|Natural Forest; Rest of Asia (R10)::Carbon Sequestration|Land Use; Rest of Asia (R10)::Food Demand|Crops; Rest of Asia (R10)::Food Demand|Livestock; Rest of Asia (R10)::Land Cover|Forest|Natural Forest
WITCH 5.0,ENGAGE-INDCi2030-1400,1,190,Africa (R10)::Carbon Sequestration|Land Use; Africa (R10)::Food Demand|Crops; Africa (R10)::Food Demand|Livestock; Africa (R10)::Land Cover|Forest|Natural Forest; China+ (R10)::Carbon Sequestration|Land Use; China+ (R10)::Food Demand|Crops; China+ (R10)::Food Demand|Livestock; China+ (R10)::Land Cover|Forest|Natural Forest; Europe (R10)::Carbon Sequestration|Land Use; Europe (R10)::Food Demand|Crops; Europe (R10)::Food Demand|Livestock; Europe (R10)::Land Cover|Forest|Natural Forest; India+ (R10)::Carbon Sequestration|Land Use; India+ (R10)::Food Demand|Crops; India+ (R10)::Food Demand|Livestock; India+ (R10)::Land Cover|Forest|Natural Forest; Latin America (R10)::Carbon Sequestration|Land Use; Latin America (R10)::Food Demand|Crops; Latin America (R10)::Food Demand|Livestock; Latin America (R10)::Land Cover|Forest|Natural Forest; Middle East (R10)::Carbon Sequestration|Land Use; Middle East (R10)::Food Demand|Crops; Middle East (R10)::Food Demand|Livestock; Middle East (R10)::Land Cover|Forest|Natural Forest; North America (R10)::Carbon Sequestration|Land Use; North America (R10)::Food Demand|Crops; North America (R10)::Food Demand|Livestock; North America (R10)::Land Cover|Forest|Natural Forest; Pacific OECD (R10)::Carbon Sequestration|Land Use; Pacific OECD (R10)::Food Demand|Crops; Pacific OECD (R10)::Food Demand|Livestock; Pacific OECD (R10)::Land Cover|Forest|Natural Forest; Reforming Economies (R10)::Carbon Sequestration|Land Use; Reforming Economies (R10)::Food Demand|Crops; Reforming Economies (R10)::Food Demand|Livestock; Reforming Economies (R10)::Land Cover|Forest|Natural Forest; Rest of Asia (R10)::Carbon Sequestration|Land Use; Rest of Asia (R10)::Food Demand|Crops; Rest of Asia (R10)::Food Demand|Livestock; Rest of Asia (R10)::Land Cover|Forest|Natural Forest
WITCH 5.0,ENGAGE-INDCi2030-1400-NDCp,1,190,Africa (R10)::Carbon Sequestration|Land Use; Africa (R10)::Food Demand|Crops; Africa (R10)::Food Demand|Livestock; Africa (R10)::Land Cover|Forest|Natural Forest; China+ (R10)::Carbon Sequestration|Land Use; China+ (R10)::Food Demand|Crops; China+ (R10)::Food Demand|Livestock; China+ (R10)::Land Cover|Forest|Natural Forest; Europe (R10)::Carbon Sequestration|Land Use; Europe (R10)::Food Demand|Crops; Europe (R10)::Food Demand|Livestock; Europe (R10)::Land Cover|Forest|Natural Forest; India+ (R10)::Carbon Sequestration|Land Use; India+ (R10)::Food Demand|Crops; India+ (R10)::Food Demand|Livestock; India+ (R10)::Land Cover|Forest|Natural Forest; Latin America (R10)::Carbon Sequestration|Land Use; Latin America (R10)::Food Demand|Crops; Latin America (R10)::Food Demand|Livestock; Latin America (R10)::Land Cover|Forest|Natural Forest; Middle East (R10)::Carbon Sequestration|Land Use; Middle East (R10)::Food Demand|Crops; Middle East (R10)::Food Demand|Livestock; Middle East (R10)::Land Cover|Forest|Natural Forest; North America (R10)::Carbon Sequestration|Land Use; North America (R10)::Food Demand|Crops; North America (R10)::Food Demand|Livestock; North America (R10)::Land Cover|Forest|Natural Forest; Pacific OECD (R10)::Carbon Sequestration|Land Use; Pacific OECD (R10)::Food Demand|Crops; Pacific OECD (R10)::Food Demand|Livestock; Pacific OECD (R10)::Land Cover|Forest|Natural Forest; Reforming Economies (R10)::Carbon Sequestration|Land Use; Reforming Economies (R10)::Food Demand|Crops; Reforming Economies (R10)::Food Demand|Livestock; Reforming Economies (R10)::Land Cover|Forest|Natural Forest; Rest of Asia (R10)::Carbon Sequestration|Land Use; Rest of Asia (R10)::Food Demand|Crops; Rest of Asia (R10)::Food Demand|Livestock; Rest of Asia (R10)::Land Cover|Forest|Natural Forest
WITCH 5.0,ENGAGE-INDCi2030-1400f,1,190,Africa (R10)::Carbon Sequestration|Land Use; Africa (R10)::Food Demand|Crops; Africa (R10)::Food Demand|Livestock; Africa (R10)::Land Cover|Forest|Natural Forest; China+ (R10)::Carbon Sequestration|Land Use; China+ (R10)::Food Demand|Crops; China+ (R10)::Food Demand|Livestock; China+ (R10)::Land Cover|Forest|Natural Forest; Europe (R10)::Carbon Sequestration|Land Use; Europe (R10)::Food Demand|Crops; Europe (R10)::Food Demand|Livestock; Europe (R10)::Land Cover|Forest|Natural Forest; India+ (R10)::Carbon Sequestration|Land Use; India+ (R10)::Food Demand|Crops; India+ (R10)::Food Demand|Livestock; India+ (R10)::Land Cover|Forest|Natural Forest; Latin America (R10)::Carbon Sequestration|Land Use; Latin America (R10)::Food Demand|Crops; Latin America (R10)::Food Demand|Livestock; Latin America (R10)::Land Cover|Forest|Natural Forest; Middle East (R10)::Carbon Sequestration|Land Use; Middle East (R10)::Food Demand|Crops; Middle East (R10)::Food Demand|Livestock; Middle East (R10)::Land Cover|Forest|Natural Forest; North America (R10)::Carbon Sequestration|Land Use; North America (R10)::Food Demand|Crops; North America (R10)::Food Demand|Livestock; North America (R10)::Land Cover|Forest|Natural Forest; Pacific OECD (R10)::Carbon Sequestration|Land Use; Pacific OECD (R10)::Food Demand|Crops; Pacific OECD (R10)::Food Demand|Livestock; Pacific OECD (R10)::Land Cover|Forest|Natural Forest; Reforming Economies (R10)::Carbon Sequestration|Land Use; Reforming Economies (R10)::Food Demand|Crops; Reforming Economies (R10)::Food Demand|Livestock; Reforming Economies (R10)::Land Cover|Forest|Natural Forest; Rest of Asia (R10)::Carbon Sequestration|Land Use; Rest of Asia (R10)::Food Demand|Crops; Rest of Asia (R10)::Food Demand|Livestock; Rest of Asia (R10)::Land Cover|Forest|Natural Forest
WITCH 5.0,ENGAGE-INDCi2030-1400f-NDCp,1,190,Africa (R10)::Carbon Sequestration|Land Use; Africa (R10)::Food Demand|Crops; Africa (R10)::Food Demand|Livestock; Africa (R10)::Land Cover|Forest|Natural Forest; China+ (R10)::Carbon Sequestration|Land Use; China+ (R10)::Food Demand|Crops; China+ (R10)::Food Demand|Livestock; China+ (R10)::Land Cover|Forest|Natural Forest; Europe (R10)::Carbon Sequestration|Land Use; Europe (R10)::Food Demand|Crops; Europe (R10)::Food Demand|Livestock; Europe (R10)::Land Cover|Forest|Natural Forest; India+ (R10)::Carbon Sequestration|Land Use; India+ (R10)::Food Demand|Crops; India+ (R10)::Food Demand|Livestock; India+ (R10)::Land Cover|Forest|Natural Forest; Latin America (R10)::Carbon Sequestration|Land Use; Latin America (R10)::Food Demand|Crops; Latin America (R10)::Food Demand|Livestock; Latin America (R10)::Land Cover|Forest|Natural Forest; Middle East (R10)::Carbon Sequestration|Land Use; Middle East (R10)::Food Demand|Crops; Middle East (R10)::Food Demand|Livestock; Middle East (R10)::Land Cover|Forest|Natural Forest; North America (R10)::Carbon Sequestration|Land Use; North America (R10)::Food Demand|Crops; North America (R10)::Food Demand|Livestock; North America (R10)::Land Cover|Forest|Natural Forest; Pacific OECD (R10)::Carbon Sequestration|Land Use; Pacific OECD (R10)::Food Demand|Crops; Pacific OECD (R10)::Food Demand|Livestock; Pacific OECD (R10)::Land Cover|Forest|Natural Forest; Reforming Economies (R10)::Carbon Sequestration|Land Use; Reforming Economies (R10)::Food Demand|Crops; Reforming Economies (R10)::Food Demand|Livestock; Reforming Economies (R10)::Land Cover|Forest|Natural Forest; Rest of Asia (R10)::Carbon Sequestration|Land Use; Rest of Asia (R10)::Food Demand|Crops; Rest of Asia (R10)::Food Demand|Livestock; Rest of Asia (R10)::Land Cover|Forest|Natural Forest
WITCH 5.0,ENGAGE-INDCi2030-1600-NDCp,1,190,Africa (R10)::Carbon Sequestration|Land Use; Africa (R10)::Food Demand|Crops; Africa (R10)::Food Demand|Livestock; Africa (R10)::Land Cover|Forest|Natural Forest; China+ (R10)::Carbon Sequestration|Land Use; China+ (R10)::Food Demand|Crops; China+ (R10)::Food Demand|Livestock; China+ (R10)::Land Cover|Forest|Natural Forest; Europe (R10)::Carbon Sequestration|Land Use; Europe (R10)::Food Demand|Crops; Europe (R10)::Food Demand|Livestock; Europe (R10)::Land Cover|Forest|Natural Forest; India+ (R10)::Carbon Sequestration|Land Use; India+ (R10)::Food Demand|Crops; India+ (R10)::Food Demand|Livestock; India+ (R10)::Land Cover|Forest|Natural Forest; Latin America (R10)::Carbon Sequestration|Land Use; Latin America (R10)::Food Demand|Crops; Latin America (R10)::Food Demand|Livestock; Latin America (R10)::Land Cover|Forest|Natural Forest; Middle East (R10)::Carbon Sequestration|Land Use; Middle East (R10)::Food Demand|Crops; Middle East (R10)::Food Demand|Livestock; Middle East (R10)::Land Cover|Forest|Natural Forest; North America (R10)::Carbon Sequestration|Land Use; North America (R10)::Food Demand|Crops; North America (R10)::Food Demand|Livestock; North America (R10)::Land Cover|Forest|Natural Forest; Pacific OECD (R10)::Carbon Sequestration|Land Use; Pacific OECD (R10)::Food Demand|Crops; Pacific OECD (R10)::Food Demand|Livestock; Pacific OECD (R10)::Land Cover|Forest|Natural Forest; Reforming Economies (R10)::Carbon Sequestration|Land Use; Reforming Economies (R10)::Food Demand|Crops; Reforming Economies (R10)::Food Demand|Livestock; Reforming Economies (R10)::Land Cover|Forest|Natural Forest; Rest of Asia (R10)::Carbon Sequestration|Land Use; Rest of Asia (R10)::Food Demand|Crops; Rest of Asia (R10)::Food Demand|Livestock; Rest of Asia (R10)::Land Cover|Forest|Natural Forest
WITCH 5.0,ENGAGE-INDCi2030-500f,1,190,Africa (R10)::Carbon Sequestration|Land Use; Africa (R10)::Food Demand|Crops; Africa (R10)::Food Demand|Livestock; Africa (R10)::Land Cover|Forest|Natural Forest; China+ (R10)::Carbon Sequestration|Land Use; China+ (R10)::Food Demand|Crops; China+ (R10)::Food Demand|Livestock; China+ (R10)::Land Cover|Forest|Natural Forest; Europe (R10)::Carbon Sequestration|Land Use; Europe (R10)::Food Demand|Crops; Europe (R10)::Food Demand|Livestock; Europe (R10)::Land Cover|Forest|Natural Forest; India+ (R10)::Carbon Sequestration|Land Use; India+ (R10)::Food Demand|Crops; India+ (R10)::Food Demand|Livestock; India+ (R10)::Land Cover|Forest|Natural Forest; Latin America (R10)::Carbon Sequestration|Land Use; Latin America (R10)::Food Demand|Crops; Latin America (R10)::Food Demand|Livestock; Latin America (R10)::Land Cover|Forest|Natural Forest; Middle East (R10)::Carbon Sequestration|Land Use; Middle East (R10)::Food Demand|Crops; Middle East (R10)::Food Demand|Livestock; Middle East (R10)::Land Cover|Forest|Natural Forest; North America (R10)::Carbon Sequestration|Land Use; North America (R10)::Food Demand|Crops; North America (R10)::Food Demand|Livestock; North America (R10)::Land Cover|Forest|Natural Forest; Pacific OECD (R10)::Carbon Sequestration|Land Use; Pacific OECD (R10)::Food Demand|Crops; Pacific OECD (R10)::Food Demand|Livestock; Pacific OECD (R10)::Land Cover|Forest|Natural Forest; Reforming Economies (R10)::Carbon Sequestration|Land Use; Reforming Economies (R10)::Food Demand|Crops; Reforming Economies (R10)::Food Demand|Livestock; Reforming Economies (R10)::Land Cover|Forest|Natural Forest; Rest of Asia (R10)::Carbon Sequestration|Land Use; Rest of Asia (R10)::Food Demand|Crops; Rest of Asia (R10)::Food Demand|Livestock; Rest of Asia (R10)::Land Cover|Forest|Natural Forest
WITCH 5.0,ENGAGE-INDCi2030-600f,1,190,Africa (R10)::Carbon Sequestration|Land Use; Africa (R10)::Food Demand|Crops; Africa (R10)::Food Demand|Livestock; Africa (R10)::Land Cover|Forest|Natural Forest; China+ (R10)::Carbon Sequestration|Land Use; China+ (R10)::Food Demand|Crops; China+ (R10)::Food Demand|Livestock; China+ (R10)::Land Cover|Forest|Natural Forest; Europe (R10)::Carbon Sequestration|Land Use; Europe (R10)::Food Demand|Crops; Europe (R10)::Food Demand|Livestock; Europe (R10)::Land Cover|Forest|Natural Forest; India+ (R10)::Carbon Sequestration|Land Use; India+ (R10)::Food Demand|Crops; India+ (R10)::Food Demand|Livestock; India+ (R10)::Land Cover|Forest|Natural Forest; Latin America (R10)::Carbon Sequestration|Land Use; Latin America (R10)::Food Demand|Crops; Latin America (R10)::Food Demand|Livestock; Latin America (R10)::Land Cover|Forest|Natural Forest; Middle East (R10)::Carbon Sequestration|Land Use; Middle East (R10)::Food Demand|Crops; Middle East (R10)::Food Demand|Livestock; Middle East (R10)::Land Cover|Forest|Natural Forest; North America (R10)::Carbon Sequestration|Land Use; North America (R10)::Food Demand|Crops; North America (R10)::Food Demand|Livestock; North America (R10)::Land Cover|Forest|Natural Forest; Pacific OECD (R10)::Carbon Sequestration|Land Use; Pacific OECD (R10)::Food Demand|Crops; Pacific OECD (R10)::Food Demand|Livestock; Pacific OECD (R10)::Land Cover|Forest|Natural Forest; Reforming Economies (R10)::Carbon Sequestration|Land Use; Reforming Economies (R10)::Food Demand|Crops; Reforming Economies (R10)::Food Demand|Livestock; Reforming Economies (R10)::Land Cover|Forest|Natural Forest; Rest of Asia (R10)::Carbon Sequestration|Land Use; Rest of Asia (R10)::Food Demand|Crops; Rest of Asia (R10)::Food Demand|Livestock; Rest of Asia (R10)::Land Cover|Forest|Natural Forest
WITCH 5.0,ENGAGE-INDCi2030-600f-NDCp,1,190,Africa (R10)::Carbon Sequestration|Land Use; Africa (R10)::Food Demand|Crops; Africa (R10)::Food Demand|Livestock; Africa (R10)::Land Cover|Forest|Natural Forest; China+ (R10)::Carbon Sequestration|Land Use; China+ (R10)::Food Demand|Crops; China+ (R10)::Food Demand|Livestock; China+ (R10)::Land Cover|Forest|Natural Forest; Europe (R10)::Carbon Sequestration|Land Use; Europe (R10)::Food Demand|Crops; Europe (R10)::Food Demand|Livestock; Europe (R10)::Land Cover|Forest|Natural Forest; India+ (R10)::Carbon Sequestration|Land Use; India+ (R10)::Food Demand|Crops; India+ (R10)::Food Demand|Livestock; India+ (R10)::Land Cover|Forest|Natural Forest; Latin America (R10)::Carbon Sequestration|Land Use; Latin America (R10)::Food Demand|Crops; Latin America (R10)::Food Demand|Livestock; Latin America (R10)::Land Cover|Forest|Natural Forest; Middle East (R10)::Carbon Sequestration|Land Use; Middle East (R10)::Food Demand|Crops; Middle East (R10)::Food Demand|Livestock; Middle East (R10)::Land Cover|Forest|Natural Forest; North America (R10)::Carbon Sequestration|Land Use; North America (R10)::Food Demand|Crops; North America (R10)::Food Demand|Livestock; North America (R10)::Land Cover|Forest|Natural Forest; Pacific OECD (R10)::Carbon Sequestration|Land Use; Pacific OECD (R10)::Food Demand|Crops; Pacific OECD (R10)::Food Demand|Livestock; Pacific OECD (R10)::Land Cover|Forest|Natural Forest; Reforming Economies (R10)::Carbon Sequestration|Land Use; Reforming Economies (R10)::Food Demand|Crops; Reforming Economies (R10)::Food Demand|Livestock; Reforming Economies (R10)::Land Cover|Forest|Natural Forest; Rest of Asia (R10)::Carbon Sequestration|Land Use; Rest of Asia (R10)::Food Demand|Crops; Rest of Asia (R10)::Food Demand|Livestock; Rest of Asia (R10)::Land Cover|Forest|Natural Forest
WITCH 5.0,ENGAGE-INDCi2030-700f,1,190,Africa (R10)::Carbon Sequestration|Land Use; Africa (R10)::Food Demand|Crops; Africa (R10)::Food Demand|Livestock; Africa (R10)::Land Cover|Forest|Natural Forest; China+ (R10)::Carbon Sequestration|Land Use; China+ (R10)::Food Demand|Crops; China+ (R10)::Food Demand|Livestock; China+ (R10)::Land Cover|Forest|Natural Forest; Europe (R10)::Carbon Sequestration|Land Use; Europe (R10)::Food Demand|Crops; Europe (R10)::Food Demand|Livestock; Europe (R10)::Land Cover|Forest|Natural Forest; India+ (R10)::Carbon Sequestration|Land Use; India+ (R10)::Food Demand|Crops; India+ (R10)::Food Demand|Livestock; India+ (R10)::Land Cover|Forest|Natural Forest; Latin America (R10)::Carbon Sequestration|Land Use; Latin America (R10)::Food Demand|Crops; Latin America (R10)::Food Demand|Livestock; Latin America (R10)::Land Cover|Forest|Natural Forest; Middle East (R10)::Carbon Sequestration|Land Use; Middle East (R10)::Food Demand|Crops; Middle East (R10)::Food Demand|Livestock; Middle East (R10)::Land Cover|Forest|Natural Forest; North America (R10)::Carbon Sequestration|Land Use; North America (R10)::Food Demand|Crops; North America (R10)::Food Demand|Livestock; North America (R10)::Land Cover|Forest|Natural Forest; Pacific OECD (R10)::Carbon Sequestration|Land Use; Pacific OECD (R10)::Food Demand|Crops; Pacific OECD (R10)::Food Demand|Livestock; Pacific OECD (R10)::Land Cover|Forest|Natural Forest; Reforming Economies (R10)::Carbon Sequestration|Land Use; Reforming Economies (R10)::Food Demand|Crops; Reforming Economies (R10)::Food Demand|Livestock; Reforming Economies (R10)::Land Cover|Forest|Natural Forest; Rest of Asia (R10)::Carbon Sequestration|Land Use; Rest of Asia (R10)::Food Demand|Crops; Rest of Asia (R10)::Food Demand|Livestock; Rest of Asia (R10)::Land Cover|Forest|Natural Forest
WITCH 5.0,ENGAGE-INDCi2030-700f-NDCp,1,190,Africa (R10)::Carbon Sequestration|Land Use; Africa (R10)::Food Demand|Crops; Africa (R10)::Food Demand|Livestock; Africa (R10)::Land Cover|Forest|Natural Forest; China+ (R10)::Carbon Sequestration|Land Use; China+ (R10)::Food Demand|Crops; China+ (R10)::Food Demand|Livestock; China+ (R10)::Land Cover|Forest|Natural Forest; Europe (R10)::Carbon Sequestration|Land Use; Europe (R10)::Food Demand|Crops; Europe (R10)::Food Demand|Livestock; Europe (R10)::Land Cover|Forest|Natural Forest; India+ (R10)::Carbon Sequestration|Land Use; India+ (R10)::Food Demand|Crops; India+ (R10)::Food Demand|Livestock; India+ (R10)::Land Cover|Forest|Natural Forest; Latin America (R10)::Carbon Sequestration|Land Use; Latin America (R10)::Food Demand|Crops; Latin America (R10)::Food Demand|Livestock; Latin America (R10)::Land Cover|Forest|Natural Forest; Middle East (R10)::Carbon Sequestration|Land Use; Middle East (R10)::Food Demand|Crops; Middle East (R10)::Food Demand|Livestock; Middle East (R10)::Land Cover|Forest|Natural Forest; North America (R10)::Carbon Sequestration|Land Use; North America (R10)::Food Demand|Crops; North America (R10)::Food Demand|Livestock; North America (R10)::Land Cover|Forest|Natural Forest; Pacific OECD (R10)::Carbon Sequestration|Land Use; Pacific OECD (R10)::Food Demand|Crops; Pacific OECD (R10)::Food Demand|Livestock; Pacific OECD (R10)::Land Cover|Forest|Natural Forest; Reforming Economies (R10)::Carbon Sequestration|Land Use; Reforming Economies (R10)::Food Demand|Crops; Reforming Economies (R10)::Food Demand|Livestock; Reforming Economies (R10)::Land Cover|Forest|Natural Forest; Rest of Asia (R10)::Carbon Sequestration|Land Use; Rest of Asia (R10)::Food Demand|Crops; Rest of Asia (R10)::Food Demand|Livestock; Rest of Asia (R10)::Land Cover|Forest|Natural Forest
WITCH 5.0,ENGAGE-INDCi2030-800,1,190,Africa (R10)::Carbon Sequestration|Land Use; Africa (R10)::Food Demand|Crops; Africa (R10)::Food Demand|Livestock; Africa (R10)::Land Cover|Forest|Natural Forest; China+ (R10)::Carbon Sequestration|Land Use; China+ (R10)::Food Demand|Crops; China+ (R10)::Food Demand|Livestock; China+ (R10)::Land Cover|Forest|Natural Forest; Europe (R10)::Carbon Sequestration|Land Use; Europe (R10)::Food Demand|Crops; Europe (R10)::Food Demand|Livestock; Europe (R10)::Land Cover|Forest|Natural Forest; India+ (R10)::Carbon Sequestration|Land Use; India+ (R10)::Food Demand|Crops; India+ (R10)::Food Demand|Livestock; India+ (R10)::Land Cover|Forest|Natural Forest; Latin America (R10)::Carbon Sequestration|Land Use; Latin America (R10)::Food Demand|Crops; Latin America (R10)::Food Demand|Livestock; Latin America (R10)::Land Cover|Forest|Natural Forest; Middle East (R10)::Carbon Sequestration|Land Use; Middle East (R10)::Food Demand|Crops; Middle East (R10)::Food Demand|Livestock; Middle East (R10)::Land Cover|Forest|Natural Forest; North America (R10)::Carbon Sequestration|Land Use; North America (R10)::Food Demand|Crops; North America (R10)::Food Demand|Livestock; North America (R10)::Land Cover|Forest|Natural Forest; Pacific OECD (R10)::Carbon Sequestration|Land Use; Pacific OECD (R10)::Food Demand|Crops; Pacific OECD (R10)::Food Demand|Livestock; Pacific OECD (R10)::Land Cover|Forest|Natural Forest; Reforming Economies (R10)::Carbon Sequestration|Land Use; Reforming Economies (R10)::Food Demand|Crops; Reforming Economies (R10)::Food Demand|Livestock; Reforming Economies (R10)::Land Cover|Forest|Natural Forest; Rest of Asia (R10)::Carbon Sequestration|Land Use; Rest of Asia (R10)::Food Demand|Crops; Rest of Asia (R10)::Food Demand|Livestock; Rest of Asia (R10)::Land Cover|Forest|Natural Forest
WITCH 5.0,ENGAGE-INDCi2030-800-NDCp,1,190,Africa (R10)::Carbon Sequestration|Land Use; Africa (R10)::Food Demand|Crops; Africa (R10)::Food Demand|Livestock; Africa (R10)::Land Cover|Forest|Natural Forest; China+ (R10)::Carbon Sequestration|Land Use; China+ (R10)::Food Demand|Crops; China+ (R10)::Food Demand|Livestock; China+ (R10)::Land Cover|Forest|Natural Forest; Europe (R10)::Carbon Sequestration|Land Use; Europe (R10)::Food Demand|Crops; Europe (R10)::Food Demand|Livestock; Europe (R10)::Land Cover|Forest|Natural Forest; India+ (R10)::Carbon Sequestration|Land Use; India+ (R10)::Food Demand|Crops; India+ (R10)::Food Demand|Livestock; India+ (R10)::Land Cover|Forest|Natural Forest; Latin America (R10)::Carbon Sequestration|Land Use; Latin America (R10)::Food Demand|Crops; Latin America (R10)::Food Demand|Livestock; Latin America (R10)::Land Cover|Forest|Natural Forest; Middle East (R10)::Carbon Sequestration|Land Use; Middle East (R10)::Food Demand|Crops; Middle East (R10)::Food Demand|Livestock; Middle East (R10)::Land Cover|Forest|Natural Forest; North America (R10)::Carbon Sequestration|Land Use; North America (R10)::Food Demand|Crops; North America (R10)::Food Demand|Livestock; North America (R10)::Land Cover|Forest|Natural Forest; Pacific OECD (R10)::Carbon Sequestration|Land Use; Pacific OECD (R10)::Food Demand|Crops; Pacific OECD (R10)::Food Demand|Livestock; Pacific OECD (R10)::Land Cover|Forest|Natural Forest; Reforming Economies (R10)::Carbon Sequestration|Land Use; Reforming Economies (R10)::Food Demand|Crops; Reforming Economies (R10)::Food Demand|Livestock; Reforming Economies (R10)::Land Cover|Forest|Natural Forest; Rest of Asia (R10)::Carbon Sequestration|Land Use; Rest of Asia (R10)::Food Demand|Crops; Rest of Asia (R10)::Food Demand|Livestock; Rest of Asia (R10)::Land Cover|Forest|Natural Forest
WITCH 5.0,ENGAGE-INDCi2030-800f,1,190,Africa (R10)::Carbon Sequestration|Land Use; Africa (R10)::Food Demand|Crops; Africa (R10)::Food Demand|Livestock; Africa (R10)::Land Cover|Forest|Natural Forest; China+ (R10)::Carbon Sequestration|Land Use; China+ (R10)::Food Demand|Crops; China+ (R10)::Food Demand|Livestock; China+ (R10)::Land Cover|Forest|Natural Forest; Europe (R10)::Carbon Sequestration|Land Use; Europe (R10)::Food Demand|Crops; Europe (R10)::Food Demand|Livestock; Europe (R10)::Land Cover|Forest|Natural Forest; India+ (R10)::Carbon Sequestration|Land Use; India+ (R10)::Food Demand|Crops; India+ (R10)::Food Demand|Livestock; India+ (R10)::Land Cover|Forest|Natural Forest; Latin America (R10)::Carbon Sequestration|Land Use; Latin America (R10)::Food Demand|Crops; Latin America (R10)::Food Demand|Livestock; Latin America (R10)::Land Cover|Forest|Natural Forest; Middle East (R10)::Carbon Sequestration|Land Use; Middle East (R10)::Food Demand|Crops; Middle East (R10)::Food Demand|Livestock; Middle East (R10)::Land Cover|Forest|Natural Forest; North America (R10)::Carbon Sequestration|Land Use; North America (R10)::Food Demand|Crops; North America (R10)::Food Demand|Livestock; North America (R10)::Land Cover|Forest|Natural Forest; Pacific OECD (R10)::Carbon Sequestration|Land Use; Pacific OECD (R10)::Food Demand|Crops; Pacific OECD (R10)::Food Demand|Livestock; Pacific OECD (R10)::Land Cover|Forest|Natural Forest; Reforming Economies (R10)::Carbon Sequestration|Land Use; Reforming Economies (R10)::Food Demand|Crops; Reforming Economies (R10)::Food Demand|Livestock; Reforming Economies (R10)::Land Cover|Forest|Natural Forest; Rest of Asia (R10)::Carbon Sequestration|Land Use; Rest of Asia (R10)::Food Demand|Crops; Rest of Asia (R10)::Food Demand|Livestock; Rest of Asia (R10)::Land Cover|Forest|Natural Forest
WITCH 5.0,ENGAGE-INDCi2030-800f-NDCp,1,190,Africa (R10)::Carbon Sequestration|Land Use; Africa (R10)::Food Demand|Crops; Africa (R10)::Food Demand|Livestock; Africa (R10)::Land Cover|Forest|Natural Forest; China+ (R10)::Carbon Sequestration|Land Use; China+ (R10)::Food Demand|Crops; China+ (R10)::Food Demand|Livestock; China+ (R10)::Land Cover|Forest|Natural Forest; Europe (R10)::Carbon Sequestration|Land Use; Europe (R10)::Food Demand|Crops; Europe (R10)::Food Demand|Livestock; Europe (R10)::Land Cover|Forest|Natural Forest; India+ (R10)::Carbon Sequestration|Land Use; India+ (R10)::Food Demand|Crops; India+ (R10)::Food Demand|Livestock; India+ (R10)::Land Cover|Forest|Natural Forest; Latin America (R10)::Carbon Sequestration|Land Use; Latin America (R10)::Food Demand|Crops; Latin America (R10)::Food Demand|Livestock; Latin America (R10)::Land Cover|Forest|Natural Forest; Middle East (R10)::Carbon Sequestration|Land Use; Middle East (R10)::Food Demand|Crops; Middle East (R10)::Food Demand|Livestock; Middle East (R10)::Land Cover|Forest|Natural Forest; North America (R10)::Carbon Sequestration|Land Use; North America (R10)::Food Demand|Crops; North America (R10)::Food Demand|Livestock; North America (R10)::Land Cover|Forest|Natural Forest; Pacific OECD (R10)::Carbon Sequestration|Land Use; Pacific OECD (R10)::Food Demand|Crops; Pacific OECD (R10)::Food Demand|Livestock; Pacific OECD (R10)::Land Cover|Forest|Natural Forest; Reforming Economies (R10)::Carbon Sequestration|Land Use; Reforming Economies (R10)::Food Demand|Crops; Reforming Economies (R10)::Food Demand|Livestock; Reforming Economies (R10)::Land Cover|Forest|Natural Forest; Rest of Asia (R10)::Carbon Sequestration|Land Use; Rest of Asia (R10)::Food Demand|Crops; Rest of Asia (R10)::Food Demand|Livestock; Rest of Asia (R10)::Land Cover|Forest|Natural Forest
WITCH 5.0,ENGAGE-INDCi2030-900,1,190,Africa (R10)::Carbon Sequestration|Land Use; Africa (R10)::Food Demand|Crops; Africa (R10)::Food Demand|Livestock; Africa (R10)::Land Cover|Forest|Natural Forest; China+ (R10)::Carbon Sequestration|Land Use; China+ (R10)::Food Demand|Crops; China+ (R10)::Food Demand|Livestock; China+ (R10)::Land Cover|Forest|Natural Forest; Europe (R10)::Carbon Sequestration|Land Use; Europe (R10)::Food Demand|Crops; Europe (R10)::Food Demand|Livestock; Europe (R10)::Land Cover|Forest|Natural Forest; India+ (R10)::Carbon Sequestration|Land Use; India+ (R10)::Food Demand|Crops; India+ (R10)::Food Demand|Livestock; India+ (R10)::Land Cover|Forest|Natural Forest; Latin America (R10)::Carbon Sequestration|Land Use; Latin America (R10)::Food Demand|Crops; Latin America (R10)::Food Demand|Livestock; Latin America (R10)::Land Cover|Forest|Natural Forest; Middle East (R10)::Carbon Sequestration|Land Use; Middle East (R10)::Food Demand|Crops; Middle East (R10)::Food Demand|Livestock; Middle East (R10)::Land Cover|Forest|Natural Forest; North America (R10)::Carbon Sequestration|Land Use; North America (R10)::Food Demand|Crops; North America (R10)::Food Demand|Livestock; North America (R10)::Land Cover|Forest|Natural Forest; Pacific OECD (R10)::Carbon Sequestration|Land Use; Pacific OECD (R10)::Food Demand|Crops; Pacific OECD (R10)::Food Demand|Livestock; Pacific OECD (R10)::Land Cover|Forest|Natural Forest; Reforming Economies (R10)::Carbon Sequestration|Land Use; Reforming Economies (R10)::Food Demand|Crops; Reforming Economies (R10)::Food Demand|Livestock; Reforming Economies (R10)::Land Cover|Forest|Natural Forest; Rest of Asia (R10)::Carbon Sequestration|Land Use; Rest of Asia (R10)::Food Demand|Crops; Rest of Asia (R10)::Food Demand|Livestock; Rest of Asia (R10)::Land Cover|Forest|Natural Forest
WITCH 5.0,ENGAGE-INDCi2030-900-NDCp,1,190,Africa (R10)::Carbon Sequestration|Land Use; Africa (R10)::Food Demand|Crops; Africa (R10)::Food Demand|Livestock; Africa (R10)::Land Cover|Forest|Natural Forest; China+ (R10)::Carbon Sequestration|Land Use; China+ (R10)::Food Demand|Crops; China+ (R10)::Food Demand|Livestock; China+ (R10)::Land Cover|Forest|Natural Forest; Europe (R10)::Carbon Sequestration|Land Use; Europe (R10)::Food Demand|Crops; Europe (R10)::Food Demand|Livestock; Europe (R10)::Land Cover|Forest|Natural Forest; India+ (R10)::Carbon Sequestration|Land Use; India+ (R10)::Food Demand|Crops; India+ (R10)::Food Demand|Livestock; India+ (R10)::Land Cover|Forest|Natural Forest; Latin America (R10)::Carbon Sequestration|Land Use; Latin America (R10)::Food Demand|Crops; Latin America (R10)::Food Demand|Livestock; Latin America (R10)::Land Cover|Forest|Natural Forest; Middle East (R10)::Carbon Sequestration|Land Use; Middle East (R10)::Food Demand|Crops; Middle East (R10)::Food Demand|Livestock; Middle East (R10)::Land Cover|Forest|Natural Forest; North America (R10)::Carbon Sequestration|Land Use; North America (R10)::Food Demand|Crops; North America (R10)::Food Demand|Livestock; North America (R10)::Land Cover|Forest|Natural Forest; Pacific OECD (R10)::Carbon Sequestration|Land Use; Pacific OECD (R10)::Food Demand|Crops; Pacific OECD (R10)::Food Demand|Livestock; Pacific OECD (R10)::Land Cover|Forest|Natural Forest; Reforming Economies (R10)::Carbon Sequestration|Land Use; Reforming Economies (R10)::Food Demand|Crops; Reforming Economies (R10)::Food Demand|Livestock; Reforming Economies (R10)::Land Cover|Forest|Natural Forest; Rest of Asia (R10)::Carbon Sequestration|Land Use; Rest of Asia (R10)::Food Demand|Crops; Rest of Asia (R10)::Food Demand|Livestock; Rest of Asia (R10)::Land Cover|Forest|Natural Forest
WITCH 5.0,ENGAGE-INDCi2030-900f,1,190,Africa (R10)::Carbon Sequestration|Land Use; Africa (R10)::Food Demand|Crops; Africa (R10)::Food Demand|Livestock; Africa (R10)::Land Cover|Forest|Natural Forest; China+ (R10)::Carbon Sequestration|Land Use; China+ (R10)::Food Demand|Crops; China+ (R10)::Food Demand|Livestock; China+ (R10)::Land Cover|Forest|Natural Forest; Europe (R10)::Carbon Sequestration|Land Use; Europe (R10)::Food Demand|Crops; Europe (R10)::Food Demand|Livestock; Europe (R10)::Land Cover|Forest|Natural Forest; India+ (R10)::Carbon Sequestration|Land Use; India+ (R10)::Food Demand|Crops; India+ (R10)::Food Demand|Livestock; India+ (R10)::Land Cover|Forest|Natural Forest; Latin America (R10)::Carbon Sequestration|Land Use; Latin America (R10)::Food Demand|Crops; Latin America (R10)::Food Demand|Livestock; Latin America (R10)::Land Cover|Forest|Natural Forest; Middle East (R10)::Carbon Sequestration|Land Use; Middle East (R10)::Food Demand|Crops; Middle East (R10)::Food Demand|Livestock; Middle East (R10)::Land Cover|Forest|Natural Forest; North America (R10)::Carbon Sequestration|Land Use; North America (R10)::Food Demand|Crops; North America (R10)::Food Demand|Livestock; North America (R10)::Land Cover|Forest|Natural Forest; Pacific OECD (R10)::Carbon Sequestration|Land Use; Pacific OECD (R10)::Food Demand|Crops; Pacific OECD (R10)::Food Demand|Livestock; Pacific OECD (R10)::Land Cover|Forest|Natural Forest; Reforming Economies (R10)::Carbon Sequestration|Land Use; Reforming Economies (R10)::Food Demand|Crops; Reforming Economies (R10)::Food Demand|Livestock; Reforming Economies (R10)::Land Cover|Forest|Natural Forest; Rest of Asia (R10)::Carbon Sequestration|Land Use; Rest of Asia (R10)::Food Demand|Crops; Rest of Asia (R10)::Food Demand|Livestock; Rest of Asia (R10)::Land Cover|Forest|Natural Forest
WITCH 5.0,ENGAGE-INDCi2030-900f-NDCp,1,190,Africa (R10)::Carbon Sequestration|Land Use; Africa (R10)::Food Demand|Crops; Africa (R10)::Food Demand|Livestock; Africa (R10)::Land Cover|Forest|Natural Forest; China+ (R10)::Carbon Sequestration|Land Use; China+ (R10)::Food Demand|Crops; China+ (R10)::Food Demand|Livestock; China+ (R10)::Land Cover|Forest|Natural Forest; Europe (R10)::Carbon Sequestration|Land Use; Europe (R10)::Food Demand|Crops; Europe (R10)::Food Demand|Livestock; Europe (R10)::Land Cover|Forest|Natural Forest; India+ (R10)::Carbon Sequestration|Land Use; India+ (R10)::Food Demand|Crops; India+ (R10)::Food Demand|Livestock; India+ (R10)::Land Cover|Forest|Natural Forest; Latin America (R10)::Carbon Sequestration|Land Use; Latin America (R10)::Food Demand|Crops; Latin America (R10)::Food Demand|Livestock; Latin America (R10)::Land Cover|Forest|Natural Forest; Middle East (R10)::Carbon Sequestration|Land Use; Middle East (R10)::Food Demand|Crops; Middle East (R10)::Food Demand|Livestock; Middle East (R10)::Land Cover|Forest|Natural Forest; North America (R10)::Carbon Sequestration|Land Use; North America (R10)::Food Demand|Crops; North America (R10)::Food Demand|Livestock; North America (R10)::Land Cover|Forest|Natural Forest; Pacific OECD (R10)::Carbon Sequestration|Land Use; Pacific OECD (R10)::Food Demand|Crops; Pacific OECD (R10)::Food Demand|Livestock; Pacific OECD (R10)::Land Cover|Forest|Natural Forest; Reforming Economies (R10)::Carbon Sequestration|Land Use; Reforming Economies (R10)::Food Demand|Crops; Reforming Economies (R10)::Food Demand|Livestock; Reforming Economies (R10)::Land Cover|Forest|Natural Forest; Rest of Asia (R10)::Carbon Sequestration|Land Use; Rest of Asia (R10)::Food Demand|Crops; Rest of Asia (R10)::Food Demand|Livestock; Rest of Asia (R10)::Land Cover|Forest|Natural Forest
