,Nd,Dy,Cd,Te,Se,In
0,0.05764942408500621,0.06614213677105259,0.023727125733102362,0.7471574400167238,0.08244473306623265,0.431777294896029
