model,scenario,version,region,variable,unit,year,value,Climate Category|SCI 2025 [Tier III],Climate Category|SCI 2025 [Tier II],Climate Category|SCI 2025 [Tier I],Vetting|SCI 2025
IMAGE 3.3,NAVIGATE Demand-1.5°C-tec_u,1,World,Capacity|Electricity|Solar|PV,GW,2050,12282.578,GW2-IIIb,GW2b,GW2,ok
IMAGE 3.3,NAVIGATE Demand-1.5°C-tec_u,1,World,Capacity|Electricity|Solar|PV,GW,2090,22121.502,GW2-IIIb,GW2b,GW2,ok
IMAGE 3.3,NAVIGATE Demand-1.5°C-tec_u,1,World,Capacity|Electricity|Solar|PV,GW,2100,23796.584,GW2-IIIb,GW2b,GW2,ok
IMAGE 3.3,NAVIGATE Demand-1.5°C-tec_u,1,World,Capacity|Electricity|Solar|PV,GW,2080,20610.081,GW2-IIIb,GW2b,GW2,ok
IMAGE 3.3,NAVIGATE Demand-1.5°C-tec_u,1,World,Capacity|Electricity|Solar|PV,GW,2070,16755.381,GW2-IIIb,GW2b,GW2,ok
IMAGE 3.3,NAVIGATE Demand-1.5°C-tec_u,1,World,Capacity|Electricity|Solar|PV,GW,2060,14580.816,GW2-IIIb,GW2b,GW2,ok
IMAGE 3.3,NAVIGATE Demand-1.5°C-tec_u,1,World,Capacity|Electricity|Solar|PV,GW,2045,10289.223,GW2-IIIb,GW2b,GW2,ok
IMAGE 3.3,NAVIGATE Demand-1.5°C-tec_u,1,World,Capacity|Electricity|Solar|PV,GW,2035,5707.961,GW2-IIIb,GW2b,GW2,ok
IMAGE 3.3,NAVIGATE Demand-1.5°C-tec_u,1,World,Capacity|Electricity|Solar|PV,GW,2030,2881.404,GW2-IIIb,GW2b,GW2,ok
IMAGE 3.3,NAVIGATE Demand-1.5°C-tec_u,1,World,Capacity|Electricity|Solar|PV,GW,2025,1298.39153125,GW2-IIIb,GW2b,GW2,ok
IMAGE 3.3,NAVIGATE Demand-1.5°C-tec_u,1,World,Capacity|Electricity|Solar|PV,GW,2020,725.36959375,GW2-IIIb,GW2b,GW2,ok
IMAGE 3.3,NAVIGATE Demand-1.5°C-tec_u,1,World,Capacity|Electricity|Solar|PV,GW,2040,7574.855,GW2-IIIb,GW2b,GW2,ok
IMAGE 3.3,NAVIGATE Demand-1.5°C-tec_u,1,World,Capacity|Electricity|Wind,GW,2100,5950.989125,GW2-IIIb,GW2b,GW2,ok
IMAGE 3.3,NAVIGATE Demand-1.5°C-tec_u,1,World,Capacity|Electricity|Wind,GW,2090,5662.7526875,GW2-IIIb,GW2b,GW2,ok
IMAGE 3.3,NAVIGATE Demand-1.5°C-tec_u,1,World,Capacity|Electricity|Wind,GW,2080,5241.775875,GW2-IIIb,GW2b,GW2,ok
IMAGE 3.3,NAVIGATE Demand-1.5°C-tec_u,1,World,Capacity|Electricity|Wind,GW,2070,5009.396125,GW2-IIIb,GW2b,GW2,ok
IMAGE 3.3,NAVIGATE Demand-1.5°C-tec_u,1,World,Capacity|Electricity|Wind,GW,2060,5586.978,GW2-IIIb,GW2b,GW2,ok
IMAGE 3.3,NAVIGATE Demand-1.5°C-tec_u,1,World,Capacity|Electricity|Wind,GW,2045,5246.4913125,GW2-IIIb,GW2b,GW2,ok
IMAGE 3.3,NAVIGATE Demand-1.5°C-tec_u,1,World,Capacity|Electricity|Wind,GW,2050,5911.642,GW2-IIIb,GW2b,GW2,ok
IMAGE 3.3,NAVIGATE Demand-1.5°C-tec_u,1,World,Capacity|Electricity|Wind,GW,2035,2830.6881875,GW2-IIIb,GW2b,GW2,ok
IMAGE 3.3,NAVIGATE Demand-1.5°C-tec_u,1,World,Capacity|Electricity|Wind,GW,2040,3915.9323125,GW2-IIIb,GW2b,GW2,ok
IMAGE 3.3,NAVIGATE Demand-1.5°C-tec_u,1,World,Capacity|Electricity|Wind,GW,2025,1069.60640625,GW2-IIIb,GW2b,GW2,ok
IMAGE 3.3,NAVIGATE Demand-1.5°C-tec_u,1,World,Capacity|Electricity|Wind,GW,2030,2092.70040625,GW2-IIIb,GW2b,GW2,ok
IMAGE 3.3,NAVIGATE Demand-1.5°C-tec_u,1,World,Capacity|Electricity|Wind,GW,2020,731.66244921875,GW2-IIIb,GW2b,GW2,ok
IMAGE 3.3,NAVIGATE Demand-1.5°C-tec_u,1,World,Carbon Capture|Geological Storage|Biomass,Mt CO2/yr,2090,139.053012412265,GW2-IIIb,GW2b,GW2,ok
IMAGE 3.3,NAVIGATE Demand-1.5°C-tec_u,1,World,Carbon Capture|Geological Storage|Biomass,Mt CO2/yr,2080,133.1651117191637,GW2-IIIb,GW2b,GW2,ok
IMAGE 3.3,NAVIGATE Demand-1.5°C-tec_u,1,World,Carbon Capture|Geological Storage|Biomass,Mt CO2/yr,2070,89.01133927510926,GW2-IIIb,GW2b,GW2,ok
IMAGE 3.3,NAVIGATE Demand-1.5°C-tec_u,1,World,Carbon Capture|Geological Storage|Biomass,Mt CO2/yr,2060,52.86267929958187,GW2-IIIb,GW2b,GW2,ok
IMAGE 3.3,NAVIGATE Demand-1.5°C-tec_u,1,World,Carbon Capture|Geological Storage|Biomass,Mt CO2/yr,2050,54.78548561720901,GW2-IIIb,GW2b,GW2,ok
IMAGE 3.3,NAVIGATE Demand-1.5°C-tec_u,1,World,Carbon Capture|Geological Storage|Biomass,Mt CO2/yr,2045,50.21330005518918,GW2-IIIb,GW2b,GW2,ok
IMAGE 3.3,NAVIGATE Demand-1.5°C-tec_u,1,World,Carbon Capture|Geological Storage|Biomass,Mt CO2/yr,2100,148.7685286303564,GW2-IIIb,GW2b,GW2,ok
IMAGE 3.3,NAVIGATE Demand-1.5°C-tec_u,1,World,Carbon Capture|Geological Storage|Biomass,Mt CO2/yr,2035,5.414148725814061,GW2-IIIb,GW2b,GW2,ok
IMAGE 3.3,NAVIGATE Demand-1.5°C-tec_u,1,World,Carbon Capture|Geological Storage|Biomass,Mt CO2/yr,2030,1.567298374378267,GW2-IIIb,GW2b,GW2,ok
IMAGE 3.3,NAVIGATE Demand-1.5°C-tec_u,1,World,Carbon Capture|Geological Storage|Biomass,Mt CO2/yr,2025,0.013889985970965,GW2-IIIb,GW2b,GW2,ok
IMAGE 3.3,NAVIGATE Demand-1.5°C-tec_u,1,World,Carbon Capture|Geological Storage|Biomass,Mt CO2/yr,2020,0.0,GW2-IIIb,GW2b,GW2,ok
IMAGE 3.3,NAVIGATE Demand-1.5°C-tec_u,1,World,Carbon Capture|Geological Storage|Biomass,Mt CO2/yr,2040,30.92857913763948,GW2-IIIb,GW2b,GW2,ok
IMAGE 3.3,NAVIGATE Demand-1.5°C-tec_u,1,World,Carbon Removal|Land Use,Mt CO2/yr,2040,2018.782059535129,GW2-IIIb,GW2b,GW2,ok
IMAGE 3.3,NAVIGATE Demand-1.5°C-tec_u,1,World,Carbon Removal|Land Use,Mt CO2/yr,2100,7188.263536153051,GW2-IIIb,GW2b,GW2,ok
IMAGE 3.3,NAVIGATE Demand-1.5°C-tec_u,1,World,Carbon Removal|Land Use,Mt CO2/yr,2090,7352.425893816188,GW2-IIIb,GW2b,GW2,ok
IMAGE 3.3,NAVIGATE Demand-1.5°C-tec_u,1,World,Carbon Removal|Land Use,Mt CO2/yr,2080,6923.079332345273,GW2-IIIb,GW2b,GW2,ok
IMAGE 3.3,NAVIGATE Demand-1.5°C-tec_u,1,World,Carbon Removal|Land Use,Mt CO2/yr,2070,6348.699252387864,GW2-IIIb,GW2b,GW2,ok
IMAGE 3.3,NAVIGATE Demand-1.5°C-tec_u,1,World,Carbon Removal|Land Use,Mt CO2/yr,2060,5452.286522089392,GW2-IIIb,GW2b,GW2,ok
IMAGE 3.3,NAVIGATE Demand-1.5°C-tec_u,1,World,Carbon Removal|Land Use,Mt CO2/yr,2050,4158.391436319096,GW2-IIIb,GW2b,GW2,ok
IMAGE 3.3,NAVIGATE Demand-1.5°C-tec_u,1,World,Carbon Removal|Land Use,Mt CO2/yr,2030,266.5118153138847,GW2-IIIb,GW2b,GW2,ok
IMAGE 3.3,NAVIGATE Demand-1.5°C-tec_u,1,World,Carbon Removal|Land Use,Mt CO2/yr,2035,644.8963930795748,GW2-IIIb,GW2b,GW2,ok
IMAGE 3.3,NAVIGATE Demand-1.5°C-tec_u,1,World,Carbon Removal|Land Use,Mt CO2/yr,2025,0.0,GW2-IIIb,GW2b,GW2,ok
IMAGE 3.3,NAVIGATE Demand-1.5°C-tec_u,1,World,Carbon Removal|Land Use,Mt CO2/yr,2020,0.0,GW2-IIIb,GW2b,GW2,ok
IMAGE 3.3,NAVIGATE Demand-1.5°C-tec_u,1,World,Carbon Removal|Land Use,Mt CO2/yr,2045,3224.118133679078,GW2-IIIb,GW2b,GW2,ok
IMAGE 3.3,NAVIGATE Demand-1.5°C-tec_u,1,World,Emissions|CO2,Mt CO2/yr,2090,-4863.576864048914,GW2-IIIb,GW2b,GW2,ok
IMAGE 3.3,NAVIGATE Demand-1.5°C-tec_u,1,World,Emissions|CO2,Mt CO2/yr,2080,-4341.040161527452,GW2-IIIb,GW2b,GW2,ok
IMAGE 3.3,NAVIGATE Demand-1.5°C-tec_u,1,World,Emissions|CO2,Mt CO2/yr,2070,-3561.743245766503,GW2-IIIb,GW2b,GW2,ok
IMAGE 3.3,NAVIGATE Demand-1.5°C-tec_u,1,World,Emissions|CO2,Mt CO2/yr,2060,-1961.633992691351,GW2-IIIb,GW2b,GW2,ok
IMAGE 3.3,NAVIGATE Demand-1.5°C-tec_u,1,World,Emissions|CO2,Mt CO2/yr,2050,1276.169413364713,GW2-IIIb,GW2b,GW2,ok
IMAGE 3.3,NAVIGATE Demand-1.5°C-tec_u,1,World,Emissions|CO2,Mt CO2/yr,2045,6008.152466366508,GW2-IIIb,GW2b,GW2,ok
IMAGE 3.3,NAVIGATE Demand-1.5°C-tec_u,1,World,Emissions|CO2,Mt CO2/yr,2100,-5223.96606492803,GW2-IIIb,GW2b,GW2,ok
IMAGE 3.3,NAVIGATE Demand-1.5°C-tec_u,1,World,Emissions|CO2,Mt CO2/yr,2035,19515.43408380538,GW2-IIIb,GW2b,GW2,ok
IMAGE 3.3,NAVIGATE Demand-1.5°C-tec_u,1,World,Emissions|CO2,Mt CO2/yr,2030,26681.06754799847,GW2-IIIb,GW2b,GW2,ok
IMAGE 3.3,NAVIGATE Demand-1.5°C-tec_u,1,World,Emissions|CO2,Mt CO2/yr,2025,41394.65071990898,GW2-IIIb,GW2b,GW2,ok
IMAGE 3.3,NAVIGATE Demand-1.5°C-tec_u,1,World,Emissions|CO2,Mt CO2/yr,2020,39603.19043328779,GW2-IIIb,GW2b,GW2,ok
IMAGE 3.3,NAVIGATE Demand-1.5°C-tec_u,1,World,Emissions|CO2,Mt CO2/yr,2040,12003.07503364327,GW2-IIIb,GW2b,GW2,ok
IMAGE 3.3,NAVIGATE Demand-1.5°C-tec_u,1,World,Final Energy,EJ/yr,2050,320.9598125,GW2-IIIb,GW2b,GW2,ok
IMAGE 3.3,NAVIGATE Demand-1.5°C-tec_u,1,World,Final Energy,EJ/yr,2100,427.22490625,GW2-IIIb,GW2b,GW2,ok
IMAGE 3.3,NAVIGATE Demand-1.5°C-tec_u,1,World,Final Energy,EJ/yr,2090,409.172,GW2-IIIb,GW2b,GW2,ok
IMAGE 3.3,NAVIGATE Demand-1.5°C-tec_u,1,World,Final Energy,EJ/yr,2080,389.52959375,GW2-IIIb,GW2b,GW2,ok
IMAGE 3.3,NAVIGATE Demand-1.5°C-tec_u,1,World,Final Energy,EJ/yr,2070,365.5168125,GW2-IIIb,GW2b,GW2,ok
IMAGE 3.3,NAVIGATE Demand-1.5°C-tec_u,1,World,Final Energy,EJ/yr,2060,341.5515,GW2-IIIb,GW2b,GW2,ok
IMAGE 3.3,NAVIGATE Demand-1.5°C-tec_u,1,World,Final Energy,EJ/yr,2045,321.667,GW2-IIIb,GW2b,GW2,ok
IMAGE 3.3,NAVIGATE Demand-1.5°C-tec_u,1,World,Final Energy,EJ/yr,2035,350.08490625,GW2-IIIb,GW2b,GW2,ok
IMAGE 3.3,NAVIGATE Demand-1.5°C-tec_u,1,World,Final Energy,EJ/yr,2030,371.67440625,GW2-IIIb,GW2b,GW2,ok
IMAGE 3.3,NAVIGATE Demand-1.5°C-tec_u,1,World,Final Energy,EJ/yr,2025,431.8265,GW2-IIIb,GW2b,GW2,ok
IMAGE 3.3,NAVIGATE Demand-1.5°C-tec_u,1,World,Final Energy,EJ/yr,2020,388.6173125,GW2-IIIb,GW2b,GW2,ok
IMAGE 3.3,NAVIGATE Demand-1.5°C-tec_u,1,World,Final Energy,EJ/yr,2040,330.40559375,GW2-IIIb,GW2b,GW2,ok
IMAGE 3.3,NAVIGATE Demand-1.5°C-tec_u,1,World,Final Energy|Electricity,EJ/yr,2100,214.931296875,GW2-IIIb,GW2b,GW2,ok
IMAGE 3.3,NAVIGATE Demand-1.5°C-tec_u,1,World,Final Energy|Electricity,EJ/yr,2090,208.625703125,GW2-IIIb,GW2b,GW2,ok
IMAGE 3.3,NAVIGATE Demand-1.5°C-tec_u,1,World,Final Energy|Electricity,EJ/yr,2080,199.69509375,GW2-IIIb,GW2b,GW2,ok
IMAGE 3.3,NAVIGATE Demand-1.5°C-tec_u,1,World,Final Energy|Electricity,EJ/yr,2070,181.711,GW2-IIIb,GW2b,GW2,ok
IMAGE 3.3,NAVIGATE Demand-1.5°C-tec_u,1,World,Final Energy|Electricity,EJ/yr,2060,155.8465,GW2-IIIb,GW2b,GW2,ok
IMAGE 3.3,NAVIGATE Demand-1.5°C-tec_u,1,World,Final Energy|Electricity,EJ/yr,2050,130.0915,GW2-IIIb,GW2b,GW2,ok
IMAGE 3.3,NAVIGATE Demand-1.5°C-tec_u,1,World,Final Energy|Electricity,EJ/yr,2045,117.9181015625,GW2-IIIb,GW2b,GW2,ok
IMAGE 3.3,NAVIGATE Demand-1.5°C-tec_u,1,World,Final Energy|Electricity,EJ/yr,2040,104.0871015625,GW2-IIIb,GW2b,GW2,ok
IMAGE 3.3,NAVIGATE Demand-1.5°C-tec_u,1,World,Final Energy|Electricity,EJ/yr,2030,84.80484375,GW2-IIIb,GW2b,GW2,ok
IMAGE 3.3,NAVIGATE Demand-1.5°C-tec_u,1,World,Final Energy|Electricity,EJ/yr,2025,85.8085234375,GW2-IIIb,GW2b,GW2,ok
IMAGE 3.3,NAVIGATE Demand-1.5°C-tec_u,1,World,Final Energy|Electricity,EJ/yr,2020,72.485578125,GW2-IIIb,GW2b,GW2,ok
IMAGE 3.3,NAVIGATE Demand-1.5°C-tec_u,1,World,Final Energy|Electricity,EJ/yr,2035,92.935296875,GW2-IIIb,GW2b,GW2,ok
IMAGE 3.3,NAVIGATE Demand-1.5°C-tec_u,1,World,Food Availability|Crops [per capita],kcal/cap/day,2100,2369.6376953125,GW2-IIIb,GW2b,GW2,ok
IMAGE 3.3,NAVIGATE Demand-1.5°C-tec_u,1,World,Food Availability|Crops [per capita],kcal/cap/day,2090,2381.87158203125,GW2-IIIb,GW2b,GW2,ok
IMAGE 3.3,NAVIGATE Demand-1.5°C-tec_u,1,World,Food Availability|Crops [per capita],kcal/cap/day,2080,2411.4072265625,GW2-IIIb,GW2b,GW2,ok
IMAGE 3.3,NAVIGATE Demand-1.5°C-tec_u,1,World,Food Availability|Crops [per capita],kcal/cap/day,2070,2450.435302734375,GW2-IIIb,GW2b,GW2,ok
IMAGE 3.3,NAVIGATE Demand-1.5°C-tec_u,1,World,Food Availability|Crops [per capita],kcal/cap/day,2060,2492.959716796875,GW2-IIIb,GW2b,GW2,ok
IMAGE 3.3,NAVIGATE Demand-1.5°C-tec_u,1,World,Food Availability|Crops [per capita],kcal/cap/day,2050,2534.86572265625,GW2-IIIb,GW2b,GW2,ok
IMAGE 3.3,NAVIGATE Demand-1.5°C-tec_u,1,World,Food Availability|Crops [per capita],kcal/cap/day,2045,2542.50390625,GW2-IIIb,GW2b,GW2,ok
IMAGE 3.3,NAVIGATE Demand-1.5°C-tec_u,1,World,Food Availability|Crops [per capita],kcal/cap/day,2040,2550.14208984375,GW2-IIIb,GW2b,GW2,ok
IMAGE 3.3,NAVIGATE Demand-1.5°C-tec_u,1,World,Food Availability|Crops [per capita],kcal/cap/day,2030,2530.8779296875,GW2-IIIb,GW2b,GW2,ok
IMAGE 3.3,NAVIGATE Demand-1.5°C-tec_u,1,World,Food Availability|Crops [per capita],kcal/cap/day,2025,2481.291259765625,GW2-IIIb,GW2b,GW2,ok
IMAGE 3.3,NAVIGATE Demand-1.5°C-tec_u,1,World,Food Availability|Crops [per capita],kcal/cap/day,2020,2431.70458984375,GW2-IIIb,GW2b,GW2,ok
IMAGE 3.3,NAVIGATE Demand-1.5°C-tec_u,1,World,Food Availability|Crops [per capita],kcal/cap/day,2035,2540.510009765625,GW2-IIIb,GW2b,GW2,ok
IMAGE 3.3,NAVIGATE Demand-1.5°C-tec_u,1,World,Food Availability|Livestock [per capita],kcal/cap/day,2050,518.5032958984375,GW2-IIIb,GW2b,GW2,ok
IMAGE 3.3,NAVIGATE Demand-1.5°C-tec_u,1,World,Food Availability|Livestock [per capita],kcal/cap/day,2100,508.0379333496094,GW2-IIIb,GW2b,GW2,ok
IMAGE 3.3,NAVIGATE Demand-1.5°C-tec_u,1,World,Food Availability|Livestock [per capita],kcal/cap/day,2090,508.5893249511719,GW2-IIIb,GW2b,GW2,ok
IMAGE 3.3,NAVIGATE Demand-1.5°C-tec_u,1,World,Food Availability|Livestock [per capita],kcal/cap/day,2080,509.8511352539062,GW2-IIIb,GW2b,GW2,ok
IMAGE 3.3,NAVIGATE Demand-1.5°C-tec_u,1,World,Food Availability|Livestock [per capita],kcal/cap/day,2070,511.9205322265625,GW2-IIIb,GW2b,GW2,ok
IMAGE 3.3,NAVIGATE Demand-1.5°C-tec_u,1,World,Food Availability|Livestock [per capita],kcal/cap/day,2060,514.7347412109375,GW2-IIIb,GW2b,GW2,ok
IMAGE 3.3,NAVIGATE Demand-1.5°C-tec_u,1,World,Food Availability|Livestock [per capita],kcal/cap/day,2045,519.24658203125,GW2-IIIb,GW2b,GW2,ok
IMAGE 3.3,NAVIGATE Demand-1.5°C-tec_u,1,World,Food Availability|Livestock [per capita],kcal/cap/day,2040,519.9898071289062,GW2-IIIb,GW2b,GW2,ok
IMAGE 3.3,NAVIGATE Demand-1.5°C-tec_u,1,World,Food Availability|Livestock [per capita],kcal/cap/day,2035,520.951416015625,GW2-IIIb,GW2b,GW2,ok
IMAGE 3.3,NAVIGATE Demand-1.5°C-tec_u,1,World,Food Availability|Livestock [per capita],kcal/cap/day,2030,521.9129638671875,GW2-IIIb,GW2b,GW2,ok
IMAGE 3.3,NAVIGATE Demand-1.5°C-tec_u,1,World,Food Availability|Livestock [per capita],kcal/cap/day,2025,518.2166748046875,GW2-IIIb,GW2b,GW2,ok
IMAGE 3.3,NAVIGATE Demand-1.5°C-tec_u,1,World,Food Availability|Livestock [per capita],kcal/cap/day,2020,514.5204467773438,GW2-IIIb,GW2b,GW2,ok
IMAGE 3.3,NAVIGATE Demand-1.5°C-tec_u,1,World,GDP|MER,billion USD_2010/yr,2100,401656.56320192,GW2-IIIb,GW2b,GW2,ok
IMAGE 3.3,NAVIGATE Demand-1.5°C-tec_u,1,World,GDP|MER,billion USD_2010/yr,2090,337707.84960384,GW2-IIIb,GW2b,GW2,ok
IMAGE 3.3,NAVIGATE Demand-1.5°C-tec_u,1,World,GDP|MER,billion USD_2010/yr,2070,233482.56035008,GW2-IIIb,GW2b,GW2,ok
IMAGE 3.3,NAVIGATE Demand-1.5°C-tec_u,1,World,GDP|MER,billion USD_2010/yr,2060,191309.56926208,GW2-IIIb,GW2b,GW2,ok
IMAGE 3.3,NAVIGATE Demand-1.5°C-tec_u,1,World,GDP|MER,billion USD_2010/yr,2050,155947.6372,GW2-IIIb,GW2b,GW2,ok
IMAGE 3.3,NAVIGATE Demand-1.5°C-tec_u,1,World,GDP|MER,billion USD_2010/yr,2045,140063.75334,GW2-IIIb,GW2b,GW2,ok
IMAGE 3.3,NAVIGATE Demand-1.5°C-tec_u,1,World,GDP|MER,billion USD_2010/yr,2080,281964.91944896,GW2-IIIb,GW2b,GW2,ok
IMAGE 3.3,NAVIGATE Demand-1.5°C-tec_u,1,World,GDP|MER,billion USD_2010/yr,2035,110139.59287104,GW2-IIIb,GW2b,GW2,ok
IMAGE 3.3,NAVIGATE Demand-1.5°C-tec_u,1,World,GDP|MER,billion USD_2010/yr,2030,96362.90521056001,GW2-IIIb,GW2b,GW2,ok
IMAGE 3.3,NAVIGATE Demand-1.5°C-tec_u,1,World,GDP|MER,billion USD_2010/yr,2025,82782.19891088,GW2-IIIb,GW2b,GW2,ok
IMAGE 3.3,NAVIGATE Demand-1.5°C-tec_u,1,World,GDP|MER,billion USD_2010/yr,2020,68432.9425992,GW2-IIIb,GW2b,GW2,ok
IMAGE 3.3,NAVIGATE Demand-1.5°C-tec_u,1,World,GDP|MER,billion USD_2010/yr,2040,124709.3692,GW2-IIIb,GW2b,GW2,ok
IMAGE 3.3,NAVIGATE Demand-1.5°C-tec_u,1,World,Investment|Energy Supply,billion USD_2010/yr,2060,1597.43791053696,GW2-IIIb,GW2b,GW2,ok
IMAGE 3.3,NAVIGATE Demand-1.5°C-tec_u,1,World,Investment|Energy Supply,billion USD_2010/yr,2100,2481.2250579888,GW2-IIIb,GW2b,GW2,ok
IMAGE 3.3,NAVIGATE Demand-1.5°C-tec_u,1,World,Investment|Energy Supply,billion USD_2010/yr,2090,1975.72637883264,GW2-IIIb,GW2b,GW2,ok
IMAGE 3.3,NAVIGATE Demand-1.5°C-tec_u,1,World,Investment|Energy Supply,billion USD_2010/yr,2080,2069.63772402432,GW2-IIIb,GW2b,GW2,ok
IMAGE 3.3,NAVIGATE Demand-1.5°C-tec_u,1,World,Investment|Energy Supply,billion USD_2010/yr,2070,1834.92019657536,GW2-IIIb,GW2b,GW2,ok
IMAGE 3.3,NAVIGATE Demand-1.5°C-tec_u,1,World,Investment|Energy Supply,billion USD_2010/yr,2050,2230.9058332056,GW2-IIIb,GW2b,GW2,ok
IMAGE 3.3,NAVIGATE Demand-1.5°C-tec_u,1,World,Investment|Energy Supply,billion USD_2010/yr,2045,2271.15324697968,GW2-IIIb,GW2b,GW2,ok
IMAGE 3.3,NAVIGATE Demand-1.5°C-tec_u,1,World,Investment|Energy Supply,billion USD_2010/yr,2035,2057.84890380072,GW2-IIIb,GW2b,GW2,ok
IMAGE 3.3,NAVIGATE Demand-1.5°C-tec_u,1,World,Investment|Energy Supply,billion USD_2010/yr,2030,1893.78145280784,GW2-IIIb,GW2b,GW2,ok
IMAGE 3.3,NAVIGATE Demand-1.5°C-tec_u,1,World,Investment|Energy Supply,billion USD_2010/yr,2025,1684.168770289906,GW2-IIIb,GW2b,GW2,ok
IMAGE 3.3,NAVIGATE Demand-1.5°C-tec_u,1,World,Investment|Energy Supply,billion USD_2010/yr,2020,1625.73492720384,GW2-IIIb,GW2b,GW2,ok
IMAGE 3.3,NAVIGATE Demand-1.5°C-tec_u,1,World,Investment|Energy Supply,billion USD_2010/yr,2040,2038.57297727136,GW2-IIIb,GW2b,GW2,ok
IMAGE 3.3,NAVIGATE Demand-1.5°C-tec_u,1,World,Land Cover,million ha,2100,12964.2672,GW2-IIIb,GW2b,GW2,ok
IMAGE 3.3,NAVIGATE Demand-1.5°C-tec_u,1,World,Land Cover,million ha,2090,12964.2144,GW2-IIIb,GW2b,GW2,ok
IMAGE 3.3,NAVIGATE Demand-1.5°C-tec_u,1,World,Land Cover,million ha,2080,12964.0152,GW2-IIIb,GW2b,GW2,ok
IMAGE 3.3,NAVIGATE Demand-1.5°C-tec_u,1,World,Land Cover,million ha,2070,12963.9504,GW2-IIIb,GW2b,GW2,ok
IMAGE 3.3,NAVIGATE Demand-1.5°C-tec_u,1,World,Land Cover,million ha,2060,12964.1056,GW2-IIIb,GW2b,GW2,ok
IMAGE 3.3,NAVIGATE Demand-1.5°C-tec_u,1,World,Land Cover,million ha,2050,12964.1296,GW2-IIIb,GW2b,GW2,ok
IMAGE 3.3,NAVIGATE Demand-1.5°C-tec_u,1,World,Land Cover,million ha,2045,12964.1296,GW2-IIIb,GW2b,GW2,ok
IMAGE 3.3,NAVIGATE Demand-1.5°C-tec_u,1,World,Land Cover,million ha,2040,12964.1096,GW2-IIIb,GW2b,GW2,ok
IMAGE 3.3,NAVIGATE Demand-1.5°C-tec_u,1,World,Land Cover,million ha,2035,12964.1096,GW2-IIIb,GW2b,GW2,ok
IMAGE 3.3,NAVIGATE Demand-1.5°C-tec_u,1,World,Land Cover,million ha,2030,12964.124,GW2-IIIb,GW2b,GW2,ok
IMAGE 3.3,NAVIGATE Demand-1.5°C-tec_u,1,World,Land Cover,million ha,2025,12964.124,GW2-IIIb,GW2b,GW2,ok
IMAGE 3.3,NAVIGATE Demand-1.5°C-tec_u,1,World,Land Cover,million ha,2020,12964.328,GW2-IIIb,GW2b,GW2,ok
IMAGE 3.3,NAVIGATE Demand-1.5°C-tec_u,1,World,Land Cover|Forest,million ha,2090,4652.4276,GW2-IIIb,GW2b,GW2,ok
IMAGE 3.3,NAVIGATE Demand-1.5°C-tec_u,1,World,Land Cover|Forest,million ha,2080,4534.166,GW2-IIIb,GW2b,GW2,ok
IMAGE 3.3,NAVIGATE Demand-1.5°C-tec_u,1,World,Land Cover|Forest,million ha,2070,4405.1484,GW2-IIIb,GW2b,GW2,ok
IMAGE 3.3,NAVIGATE Demand-1.5°C-tec_u,1,World,Land Cover|Forest,million ha,2060,4283.7248,GW2-IIIb,GW2b,GW2,ok
IMAGE 3.3,NAVIGATE Demand-1.5°C-tec_u,1,World,Land Cover|Forest,million ha,2050,4157.1084,GW2-IIIb,GW2b,GW2,ok
IMAGE 3.3,NAVIGATE Demand-1.5°C-tec_u,1,World,Land Cover|Forest,million ha,2045,4092.2696,GW2-IIIb,GW2b,GW2,ok
IMAGE 3.3,NAVIGATE Demand-1.5°C-tec_u,1,World,Land Cover|Forest,million ha,2100,4729.656,GW2-IIIb,GW2b,GW2,ok
IMAGE 3.3,NAVIGATE Demand-1.5°C-tec_u,1,World,Land Cover|Forest,million ha,2035,3963.7496,GW2-IIIb,GW2b,GW2,ok
IMAGE 3.3,NAVIGATE Demand-1.5°C-tec_u,1,World,Land Cover|Forest,million ha,2030,3912.6716,GW2-IIIb,GW2b,GW2,ok
IMAGE 3.3,NAVIGATE Demand-1.5°C-tec_u,1,World,Land Cover|Forest,million ha,2025,3910.812,GW2-IIIb,GW2b,GW2,ok
IMAGE 3.3,NAVIGATE Demand-1.5°C-tec_u,1,World,Land Cover|Forest,million ha,2020,3918.1948,GW2-IIIb,GW2b,GW2,ok
IMAGE 3.3,NAVIGATE Demand-1.5°C-tec_u,1,World,Land Cover|Forest,million ha,2040,4026.9908,GW2-IIIb,GW2b,GW2,ok
IMAGE 3.3,NAVIGATE Demand-1.5°C-tec_u,1,World,Population,million,2100,9210.525390625,GW2-IIIb,GW2b,GW2,ok
IMAGE 3.3,NAVIGATE Demand-1.5°C-tec_u,1,World,Population,million,2090,9435.03125,GW2-IIIb,GW2b,GW2,ok
IMAGE 3.3,NAVIGATE Demand-1.5°C-tec_u,1,World,Population,million,2080,9590.7734375,GW2-IIIb,GW2b,GW2,ok
IMAGE 3.3,NAVIGATE Demand-1.5°C-tec_u,1,World,Population,million,2070,9641.6494140625,GW2-IIIb,GW2b,GW2,ok
IMAGE 3.3,NAVIGATE Demand-1.5°C-tec_u,1,World,Population,million,2060,9569.134765625,GW2-IIIb,GW2b,GW2,ok
IMAGE 3.3,NAVIGATE Demand-1.5°C-tec_u,1,World,Population,million,2045,9173.7060546875,GW2-IIIb,GW2b,GW2,ok
IMAGE 3.3,NAVIGATE Demand-1.5°C-tec_u,1,World,Population,million,2050,9348.6796875,GW2-IIIb,GW2b,GW2,ok
IMAGE 3.3,NAVIGATE Demand-1.5°C-tec_u,1,World,Population,million,2035,8706.3720703125,GW2-IIIb,GW2b,GW2,ok
IMAGE 3.3,NAVIGATE Demand-1.5°C-tec_u,1,World,Population,million,2030,8421.4912109375,GW2-IIIb,GW2b,GW2,ok
IMAGE 3.3,NAVIGATE Demand-1.5°C-tec_u,1,World,Population,million,2025,8105.07421875,GW2-IIIb,GW2b,GW2,ok
IMAGE 3.3,NAVIGATE Demand-1.5°C-tec_u,1,World,Population,million,2020,7756.7080078125,GW2-IIIb,GW2b,GW2,ok
IMAGE 3.3,NAVIGATE Demand-1.5°C-tec_u,1,World,Population,million,2040,8958.1103515625,GW2-IIIb,GW2b,GW2,ok
IMAGE 3.3,NAVIGATE Demand-1.5°C-tec_u,1,World,Price|Secondary Energy|Electricity,USD_2010/GJ,2100,25.24232564838409,GW2-IIIb,GW2b,GW2,ok
IMAGE 3.3,NAVIGATE Demand-1.5°C-tec_u,1,World,Price|Secondary Energy|Electricity,USD_2010/GJ,2090,26.04272467620849,GW2-IIIb,GW2b,GW2,ok
IMAGE 3.3,NAVIGATE Demand-1.5°C-tec_u,1,World,Price|Secondary Energy|Electricity,USD_2010/GJ,2070,25.58640056762695,GW2-IIIb,GW2b,GW2,ok
IMAGE 3.3,NAVIGATE Demand-1.5°C-tec_u,1,World,Price|Secondary Energy|Electricity,USD_2010/GJ,2060,27.39932839927673,GW2-IIIb,GW2b,GW2,ok
IMAGE 3.3,NAVIGATE Demand-1.5°C-tec_u,1,World,Price|Secondary Energy|Electricity,USD_2010/GJ,2050,29.8304624030304,GW2-IIIb,GW2b,GW2,ok
IMAGE 3.3,NAVIGATE Demand-1.5°C-tec_u,1,World,Price|Secondary Energy|Electricity,USD_2010/GJ,2045,30.82334173557281,GW2-IIIb,GW2b,GW2,ok
IMAGE 3.3,NAVIGATE Demand-1.5°C-tec_u,1,World,Price|Secondary Energy|Electricity,USD_2010/GJ,2080,25.18492383808136,GW2-IIIb,GW2b,GW2,ok
IMAGE 3.3,NAVIGATE Demand-1.5°C-tec_u,1,World,Price|Secondary Energy|Electricity,USD_2010/GJ,2035,34.69964575672149,GW2-IIIb,GW2b,GW2,ok
IMAGE 3.3,NAVIGATE Demand-1.5°C-tec_u,1,World,Price|Secondary Energy|Electricity,USD_2010/GJ,2030,36.96789832061767,GW2-IIIb,GW2b,GW2,ok
IMAGE 3.3,NAVIGATE Demand-1.5°C-tec_u,1,World,Price|Secondary Energy|Electricity,USD_2010/GJ,2025,31.48836224479675,GW2-IIIb,GW2b,GW2,ok
IMAGE 3.3,NAVIGATE Demand-1.5°C-tec_u,1,World,Price|Secondary Energy|Electricity,USD_2010/GJ,2020,28.96660403434753,GW2-IIIb,GW2b,GW2,ok
IMAGE 3.3,NAVIGATE Demand-1.5°C-tec_u,1,World,Price|Secondary Energy|Electricity,USD_2010/GJ,2040,32.1535391046524,GW2-IIIb,GW2b,GW2,ok
IMAGE 3.3,NAVIGATE Demand-1.5°C-tec_u,1,World,Primary Energy|Biomass,EJ/yr,2050,115.246392578125,GW2-IIIb,GW2b,GW2,ok
IMAGE 3.3,NAVIGATE Demand-1.5°C-tec_u,1,World,Primary Energy|Biomass,EJ/yr,2100,149.1040830078125,GW2-IIIb,GW2b,GW2,ok
IMAGE 3.3,NAVIGATE Demand-1.5°C-tec_u,1,World,Primary Energy|Biomass,EJ/yr,2090,149.581150390625,GW2-IIIb,GW2b,GW2,ok
IMAGE 3.3,NAVIGATE Demand-1.5°C-tec_u,1,World,Primary Energy|Biomass,EJ/yr,2080,144.2097802734375,GW2-IIIb,GW2b,GW2,ok
IMAGE 3.3,NAVIGATE Demand-1.5°C-tec_u,1,World,Primary Energy|Biomass,EJ/yr,2070,134.7008603515625,GW2-IIIb,GW2b,GW2,ok
IMAGE 3.3,NAVIGATE Demand-1.5°C-tec_u,1,World,Primary Energy|Biomass,EJ/yr,2060,132.34926171875,GW2-IIIb,GW2b,GW2,ok
IMAGE 3.3,NAVIGATE Demand-1.5°C-tec_u,1,World,Primary Energy|Biomass,EJ/yr,2045,104.732443359375,GW2-IIIb,GW2b,GW2,ok
IMAGE 3.3,NAVIGATE Demand-1.5°C-tec_u,1,World,Primary Energy|Biomass,EJ/yr,2035,80.94658203125,GW2-IIIb,GW2b,GW2,ok
IMAGE 3.3,NAVIGATE Demand-1.5°C-tec_u,1,World,Primary Energy|Biomass,EJ/yr,2030,70.76923046875,GW2-IIIb,GW2b,GW2,ok
IMAGE 3.3,NAVIGATE Demand-1.5°C-tec_u,1,World,Primary Energy|Biomass,EJ/yr,2025,61.190138671875,GW2-IIIb,GW2b,GW2,ok
IMAGE 3.3,NAVIGATE Demand-1.5°C-tec_u,1,World,Primary Energy|Biomass,EJ/yr,2020,58.877361328125,GW2-IIIb,GW2b,GW2,ok
IMAGE 3.3,NAVIGATE Demand-1.5°C-tec_u,1,World,Primary Energy|Biomass,EJ/yr,2040,89.6820703125,GW2-IIIb,GW2b,GW2,ok
IMAGE 3.3,NAVIGATE Demand-1.5°C-tec_u,1,World,Primary Energy|Coal,EJ/yr,2100,1.794724975585938,GW2-IIIb,GW2b,GW2,ok
IMAGE 3.3,NAVIGATE Demand-1.5°C-tec_u,1,World,Primary Energy|Coal,EJ/yr,2090,1.774363037109375,GW2-IIIb,GW2b,GW2,ok
IMAGE 3.3,NAVIGATE Demand-1.5°C-tec_u,1,World,Primary Energy|Coal,EJ/yr,2070,3.187054931640625,GW2-IIIb,GW2b,GW2,ok
IMAGE 3.3,NAVIGATE Demand-1.5°C-tec_u,1,World,Primary Energy|Coal,EJ/yr,2060,5.60201806640625,GW2-IIIb,GW2b,GW2,ok
IMAGE 3.3,NAVIGATE Demand-1.5°C-tec_u,1,World,Primary Energy|Coal,EJ/yr,2050,11.0251796875,GW2-IIIb,GW2b,GW2,ok
IMAGE 3.3,NAVIGATE Demand-1.5°C-tec_u,1,World,Primary Energy|Coal,EJ/yr,2045,18.550140625,GW2-IIIb,GW2b,GW2,ok
IMAGE 3.3,NAVIGATE Demand-1.5°C-tec_u,1,World,Primary Energy|Coal,EJ/yr,2080,2.45577392578125,GW2-IIIb,GW2b,GW2,ok
IMAGE 3.3,NAVIGATE Demand-1.5°C-tec_u,1,World,Primary Energy|Coal,EJ/yr,2035,44.71198046875,GW2-IIIb,GW2b,GW2,ok
IMAGE 3.3,NAVIGATE Demand-1.5°C-tec_u,1,World,Primary Energy|Coal,EJ/yr,2030,80.8282890625,GW2-IIIb,GW2b,GW2,ok
IMAGE 3.3,NAVIGATE Demand-1.5°C-tec_u,1,World,Primary Energy|Coal,EJ/yr,2025,164.6085,GW2-IIIb,GW2b,GW2,ok
IMAGE 3.3,NAVIGATE Demand-1.5°C-tec_u,1,World,Primary Energy|Coal,EJ/yr,2020,182.7045,GW2-IIIb,GW2b,GW2,ok
IMAGE 3.3,NAVIGATE Demand-1.5°C-tec_u,1,World,Primary Energy|Coal,EJ/yr,2040,30.328400390625,GW2-IIIb,GW2b,GW2,ok
IMAGE 3.3,NAVIGATE Demand-1.5°C-tec_u,1,World,Primary Energy|Fossil|w/ CCS,EJ/yr,2060,31.39932397460938,GW2-IIIb,GW2b,GW2,ok
IMAGE 3.3,NAVIGATE Demand-1.5°C-tec_u,1,World,Primary Energy|Fossil|w/ CCS,EJ/yr,2100,34.45676123046875,GW2-IIIb,GW2b,GW2,ok
IMAGE 3.3,NAVIGATE Demand-1.5°C-tec_u,1,World,Primary Energy|Fossil|w/ CCS,EJ/yr,2090,38.79309460449219,GW2-IIIb,GW2b,GW2,ok
IMAGE 3.3,NAVIGATE Demand-1.5°C-tec_u,1,World,Primary Energy|Fossil|w/ CCS,EJ/yr,2080,30.08859533691406,GW2-IIIb,GW2b,GW2,ok
IMAGE 3.3,NAVIGATE Demand-1.5°C-tec_u,1,World,Primary Energy|Fossil|w/ CCS,EJ/yr,2070,32.86253881835938,GW2-IIIb,GW2b,GW2,ok
IMAGE 3.3,NAVIGATE Demand-1.5°C-tec_u,1,World,Primary Energy|Fossil|w/ CCS,EJ/yr,2050,25.82311840820313,GW2-IIIb,GW2b,GW2,ok
IMAGE 3.3,NAVIGATE Demand-1.5°C-tec_u,1,World,Primary Energy|Fossil|w/ CCS,EJ/yr,2045,22.36131140136719,GW2-IIIb,GW2b,GW2,ok
IMAGE 3.3,NAVIGATE Demand-1.5°C-tec_u,1,World,Primary Energy|Fossil|w/ CCS,EJ/yr,2040,15.04975231933594,GW2-IIIb,GW2b,GW2,ok
IMAGE 3.3,NAVIGATE Demand-1.5°C-tec_u,1,World,Primary Energy|Fossil|w/ CCS,EJ/yr,2035,6.795402893066407,GW2-IIIb,GW2b,GW2,ok
IMAGE 3.3,NAVIGATE Demand-1.5°C-tec_u,1,World,Primary Energy|Fossil|w/ CCS,EJ/yr,2030,2.161873100280762,GW2-IIIb,GW2b,GW2,ok
IMAGE 3.3,NAVIGATE Demand-1.5°C-tec_u,1,World,Primary Energy|Fossil|w/ CCS,EJ/yr,2025,0.303171356201171,GW2-IIIb,GW2b,GW2,ok
IMAGE 3.3,NAVIGATE Demand-1.5°C-tec_u,1,World,Primary Energy|Fossil|w/ CCS,EJ/yr,2020,0.0,GW2-IIIb,GW2b,GW2,ok
IMAGE 3.3,NAVIGATE Demand-1.5°C-tec_u,1,World,Primary Energy|Fossil|w/o CCS,EJ/yr,2090,28.56825759887695,GW2-IIIb,GW2b,GW2,ok
IMAGE 3.3,NAVIGATE Demand-1.5°C-tec_u,1,World,Primary Energy|Fossil|w/o CCS,EJ/yr,2080,31.00057110595703,GW2-IIIb,GW2b,GW2,ok
IMAGE 3.3,NAVIGATE Demand-1.5°C-tec_u,1,World,Primary Energy|Fossil|w/o CCS,EJ/yr,2070,34.99707702636719,GW2-IIIb,GW2b,GW2,ok
IMAGE 3.3,NAVIGATE Demand-1.5°C-tec_u,1,World,Primary Energy|Fossil|w/o CCS,EJ/yr,2060,46.30457006835938,GW2-IIIb,GW2b,GW2,ok
IMAGE 3.3,NAVIGATE Demand-1.5°C-tec_u,1,World,Primary Energy|Fossil|w/o CCS,EJ/yr,2050,75.63459765625001,GW2-IIIb,GW2b,GW2,ok
IMAGE 3.3,NAVIGATE Demand-1.5°C-tec_u,1,World,Primary Energy|Fossil|w/o CCS,EJ/yr,2045,115.8586162109375,GW2-IIIb,GW2b,GW2,ok
IMAGE 3.3,NAVIGATE Demand-1.5°C-tec_u,1,World,Primary Energy|Fossil|w/o CCS,EJ/yr,2100,26.47684185791016,GW2-IIIb,GW2b,GW2,ok
IMAGE 3.3,NAVIGATE Demand-1.5°C-tec_u,1,World,Primary Energy|Fossil|w/o CCS,EJ/yr,2035,253.55346484375,GW2-IIIb,GW2b,GW2,ok
IMAGE 3.3,NAVIGATE Demand-1.5°C-tec_u,1,World,Primary Energy|Fossil|w/o CCS,EJ/yr,2030,337.71528125,GW2-IIIb,GW2b,GW2,ok
IMAGE 3.3,NAVIGATE Demand-1.5°C-tec_u,1,World,Primary Energy|Fossil|w/o CCS,EJ/yr,2025,482.275390625,GW2-IIIb,GW2b,GW2,ok
IMAGE 3.3,NAVIGATE Demand-1.5°C-tec_u,1,World,Primary Energy|Fossil|w/o CCS,EJ/yr,2020,474.871609375,GW2-IIIb,GW2b,GW2,ok
IMAGE 3.3,NAVIGATE Demand-1.5°C-tec_u,1,World,Primary Energy|Fossil|w/o CCS,EJ/yr,2040,176.9767109375,GW2-IIIb,GW2b,GW2,ok
IMAGE 3.3,NAVIGATE Demand-1.5°C-tec_u,1,World,Primary Energy|Gas,EJ/yr,2100,39.36073046875,GW2-IIIb,GW2b,GW2,ok
IMAGE 3.3,NAVIGATE Demand-1.5°C-tec_u,1,World,Primary Energy|Gas,EJ/yr,2090,43.9983203125,GW2-IIIb,GW2b,GW2,ok
IMAGE 3.3,NAVIGATE Demand-1.5°C-tec_u,1,World,Primary Energy|Gas,EJ/yr,2080,34.7194609375,GW2-IIIb,GW2b,GW2,ok
IMAGE 3.3,NAVIGATE Demand-1.5°C-tec_u,1,World,Primary Energy|Gas,EJ/yr,2070,38.47887890625,GW2-IIIb,GW2b,GW2,ok
IMAGE 3.3,NAVIGATE Demand-1.5°C-tec_u,1,World,Primary Energy|Gas,EJ/yr,2060,40.79073828125,GW2-IIIb,GW2b,GW2,ok
IMAGE 3.3,NAVIGATE Demand-1.5°C-tec_u,1,World,Primary Energy|Gas,EJ/yr,2050,42.1688515625,GW2-IIIb,GW2b,GW2,ok
IMAGE 3.3,NAVIGATE Demand-1.5°C-tec_u,1,World,Primary Energy|Gas,EJ/yr,2045,49.4133984375,GW2-IIIb,GW2b,GW2,ok
IMAGE 3.3,NAVIGATE Demand-1.5°C-tec_u,1,World,Primary Energy|Gas,EJ/yr,2040,61.14794921875,GW2-IIIb,GW2b,GW2,ok
IMAGE 3.3,NAVIGATE Demand-1.5°C-tec_u,1,World,Primary Energy|Gas,EJ/yr,2030,101.4568984375,GW2-IIIb,GW2b,GW2,ok
IMAGE 3.3,NAVIGATE Demand-1.5°C-tec_u,1,World,Primary Energy|Gas,EJ/yr,2025,127.739,GW2-IIIb,GW2b,GW2,ok
IMAGE 3.3,NAVIGATE Demand-1.5°C-tec_u,1,World,Primary Energy|Gas,EJ/yr,2020,122.187203125,GW2-IIIb,GW2b,GW2,ok
IMAGE 3.3,NAVIGATE Demand-1.5°C-tec_u,1,World,Primary Energy|Gas,EJ/yr,2035,84.46090625000001,GW2-IIIb,GW2b,GW2,ok
IMAGE 3.3,NAVIGATE Demand-1.5°C-tec_u,1,World,Primary Energy|Non-Biomass Renewables,EJ/yr,2100,350.5040068359375,GW2-IIIb,GW2b,GW2,ok
IMAGE 3.3,NAVIGATE Demand-1.5°C-tec_u,1,World,Primary Energy|Non-Biomass Renewables,EJ/yr,2090,326.5890700683594,GW2-IIIb,GW2b,GW2,ok
IMAGE 3.3,NAVIGATE Demand-1.5°C-tec_u,1,World,Primary Energy|Non-Biomass Renewables,EJ/yr,2070,279.973326171875,GW2-IIIb,GW2b,GW2,ok
IMAGE 3.3,NAVIGATE Demand-1.5°C-tec_u,1,World,Primary Energy|Non-Biomass Renewables,EJ/yr,2060,239.9457725830078,GW2-IIIb,GW2b,GW2,ok
IMAGE 3.3,NAVIGATE Demand-1.5°C-tec_u,1,World,Primary Energy|Non-Biomass Renewables,EJ/yr,2050,202.408219543457,GW2-IIIb,GW2b,GW2,ok
IMAGE 3.3,NAVIGATE Demand-1.5°C-tec_u,1,World,Primary Energy|Non-Biomass Renewables,EJ/yr,2045,174.5693606567383,GW2-IIIb,GW2b,GW2,ok
IMAGE 3.3,NAVIGATE Demand-1.5°C-tec_u,1,World,Primary Energy|Non-Biomass Renewables,EJ/yr,2080,311.5431643066406,GW2-IIIb,GW2b,GW2,ok
IMAGE 3.3,NAVIGATE Demand-1.5°C-tec_u,1,World,Primary Energy|Non-Biomass Renewables,EJ/yr,2035,101.0190284423828,GW2-IIIb,GW2b,GW2,ok
IMAGE 3.3,NAVIGATE Demand-1.5°C-tec_u,1,World,Primary Energy|Non-Biomass Renewables,EJ/yr,2030,66.11351666259766,GW2-IIIb,GW2b,GW2,ok
IMAGE 3.3,NAVIGATE Demand-1.5°C-tec_u,1,World,Primary Energy|Non-Biomass Renewables,EJ/yr,2025,34.9438323059082,GW2-IIIb,GW2b,GW2,ok
IMAGE 3.3,NAVIGATE Demand-1.5°C-tec_u,1,World,Primary Energy|Non-Biomass Renewables,EJ/yr,2020,26.3635471496582,GW2-IIIb,GW2b,GW2,ok
IMAGE 3.3,NAVIGATE Demand-1.5°C-tec_u,1,World,Primary Energy|Non-Biomass Renewables,EJ/yr,2040,139.2042680053711,GW2-IIIb,GW2b,GW2,ok
IMAGE 3.3,NAVIGATE Demand-1.5°C-tec_u,1,World,Primary Energy|Nuclear,EJ/yr,2100,27.657630859375,GW2-IIIb,GW2b,GW2,ok
IMAGE 3.3,NAVIGATE Demand-1.5°C-tec_u,1,World,Primary Energy|Nuclear,EJ/yr,2090,27.336599609375,GW2-IIIb,GW2b,GW2,ok
IMAGE 3.3,NAVIGATE Demand-1.5°C-tec_u,1,World,Primary Energy|Nuclear,EJ/yr,2080,22.707599609375,GW2-IIIb,GW2b,GW2,ok
IMAGE 3.3,NAVIGATE Demand-1.5°C-tec_u,1,World,Primary Energy|Nuclear,EJ/yr,2070,19.5420390625,GW2-IIIb,GW2b,GW2,ok
IMAGE 3.3,NAVIGATE Demand-1.5°C-tec_u,1,World,Primary Energy|Nuclear,EJ/yr,2060,10.931580078125,GW2-IIIb,GW2b,GW2,ok
IMAGE 3.3,NAVIGATE Demand-1.5°C-tec_u,1,World,Primary Energy|Nuclear,EJ/yr,2050,6.82668701171875,GW2-IIIb,GW2b,GW2,ok
IMAGE 3.3,NAVIGATE Demand-1.5°C-tec_u,1,World,Primary Energy|Nuclear,EJ/yr,2045,6.096459960937501,GW2-IIIb,GW2b,GW2,ok
IMAGE 3.3,NAVIGATE Demand-1.5°C-tec_u,1,World,Primary Energy|Nuclear,EJ/yr,2030,10.13876953125,GW2-IIIb,GW2b,GW2,ok
IMAGE 3.3,NAVIGATE Demand-1.5°C-tec_u,1,World,Primary Energy|Nuclear,EJ/yr,2035,8.75440625,GW2-IIIb,GW2b,GW2,ok
IMAGE 3.3,NAVIGATE Demand-1.5°C-tec_u,1,World,Primary Energy|Nuclear,EJ/yr,2025,9.8364599609375,GW2-IIIb,GW2b,GW2,ok
IMAGE 3.3,NAVIGATE Demand-1.5°C-tec_u,1,World,Primary Energy|Nuclear,EJ/yr,2020,9.6280341796875,GW2-IIIb,GW2b,GW2,ok
IMAGE 3.3,NAVIGATE Demand-1.5°C-tec_u,1,World,Primary Energy|Nuclear,EJ/yr,2040,7.49468310546875,GW2-IIIb,GW2b,GW2,ok
IMAGE 3.3,NAVIGATE Demand-1.5°C-tec_u,1,World,Primary Energy|Oil,EJ/yr,2060,31.311130859375,GW2-IIIb,GW2b,GW2,ok
IMAGE 3.3,NAVIGATE Demand-1.5°C-tec_u,1,World,Primary Energy|Oil,EJ/yr,2070,26.1936796875,GW2-IIIb,GW2b,GW2,ok
IMAGE 3.3,NAVIGATE Demand-1.5°C-tec_u,1,World,Primary Energy|Oil,EJ/yr,2050,48.2636796875,GW2-IIIb,GW2b,GW2,ok
IMAGE 3.3,NAVIGATE Demand-1.5°C-tec_u,1,World,Primary Energy|Oil,EJ/yr,2090,21.588669921875,GW2-IIIb,GW2b,GW2,ok
IMAGE 3.3,NAVIGATE Demand-1.5°C-tec_u,1,World,Primary Energy|Oil,EJ/yr,2100,19.778150390625,GW2-IIIb,GW2b,GW2,ok
IMAGE 3.3,NAVIGATE Demand-1.5°C-tec_u,1,World,Primary Energy|Oil,EJ/yr,2080,23.913939453125,GW2-IIIb,GW2b,GW2,ok
IMAGE 3.3,NAVIGATE Demand-1.5°C-tec_u,1,World,Primary Energy|Oil,EJ/yr,2045,70.256390625,GW2-IIIb,GW2b,GW2,ok
IMAGE 3.3,NAVIGATE Demand-1.5°C-tec_u,1,World,Primary Energy|Oil,EJ/yr,2035,131.17590625,GW2-IIIb,GW2b,GW2,ok
IMAGE 3.3,NAVIGATE Demand-1.5°C-tec_u,1,World,Primary Energy|Oil,EJ/yr,2030,157.592,GW2-IIIb,GW2b,GW2,ok
IMAGE 3.3,NAVIGATE Demand-1.5°C-tec_u,1,World,Primary Energy|Oil,EJ/yr,2025,190.231,GW2-IIIb,GW2b,GW2,ok
IMAGE 3.3,NAVIGATE Demand-1.5°C-tec_u,1,World,Primary Energy|Oil,EJ/yr,2020,169.97990625,GW2-IIIb,GW2b,GW2,ok
IMAGE 3.3,NAVIGATE Demand-1.5°C-tec_u,1,World,Primary Energy|Oil,EJ/yr,2040,100.5501015625,GW2-IIIb,GW2b,GW2,ok
IMAGE 3.3,NAVIGATE Demand-2.0°C-ele_u,1,World,Capacity|Electricity|Solar|PV,GW,2050,8548.595,GW3-IIc,GW3b,GW3,ok
IMAGE 3.3,NAVIGATE Demand-2.0°C-ele_u,1,World,Capacity|Electricity|Solar|PV,GW,2090,24236.687,GW3-IIc,GW3b,GW3,ok
IMAGE 3.3,NAVIGATE Demand-2.0°C-ele_u,1,World,Capacity|Electricity|Solar|PV,GW,2100,25890.207,GW3-IIc,GW3b,GW3,ok
IMAGE 3.3,NAVIGATE Demand-2.0°C-ele_u,1,World,Capacity|Electricity|Solar|PV,GW,2080,19714.928,GW3-IIc,GW3b,GW3,ok
IMAGE 3.3,NAVIGATE Demand-2.0°C-ele_u,1,World,Capacity|Electricity|Solar|PV,GW,2070,16055.817,GW3-IIc,GW3b,GW3,ok
IMAGE 3.3,NAVIGATE Demand-2.0°C-ele_u,1,World,Capacity|Electricity|Solar|PV,GW,2060,12209.234,GW3-IIc,GW3b,GW3,ok
IMAGE 3.3,NAVIGATE Demand-2.0°C-ele_u,1,World,Capacity|Electricity|Solar|PV,GW,2045,7300.574000000001,GW3-IIc,GW3b,GW3,ok
IMAGE 3.3,NAVIGATE Demand-2.0°C-ele_u,1,World,Capacity|Electricity|Solar|PV,GW,2035,4292.025,GW3-IIc,GW3b,GW3,ok
IMAGE 3.3,NAVIGATE Demand-2.0°C-ele_u,1,World,Capacity|Electricity|Solar|PV,GW,2030,2334.384,GW3-IIc,GW3b,GW3,ok
IMAGE 3.3,NAVIGATE Demand-2.0°C-ele_u,1,World,Capacity|Electricity|Solar|PV,GW,2025,1305.3638125,GW3-IIc,GW3b,GW3,ok
IMAGE 3.3,NAVIGATE Demand-2.0°C-ele_u,1,World,Capacity|Electricity|Solar|PV,GW,2020,725.369625,GW3-IIc,GW3b,GW3,ok
IMAGE 3.3,NAVIGATE Demand-2.0°C-ele_u,1,World,Capacity|Electricity|Solar|PV,GW,2040,5922.886,GW3-IIc,GW3b,GW3,ok
IMAGE 3.3,NAVIGATE Demand-2.0°C-ele_u,1,World,Capacity|Electricity|Wind,GW,2100,5638.286375,GW3-IIc,GW3b,GW3,ok
IMAGE 3.3,NAVIGATE Demand-2.0°C-ele_u,1,World,Capacity|Electricity|Wind,GW,2090,5646.893875,GW3-IIc,GW3b,GW3,ok
IMAGE 3.3,NAVIGATE Demand-2.0°C-ele_u,1,World,Capacity|Electricity|Wind,GW,2080,5789.427875,GW3-IIc,GW3b,GW3,ok
IMAGE 3.3,NAVIGATE Demand-2.0°C-ele_u,1,World,Capacity|Electricity|Wind,GW,2070,5879.7788125,GW3-IIc,GW3b,GW3,ok
IMAGE 3.3,NAVIGATE Demand-2.0°C-ele_u,1,World,Capacity|Electricity|Wind,GW,2060,5579.349125,GW3-IIc,GW3b,GW3,ok
IMAGE 3.3,NAVIGATE Demand-2.0°C-ele_u,1,World,Capacity|Electricity|Wind,GW,2045,3148.6296875,GW3-IIc,GW3b,GW3,ok
IMAGE 3.3,NAVIGATE Demand-2.0°C-ele_u,1,World,Capacity|Electricity|Wind,GW,2050,3906.936375,GW3-IIc,GW3b,GW3,ok
IMAGE 3.3,NAVIGATE Demand-2.0°C-ele_u,1,World,Capacity|Electricity|Wind,GW,2035,1719.092796875,GW3-IIc,GW3b,GW3,ok
IMAGE 3.3,NAVIGATE Demand-2.0°C-ele_u,1,World,Capacity|Electricity|Wind,GW,2040,2372.95790625,GW3-IIc,GW3b,GW3,ok
IMAGE 3.3,NAVIGATE Demand-2.0°C-ele_u,1,World,Capacity|Electricity|Wind,GW,2025,1058.70859375,GW3-IIc,GW3b,GW3,ok
IMAGE 3.3,NAVIGATE Demand-2.0°C-ele_u,1,World,Capacity|Electricity|Wind,GW,2030,1282.6098984375,GW3-IIc,GW3b,GW3,ok
IMAGE 3.3,NAVIGATE Demand-2.0°C-ele_u,1,World,Capacity|Electricity|Wind,GW,2020,731.66244921875,GW3-IIc,GW3b,GW3,ok
IMAGE 3.3,NAVIGATE Demand-2.0°C-ele_u,1,World,Carbon Capture|Geological Storage|Biomass,Mt CO2/yr,2090,107.401126410746,GW3-IIc,GW3b,GW3,ok
IMAGE 3.3,NAVIGATE Demand-2.0°C-ele_u,1,World,Carbon Capture|Geological Storage|Biomass,Mt CO2/yr,2080,80.55189605758174,GW3-IIc,GW3b,GW3,ok
IMAGE 3.3,NAVIGATE Demand-2.0°C-ele_u,1,World,Carbon Capture|Geological Storage|Biomass,Mt CO2/yr,2070,67.14034412546124,GW3-IIc,GW3b,GW3,ok
IMAGE 3.3,NAVIGATE Demand-2.0°C-ele_u,1,World,Carbon Capture|Geological Storage|Biomass,Mt CO2/yr,2060,47.8628161928259,GW3-IIc,GW3b,GW3,ok
IMAGE 3.3,NAVIGATE Demand-2.0°C-ele_u,1,World,Carbon Capture|Geological Storage|Biomass,Mt CO2/yr,2050,40.77744149139344,GW3-IIc,GW3b,GW3,ok
IMAGE 3.3,NAVIGATE Demand-2.0°C-ele_u,1,World,Carbon Capture|Geological Storage|Biomass,Mt CO2/yr,2045,36.84179069479421,GW3-IIc,GW3b,GW3,ok
IMAGE 3.3,NAVIGATE Demand-2.0°C-ele_u,1,World,Carbon Capture|Geological Storage|Biomass,Mt CO2/yr,2100,112.9337015541405,GW3-IIc,GW3b,GW3,ok
IMAGE 3.3,NAVIGATE Demand-2.0°C-ele_u,1,World,Carbon Capture|Geological Storage|Biomass,Mt CO2/yr,2035,6.141804520012169,GW3-IIc,GW3b,GW3,ok
IMAGE 3.3,NAVIGATE Demand-2.0°C-ele_u,1,World,Carbon Capture|Geological Storage|Biomass,Mt CO2/yr,2030,0.8827573353800311,GW3-IIc,GW3b,GW3,ok
IMAGE 3.3,NAVIGATE Demand-2.0°C-ele_u,1,World,Carbon Capture|Geological Storage|Biomass,Mt CO2/yr,2025,0.0,GW3-IIc,GW3b,GW3,ok
IMAGE 3.3,NAVIGATE Demand-2.0°C-ele_u,1,World,Carbon Capture|Geological Storage|Biomass,Mt CO2/yr,2020,0.0,GW3-IIc,GW3b,GW3,ok
IMAGE 3.3,NAVIGATE Demand-2.0°C-ele_u,1,World,Carbon Capture|Geological Storage|Biomass,Mt CO2/yr,2040,25.07485369749069,GW3-IIc,GW3b,GW3,ok
IMAGE 3.3,NAVIGATE Demand-2.0°C-ele_u,1,World,Carbon Removal|Land Use,Mt CO2/yr,2040,959.7960512715905,GW3-IIc,GW3b,GW3,ok
IMAGE 3.3,NAVIGATE Demand-2.0°C-ele_u,1,World,Carbon Removal|Land Use,Mt CO2/yr,2100,3782.824000066691,GW3-IIc,GW3b,GW3,ok
IMAGE 3.3,NAVIGATE Demand-2.0°C-ele_u,1,World,Carbon Removal|Land Use,Mt CO2/yr,2090,4174.826423706658,GW3-IIc,GW3b,GW3,ok
IMAGE 3.3,NAVIGATE Demand-2.0°C-ele_u,1,World,Carbon Removal|Land Use,Mt CO2/yr,2080,3367.015978006644,GW3-IIc,GW3b,GW3,ok
IMAGE 3.3,NAVIGATE Demand-2.0°C-ele_u,1,World,Carbon Removal|Land Use,Mt CO2/yr,2070,2730.657200266806,GW3-IIc,GW3b,GW3,ok
IMAGE 3.3,NAVIGATE Demand-2.0°C-ele_u,1,World,Carbon Removal|Land Use,Mt CO2/yr,2060,2031.778156942062,GW3-IIc,GW3b,GW3,ok
IMAGE 3.3,NAVIGATE Demand-2.0°C-ele_u,1,World,Carbon Removal|Land Use,Mt CO2/yr,2050,1375.005682434469,GW3-IIc,GW3b,GW3,ok
IMAGE 3.3,NAVIGATE Demand-2.0°C-ele_u,1,World,Carbon Removal|Land Use,Mt CO2/yr,2030,258.6941048738099,GW3-IIc,GW3b,GW3,ok
IMAGE 3.3,NAVIGATE Demand-2.0°C-ele_u,1,World,Carbon Removal|Land Use,Mt CO2/yr,2035,639.9689565684049,GW3-IIc,GW3b,GW3,ok
IMAGE 3.3,NAVIGATE Demand-2.0°C-ele_u,1,World,Carbon Removal|Land Use,Mt CO2/yr,2025,0.0,GW3-IIc,GW3b,GW3,ok
IMAGE 3.3,NAVIGATE Demand-2.0°C-ele_u,1,World,Carbon Removal|Land Use,Mt CO2/yr,2020,0.0,GW3-IIc,GW3b,GW3,ok
IMAGE 3.3,NAVIGATE Demand-2.0°C-ele_u,1,World,Carbon Removal|Land Use,Mt CO2/yr,2045,1114.789237680054,GW3-IIc,GW3b,GW3,ok
IMAGE 3.3,NAVIGATE Demand-2.0°C-ele_u,1,World,Emissions|CO2,Mt CO2/yr,2090,2554.960368070811,GW3-IIc,GW3b,GW3,ok
IMAGE 3.3,NAVIGATE Demand-2.0°C-ele_u,1,World,Emissions|CO2,Mt CO2/yr,2080,4412.4264733829,GW3-IIc,GW3b,GW3,ok
IMAGE 3.3,NAVIGATE Demand-2.0°C-ele_u,1,World,Emissions|CO2,Mt CO2/yr,2070,5662.297445176212,GW3-IIc,GW3b,GW3,ok
IMAGE 3.3,NAVIGATE Demand-2.0°C-ele_u,1,World,Emissions|CO2,Mt CO2/yr,2060,8291.785319764214,GW3-IIc,GW3b,GW3,ok
IMAGE 3.3,NAVIGATE Demand-2.0°C-ele_u,1,World,Emissions|CO2,Mt CO2/yr,2050,13117.70141720814,GW3-IIc,GW3b,GW3,ok
IMAGE 3.3,NAVIGATE Demand-2.0°C-ele_u,1,World,Emissions|CO2,Mt CO2/yr,2045,16969.63411612603,GW3-IIc,GW3b,GW3,ok
IMAGE 3.3,NAVIGATE Demand-2.0°C-ele_u,1,World,Emissions|CO2,Mt CO2/yr,2100,1850.249817062736,GW3-IIc,GW3b,GW3,ok
IMAGE 3.3,NAVIGATE Demand-2.0°C-ele_u,1,World,Emissions|CO2,Mt CO2/yr,2035,27403.9075545746,GW3-IIc,GW3b,GW3,ok
IMAGE 3.3,NAVIGATE Demand-2.0°C-ele_u,1,World,Emissions|CO2,Mt CO2/yr,2030,33343.28450823954,GW3-IIc,GW3b,GW3,ok
IMAGE 3.3,NAVIGATE Demand-2.0°C-ele_u,1,World,Emissions|CO2,Mt CO2/yr,2025,43070.17057683213,GW3-IIc,GW3b,GW3,ok
IMAGE 3.3,NAVIGATE Demand-2.0°C-ele_u,1,World,Emissions|CO2,Mt CO2/yr,2020,39594.68262078702,GW3-IIc,GW3b,GW3,ok
IMAGE 3.3,NAVIGATE Demand-2.0°C-ele_u,1,World,Emissions|CO2,Mt CO2/yr,2040,21289.0032571437,GW3-IIc,GW3b,GW3,ok
IMAGE 3.3,NAVIGATE Demand-2.0°C-ele_u,1,World,Final Energy,EJ/yr,2050,374.70790625,GW3-IIc,GW3b,GW3,ok
IMAGE 3.3,NAVIGATE Demand-2.0°C-ele_u,1,World,Final Energy,EJ/yr,2100,502.89540625,GW3-IIc,GW3b,GW3,ok
IMAGE 3.3,NAVIGATE Demand-2.0°C-ele_u,1,World,Final Energy,EJ/yr,2090,482.94290625,GW3-IIc,GW3b,GW3,ok
IMAGE 3.3,NAVIGATE Demand-2.0°C-ele_u,1,World,Final Energy,EJ/yr,2080,459.4651875,GW3-IIc,GW3b,GW3,ok
IMAGE 3.3,NAVIGATE Demand-2.0°C-ele_u,1,World,Final Energy,EJ/yr,2070,433.8506875,GW3-IIc,GW3b,GW3,ok
IMAGE 3.3,NAVIGATE Demand-2.0°C-ele_u,1,World,Final Energy,EJ/yr,2060,402.5976875,GW3-IIc,GW3b,GW3,ok
IMAGE 3.3,NAVIGATE Demand-2.0°C-ele_u,1,World,Final Energy,EJ/yr,2045,362.0128125,GW3-IIc,GW3b,GW3,ok
IMAGE 3.3,NAVIGATE Demand-2.0°C-ele_u,1,World,Final Energy,EJ/yr,2035,367.36790625,GW3-IIc,GW3b,GW3,ok
IMAGE 3.3,NAVIGATE Demand-2.0°C-ele_u,1,World,Final Energy,EJ/yr,2030,388.2308125,GW3-IIc,GW3b,GW3,ok
IMAGE 3.3,NAVIGATE Demand-2.0°C-ele_u,1,World,Final Energy,EJ/yr,2025,433.3355,GW3-IIc,GW3b,GW3,ok
IMAGE 3.3,NAVIGATE Demand-2.0°C-ele_u,1,World,Final Energy,EJ/yr,2020,388.60859375,GW3-IIc,GW3b,GW3,ok
IMAGE 3.3,NAVIGATE Demand-2.0°C-ele_u,1,World,Final Energy,EJ/yr,2040,359.11390625,GW3-IIc,GW3b,GW3,ok
IMAGE 3.3,NAVIGATE Demand-2.0°C-ele_u,1,World,Final Energy|Electricity,EJ/yr,2100,217.902203125,GW3-IIc,GW3b,GW3,ok
IMAGE 3.3,NAVIGATE Demand-2.0°C-ele_u,1,World,Final Energy|Electricity,EJ/yr,2090,209.50659375,GW3-IIc,GW3b,GW3,ok
IMAGE 3.3,NAVIGATE Demand-2.0°C-ele_u,1,World,Final Energy|Electricity,EJ/yr,2080,200.976,GW3-IIc,GW3b,GW3,ok
IMAGE 3.3,NAVIGATE Demand-2.0°C-ele_u,1,World,Final Energy|Electricity,EJ/yr,2070,186.926296875,GW3-IIc,GW3b,GW3,ok
IMAGE 3.3,NAVIGATE Demand-2.0°C-ele_u,1,World,Final Energy|Electricity,EJ/yr,2060,168.515,GW3-IIc,GW3b,GW3,ok
IMAGE 3.3,NAVIGATE Demand-2.0°C-ele_u,1,World,Final Energy|Electricity,EJ/yr,2050,147.592203125,GW3-IIc,GW3b,GW3,ok
IMAGE 3.3,NAVIGATE Demand-2.0°C-ele_u,1,World,Final Energy|Electricity,EJ/yr,2045,134.364796875,GW3-IIc,GW3b,GW3,ok
IMAGE 3.3,NAVIGATE Demand-2.0°C-ele_u,1,World,Final Energy|Electricity,EJ/yr,2040,122.0675,GW3-IIc,GW3b,GW3,ok
IMAGE 3.3,NAVIGATE Demand-2.0°C-ele_u,1,World,Final Energy|Electricity,EJ/yr,2030,93.1723203125,GW3-IIc,GW3b,GW3,ok
IMAGE 3.3,NAVIGATE Demand-2.0°C-ele_u,1,World,Final Energy|Electricity,EJ/yr,2025,86.28815625,GW3-IIc,GW3b,GW3,ok
IMAGE 3.3,NAVIGATE Demand-2.0°C-ele_u,1,World,Final Energy|Electricity,EJ/yr,2020,72.6155703125,GW3-IIc,GW3b,GW3,ok
IMAGE 3.3,NAVIGATE Demand-2.0°C-ele_u,1,World,Final Energy|Electricity,EJ/yr,2035,107.693296875,GW3-IIc,GW3b,GW3,ok
IMAGE 3.3,NAVIGATE Demand-2.0°C-ele_u,1,World,Food Availability|Crops [per capita],kcal/cap/day,2100,2545.09375,GW3-IIc,GW3b,GW3,ok
IMAGE 3.3,NAVIGATE Demand-2.0°C-ele_u,1,World,Food Availability|Crops [per capita],kcal/cap/day,2090,2544.537353515625,GW3-IIc,GW3b,GW3,ok
IMAGE 3.3,NAVIGATE Demand-2.0°C-ele_u,1,World,Food Availability|Crops [per capita],kcal/cap/day,2080,2553.182861328125,GW3-IIc,GW3b,GW3,ok
IMAGE 3.3,NAVIGATE Demand-2.0°C-ele_u,1,World,Food Availability|Crops [per capita],kcal/cap/day,2070,2565.947265625,GW3-IIc,GW3b,GW3,ok
IMAGE 3.3,NAVIGATE Demand-2.0°C-ele_u,1,World,Food Availability|Crops [per capita],kcal/cap/day,2060,2577.03662109375,GW3-IIc,GW3b,GW3,ok
IMAGE 3.3,NAVIGATE Demand-2.0°C-ele_u,1,World,Food Availability|Crops [per capita],kcal/cap/day,2050,2590.1298828125,GW3-IIc,GW3b,GW3,ok
IMAGE 3.3,NAVIGATE Demand-2.0°C-ele_u,1,World,Food Availability|Crops [per capita],kcal/cap/day,2045,2583.24560546875,GW3-IIc,GW3b,GW3,ok
IMAGE 3.3,NAVIGATE Demand-2.0°C-ele_u,1,World,Food Availability|Crops [per capita],kcal/cap/day,2040,2576.361083984375,GW3-IIc,GW3b,GW3,ok
IMAGE 3.3,NAVIGATE Demand-2.0°C-ele_u,1,World,Food Availability|Crops [per capita],kcal/cap/day,2030,2532.595947265625,GW3-IIc,GW3b,GW3,ok
IMAGE 3.3,NAVIGATE Demand-2.0°C-ele_u,1,World,Food Availability|Crops [per capita],kcal/cap/day,2025,2482.150390625,GW3-IIc,GW3b,GW3,ok
IMAGE 3.3,NAVIGATE Demand-2.0°C-ele_u,1,World,Food Availability|Crops [per capita],kcal/cap/day,2020,2431.70458984375,GW3-IIc,GW3b,GW3,ok
IMAGE 3.3,NAVIGATE Demand-2.0°C-ele_u,1,World,Food Availability|Crops [per capita],kcal/cap/day,2035,2554.478515625,GW3-IIc,GW3b,GW3,ok
IMAGE 3.3,NAVIGATE Demand-2.0°C-ele_u,1,World,Food Availability|Livestock [per capita],kcal/cap/day,2050,522.814453125,GW3-IIc,GW3b,GW3,ok
IMAGE 3.3,NAVIGATE Demand-2.0°C-ele_u,1,World,Food Availability|Livestock [per capita],kcal/cap/day,2100,522.4669799804688,GW3-IIc,GW3b,GW3,ok
IMAGE 3.3,NAVIGATE Demand-2.0°C-ele_u,1,World,Food Availability|Livestock [per capita],kcal/cap/day,2090,520.6497802734375,GW3-IIc,GW3b,GW3,ok
IMAGE 3.3,NAVIGATE Demand-2.0°C-ele_u,1,World,Food Availability|Livestock [per capita],kcal/cap/day,2080,519.9378051757812,GW3-IIc,GW3b,GW3,ok
IMAGE 3.3,NAVIGATE Demand-2.0°C-ele_u,1,World,Food Availability|Livestock [per capita],kcal/cap/day,2070,519.712890625,GW3-IIc,GW3b,GW3,ok
IMAGE 3.3,NAVIGATE Demand-2.0°C-ele_u,1,World,Food Availability|Livestock [per capita],kcal/cap/day,2060,520.21923828125,GW3-IIc,GW3b,GW3,ok
IMAGE 3.3,NAVIGATE Demand-2.0°C-ele_u,1,World,Food Availability|Livestock [per capita],kcal/cap/day,2045,522.4771728515625,GW3-IIc,GW3b,GW3,ok
IMAGE 3.3,NAVIGATE Demand-2.0°C-ele_u,1,World,Food Availability|Livestock [per capita],kcal/cap/day,2040,522.139892578125,GW3-IIc,GW3b,GW3,ok
IMAGE 3.3,NAVIGATE Demand-2.0°C-ele_u,1,World,Food Availability|Livestock [per capita],kcal/cap/day,2035,522.0836181640625,GW3-IIc,GW3b,GW3,ok
IMAGE 3.3,NAVIGATE Demand-2.0°C-ele_u,1,World,Food Availability|Livestock [per capita],kcal/cap/day,2030,522.0272827148438,GW3-IIc,GW3b,GW3,ok
IMAGE 3.3,NAVIGATE Demand-2.0°C-ele_u,1,World,Food Availability|Livestock [per capita],kcal/cap/day,2025,518.2738647460938,GW3-IIc,GW3b,GW3,ok
IMAGE 3.3,NAVIGATE Demand-2.0°C-ele_u,1,World,Food Availability|Livestock [per capita],kcal/cap/day,2020,514.5204467773438,GW3-IIc,GW3b,GW3,ok
IMAGE 3.3,NAVIGATE Demand-2.0°C-ele_u,1,World,GDP|MER,billion USD_2010/yr,2100,401656.56320192,GW3-IIc,GW3b,GW3,ok
IMAGE 3.3,NAVIGATE Demand-2.0°C-ele_u,1,World,GDP|MER,billion USD_2010/yr,2090,337707.84960384,GW3-IIc,GW3b,GW3,ok
IMAGE 3.3,NAVIGATE Demand-2.0°C-ele_u,1,World,GDP|MER,billion USD_2010/yr,2070,233482.56035008,GW3-IIc,GW3b,GW3,ok
IMAGE 3.3,NAVIGATE Demand-2.0°C-ele_u,1,World,GDP|MER,billion USD_2010/yr,2060,191309.56926208,GW3-IIc,GW3b,GW3,ok
IMAGE 3.3,NAVIGATE Demand-2.0°C-ele_u,1,World,GDP|MER,billion USD_2010/yr,2050,155947.6372,GW3-IIc,GW3b,GW3,ok
IMAGE 3.3,NAVIGATE Demand-2.0°C-ele_u,1,World,GDP|MER,billion USD_2010/yr,2045,140063.75334,GW3-IIc,GW3b,GW3,ok
IMAGE 3.3,NAVIGATE Demand-2.0°C-ele_u,1,World,GDP|MER,billion USD_2010/yr,2080,281964.91944896,GW3-IIc,GW3b,GW3,ok
IMAGE 3.3,NAVIGATE Demand-2.0°C-ele_u,1,World,GDP|MER,billion USD_2010/yr,2035,110139.59287104,GW3-IIc,GW3b,GW3,ok
IMAGE 3.3,NAVIGATE Demand-2.0°C-ele_u,1,World,GDP|MER,billion USD_2010/yr,2030,96362.90521056001,GW3-IIc,GW3b,GW3,ok
IMAGE 3.3,NAVIGATE Demand-2.0°C-ele_u,1,World,GDP|MER,billion USD_2010/yr,2025,82782.19891088,GW3-IIc,GW3b,GW3,ok
IMAGE 3.3,NAVIGATE Demand-2.0°C-ele_u,1,World,GDP|MER,billion USD_2010/yr,2020,68432.9425992,GW3-IIc,GW3b,GW3,ok
IMAGE 3.3,NAVIGATE Demand-2.0°C-ele_u,1,World,GDP|MER,billion USD_2010/yr,2040,124709.3692,GW3-IIc,GW3b,GW3,ok
IMAGE 3.3,NAVIGATE Demand-2.0°C-ele_u,1,World,Investment|Energy Supply,billion USD_2010/yr,2060,2094.22269382272,GW3-IIc,GW3b,GW3,ok
IMAGE 3.3,NAVIGATE Demand-2.0°C-ele_u,1,World,Investment|Energy Supply,billion USD_2010/yr,2100,2180.70092461824,GW3-IIc,GW3b,GW3,ok
IMAGE 3.3,NAVIGATE Demand-2.0°C-ele_u,1,World,Investment|Energy Supply,billion USD_2010/yr,2090,2233.54844503296,GW3-IIc,GW3b,GW3,ok
IMAGE 3.3,NAVIGATE Demand-2.0°C-ele_u,1,World,Investment|Energy Supply,billion USD_2010/yr,2080,2254.56746129664,GW3-IIc,GW3b,GW3,ok
IMAGE 3.3,NAVIGATE Demand-2.0°C-ele_u,1,World,Investment|Energy Supply,billion USD_2010/yr,2070,2009.61890798592,GW3-IIc,GW3b,GW3,ok
IMAGE 3.3,NAVIGATE Demand-2.0°C-ele_u,1,World,Investment|Energy Supply,billion USD_2010/yr,2050,1949.70658929024,GW3-IIc,GW3b,GW3,ok
IMAGE 3.3,NAVIGATE Demand-2.0°C-ele_u,1,World,Investment|Energy Supply,billion USD_2010/yr,2045,2013.75710953536,GW3-IIc,GW3b,GW3,ok
IMAGE 3.3,NAVIGATE Demand-2.0°C-ele_u,1,World,Investment|Energy Supply,billion USD_2010/yr,2035,1746.1175491632,GW3-IIc,GW3b,GW3,ok
IMAGE 3.3,NAVIGATE Demand-2.0°C-ele_u,1,World,Investment|Energy Supply,billion USD_2010/yr,2030,1497.48475078104,GW3-IIc,GW3b,GW3,ok
IMAGE 3.3,NAVIGATE Demand-2.0°C-ele_u,1,World,Investment|Energy Supply,billion USD_2010/yr,2025,1572.155314000707,GW3-IIc,GW3b,GW3,ok
IMAGE 3.3,NAVIGATE Demand-2.0°C-ele_u,1,World,Investment|Energy Supply,billion USD_2010/yr,2020,1625.64401177472,GW3-IIc,GW3b,GW3,ok
IMAGE 3.3,NAVIGATE Demand-2.0°C-ele_u,1,World,Investment|Energy Supply,billion USD_2010/yr,2040,1992.97394457984,GW3-IIc,GW3b,GW3,ok
IMAGE 3.3,NAVIGATE Demand-2.0°C-ele_u,1,World,Land Cover,million ha,2100,12964.2672,GW3-IIc,GW3b,GW3,ok
IMAGE 3.3,NAVIGATE Demand-2.0°C-ele_u,1,World,Land Cover,million ha,2090,12964.2144,GW3-IIc,GW3b,GW3,ok
IMAGE 3.3,NAVIGATE Demand-2.0°C-ele_u,1,World,Land Cover,million ha,2080,12964.0152,GW3-IIc,GW3b,GW3,ok
IMAGE 3.3,NAVIGATE Demand-2.0°C-ele_u,1,World,Land Cover,million ha,2070,12963.9504,GW3-IIc,GW3b,GW3,ok
IMAGE 3.3,NAVIGATE Demand-2.0°C-ele_u,1,World,Land Cover,million ha,2060,12964.1056,GW3-IIc,GW3b,GW3,ok
IMAGE 3.3,NAVIGATE Demand-2.0°C-ele_u,1,World,Land Cover,million ha,2050,12964.1296,GW3-IIc,GW3b,GW3,ok
IMAGE 3.3,NAVIGATE Demand-2.0°C-ele_u,1,World,Land Cover,million ha,2045,12964.1296,GW3-IIc,GW3b,GW3,ok
IMAGE 3.3,NAVIGATE Demand-2.0°C-ele_u,1,World,Land Cover,million ha,2040,12964.1096,GW3-IIc,GW3b,GW3,ok
IMAGE 3.3,NAVIGATE Demand-2.0°C-ele_u,1,World,Land Cover,million ha,2035,12964.1096,GW3-IIc,GW3b,GW3,ok
IMAGE 3.3,NAVIGATE Demand-2.0°C-ele_u,1,World,Land Cover,million ha,2030,12964.124,GW3-IIc,GW3b,GW3,ok
IMAGE 3.3,NAVIGATE Demand-2.0°C-ele_u,1,World,Land Cover,million ha,2025,12964.124,GW3-IIc,GW3b,GW3,ok
IMAGE 3.3,NAVIGATE Demand-2.0°C-ele_u,1,World,Land Cover,million ha,2020,12964.328,GW3-IIc,GW3b,GW3,ok
IMAGE 3.3,NAVIGATE Demand-2.0°C-ele_u,1,World,Land Cover|Forest,million ha,2090,4094.8848,GW3-IIc,GW3b,GW3,ok
IMAGE 3.3,NAVIGATE Demand-2.0°C-ele_u,1,World,Land Cover|Forest,million ha,2080,4039.8884,GW3-IIc,GW3b,GW3,ok
IMAGE 3.3,NAVIGATE Demand-2.0°C-ele_u,1,World,Land Cover|Forest,million ha,2070,3984.9208,GW3-IIc,GW3b,GW3,ok
IMAGE 3.3,NAVIGATE Demand-2.0°C-ele_u,1,World,Land Cover|Forest,million ha,2060,3955.25,GW3-IIc,GW3b,GW3,ok
IMAGE 3.3,NAVIGATE Demand-2.0°C-ele_u,1,World,Land Cover|Forest,million ha,2050,3927.5804,GW3-IIc,GW3b,GW3,ok
IMAGE 3.3,NAVIGATE Demand-2.0°C-ele_u,1,World,Land Cover|Forest,million ha,2045,3917.0904,GW3-IIc,GW3b,GW3,ok
IMAGE 3.3,NAVIGATE Demand-2.0°C-ele_u,1,World,Land Cover|Forest,million ha,2100,4122.3772,GW3-IIc,GW3b,GW3,ok
IMAGE 3.3,NAVIGATE Demand-2.0°C-ele_u,1,World,Land Cover|Forest,million ha,2035,3910.7228,GW3-IIc,GW3b,GW3,ok
IMAGE 3.3,NAVIGATE Demand-2.0°C-ele_u,1,World,Land Cover|Forest,million ha,2030,3910.4496,GW3-IIc,GW3b,GW3,ok
IMAGE 3.3,NAVIGATE Demand-2.0°C-ele_u,1,World,Land Cover|Forest,million ha,2025,3909.7516,GW3-IIc,GW3b,GW3,ok
IMAGE 3.3,NAVIGATE Demand-2.0°C-ele_u,1,World,Land Cover|Forest,million ha,2020,3918.152,GW3-IIc,GW3b,GW3,ok
IMAGE 3.3,NAVIGATE Demand-2.0°C-ele_u,1,World,Land Cover|Forest,million ha,2040,3909.9928,GW3-IIc,GW3b,GW3,ok
IMAGE 3.3,NAVIGATE Demand-2.0°C-ele_u,1,World,Population,million,2100,9210.525390625,GW3-IIc,GW3b,GW3,ok
IMAGE 3.3,NAVIGATE Demand-2.0°C-ele_u,1,World,Population,million,2090,9435.03125,GW3-IIc,GW3b,GW3,ok
IMAGE 3.3,NAVIGATE Demand-2.0°C-ele_u,1,World,Population,million,2080,9590.7734375,GW3-IIc,GW3b,GW3,ok
IMAGE 3.3,NAVIGATE Demand-2.0°C-ele_u,1,World,Population,million,2070,9641.6494140625,GW3-IIc,GW3b,GW3,ok
IMAGE 3.3,NAVIGATE Demand-2.0°C-ele_u,1,World,Population,million,2060,9569.134765625,GW3-IIc,GW3b,GW3,ok
IMAGE 3.3,NAVIGATE Demand-2.0°C-ele_u,1,World,Population,million,2045,9173.7060546875,GW3-IIc,GW3b,GW3,ok
IMAGE 3.3,NAVIGATE Demand-2.0°C-ele_u,1,World,Population,million,2050,9348.6796875,GW3-IIc,GW3b,GW3,ok
IMAGE 3.3,NAVIGATE Demand-2.0°C-ele_u,1,World,Population,million,2035,8706.3720703125,GW3-IIc,GW3b,GW3,ok
IMAGE 3.3,NAVIGATE Demand-2.0°C-ele_u,1,World,Population,million,2030,8421.4912109375,GW3-IIc,GW3b,GW3,ok
IMAGE 3.3,NAVIGATE Demand-2.0°C-ele_u,1,World,Population,million,2025,8105.07421875,GW3-IIc,GW3b,GW3,ok
IMAGE 3.3,NAVIGATE Demand-2.0°C-ele_u,1,World,Population,million,2020,7756.7080078125,GW3-IIc,GW3b,GW3,ok
IMAGE 3.3,NAVIGATE Demand-2.0°C-ele_u,1,World,Population,million,2040,8958.1103515625,GW3-IIc,GW3b,GW3,ok
IMAGE 3.3,NAVIGATE Demand-2.0°C-ele_u,1,World,Price|Secondary Energy|Electricity,USD_2010/GJ,2100,25.27078357620239,GW3-IIc,GW3b,GW3,ok
IMAGE 3.3,NAVIGATE Demand-2.0°C-ele_u,1,World,Price|Secondary Energy|Electricity,USD_2010/GJ,2090,25.6150697800827,GW3-IIc,GW3b,GW3,ok
IMAGE 3.3,NAVIGATE Demand-2.0°C-ele_u,1,World,Price|Secondary Energy|Electricity,USD_2010/GJ,2070,26.1313881614685,GW3-IIc,GW3b,GW3,ok
IMAGE 3.3,NAVIGATE Demand-2.0°C-ele_u,1,World,Price|Secondary Energy|Electricity,USD_2010/GJ,2060,26.61338757919311,GW3-IIc,GW3b,GW3,ok
IMAGE 3.3,NAVIGATE Demand-2.0°C-ele_u,1,World,Price|Secondary Energy|Electricity,USD_2010/GJ,2050,28.52596569725036,GW3-IIc,GW3b,GW3,ok
IMAGE 3.3,NAVIGATE Demand-2.0°C-ele_u,1,World,Price|Secondary Energy|Electricity,USD_2010/GJ,2045,29.98319795459747,GW3-IIc,GW3b,GW3,ok
IMAGE 3.3,NAVIGATE Demand-2.0°C-ele_u,1,World,Price|Secondary Energy|Electricity,USD_2010/GJ,2080,25.65757391059875,GW3-IIc,GW3b,GW3,ok
IMAGE 3.3,NAVIGATE Demand-2.0°C-ele_u,1,World,Price|Secondary Energy|Electricity,USD_2010/GJ,2035,36.33297530799866,GW3-IIc,GW3b,GW3,ok
IMAGE 3.3,NAVIGATE Demand-2.0°C-ele_u,1,World,Price|Secondary Energy|Electricity,USD_2010/GJ,2030,37.32691740226745,GW3-IIc,GW3b,GW3,ok
IMAGE 3.3,NAVIGATE Demand-2.0°C-ele_u,1,World,Price|Secondary Energy|Electricity,USD_2010/GJ,2025,31.01108081302643,GW3-IIc,GW3b,GW3,ok
IMAGE 3.3,NAVIGATE Demand-2.0°C-ele_u,1,World,Price|Secondary Energy|Electricity,USD_2010/GJ,2020,28.97118891098022,GW3-IIc,GW3b,GW3,ok
IMAGE 3.3,NAVIGATE Demand-2.0°C-ele_u,1,World,Price|Secondary Energy|Electricity,USD_2010/GJ,2040,33.04042749881744,GW3-IIc,GW3b,GW3,ok
IMAGE 3.3,NAVIGATE Demand-2.0°C-ele_u,1,World,Primary Energy|Biomass,EJ/yr,2050,106.5002255859375,GW3-IIc,GW3b,GW3,ok
IMAGE 3.3,NAVIGATE Demand-2.0°C-ele_u,1,World,Primary Energy|Biomass,EJ/yr,2100,122.3745930175781,GW3-IIc,GW3b,GW3,ok
IMAGE 3.3,NAVIGATE Demand-2.0°C-ele_u,1,World,Primary Energy|Biomass,EJ/yr,2090,119.9090551757812,GW3-IIc,GW3b,GW3,ok
IMAGE 3.3,NAVIGATE Demand-2.0°C-ele_u,1,World,Primary Energy|Biomass,EJ/yr,2080,117.455908203125,GW3-IIc,GW3b,GW3,ok
IMAGE 3.3,NAVIGATE Demand-2.0°C-ele_u,1,World,Primary Energy|Biomass,EJ/yr,2070,118.0523286132812,GW3-IIc,GW3b,GW3,ok
IMAGE 3.3,NAVIGATE Demand-2.0°C-ele_u,1,World,Primary Energy|Biomass,EJ/yr,2060,107.3697915039063,GW3-IIc,GW3b,GW3,ok
IMAGE 3.3,NAVIGATE Demand-2.0°C-ele_u,1,World,Primary Energy|Biomass,EJ/yr,2045,108.2183798828125,GW3-IIc,GW3b,GW3,ok
IMAGE 3.3,NAVIGATE Demand-2.0°C-ele_u,1,World,Primary Energy|Biomass,EJ/yr,2035,94.10828125,GW3-IIc,GW3b,GW3,ok
IMAGE 3.3,NAVIGATE Demand-2.0°C-ele_u,1,World,Primary Energy|Biomass,EJ/yr,2030,74.48691015625,GW3-IIc,GW3b,GW3,ok
IMAGE 3.3,NAVIGATE Demand-2.0°C-ele_u,1,World,Primary Energy|Biomass,EJ/yr,2025,61.04228125,GW3-IIc,GW3b,GW3,ok
IMAGE 3.3,NAVIGATE Demand-2.0°C-ele_u,1,World,Primary Energy|Biomass,EJ/yr,2020,58.906921875,GW3-IIc,GW3b,GW3,ok
IMAGE 3.3,NAVIGATE Demand-2.0°C-ele_u,1,World,Primary Energy|Biomass,EJ/yr,2040,107.142609375,GW3-IIc,GW3b,GW3,ok
IMAGE 3.3,NAVIGATE Demand-2.0°C-ele_u,1,World,Primary Energy|Coal,EJ/yr,2100,11.7680498046875,GW3-IIc,GW3b,GW3,ok
IMAGE 3.3,NAVIGATE Demand-2.0°C-ele_u,1,World,Primary Energy|Coal,EJ/yr,2090,13.846330078125,GW3-IIc,GW3b,GW3,ok
IMAGE 3.3,NAVIGATE Demand-2.0°C-ele_u,1,World,Primary Energy|Coal,EJ/yr,2070,21.97348046875,GW3-IIc,GW3b,GW3,ok
IMAGE 3.3,NAVIGATE Demand-2.0°C-ele_u,1,World,Primary Energy|Coal,EJ/yr,2060,30.3797109375,GW3-IIc,GW3b,GW3,ok
IMAGE 3.3,NAVIGATE Demand-2.0°C-ele_u,1,World,Primary Energy|Coal,EJ/yr,2050,62.9968203125,GW3-IIc,GW3b,GW3,ok
IMAGE 3.3,NAVIGATE Demand-2.0°C-ele_u,1,World,Primary Energy|Coal,EJ/yr,2045,80.00875781250001,GW3-IIc,GW3b,GW3,ok
IMAGE 3.3,NAVIGATE Demand-2.0°C-ele_u,1,World,Primary Energy|Coal,EJ/yr,2080,17.04148046875,GW3-IIc,GW3b,GW3,ok
IMAGE 3.3,NAVIGATE Demand-2.0°C-ele_u,1,World,Primary Energy|Coal,EJ/yr,2035,128.809296875,GW3-IIc,GW3b,GW3,ok
IMAGE 3.3,NAVIGATE Demand-2.0°C-ele_u,1,World,Primary Energy|Coal,EJ/yr,2030,144.601,GW3-IIc,GW3b,GW3,ok
IMAGE 3.3,NAVIGATE Demand-2.0°C-ele_u,1,World,Primary Energy|Coal,EJ/yr,2025,181.871,GW3-IIc,GW3b,GW3,ok
IMAGE 3.3,NAVIGATE Demand-2.0°C-ele_u,1,World,Primary Energy|Coal,EJ/yr,2020,182.741,GW3-IIc,GW3b,GW3,ok
IMAGE 3.3,NAVIGATE Demand-2.0°C-ele_u,1,World,Primary Energy|Coal,EJ/yr,2040,109.4726015625,GW3-IIc,GW3b,GW3,ok
IMAGE 3.3,NAVIGATE Demand-2.0°C-ele_u,1,World,Primary Energy|Fossil|w/ CCS,EJ/yr,2060,34.29781896972656,GW3-IIc,GW3b,GW3,ok
IMAGE 3.3,NAVIGATE Demand-2.0°C-ele_u,1,World,Primary Energy|Fossil|w/ CCS,EJ/yr,2100,42.69741772460937,GW3-IIc,GW3b,GW3,ok
IMAGE 3.3,NAVIGATE Demand-2.0°C-ele_u,1,World,Primary Energy|Fossil|w/ CCS,EJ/yr,2090,40.80953076171875,GW3-IIc,GW3b,GW3,ok
IMAGE 3.3,NAVIGATE Demand-2.0°C-ele_u,1,World,Primary Energy|Fossil|w/ CCS,EJ/yr,2080,38.53917822265625,GW3-IIc,GW3b,GW3,ok
IMAGE 3.3,NAVIGATE Demand-2.0°C-ele_u,1,World,Primary Energy|Fossil|w/ CCS,EJ/yr,2070,36.55076892089844,GW3-IIc,GW3b,GW3,ok
IMAGE 3.3,NAVIGATE Demand-2.0°C-ele_u,1,World,Primary Energy|Fossil|w/ CCS,EJ/yr,2050,31.95302093505859,GW3-IIc,GW3b,GW3,ok
IMAGE 3.3,NAVIGATE Demand-2.0°C-ele_u,1,World,Primary Energy|Fossil|w/ CCS,EJ/yr,2045,27.7652197265625,GW3-IIc,GW3b,GW3,ok
IMAGE 3.3,NAVIGATE Demand-2.0°C-ele_u,1,World,Primary Energy|Fossil|w/ CCS,EJ/yr,2040,20.02996069335937,GW3-IIc,GW3b,GW3,ok
IMAGE 3.3,NAVIGATE Demand-2.0°C-ele_u,1,World,Primary Energy|Fossil|w/ CCS,EJ/yr,2035,7.897468658447266,GW3-IIc,GW3b,GW3,ok
IMAGE 3.3,NAVIGATE Demand-2.0°C-ele_u,1,World,Primary Energy|Fossil|w/ CCS,EJ/yr,2030,2.004121520996094,GW3-IIc,GW3b,GW3,ok
IMAGE 3.3,NAVIGATE Demand-2.0°C-ele_u,1,World,Primary Energy|Fossil|w/ CCS,EJ/yr,2025,0.25502632522583,GW3-IIc,GW3b,GW3,ok
IMAGE 3.3,NAVIGATE Demand-2.0°C-ele_u,1,World,Primary Energy|Fossil|w/ CCS,EJ/yr,2020,0.0,GW3-IIc,GW3b,GW3,ok
IMAGE 3.3,NAVIGATE Demand-2.0°C-ele_u,1,World,Primary Energy|Fossil|w/o CCS,EJ/yr,2090,97.7931220703125,GW3-IIc,GW3b,GW3,ok
IMAGE 3.3,NAVIGATE Demand-2.0°C-ele_u,1,World,Primary Energy|Fossil|w/o CCS,EJ/yr,2080,111.491720703125,GW3-IIc,GW3b,GW3,ok
IMAGE 3.3,NAVIGATE Demand-2.0°C-ele_u,1,World,Primary Energy|Fossil|w/o CCS,EJ/yr,2070,127.2488359375,GW3-IIc,GW3b,GW3,ok
IMAGE 3.3,NAVIGATE Demand-2.0°C-ele_u,1,World,Primary Energy|Fossil|w/o CCS,EJ/yr,2060,150.416037109375,GW3-IIc,GW3b,GW3,ok
IMAGE 3.3,NAVIGATE Demand-2.0°C-ele_u,1,World,Primary Energy|Fossil|w/o CCS,EJ/yr,2050,193.48956640625,GW3-IIc,GW3b,GW3,ok
IMAGE 3.3,NAVIGATE Demand-2.0°C-ele_u,1,World,Primary Energy|Fossil|w/o CCS,EJ/yr,2045,222.3861015625,GW3-IIc,GW3b,GW3,ok
IMAGE 3.3,NAVIGATE Demand-2.0°C-ele_u,1,World,Primary Energy|Fossil|w/o CCS,EJ/yr,2100,85.8501748046875,GW3-IIc,GW3b,GW3,ok
IMAGE 3.3,NAVIGATE Demand-2.0°C-ele_u,1,World,Primary Energy|Fossil|w/o CCS,EJ/yr,2035,341.85240625,GW3-IIc,GW3b,GW3,ok
IMAGE 3.3,NAVIGATE Demand-2.0°C-ele_u,1,World,Primary Energy|Fossil|w/o CCS,EJ/yr,2030,410.720296875,GW3-IIc,GW3b,GW3,ok
IMAGE 3.3,NAVIGATE Demand-2.0°C-ele_u,1,World,Primary Energy|Fossil|w/o CCS,EJ/yr,2025,499.4422890625,GW3-IIc,GW3b,GW3,ok
IMAGE 3.3,NAVIGATE Demand-2.0°C-ele_u,1,World,Primary Energy|Fossil|w/o CCS,EJ/yr,2020,474.7396953125,GW3-IIc,GW3b,GW3,ok
IMAGE 3.3,NAVIGATE Demand-2.0°C-ele_u,1,World,Primary Energy|Fossil|w/o CCS,EJ/yr,2040,274.60365625,GW3-IIc,GW3b,GW3,ok
IMAGE 3.3,NAVIGATE Demand-2.0°C-ele_u,1,World,Primary Energy|Gas,EJ/yr,2100,72.0526484375,GW3-IIc,GW3b,GW3,ok
IMAGE 3.3,NAVIGATE Demand-2.0°C-ele_u,1,World,Primary Energy|Gas,EJ/yr,2090,76.3067421875,GW3-IIc,GW3b,GW3,ok
IMAGE 3.3,NAVIGATE Demand-2.0°C-ele_u,1,World,Primary Energy|Gas,EJ/yr,2080,83.2713984375,GW3-IIc,GW3b,GW3,ok
IMAGE 3.3,NAVIGATE Demand-2.0°C-ele_u,1,World,Primary Energy|Gas,EJ/yr,2070,90.1077265625,GW3-IIc,GW3b,GW3,ok
IMAGE 3.3,NAVIGATE Demand-2.0°C-ele_u,1,World,Primary Energy|Gas,EJ/yr,2060,100.2103984375,GW3-IIc,GW3b,GW3,ok
IMAGE 3.3,NAVIGATE Demand-2.0°C-ele_u,1,World,Primary Energy|Gas,EJ/yr,2050,99.14046875,GW3-IIc,GW3b,GW3,ok
IMAGE 3.3,NAVIGATE Demand-2.0°C-ele_u,1,World,Primary Energy|Gas,EJ/yr,2045,98.17528125,GW3-IIc,GW3b,GW3,ok
IMAGE 3.3,NAVIGATE Demand-2.0°C-ele_u,1,World,Primary Energy|Gas,EJ/yr,2040,98.994609375,GW3-IIc,GW3b,GW3,ok
IMAGE 3.3,NAVIGATE Demand-2.0°C-ele_u,1,World,Primary Energy|Gas,EJ/yr,2030,112.656,GW3-IIc,GW3b,GW3,ok
IMAGE 3.3,NAVIGATE Demand-2.0°C-ele_u,1,World,Primary Energy|Gas,EJ/yr,2025,126.011796875,GW3-IIc,GW3b,GW3,ok
IMAGE 3.3,NAVIGATE Demand-2.0°C-ele_u,1,World,Primary Energy|Gas,EJ/yr,2020,122.1786015625,GW3-IIc,GW3b,GW3,ok
IMAGE 3.3,NAVIGATE Demand-2.0°C-ele_u,1,World,Primary Energy|Gas,EJ/yr,2035,105.9303984375,GW3-IIc,GW3b,GW3,ok
IMAGE 3.3,NAVIGATE Demand-2.0°C-ele_u,1,World,Primary Energy|Non-Biomass Renewables,EJ/yr,2100,387.3012368164062,GW3-IIc,GW3b,GW3,ok
IMAGE 3.3,NAVIGATE Demand-2.0°C-ele_u,1,World,Primary Energy|Non-Biomass Renewables,EJ/yr,2090,355.9396247558594,GW3-IIc,GW3b,GW3,ok
IMAGE 3.3,NAVIGATE Demand-2.0°C-ele_u,1,World,Primary Energy|Non-Biomass Renewables,EJ/yr,2070,287.0627863769531,GW3-IIc,GW3b,GW3,ok
IMAGE 3.3,NAVIGATE Demand-2.0°C-ele_u,1,World,Primary Energy|Non-Biomass Renewables,EJ/yr,2060,248.4879091796875,GW3-IIc,GW3b,GW3,ok
IMAGE 3.3,NAVIGATE Demand-2.0°C-ele_u,1,World,Primary Energy|Non-Biomass Renewables,EJ/yr,2050,191.0289760742187,GW3-IIc,GW3b,GW3,ok
IMAGE 3.3,NAVIGATE Demand-2.0°C-ele_u,1,World,Primary Energy|Non-Biomass Renewables,EJ/yr,2045,158.5594183959961,GW3-IIc,GW3b,GW3,ok
IMAGE 3.3,NAVIGATE Demand-2.0°C-ele_u,1,World,Primary Energy|Non-Biomass Renewables,EJ/yr,2080,322.799171875,GW3-IIc,GW3b,GW3,ok
IMAGE 3.3,NAVIGATE Demand-2.0°C-ele_u,1,World,Primary Energy|Non-Biomass Renewables,EJ/yr,2035,87.35778051757812,GW3-IIc,GW3b,GW3,ok
IMAGE 3.3,NAVIGATE Demand-2.0°C-ele_u,1,World,Primary Energy|Non-Biomass Renewables,EJ/yr,2030,53.4082734375,GW3-IIc,GW3b,GW3,ok
IMAGE 3.3,NAVIGATE Demand-2.0°C-ele_u,1,World,Primary Energy|Non-Biomass Renewables,EJ/yr,2025,33.82174252319336,GW3-IIc,GW3b,GW3,ok
IMAGE 3.3,NAVIGATE Demand-2.0°C-ele_u,1,World,Primary Energy|Non-Biomass Renewables,EJ/yr,2020,26.36861126708984,GW3-IIc,GW3b,GW3,ok
IMAGE 3.3,NAVIGATE Demand-2.0°C-ele_u,1,World,Primary Energy|Non-Biomass Renewables,EJ/yr,2040,122.2888853759766,GW3-IIc,GW3b,GW3,ok
IMAGE 3.3,NAVIGATE Demand-2.0°C-ele_u,1,World,Primary Energy|Nuclear,EJ/yr,2100,34.41901953125,GW3-IIc,GW3b,GW3,ok
IMAGE 3.3,NAVIGATE Demand-2.0°C-ele_u,1,World,Primary Energy|Nuclear,EJ/yr,2090,31.96408984375,GW3-IIc,GW3b,GW3,ok
IMAGE 3.3,NAVIGATE Demand-2.0°C-ele_u,1,World,Primary Energy|Nuclear,EJ/yr,2080,29.8736796875,GW3-IIc,GW3b,GW3,ok
IMAGE 3.3,NAVIGATE Demand-2.0°C-ele_u,1,World,Primary Energy|Nuclear,EJ/yr,2070,24.23744921875,GW3-IIc,GW3b,GW3,ok
IMAGE 3.3,NAVIGATE Demand-2.0°C-ele_u,1,World,Primary Energy|Nuclear,EJ/yr,2060,18.488169921875,GW3-IIc,GW3b,GW3,ok
IMAGE 3.3,NAVIGATE Demand-2.0°C-ele_u,1,World,Primary Energy|Nuclear,EJ/yr,2050,13.8755,GW3-IIc,GW3b,GW3,ok
IMAGE 3.3,NAVIGATE Demand-2.0°C-ele_u,1,World,Primary Energy|Nuclear,EJ/yr,2045,10.72183984375,GW3-IIc,GW3b,GW3,ok
IMAGE 3.3,NAVIGATE Demand-2.0°C-ele_u,1,World,Primary Energy|Nuclear,EJ/yr,2030,9.856765625,GW3-IIc,GW3b,GW3,ok
IMAGE 3.3,NAVIGATE Demand-2.0°C-ele_u,1,World,Primary Energy|Nuclear,EJ/yr,2035,9.117033203125,GW3-IIc,GW3b,GW3,ok
IMAGE 3.3,NAVIGATE Demand-2.0°C-ele_u,1,World,Primary Energy|Nuclear,EJ/yr,2025,9.7850458984375,GW3-IIc,GW3b,GW3,ok
IMAGE 3.3,NAVIGATE Demand-2.0°C-ele_u,1,World,Primary Energy|Nuclear,EJ/yr,2020,9.6306220703125,GW3-IIc,GW3b,GW3,ok
IMAGE 3.3,NAVIGATE Demand-2.0°C-ele_u,1,World,Primary Energy|Nuclear,EJ/yr,2040,9.337376953125,GW3-IIc,GW3b,GW3,ok
IMAGE 3.3,NAVIGATE Demand-2.0°C-ele_u,1,World,Primary Energy|Oil,EJ/yr,2060,54.12378125,GW3-IIc,GW3b,GW3,ok
IMAGE 3.3,NAVIGATE Demand-2.0°C-ele_u,1,World,Primary Energy|Oil,EJ/yr,2070,51.718390625,GW3-IIc,GW3b,GW3,ok
IMAGE 3.3,NAVIGATE Demand-2.0°C-ele_u,1,World,Primary Energy|Oil,EJ/yr,2050,63.30530859375,GW3-IIc,GW3b,GW3,ok
IMAGE 3.3,NAVIGATE Demand-2.0°C-ele_u,1,World,Primary Energy|Oil,EJ/yr,2090,48.44958984375,GW3-IIc,GW3b,GW3,ok
IMAGE 3.3,NAVIGATE Demand-2.0°C-ele_u,1,World,Primary Energy|Oil,EJ/yr,2100,44.726890625,GW3-IIc,GW3b,GW3,ok
IMAGE 3.3,NAVIGATE Demand-2.0°C-ele_u,1,World,Primary Energy|Oil,EJ/yr,2080,49.71801953125,GW3-IIc,GW3b,GW3,ok
IMAGE 3.3,NAVIGATE Demand-2.0°C-ele_u,1,World,Primary Energy|Oil,EJ/yr,2045,71.967296875,GW3-IIc,GW3b,GW3,ok
IMAGE 3.3,NAVIGATE Demand-2.0°C-ele_u,1,World,Primary Energy|Oil,EJ/yr,2035,115.0101015625,GW3-IIc,GW3b,GW3,ok
IMAGE 3.3,NAVIGATE Demand-2.0°C-ele_u,1,World,Primary Energy|Oil,EJ/yr,2030,155.46740625,GW3-IIc,GW3b,GW3,ok
IMAGE 3.3,NAVIGATE Demand-2.0°C-ele_u,1,World,Primary Energy|Oil,EJ/yr,2025,191.81459375,GW3-IIc,GW3b,GW3,ok
IMAGE 3.3,NAVIGATE Demand-2.0°C-ele_u,1,World,Primary Energy|Oil,EJ/yr,2020,169.82009375,GW3-IIc,GW3b,GW3,ok
IMAGE 3.3,NAVIGATE Demand-2.0°C-ele_u,1,World,Primary Energy|Oil,EJ/yr,2040,86.1664375,GW3-IIc,GW3b,GW3,ok
IMAGE 3.3,NAVIGATE Demand-2.0°C-ref,1,World,Capacity|Electricity|Solar|PV,GW,2050,7150.686,GW3-IIc,GW3b,GW3,ok
IMAGE 3.3,NAVIGATE Demand-2.0°C-ref,1,World,Capacity|Electricity|Solar|PV,GW,2090,16544.656,GW3-IIc,GW3b,GW3,ok
IMAGE 3.3,NAVIGATE Demand-2.0°C-ref,1,World,Capacity|Electricity|Solar|PV,GW,2100,17873.309,GW3-IIc,GW3b,GW3,ok
IMAGE 3.3,NAVIGATE Demand-2.0°C-ref,1,World,Capacity|Electricity|Solar|PV,GW,2080,15543.797,GW3-IIc,GW3b,GW3,ok
IMAGE 3.3,NAVIGATE Demand-2.0°C-ref,1,World,Capacity|Electricity|Solar|PV,GW,2070,13379.987,GW3-IIc,GW3b,GW3,ok
IMAGE 3.3,NAVIGATE Demand-2.0°C-ref,1,World,Capacity|Electricity|Solar|PV,GW,2060,10369.304,GW3-IIc,GW3b,GW3,ok
IMAGE 3.3,NAVIGATE Demand-2.0°C-ref,1,World,Capacity|Electricity|Solar|PV,GW,2045,6053.981,GW3-IIc,GW3b,GW3,ok
IMAGE 3.3,NAVIGATE Demand-2.0°C-ref,1,World,Capacity|Electricity|Solar|PV,GW,2035,3866.066,GW3-IIc,GW3b,GW3,ok
IMAGE 3.3,NAVIGATE Demand-2.0°C-ref,1,World,Capacity|Electricity|Solar|PV,GW,2030,2395.479,GW3-IIc,GW3b,GW3,ok
IMAGE 3.3,NAVIGATE Demand-2.0°C-ref,1,World,Capacity|Electricity|Solar|PV,GW,2025,1286.3174375,GW3-IIc,GW3b,GW3,ok
IMAGE 3.3,NAVIGATE Demand-2.0°C-ref,1,World,Capacity|Electricity|Solar|PV,GW,2020,725.3697187500001,GW3-IIc,GW3b,GW3,ok
IMAGE 3.3,NAVIGATE Demand-2.0°C-ref,1,World,Capacity|Electricity|Solar|PV,GW,2040,4917.705,GW3-IIc,GW3b,GW3,ok
IMAGE 3.3,NAVIGATE Demand-2.0°C-ref,1,World,Capacity|Electricity|Wind,GW,2100,6538.524625,GW3-IIc,GW3b,GW3,ok
IMAGE 3.3,NAVIGATE Demand-2.0°C-ref,1,World,Capacity|Electricity|Wind,GW,2090,6430.3958125,GW3-IIc,GW3b,GW3,ok
IMAGE 3.3,NAVIGATE Demand-2.0°C-ref,1,World,Capacity|Electricity|Wind,GW,2080,6036.2103125,GW3-IIc,GW3b,GW3,ok
IMAGE 3.3,NAVIGATE Demand-2.0°C-ref,1,World,Capacity|Electricity|Wind,GW,2070,5669.221,GW3-IIc,GW3b,GW3,ok
IMAGE 3.3,NAVIGATE Demand-2.0°C-ref,1,World,Capacity|Electricity|Wind,GW,2060,5550.559625,GW3-IIc,GW3b,GW3,ok
IMAGE 3.3,NAVIGATE Demand-2.0°C-ref,1,World,Capacity|Electricity|Wind,GW,2045,3363.20440625,GW3-IIc,GW3b,GW3,ok
IMAGE 3.3,NAVIGATE Demand-2.0°C-ref,1,World,Capacity|Electricity|Wind,GW,2050,3957.5988125,GW3-IIc,GW3b,GW3,ok
IMAGE 3.3,NAVIGATE Demand-2.0°C-ref,1,World,Capacity|Electricity|Wind,GW,2035,1757.386796875,GW3-IIc,GW3b,GW3,ok
IMAGE 3.3,NAVIGATE Demand-2.0°C-ref,1,World,Capacity|Electricity|Wind,GW,2040,2517.7008125,GW3-IIc,GW3b,GW3,ok
IMAGE 3.3,NAVIGATE Demand-2.0°C-ref,1,World,Capacity|Electricity|Wind,GW,2025,1065.074890625,GW3-IIc,GW3b,GW3,ok
IMAGE 3.3,NAVIGATE Demand-2.0°C-ref,1,World,Capacity|Electricity|Wind,GW,2030,1406.358796875,GW3-IIc,GW3b,GW3,ok
IMAGE 3.3,NAVIGATE Demand-2.0°C-ref,1,World,Capacity|Electricity|Wind,GW,2020,731.66244921875,GW3-IIc,GW3b,GW3,ok
IMAGE 3.3,NAVIGATE Demand-2.0°C-ref,1,World,Carbon Capture|Geological Storage|Biomass,Mt CO2/yr,2090,101.9822230494868,GW3-IIc,GW3b,GW3,ok
IMAGE 3.3,NAVIGATE Demand-2.0°C-ref,1,World,Carbon Capture|Geological Storage|Biomass,Mt CO2/yr,2080,73.73937608102763,GW3-IIc,GW3b,GW3,ok
IMAGE 3.3,NAVIGATE Demand-2.0°C-ref,1,World,Carbon Capture|Geological Storage|Biomass,Mt CO2/yr,2070,66.2698490256153,GW3-IIc,GW3b,GW3,ok
IMAGE 3.3,NAVIGATE Demand-2.0°C-ref,1,World,Carbon Capture|Geological Storage|Biomass,Mt CO2/yr,2060,52.42737638270568,GW3-IIc,GW3b,GW3,ok
IMAGE 3.3,NAVIGATE Demand-2.0°C-ref,1,World,Carbon Capture|Geological Storage|Biomass,Mt CO2/yr,2050,58.34647876857348,GW3-IIc,GW3b,GW3,ok
IMAGE 3.3,NAVIGATE Demand-2.0°C-ref,1,World,Carbon Capture|Geological Storage|Biomass,Mt CO2/yr,2045,52.17028138566218,GW3-IIc,GW3b,GW3,ok
IMAGE 3.3,NAVIGATE Demand-2.0°C-ref,1,World,Carbon Capture|Geological Storage|Biomass,Mt CO2/yr,2100,125.911221726845,GW3-IIc,GW3b,GW3,ok
IMAGE 3.3,NAVIGATE Demand-2.0°C-ref,1,World,Carbon Capture|Geological Storage|Biomass,Mt CO2/yr,2035,5.675107401567031,GW3-IIc,GW3b,GW3,ok
IMAGE 3.3,NAVIGATE Demand-2.0°C-ref,1,World,Carbon Capture|Geological Storage|Biomass,Mt CO2/yr,2030,0.05929615933618401,GW3-IIc,GW3b,GW3,ok
IMAGE 3.3,NAVIGATE Demand-2.0°C-ref,1,World,Carbon Capture|Geological Storage|Biomass,Mt CO2/yr,2025,0.0,GW3-IIc,GW3b,GW3,ok
IMAGE 3.3,NAVIGATE Demand-2.0°C-ref,1,World,Carbon Capture|Geological Storage|Biomass,Mt CO2/yr,2020,0.0,GW3-IIc,GW3b,GW3,ok
IMAGE 3.3,NAVIGATE Demand-2.0°C-ref,1,World,Carbon Capture|Geological Storage|Biomass,Mt CO2/yr,2040,31.10409098048181,GW3-IIc,GW3b,GW3,ok
IMAGE 3.3,NAVIGATE Demand-2.0°C-ref,1,World,Carbon Removal|Land Use,Mt CO2/yr,2040,953.167746551063,GW3-IIc,GW3b,GW3,ok
IMAGE 3.3,NAVIGATE Demand-2.0°C-ref,1,World,Carbon Removal|Land Use,Mt CO2/yr,2100,3792.10277432901,GW3-IIc,GW3b,GW3,ok
IMAGE 3.3,NAVIGATE Demand-2.0°C-ref,1,World,Carbon Removal|Land Use,Mt CO2/yr,2090,4195.068558438519,GW3-IIc,GW3b,GW3,ok
IMAGE 3.3,NAVIGATE Demand-2.0°C-ref,1,World,Carbon Removal|Land Use,Mt CO2/yr,2080,3368.491630065697,GW3-IIc,GW3b,GW3,ok
IMAGE 3.3,NAVIGATE Demand-2.0°C-ref,1,World,Carbon Removal|Land Use,Mt CO2/yr,2070,2742.253701141427,GW3-IIc,GW3b,GW3,ok
IMAGE 3.3,NAVIGATE Demand-2.0°C-ref,1,World,Carbon Removal|Land Use,Mt CO2/yr,2060,2030.679067160519,GW3-IIc,GW3b,GW3,ok
IMAGE 3.3,NAVIGATE Demand-2.0°C-ref,1,World,Carbon Removal|Land Use,Mt CO2/yr,2050,1367.68981826818,GW3-IIc,GW3b,GW3,ok
IMAGE 3.3,NAVIGATE Demand-2.0°C-ref,1,World,Carbon Removal|Land Use,Mt CO2/yr,2030,277.039987370722,GW3-IIc,GW3b,GW3,ok
IMAGE 3.3,NAVIGATE Demand-2.0°C-ref,1,World,Carbon Removal|Land Use,Mt CO2/yr,2035,657.5943331521529,GW3-IIc,GW3b,GW3,ok
IMAGE 3.3,NAVIGATE Demand-2.0°C-ref,1,World,Carbon Removal|Land Use,Mt CO2/yr,2025,0.0,GW3-IIc,GW3b,GW3,ok
IMAGE 3.3,NAVIGATE Demand-2.0°C-ref,1,World,Carbon Removal|Land Use,Mt CO2/yr,2020,0.0,GW3-IIc,GW3b,GW3,ok
IMAGE 3.3,NAVIGATE Demand-2.0°C-ref,1,World,Carbon Removal|Land Use,Mt CO2/yr,2045,1111.036727926804,GW3-IIc,GW3b,GW3,ok
IMAGE 3.3,NAVIGATE Demand-2.0°C-ref,1,World,Emissions|CO2,Mt CO2/yr,2090,2834.203979749842,GW3-IIc,GW3b,GW3,ok
IMAGE 3.3,NAVIGATE Demand-2.0°C-ref,1,World,Emissions|CO2,Mt CO2/yr,2080,4706.258423279404,GW3-IIc,GW3b,GW3,ok
IMAGE 3.3,NAVIGATE Demand-2.0°C-ref,1,World,Emissions|CO2,Mt CO2/yr,2070,6158.023885650966,GW3-IIc,GW3b,GW3,ok
IMAGE 3.3,NAVIGATE Demand-2.0°C-ref,1,World,Emissions|CO2,Mt CO2/yr,2060,8994.685140791657,GW3-IIc,GW3b,GW3,ok
IMAGE 3.3,NAVIGATE Demand-2.0°C-ref,1,World,Emissions|CO2,Mt CO2/yr,2050,13314.22794717393,GW3-IIc,GW3b,GW3,ok
IMAGE 3.3,NAVIGATE Demand-2.0°C-ref,1,World,Emissions|CO2,Mt CO2/yr,2045,16358.23535304961,GW3-IIc,GW3b,GW3,ok
IMAGE 3.3,NAVIGATE Demand-2.0°C-ref,1,World,Emissions|CO2,Mt CO2/yr,2100,1855.122518072293,GW3-IIc,GW3b,GW3,ok
IMAGE 3.3,NAVIGATE Demand-2.0°C-ref,1,World,Emissions|CO2,Mt CO2/yr,2035,27872.27230071093,GW3-IIc,GW3b,GW3,ok
IMAGE 3.3,NAVIGATE Demand-2.0°C-ref,1,World,Emissions|CO2,Mt CO2/yr,2030,32421.3720732599,GW3-IIc,GW3b,GW3,ok
IMAGE 3.3,NAVIGATE Demand-2.0°C-ref,1,World,Emissions|CO2,Mt CO2/yr,2025,42495.30957417571,GW3-IIc,GW3b,GW3,ok
IMAGE 3.3,NAVIGATE Demand-2.0°C-ref,1,World,Emissions|CO2,Mt CO2/yr,2020,39595.08724318288,GW3-IIc,GW3b,GW3,ok
IMAGE 3.3,NAVIGATE Demand-2.0°C-ref,1,World,Emissions|CO2,Mt CO2/yr,2040,21358.21517121249,GW3-IIc,GW3b,GW3,ok
IMAGE 3.3,NAVIGATE Demand-2.0°C-ref,1,World,Final Energy,EJ/yr,2050,389.6351875,GW3-IIc,GW3b,GW3,ok
IMAGE 3.3,NAVIGATE Demand-2.0°C-ref,1,World,Final Energy,EJ/yr,2100,502.4,GW3-IIc,GW3b,GW3,ok
IMAGE 3.3,NAVIGATE Demand-2.0°C-ref,1,World,Final Energy,EJ/yr,2090,483.7915,GW3-IIc,GW3b,GW3,ok
IMAGE 3.3,NAVIGATE Demand-2.0°C-ref,1,World,Final Energy,EJ/yr,2080,462.01490625,GW3-IIc,GW3b,GW3,ok
IMAGE 3.3,NAVIGATE Demand-2.0°C-ref,1,World,Final Energy,EJ/yr,2070,437.1326875,GW3-IIc,GW3b,GW3,ok
IMAGE 3.3,NAVIGATE Demand-2.0°C-ref,1,World,Final Energy,EJ/yr,2060,412.28259375,GW3-IIc,GW3b,GW3,ok
IMAGE 3.3,NAVIGATE Demand-2.0°C-ref,1,World,Final Energy,EJ/yr,2045,380.51140625,GW3-IIc,GW3b,GW3,ok
IMAGE 3.3,NAVIGATE Demand-2.0°C-ref,1,World,Final Energy,EJ/yr,2035,381.74390625,GW3-IIc,GW3b,GW3,ok
IMAGE 3.3,NAVIGATE Demand-2.0°C-ref,1,World,Final Energy,EJ/yr,2030,392.691,GW3-IIc,GW3b,GW3,ok
IMAGE 3.3,NAVIGATE Demand-2.0°C-ref,1,World,Final Energy,EJ/yr,2025,434.12459375,GW3-IIc,GW3b,GW3,ok
IMAGE 3.3,NAVIGATE Demand-2.0°C-ref,1,World,Final Energy,EJ/yr,2020,388.6051875,GW3-IIc,GW3b,GW3,ok
IMAGE 3.3,NAVIGATE Demand-2.0°C-ref,1,World,Final Energy,EJ/yr,2040,378.34640625,GW3-IIc,GW3b,GW3,ok
IMAGE 3.3,NAVIGATE Demand-2.0°C-ref,1,World,Final Energy|Electricity,EJ/yr,2100,221.473,GW3-IIc,GW3b,GW3,ok
IMAGE 3.3,NAVIGATE Demand-2.0°C-ref,1,World,Final Energy|Electricity,EJ/yr,2090,211.786796875,GW3-IIc,GW3b,GW3,ok
IMAGE 3.3,NAVIGATE Demand-2.0°C-ref,1,World,Final Energy|Electricity,EJ/yr,2080,198.255703125,GW3-IIc,GW3b,GW3,ok
IMAGE 3.3,NAVIGATE Demand-2.0°C-ref,1,World,Final Energy|Electricity,EJ/yr,2070,181.75759375,GW3-IIc,GW3b,GW3,ok
IMAGE 3.3,NAVIGATE Demand-2.0°C-ref,1,World,Final Energy|Electricity,EJ/yr,2060,161.889,GW3-IIc,GW3b,GW3,ok
IMAGE 3.3,NAVIGATE Demand-2.0°C-ref,1,World,Final Energy|Electricity,EJ/yr,2050,136.12590625,GW3-IIc,GW3b,GW3,ok
IMAGE 3.3,NAVIGATE Demand-2.0°C-ref,1,World,Final Energy|Electricity,EJ/yr,2045,121.1603984375,GW3-IIc,GW3b,GW3,ok
IMAGE 3.3,NAVIGATE Demand-2.0°C-ref,1,World,Final Energy|Electricity,EJ/yr,2040,108.083296875,GW3-IIc,GW3b,GW3,ok
IMAGE 3.3,NAVIGATE Demand-2.0°C-ref,1,World,Final Energy|Electricity,EJ/yr,2030,89.193078125,GW3-IIc,GW3b,GW3,ok
IMAGE 3.3,NAVIGATE Demand-2.0°C-ref,1,World,Final Energy|Electricity,EJ/yr,2025,86.1153828125,GW3-IIc,GW3b,GW3,ok
IMAGE 3.3,NAVIGATE Demand-2.0°C-ref,1,World,Final Energy|Electricity,EJ/yr,2020,72.6047734375,GW3-IIc,GW3b,GW3,ok
IMAGE 3.3,NAVIGATE Demand-2.0°C-ref,1,World,Final Energy|Electricity,EJ/yr,2035,98.5187265625,GW3-IIc,GW3b,GW3,ok
IMAGE 3.3,NAVIGATE Demand-2.0°C-ref,1,World,Food Availability|Crops [per capita],kcal/cap/day,2100,2545.09375,GW3-IIc,GW3b,GW3,ok
IMAGE 3.3,NAVIGATE Demand-2.0°C-ref,1,World,Food Availability|Crops [per capita],kcal/cap/day,2090,2544.537353515625,GW3-IIc,GW3b,GW3,ok
IMAGE 3.3,NAVIGATE Demand-2.0°C-ref,1,World,Food Availability|Crops [per capita],kcal/cap/day,2080,2553.182861328125,GW3-IIc,GW3b,GW3,ok
IMAGE 3.3,NAVIGATE Demand-2.0°C-ref,1,World,Food Availability|Crops [per capita],kcal/cap/day,2070,2565.947265625,GW3-IIc,GW3b,GW3,ok
IMAGE 3.3,NAVIGATE Demand-2.0°C-ref,1,World,Food Availability|Crops [per capita],kcal/cap/day,2060,2577.03662109375,GW3-IIc,GW3b,GW3,ok
IMAGE 3.3,NAVIGATE Demand-2.0°C-ref,1,World,Food Availability|Crops [per capita],kcal/cap/day,2050,2590.1298828125,GW3-IIc,GW3b,GW3,ok
IMAGE 3.3,NAVIGATE Demand-2.0°C-ref,1,World,Food Availability|Crops [per capita],kcal/cap/day,2045,2583.24560546875,GW3-IIc,GW3b,GW3,ok
IMAGE 3.3,NAVIGATE Demand-2.0°C-ref,1,World,Food Availability|Crops [per capita],kcal/cap/day,2040,2576.361083984375,GW3-IIc,GW3b,GW3,ok
IMAGE 3.3,NAVIGATE Demand-2.0°C-ref,1,World,Food Availability|Crops [per capita],kcal/cap/day,2030,2532.595947265625,GW3-IIc,GW3b,GW3,ok
IMAGE 3.3,NAVIGATE Demand-2.0°C-ref,1,World,Food Availability|Crops [per capita],kcal/cap/day,2025,2482.150390625,GW3-IIc,GW3b,GW3,ok
IMAGE 3.3,NAVIGATE Demand-2.0°C-ref,1,World,Food Availability|Crops [per capita],kcal/cap/day,2020,2431.70458984375,GW3-IIc,GW3b,GW3,ok
IMAGE 3.3,NAVIGATE Demand-2.0°C-ref,1,World,Food Availability|Crops [per capita],kcal/cap/day,2035,2554.478515625,GW3-IIc,GW3b,GW3,ok
IMAGE 3.3,NAVIGATE Demand-2.0°C-ref,1,World,Food Availability|Livestock [per capita],kcal/cap/day,2050,522.814453125,GW3-IIc,GW3b,GW3,ok
IMAGE 3.3,NAVIGATE Demand-2.0°C-ref,1,World,Food Availability|Livestock [per capita],kcal/cap/day,2100,522.4669799804688,GW3-IIc,GW3b,GW3,ok
IMAGE 3.3,NAVIGATE Demand-2.0°C-ref,1,World,Food Availability|Livestock [per capita],kcal/cap/day,2090,520.6497802734375,GW3-IIc,GW3b,GW3,ok
IMAGE 3.3,NAVIGATE Demand-2.0°C-ref,1,World,Food Availability|Livestock [per capita],kcal/cap/day,2080,519.9378051757812,GW3-IIc,GW3b,GW3,ok
IMAGE 3.3,NAVIGATE Demand-2.0°C-ref,1,World,Food Availability|Livestock [per capita],kcal/cap/day,2070,519.712890625,GW3-IIc,GW3b,GW3,ok
IMAGE 3.3,NAVIGATE Demand-2.0°C-ref,1,World,Food Availability|Livestock [per capita],kcal/cap/day,2060,520.21923828125,GW3-IIc,GW3b,GW3,ok
IMAGE 3.3,NAVIGATE Demand-2.0°C-ref,1,World,Food Availability|Livestock [per capita],kcal/cap/day,2045,522.4771728515625,GW3-IIc,GW3b,GW3,ok
IMAGE 3.3,NAVIGATE Demand-2.0°C-ref,1,World,Food Availability|Livestock [per capita],kcal/cap/day,2040,522.139892578125,GW3-IIc,GW3b,GW3,ok
IMAGE 3.3,NAVIGATE Demand-2.0°C-ref,1,World,Food Availability|Livestock [per capita],kcal/cap/day,2035,522.0836181640625,GW3-IIc,GW3b,GW3,ok
IMAGE 3.3,NAVIGATE Demand-2.0°C-ref,1,World,Food Availability|Livestock [per capita],kcal/cap/day,2030,522.0272827148438,GW3-IIc,GW3b,GW3,ok
IMAGE 3.3,NAVIGATE Demand-2.0°C-ref,1,World,Food Availability|Livestock [per capita],kcal/cap/day,2025,518.2738647460938,GW3-IIc,GW3b,GW3,ok
IMAGE 3.3,NAVIGATE Demand-2.0°C-ref,1,World,Food Availability|Livestock [per capita],kcal/cap/day,2020,514.5204467773438,GW3-IIc,GW3b,GW3,ok
IMAGE 3.3,NAVIGATE Demand-2.0°C-ref,1,World,GDP|MER,billion USD_2010/yr,2100,401656.56320192,GW3-IIc,GW3b,GW3,ok
IMAGE 3.3,NAVIGATE Demand-2.0°C-ref,1,World,GDP|MER,billion USD_2010/yr,2090,337707.84960384,GW3-IIc,GW3b,GW3,ok
IMAGE 3.3,NAVIGATE Demand-2.0°C-ref,1,World,GDP|MER,billion USD_2010/yr,2070,233482.56035008,GW3-IIc,GW3b,GW3,ok
IMAGE 3.3,NAVIGATE Demand-2.0°C-ref,1,World,GDP|MER,billion USD_2010/yr,2060,191309.56926208,GW3-IIc,GW3b,GW3,ok
IMAGE 3.3,NAVIGATE Demand-2.0°C-ref,1,World,GDP|MER,billion USD_2010/yr,2050,155947.6372,GW3-IIc,GW3b,GW3,ok
IMAGE 3.3,NAVIGATE Demand-2.0°C-ref,1,World,GDP|MER,billion USD_2010/yr,2045,140063.75334,GW3-IIc,GW3b,GW3,ok
IMAGE 3.3,NAVIGATE Demand-2.0°C-ref,1,World,GDP|MER,billion USD_2010/yr,2080,281964.91944896,GW3-IIc,GW3b,GW3,ok
IMAGE 3.3,NAVIGATE Demand-2.0°C-ref,1,World,GDP|MER,billion USD_2010/yr,2035,110139.59287104,GW3-IIc,GW3b,GW3,ok
IMAGE 3.3,NAVIGATE Demand-2.0°C-ref,1,World,GDP|MER,billion USD_2010/yr,2030,96362.90521056001,GW3-IIc,GW3b,GW3,ok
IMAGE 3.3,NAVIGATE Demand-2.0°C-ref,1,World,GDP|MER,billion USD_2010/yr,2025,82782.19891088,GW3-IIc,GW3b,GW3,ok
IMAGE 3.3,NAVIGATE Demand-2.0°C-ref,1,World,GDP|MER,billion USD_2010/yr,2020,68432.9425992,GW3-IIc,GW3b,GW3,ok
IMAGE 3.3,NAVIGATE Demand-2.0°C-ref,1,World,GDP|MER,billion USD_2010/yr,2040,124709.3692,GW3-IIc,GW3b,GW3,ok
IMAGE 3.3,NAVIGATE Demand-2.0°C-ref,1,World,Investment|Energy Supply,billion USD_2010/yr,2060,1969.69798169088,GW3-IIc,GW3b,GW3,ok
IMAGE 3.3,NAVIGATE Demand-2.0°C-ref,1,World,Investment|Energy Supply,billion USD_2010/yr,2100,2017.08822521856,GW3-IIc,GW3b,GW3,ok
IMAGE 3.3,NAVIGATE Demand-2.0°C-ref,1,World,Investment|Energy Supply,billion USD_2010/yr,2090,1816.17452403456,GW3-IIc,GW3b,GW3,ok
IMAGE 3.3,NAVIGATE Demand-2.0°C-ref,1,World,Investment|Energy Supply,billion USD_2010/yr,2080,2154.58365938688,GW3-IIc,GW3b,GW3,ok
IMAGE 3.3,NAVIGATE Demand-2.0°C-ref,1,World,Investment|Energy Supply,billion USD_2010/yr,2070,1961.48074127232,GW3-IIc,GW3b,GW3,ok
IMAGE 3.3,NAVIGATE Demand-2.0°C-ref,1,World,Investment|Energy Supply,billion USD_2010/yr,2050,1961.08285006848,GW3-IIc,GW3b,GW3,ok
IMAGE 3.3,NAVIGATE Demand-2.0°C-ref,1,World,Investment|Energy Supply,billion USD_2010/yr,2045,2011.46550220992,GW3-IIc,GW3b,GW3,ok
IMAGE 3.3,NAVIGATE Demand-2.0°C-ref,1,World,Investment|Energy Supply,billion USD_2010/yr,2035,1515.25501175424,GW3-IIc,GW3b,GW3,ok
IMAGE 3.3,NAVIGATE Demand-2.0°C-ref,1,World,Investment|Energy Supply,billion USD_2010/yr,2030,1491.31650506784,GW3-IIc,GW3b,GW3,ok
IMAGE 3.3,NAVIGATE Demand-2.0°C-ref,1,World,Investment|Energy Supply,billion USD_2010/yr,2025,1592.593269145089,GW3-IIc,GW3b,GW3,ok
IMAGE 3.3,NAVIGATE Demand-2.0°C-ref,1,World,Investment|Energy Supply,billion USD_2010/yr,2020,1625.79082268352,GW3-IIc,GW3b,GW3,ok
IMAGE 3.3,NAVIGATE Demand-2.0°C-ref,1,World,Investment|Energy Supply,billion USD_2010/yr,2040,1798.30829119152,GW3-IIc,GW3b,GW3,ok
IMAGE 3.3,NAVIGATE Demand-2.0°C-ref,1,World,Land Cover,million ha,2100,12964.2672,GW3-IIc,GW3b,GW3,ok
IMAGE 3.3,NAVIGATE Demand-2.0°C-ref,1,World,Land Cover,million ha,2090,12964.2144,GW3-IIc,GW3b,GW3,ok
IMAGE 3.3,NAVIGATE Demand-2.0°C-ref,1,World,Land Cover,million ha,2080,12964.0152,GW3-IIc,GW3b,GW3,ok
IMAGE 3.3,NAVIGATE Demand-2.0°C-ref,1,World,Land Cover,million ha,2070,12963.9504,GW3-IIc,GW3b,GW3,ok
IMAGE 3.3,NAVIGATE Demand-2.0°C-ref,1,World,Land Cover,million ha,2060,12964.1056,GW3-IIc,GW3b,GW3,ok
IMAGE 3.3,NAVIGATE Demand-2.0°C-ref,1,World,Land Cover,million ha,2050,12964.1296,GW3-IIc,GW3b,GW3,ok
IMAGE 3.3,NAVIGATE Demand-2.0°C-ref,1,World,Land Cover,million ha,2045,12964.1296,GW3-IIc,GW3b,GW3,ok
IMAGE 3.3,NAVIGATE Demand-2.0°C-ref,1,World,Land Cover,million ha,2040,12964.1096,GW3-IIc,GW3b,GW3,ok
IMAGE 3.3,NAVIGATE Demand-2.0°C-ref,1,World,Land Cover,million ha,2035,12964.1096,GW3-IIc,GW3b,GW3,ok
IMAGE 3.3,NAVIGATE Demand-2.0°C-ref,1,World,Land Cover,million ha,2030,12964.124,GW3-IIc,GW3b,GW3,ok
IMAGE 3.3,NAVIGATE Demand-2.0°C-ref,1,World,Land Cover,million ha,2025,12964.124,GW3-IIc,GW3b,GW3,ok
IMAGE 3.3,NAVIGATE Demand-2.0°C-ref,1,World,Land Cover,million ha,2020,12964.328,GW3-IIc,GW3b,GW3,ok
IMAGE 3.3,NAVIGATE Demand-2.0°C-ref,1,World,Land Cover|Forest,million ha,2090,4096.3196,GW3-IIc,GW3b,GW3,ok
IMAGE 3.3,NAVIGATE Demand-2.0°C-ref,1,World,Land Cover|Forest,million ha,2080,4043.7216,GW3-IIc,GW3b,GW3,ok
IMAGE 3.3,NAVIGATE Demand-2.0°C-ref,1,World,Land Cover|Forest,million ha,2070,3988.8416,GW3-IIc,GW3b,GW3,ok
IMAGE 3.3,NAVIGATE Demand-2.0°C-ref,1,World,Land Cover|Forest,million ha,2060,3958.1748,GW3-IIc,GW3b,GW3,ok
IMAGE 3.3,NAVIGATE Demand-2.0°C-ref,1,World,Land Cover|Forest,million ha,2050,3931.726,GW3-IIc,GW3b,GW3,ok
IMAGE 3.3,NAVIGATE Demand-2.0°C-ref,1,World,Land Cover|Forest,million ha,2045,3922.7984,GW3-IIc,GW3b,GW3,ok
IMAGE 3.3,NAVIGATE Demand-2.0°C-ref,1,World,Land Cover|Forest,million ha,2100,4124.1632,GW3-IIc,GW3b,GW3,ok
IMAGE 3.3,NAVIGATE Demand-2.0°C-ref,1,World,Land Cover|Forest,million ha,2035,3913.0384,GW3-IIc,GW3b,GW3,ok
IMAGE 3.3,NAVIGATE Demand-2.0°C-ref,1,World,Land Cover|Forest,million ha,2030,3910.9804,GW3-IIc,GW3b,GW3,ok
IMAGE 3.3,NAVIGATE Demand-2.0°C-ref,1,World,Land Cover|Forest,million ha,2025,3909.9012,GW3-IIc,GW3b,GW3,ok
IMAGE 3.3,NAVIGATE Demand-2.0°C-ref,1,World,Land Cover|Forest,million ha,2020,3918.3176,GW3-IIc,GW3b,GW3,ok
IMAGE 3.3,NAVIGATE Demand-2.0°C-ref,1,World,Land Cover|Forest,million ha,2040,3914.4648,GW3-IIc,GW3b,GW3,ok
IMAGE 3.3,NAVIGATE Demand-2.0°C-ref,1,World,Population,million,2100,9210.525390625,GW3-IIc,GW3b,GW3,ok
IMAGE 3.3,NAVIGATE Demand-2.0°C-ref,1,World,Population,million,2090,9435.03125,GW3-IIc,GW3b,GW3,ok
IMAGE 3.3,NAVIGATE Demand-2.0°C-ref,1,World,Population,million,2080,9590.7734375,GW3-IIc,GW3b,GW3,ok
IMAGE 3.3,NAVIGATE Demand-2.0°C-ref,1,World,Population,million,2070,9641.6494140625,GW3-IIc,GW3b,GW3,ok
IMAGE 3.3,NAVIGATE Demand-2.0°C-ref,1,World,Population,million,2060,9569.134765625,GW3-IIc,GW3b,GW3,ok
IMAGE 3.3,NAVIGATE Demand-2.0°C-ref,1,World,Population,million,2045,9173.7060546875,GW3-IIc,GW3b,GW3,ok
IMAGE 3.3,NAVIGATE Demand-2.0°C-ref,1,World,Population,million,2050,9348.6796875,GW3-IIc,GW3b,GW3,ok
IMAGE 3.3,NAVIGATE Demand-2.0°C-ref,1,World,Population,million,2035,8706.3720703125,GW3-IIc,GW3b,GW3,ok
IMAGE 3.3,NAVIGATE Demand-2.0°C-ref,1,World,Population,million,2030,8421.4912109375,GW3-IIc,GW3b,GW3,ok
IMAGE 3.3,NAVIGATE Demand-2.0°C-ref,1,World,Population,million,2025,8105.07421875,GW3-IIc,GW3b,GW3,ok
IMAGE 3.3,NAVIGATE Demand-2.0°C-ref,1,World,Population,million,2020,7756.7080078125,GW3-IIc,GW3b,GW3,ok
IMAGE 3.3,NAVIGATE Demand-2.0°C-ref,1,World,Population,million,2040,8958.1103515625,GW3-IIc,GW3b,GW3,ok
IMAGE 3.3,NAVIGATE Demand-2.0°C-ref,1,World,Price|Secondary Energy|Electricity,USD_2010/GJ,2100,25.96018633258819,GW3-IIc,GW3b,GW3,ok
IMAGE 3.3,NAVIGATE Demand-2.0°C-ref,1,World,Price|Secondary Energy|Electricity,USD_2010/GJ,2090,25.8680894719696,GW3-IIc,GW3b,GW3,ok
IMAGE 3.3,NAVIGATE Demand-2.0°C-ref,1,World,Price|Secondary Energy|Electricity,USD_2010/GJ,2070,26.80363037960052,GW3-IIc,GW3b,GW3,ok
IMAGE 3.3,NAVIGATE Demand-2.0°C-ref,1,World,Price|Secondary Energy|Electricity,USD_2010/GJ,2060,27.35007795028686,GW3-IIc,GW3b,GW3,ok
IMAGE 3.3,NAVIGATE Demand-2.0°C-ref,1,World,Price|Secondary Energy|Electricity,USD_2010/GJ,2050,28.18601294128418,GW3-IIc,GW3b,GW3,ok
IMAGE 3.3,NAVIGATE Demand-2.0°C-ref,1,World,Price|Secondary Energy|Electricity,USD_2010/GJ,2045,28.81912947025299,GW3-IIc,GW3b,GW3,ok
IMAGE 3.3,NAVIGATE Demand-2.0°C-ref,1,World,Price|Secondary Energy|Electricity,USD_2010/GJ,2080,26.1075151102829,GW3-IIc,GW3b,GW3,ok
IMAGE 3.3,NAVIGATE Demand-2.0°C-ref,1,World,Price|Secondary Energy|Electricity,USD_2010/GJ,2035,37.10730815010071,GW3-IIc,GW3b,GW3,ok
IMAGE 3.3,NAVIGATE Demand-2.0°C-ref,1,World,Price|Secondary Energy|Electricity,USD_2010/GJ,2030,37.71182307769775,GW3-IIc,GW3b,GW3,ok
IMAGE 3.3,NAVIGATE Demand-2.0°C-ref,1,World,Price|Secondary Energy|Electricity,USD_2010/GJ,2025,31.09730818641663,GW3-IIc,GW3b,GW3,ok
IMAGE 3.3,NAVIGATE Demand-2.0°C-ref,1,World,Price|Secondary Energy|Electricity,USD_2010/GJ,2020,28.97004797393799,GW3-IIc,GW3b,GW3,ok
IMAGE 3.3,NAVIGATE Demand-2.0°C-ref,1,World,Price|Secondary Energy|Electricity,USD_2010/GJ,2040,33.92316414985657,GW3-IIc,GW3b,GW3,ok
IMAGE 3.3,NAVIGATE Demand-2.0°C-ref,1,World,Primary Energy|Biomass,EJ/yr,2050,113.7406875,GW3-IIc,GW3b,GW3,ok
IMAGE 3.3,NAVIGATE Demand-2.0°C-ref,1,World,Primary Energy|Biomass,EJ/yr,2100,131.370060546875,GW3-IIc,GW3b,GW3,ok
IMAGE 3.3,NAVIGATE Demand-2.0°C-ref,1,World,Primary Energy|Biomass,EJ/yr,2090,134.2028798828125,GW3-IIc,GW3b,GW3,ok
IMAGE 3.3,NAVIGATE Demand-2.0°C-ref,1,World,Primary Energy|Biomass,EJ/yr,2080,136.7782998046875,GW3-IIc,GW3b,GW3,ok
IMAGE 3.3,NAVIGATE Demand-2.0°C-ref,1,World,Primary Energy|Biomass,EJ/yr,2070,130.52728125,GW3-IIc,GW3b,GW3,ok
IMAGE 3.3,NAVIGATE Demand-2.0°C-ref,1,World,Primary Energy|Biomass,EJ/yr,2060,121.0938798828125,GW3-IIc,GW3b,GW3,ok
IMAGE 3.3,NAVIGATE Demand-2.0°C-ref,1,World,Primary Energy|Biomass,EJ/yr,2045,108.32526953125,GW3-IIc,GW3b,GW3,ok
IMAGE 3.3,NAVIGATE Demand-2.0°C-ref,1,World,Primary Energy|Biomass,EJ/yr,2035,83.186958984375,GW3-IIc,GW3b,GW3,ok
IMAGE 3.3,NAVIGATE Demand-2.0°C-ref,1,World,Primary Energy|Biomass,EJ/yr,2030,71.115669921875,GW3-IIc,GW3b,GW3,ok
IMAGE 3.3,NAVIGATE Demand-2.0°C-ref,1,World,Primary Energy|Biomass,EJ/yr,2025,61.4992421875,GW3-IIc,GW3b,GW3,ok
IMAGE 3.3,NAVIGATE Demand-2.0°C-ref,1,World,Primary Energy|Biomass,EJ/yr,2020,58.871458984375,GW3-IIc,GW3b,GW3,ok
IMAGE 3.3,NAVIGATE Demand-2.0°C-ref,1,World,Primary Energy|Biomass,EJ/yr,2040,95.911259765625,GW3-IIc,GW3b,GW3,ok
IMAGE 3.3,NAVIGATE Demand-2.0°C-ref,1,World,Primary Energy|Coal,EJ/yr,2100,8.64782421875,GW3-IIc,GW3b,GW3,ok
IMAGE 3.3,NAVIGATE Demand-2.0°C-ref,1,World,Primary Energy|Coal,EJ/yr,2090,9.57544140625,GW3-IIc,GW3b,GW3,ok
IMAGE 3.3,NAVIGATE Demand-2.0°C-ref,1,World,Primary Energy|Coal,EJ/yr,2070,15.314,GW3-IIc,GW3b,GW3,ok
IMAGE 3.3,NAVIGATE Demand-2.0°C-ref,1,World,Primary Energy|Coal,EJ/yr,2060,20.960009765625,GW3-IIc,GW3b,GW3,ok
IMAGE 3.3,NAVIGATE Demand-2.0°C-ref,1,World,Primary Energy|Coal,EJ/yr,2050,38.808578125,GW3-IIc,GW3b,GW3,ok
IMAGE 3.3,NAVIGATE Demand-2.0°C-ref,1,World,Primary Energy|Coal,EJ/yr,2045,46.834421875,GW3-IIc,GW3b,GW3,ok
IMAGE 3.3,NAVIGATE Demand-2.0°C-ref,1,World,Primary Energy|Coal,EJ/yr,2080,11.68375,GW3-IIc,GW3b,GW3,ok
IMAGE 3.3,NAVIGATE Demand-2.0°C-ref,1,World,Primary Energy|Coal,EJ/yr,2035,106.991,GW3-IIc,GW3b,GW3,ok
IMAGE 3.3,NAVIGATE Demand-2.0°C-ref,1,World,Primary Energy|Coal,EJ/yr,2030,128.2813984375,GW3-IIc,GW3b,GW3,ok
IMAGE 3.3,NAVIGATE Demand-2.0°C-ref,1,World,Primary Energy|Coal,EJ/yr,2025,176.06609375,GW3-IIc,GW3b,GW3,ok
IMAGE 3.3,NAVIGATE Demand-2.0°C-ref,1,World,Primary Energy|Coal,EJ/yr,2020,182.7365,GW3-IIc,GW3b,GW3,ok
IMAGE 3.3,NAVIGATE Demand-2.0°C-ref,1,World,Primary Energy|Coal,EJ/yr,2040,76.593078125,GW3-IIc,GW3b,GW3,ok
IMAGE 3.3,NAVIGATE Demand-2.0°C-ref,1,World,Primary Energy|Fossil|w/ CCS,EJ/yr,2060,33.05301000976563,GW3-IIc,GW3b,GW3,ok
IMAGE 3.3,NAVIGATE Demand-2.0°C-ref,1,World,Primary Energy|Fossil|w/ CCS,EJ/yr,2100,41.11778344726562,GW3-IIc,GW3b,GW3,ok
IMAGE 3.3,NAVIGATE Demand-2.0°C-ref,1,World,Primary Energy|Fossil|w/ CCS,EJ/yr,2090,38.11793298339844,GW3-IIc,GW3b,GW3,ok
IMAGE 3.3,NAVIGATE Demand-2.0°C-ref,1,World,Primary Energy|Fossil|w/ CCS,EJ/yr,2080,34.24386840820313,GW3-IIc,GW3b,GW3,ok
IMAGE 3.3,NAVIGATE Demand-2.0°C-ref,1,World,Primary Energy|Fossil|w/ CCS,EJ/yr,2070,34.38771826171875,GW3-IIc,GW3b,GW3,ok
IMAGE 3.3,NAVIGATE Demand-2.0°C-ref,1,World,Primary Energy|Fossil|w/ CCS,EJ/yr,2050,31.36570751953125,GW3-IIc,GW3b,GW3,ok
IMAGE 3.3,NAVIGATE Demand-2.0°C-ref,1,World,Primary Energy|Fossil|w/ CCS,EJ/yr,2045,27.40997802734375,GW3-IIc,GW3b,GW3,ok
IMAGE 3.3,NAVIGATE Demand-2.0°C-ref,1,World,Primary Energy|Fossil|w/ CCS,EJ/yr,2040,20.48938391113281,GW3-IIc,GW3b,GW3,ok
IMAGE 3.3,NAVIGATE Demand-2.0°C-ref,1,World,Primary Energy|Fossil|w/ CCS,EJ/yr,2035,5.359645751953125,GW3-IIc,GW3b,GW3,ok
IMAGE 3.3,NAVIGATE Demand-2.0°C-ref,1,World,Primary Energy|Fossil|w/ CCS,EJ/yr,2030,2.477413883209229,GW3-IIc,GW3b,GW3,ok
IMAGE 3.3,NAVIGATE Demand-2.0°C-ref,1,World,Primary Energy|Fossil|w/ CCS,EJ/yr,2025,0.4436787090301511,GW3-IIc,GW3b,GW3,ok
IMAGE 3.3,NAVIGATE Demand-2.0°C-ref,1,World,Primary Energy|Fossil|w/ CCS,EJ/yr,2020,0.0,GW3-IIc,GW3b,GW3,ok
IMAGE 3.3,NAVIGATE Demand-2.0°C-ref,1,World,Primary Energy|Fossil|w/o CCS,EJ/yr,2090,91.13164941406251,GW3-IIc,GW3b,GW3,ok
IMAGE 3.3,NAVIGATE Demand-2.0°C-ref,1,World,Primary Energy|Fossil|w/o CCS,EJ/yr,2080,111.0565244140625,GW3-IIc,GW3b,GW3,ok
IMAGE 3.3,NAVIGATE Demand-2.0°C-ref,1,World,Primary Energy|Fossil|w/o CCS,EJ/yr,2070,132.4314208984375,GW3-IIc,GW3b,GW3,ok
IMAGE 3.3,NAVIGATE Demand-2.0°C-ref,1,World,Primary Energy|Fossil|w/o CCS,EJ/yr,2060,161.5759208984375,GW3-IIc,GW3b,GW3,ok
IMAGE 3.3,NAVIGATE Demand-2.0°C-ref,1,World,Primary Energy|Fossil|w/o CCS,EJ/yr,2050,204.95691015625,GW3-IIc,GW3b,GW3,ok
IMAGE 3.3,NAVIGATE Demand-2.0°C-ref,1,World,Primary Energy|Fossil|w/o CCS,EJ/yr,2045,231.0632734375,GW3-IIc,GW3b,GW3,ok
IMAGE 3.3,NAVIGATE Demand-2.0°C-ref,1,World,Primary Energy|Fossil|w/o CCS,EJ/yr,2100,78.60495068359376,GW3-IIc,GW3b,GW3,ok
IMAGE 3.3,NAVIGATE Demand-2.0°C-ref,1,World,Primary Energy|Fossil|w/o CCS,EJ/yr,2035,351.601203125,GW3-IIc,GW3b,GW3,ok
IMAGE 3.3,NAVIGATE Demand-2.0°C-ref,1,World,Primary Energy|Fossil|w/o CCS,EJ/yr,2030,402.8313984375,GW3-IIc,GW3b,GW3,ok
IMAGE 3.3,NAVIGATE Demand-2.0°C-ref,1,World,Primary Energy|Fossil|w/o CCS,EJ/yr,2025,494.0636015625,GW3-IIc,GW3b,GW3,ok
IMAGE 3.3,NAVIGATE Demand-2.0°C-ref,1,World,Primary Energy|Fossil|w/o CCS,EJ/yr,2020,474.7871953125,GW3-IIc,GW3b,GW3,ok
IMAGE 3.3,NAVIGATE Demand-2.0°C-ref,1,World,Primary Energy|Fossil|w/o CCS,EJ/yr,2040,288.7753359375,GW3-IIc,GW3b,GW3,ok
IMAGE 3.3,NAVIGATE Demand-2.0°C-ref,1,World,Primary Energy|Gas,EJ/yr,2100,60.43130078125,GW3-IIc,GW3b,GW3,ok
IMAGE 3.3,NAVIGATE Demand-2.0°C-ref,1,World,Primary Energy|Gas,EJ/yr,2090,59.6806015625,GW3-IIc,GW3b,GW3,ok
IMAGE 3.3,NAVIGATE Demand-2.0°C-ref,1,World,Primary Energy|Gas,EJ/yr,2080,63.19926953125,GW3-IIc,GW3b,GW3,ok
IMAGE 3.3,NAVIGATE Demand-2.0°C-ref,1,World,Primary Energy|Gas,EJ/yr,2070,71.615296875,GW3-IIc,GW3b,GW3,ok
IMAGE 3.3,NAVIGATE Demand-2.0°C-ref,1,World,Primary Energy|Gas,EJ/yr,2060,84.97904687500001,GW3-IIc,GW3b,GW3,ok
IMAGE 3.3,NAVIGATE Demand-2.0°C-ref,1,World,Primary Energy|Gas,EJ/yr,2050,94.0205078125,GW3-IIc,GW3b,GW3,ok
IMAGE 3.3,NAVIGATE Demand-2.0°C-ref,1,World,Primary Energy|Gas,EJ/yr,2045,94.9338828125,GW3-IIc,GW3b,GW3,ok
IMAGE 3.3,NAVIGATE Demand-2.0°C-ref,1,World,Primary Energy|Gas,EJ/yr,2040,99.787578125,GW3-IIc,GW3b,GW3,ok
IMAGE 3.3,NAVIGATE Demand-2.0°C-ref,1,World,Primary Energy|Gas,EJ/yr,2030,112.6195,GW3-IIc,GW3b,GW3,ok
IMAGE 3.3,NAVIGATE Demand-2.0°C-ref,1,World,Primary Energy|Gas,EJ/yr,2025,127.033203125,GW3-IIc,GW3b,GW3,ok
IMAGE 3.3,NAVIGATE Demand-2.0°C-ref,1,World,Primary Energy|Gas,EJ/yr,2020,122.1928984375,GW3-IIc,GW3b,GW3,ok
IMAGE 3.3,NAVIGATE Demand-2.0°C-ref,1,World,Primary Energy|Gas,EJ/yr,2035,103.3445,GW3-IIc,GW3b,GW3,ok
IMAGE 3.3,NAVIGATE Demand-2.0°C-ref,1,World,Primary Energy|Non-Biomass Renewables,EJ/yr,2100,377.8832939453125,GW3-IIc,GW3b,GW3,ok
IMAGE 3.3,NAVIGATE Demand-2.0°C-ref,1,World,Primary Energy|Non-Biomass Renewables,EJ/yr,2090,344.3525197753906,GW3-IIc,GW3b,GW3,ok
IMAGE 3.3,NAVIGATE Demand-2.0°C-ref,1,World,Primary Energy|Non-Biomass Renewables,EJ/yr,2070,256.3121960449219,GW3-IIc,GW3b,GW3,ok
IMAGE 3.3,NAVIGATE Demand-2.0°C-ref,1,World,Primary Energy|Non-Biomass Renewables,EJ/yr,2060,212.8633395996094,GW3-IIc,GW3b,GW3,ok
IMAGE 3.3,NAVIGATE Demand-2.0°C-ref,1,World,Primary Energy|Non-Biomass Renewables,EJ/yr,2050,158.3548685913086,GW3-IIc,GW3b,GW3,ok
IMAGE 3.3,NAVIGATE Demand-2.0°C-ref,1,World,Primary Energy|Non-Biomass Renewables,EJ/yr,2045,129.8014562988281,GW3-IIc,GW3b,GW3,ok
IMAGE 3.3,NAVIGATE Demand-2.0°C-ref,1,World,Primary Energy|Non-Biomass Renewables,EJ/yr,2080,302.0244389648437,GW3-IIc,GW3b,GW3,ok
IMAGE 3.3,NAVIGATE Demand-2.0°C-ref,1,World,Primary Energy|Non-Biomass Renewables,EJ/yr,2035,69.91706646728515,GW3-IIc,GW3b,GW3,ok
IMAGE 3.3,NAVIGATE Demand-2.0°C-ref,1,World,Primary Energy|Non-Biomass Renewables,EJ/yr,2030,50.58781857299805,GW3-IIc,GW3b,GW3,ok
IMAGE 3.3,NAVIGATE Demand-2.0°C-ref,1,World,Primary Energy|Non-Biomass Renewables,EJ/yr,2025,34.09085186767578,GW3-IIc,GW3b,GW3,ok
IMAGE 3.3,NAVIGATE Demand-2.0°C-ref,1,World,Primary Energy|Non-Biomass Renewables,EJ/yr,2020,26.36834942626953,GW3-IIc,GW3b,GW3,ok
IMAGE 3.3,NAVIGATE Demand-2.0°C-ref,1,World,Primary Energy|Non-Biomass Renewables,EJ/yr,2040,95.91166632080078,GW3-IIc,GW3b,GW3,ok
IMAGE 3.3,NAVIGATE Demand-2.0°C-ref,1,World,Primary Energy|Nuclear,EJ/yr,2100,39.95773046875,GW3-IIc,GW3b,GW3,ok
IMAGE 3.3,NAVIGATE Demand-2.0°C-ref,1,World,Primary Energy|Nuclear,EJ/yr,2090,36.175109375,GW3-IIc,GW3b,GW3,ok
IMAGE 3.3,NAVIGATE Demand-2.0°C-ref,1,World,Primary Energy|Nuclear,EJ/yr,2080,30.4822890625,GW3-IIc,GW3b,GW3,ok
IMAGE 3.3,NAVIGATE Demand-2.0°C-ref,1,World,Primary Energy|Nuclear,EJ/yr,2070,24.60730078125,GW3-IIc,GW3b,GW3,ok
IMAGE 3.3,NAVIGATE Demand-2.0°C-ref,1,World,Primary Energy|Nuclear,EJ/yr,2060,17.749990234375,GW3-IIc,GW3b,GW3,ok
IMAGE 3.3,NAVIGATE Demand-2.0°C-ref,1,World,Primary Energy|Nuclear,EJ/yr,2050,12.15483984375,GW3-IIc,GW3b,GW3,ok
IMAGE 3.3,NAVIGATE Demand-2.0°C-ref,1,World,Primary Energy|Nuclear,EJ/yr,2045,9.587755859375001,GW3-IIc,GW3b,GW3,ok
IMAGE 3.3,NAVIGATE Demand-2.0°C-ref,1,World,Primary Energy|Nuclear,EJ/yr,2030,10.1173896484375,GW3-IIc,GW3b,GW3,ok
IMAGE 3.3,NAVIGATE Demand-2.0°C-ref,1,World,Primary Energy|Nuclear,EJ/yr,2035,9.146373046875,GW3-IIc,GW3b,GW3,ok
IMAGE 3.3,NAVIGATE Demand-2.0°C-ref,1,World,Primary Energy|Nuclear,EJ/yr,2025,9.824521484375,GW3-IIc,GW3b,GW3,ok
IMAGE 3.3,NAVIGATE Demand-2.0°C-ref,1,World,Primary Energy|Nuclear,EJ/yr,2020,9.6293486328125,GW3-IIc,GW3b,GW3,ok
IMAGE 3.3,NAVIGATE Demand-2.0°C-ref,1,World,Primary Energy|Nuclear,EJ/yr,2040,8.767277343750001,GW3-IIc,GW3b,GW3,ok
IMAGE 3.3,NAVIGATE Demand-2.0°C-ref,1,World,Primary Energy|Oil,EJ/yr,2060,88.6898671875,GW3-IIc,GW3b,GW3,ok
IMAGE 3.3,NAVIGATE Demand-2.0°C-ref,1,World,Primary Energy|Oil,EJ/yr,2070,79.8898515625,GW3-IIc,GW3b,GW3,ok
IMAGE 3.3,NAVIGATE Demand-2.0°C-ref,1,World,Primary Energy|Oil,EJ/yr,2050,103.4936015625,GW3-IIc,GW3b,GW3,ok
IMAGE 3.3,NAVIGATE Demand-2.0°C-ref,1,World,Primary Energy|Oil,EJ/yr,2090,59.99355078125,GW3-IIc,GW3b,GW3,ok
IMAGE 3.3,NAVIGATE Demand-2.0°C-ref,1,World,Primary Energy|Oil,EJ/yr,2100,50.643609375,GW3-IIc,GW3b,GW3,ok
IMAGE 3.3,NAVIGATE Demand-2.0°C-ref,1,World,Primary Energy|Oil,EJ/yr,2080,70.41738281250001,GW3-IIc,GW3b,GW3,ok
IMAGE 3.3,NAVIGATE Demand-2.0°C-ref,1,World,Primary Energy|Oil,EJ/yr,2045,116.705,GW3-IIc,GW3b,GW3,ok
IMAGE 3.3,NAVIGATE Demand-2.0°C-ref,1,World,Primary Energy|Oil,EJ/yr,2035,146.625296875,GW3-IIc,GW3b,GW3,ok
IMAGE 3.3,NAVIGATE Demand-2.0°C-ref,1,World,Primary Energy|Oil,EJ/yr,2030,164.40790625,GW3-IIc,GW3b,GW3,ok
IMAGE 3.3,NAVIGATE Demand-2.0°C-ref,1,World,Primary Energy|Oil,EJ/yr,2025,191.408,GW3-IIc,GW3b,GW3,ok
IMAGE 3.3,NAVIGATE Demand-2.0°C-ref,1,World,Primary Energy|Oil,EJ/yr,2020,169.857796875,GW3-IIc,GW3b,GW3,ok
IMAGE 3.3,NAVIGATE Demand-2.0°C-ref,1,World,Primary Energy|Oil,EJ/yr,2040,132.88409375,GW3-IIc,GW3b,GW3,ok
IMAGE 3.3,NAVIGATE Demand-2.0°C-tec_u,1,World,Capacity|Electricity|Solar|PV,GW,2050,7577.045,GW3-IIc,GW3b,GW3,ok
IMAGE 3.3,NAVIGATE Demand-2.0°C-tec_u,1,World,Capacity|Electricity|Solar|PV,GW,2090,19388.671,GW3-IIc,GW3b,GW3,ok
IMAGE 3.3,NAVIGATE Demand-2.0°C-tec_u,1,World,Capacity|Electricity|Solar|PV,GW,2100,20082.552,GW3-IIc,GW3b,GW3,ok
IMAGE 3.3,NAVIGATE Demand-2.0°C-tec_u,1,World,Capacity|Electricity|Solar|PV,GW,2080,17649.876,GW3-IIc,GW3b,GW3,ok
IMAGE 3.3,NAVIGATE Demand-2.0°C-tec_u,1,World,Capacity|Electricity|Solar|PV,GW,2070,14423.024,GW3-IIc,GW3b,GW3,ok
IMAGE 3.3,NAVIGATE Demand-2.0°C-tec_u,1,World,Capacity|Electricity|Solar|PV,GW,2060,11028.332,GW3-IIc,GW3b,GW3,ok
IMAGE 3.3,NAVIGATE Demand-2.0°C-tec_u,1,World,Capacity|Electricity|Solar|PV,GW,2045,6466.515,GW3-IIc,GW3b,GW3,ok
IMAGE 3.3,NAVIGATE Demand-2.0°C-tec_u,1,World,Capacity|Electricity|Solar|PV,GW,2035,3793.194,GW3-IIc,GW3b,GW3,ok
IMAGE 3.3,NAVIGATE Demand-2.0°C-tec_u,1,World,Capacity|Electricity|Solar|PV,GW,2030,2120.209,GW3-IIc,GW3b,GW3,ok
IMAGE 3.3,NAVIGATE Demand-2.0°C-tec_u,1,World,Capacity|Electricity|Solar|PV,GW,2025,1265.0725,GW3-IIc,GW3b,GW3,ok
IMAGE 3.3,NAVIGATE Demand-2.0°C-tec_u,1,World,Capacity|Electricity|Solar|PV,GW,2020,725.36959375,GW3-IIc,GW3b,GW3,ok
IMAGE 3.3,NAVIGATE Demand-2.0°C-tec_u,1,World,Capacity|Electricity|Solar|PV,GW,2040,5069.355,GW3-IIc,GW3b,GW3,ok
IMAGE 3.3,NAVIGATE Demand-2.0°C-tec_u,1,World,Capacity|Electricity|Wind,GW,2100,5514.374875,GW3-IIc,GW3b,GW3,ok
IMAGE 3.3,NAVIGATE Demand-2.0°C-tec_u,1,World,Capacity|Electricity|Wind,GW,2090,5558.900625,GW3-IIc,GW3b,GW3,ok
IMAGE 3.3,NAVIGATE Demand-2.0°C-tec_u,1,World,Capacity|Electricity|Wind,GW,2080,5008.351125,GW3-IIc,GW3b,GW3,ok
IMAGE 3.3,NAVIGATE Demand-2.0°C-tec_u,1,World,Capacity|Electricity|Wind,GW,2070,4692.2733125,GW3-IIc,GW3b,GW3,ok
IMAGE 3.3,NAVIGATE Demand-2.0°C-tec_u,1,World,Capacity|Electricity|Wind,GW,2060,4471.6043125,GW3-IIc,GW3b,GW3,ok
IMAGE 3.3,NAVIGATE Demand-2.0°C-tec_u,1,World,Capacity|Electricity|Wind,GW,2045,3050.7848125,GW3-IIc,GW3b,GW3,ok
IMAGE 3.3,NAVIGATE Demand-2.0°C-tec_u,1,World,Capacity|Electricity|Wind,GW,2050,3430.05159375,GW3-IIc,GW3b,GW3,ok
IMAGE 3.3,NAVIGATE Demand-2.0°C-tec_u,1,World,Capacity|Electricity|Wind,GW,2035,1606.72,GW3-IIc,GW3b,GW3,ok
IMAGE 3.3,NAVIGATE Demand-2.0°C-tec_u,1,World,Capacity|Electricity|Wind,GW,2040,2005.23059375,GW3-IIc,GW3b,GW3,ok
IMAGE 3.3,NAVIGATE Demand-2.0°C-tec_u,1,World,Capacity|Electricity|Wind,GW,2025,1058.4694140625,GW3-IIc,GW3b,GW3,ok
IMAGE 3.3,NAVIGATE Demand-2.0°C-tec_u,1,World,Capacity|Electricity|Wind,GW,2030,1291.3605,GW3-IIc,GW3b,GW3,ok
IMAGE 3.3,NAVIGATE Demand-2.0°C-tec_u,1,World,Capacity|Electricity|Wind,GW,2020,731.66244921875,GW3-IIc,GW3b,GW3,ok
IMAGE 3.3,NAVIGATE Demand-2.0°C-tec_u,1,World,Carbon Capture|Geological Storage|Biomass,Mt CO2/yr,2090,133.6540267551386,GW3-IIc,GW3b,GW3,ok
IMAGE 3.3,NAVIGATE Demand-2.0°C-tec_u,1,World,Carbon Capture|Geological Storage|Biomass,Mt CO2/yr,2080,106.394747631052,GW3-IIc,GW3b,GW3,ok
IMAGE 3.3,NAVIGATE Demand-2.0°C-tec_u,1,World,Carbon Capture|Geological Storage|Biomass,Mt CO2/yr,2070,92.70893755571413,GW3-IIc,GW3b,GW3,ok
IMAGE 3.3,NAVIGATE Demand-2.0°C-tec_u,1,World,Carbon Capture|Geological Storage|Biomass,Mt CO2/yr,2060,74.98209725796328,GW3-IIc,GW3b,GW3,ok
IMAGE 3.3,NAVIGATE Demand-2.0°C-tec_u,1,World,Carbon Capture|Geological Storage|Biomass,Mt CO2/yr,2050,66.61921362804208,GW3-IIc,GW3b,GW3,ok
IMAGE 3.3,NAVIGATE Demand-2.0°C-tec_u,1,World,Carbon Capture|Geological Storage|Biomass,Mt CO2/yr,2045,50.81439994174845,GW3-IIc,GW3b,GW3,ok
IMAGE 3.3,NAVIGATE Demand-2.0°C-tec_u,1,World,Carbon Capture|Geological Storage|Biomass,Mt CO2/yr,2100,129.6101841207521,GW3-IIc,GW3b,GW3,ok
IMAGE 3.3,NAVIGATE Demand-2.0°C-tec_u,1,World,Carbon Capture|Geological Storage|Biomass,Mt CO2/yr,2035,9.192434661374289,GW3-IIc,GW3b,GW3,ok
IMAGE 3.3,NAVIGATE Demand-2.0°C-tec_u,1,World,Carbon Capture|Geological Storage|Biomass,Mt CO2/yr,2030,0.851562872490029,GW3-IIc,GW3b,GW3,ok
IMAGE 3.3,NAVIGATE Demand-2.0°C-tec_u,1,World,Carbon Capture|Geological Storage|Biomass,Mt CO2/yr,2025,0.0,GW3-IIc,GW3b,GW3,ok
IMAGE 3.3,NAVIGATE Demand-2.0°C-tec_u,1,World,Carbon Capture|Geological Storage|Biomass,Mt CO2/yr,2020,0.0,GW3-IIc,GW3b,GW3,ok
IMAGE 3.3,NAVIGATE Demand-2.0°C-tec_u,1,World,Carbon Capture|Geological Storage|Biomass,Mt CO2/yr,2040,36.69755579145942,GW3-IIc,GW3b,GW3,ok
IMAGE 3.3,NAVIGATE Demand-2.0°C-tec_u,1,World,Carbon Removal|Land Use,Mt CO2/yr,2040,959.1549337782207,GW3-IIc,GW3b,GW3,ok
IMAGE 3.3,NAVIGATE Demand-2.0°C-tec_u,1,World,Carbon Removal|Land Use,Mt CO2/yr,2100,3788.807909038386,GW3-IIc,GW3b,GW3,ok
IMAGE 3.3,NAVIGATE Demand-2.0°C-tec_u,1,World,Carbon Removal|Land Use,Mt CO2/yr,2090,4170.704563837916,GW3-IIc,GW3b,GW3,ok
IMAGE 3.3,NAVIGATE Demand-2.0°C-tec_u,1,World,Carbon Removal|Land Use,Mt CO2/yr,2080,3372.73697089021,GW3-IIc,GW3b,GW3,ok
IMAGE 3.3,NAVIGATE Demand-2.0°C-tec_u,1,World,Carbon Removal|Land Use,Mt CO2/yr,2070,2732.912202924584,GW3-IIc,GW3b,GW3,ok
IMAGE 3.3,NAVIGATE Demand-2.0°C-tec_u,1,World,Carbon Removal|Land Use,Mt CO2/yr,2060,2028.881490415004,GW3-IIc,GW3b,GW3,ok
IMAGE 3.3,NAVIGATE Demand-2.0°C-tec_u,1,World,Carbon Removal|Land Use,Mt CO2/yr,2050,1369.273434207146,GW3-IIc,GW3b,GW3,ok
IMAGE 3.3,NAVIGATE Demand-2.0°C-tec_u,1,World,Carbon Removal|Land Use,Mt CO2/yr,2030,271.0494399317149,GW3-IIc,GW3b,GW3,ok
IMAGE 3.3,NAVIGATE Demand-2.0°C-tec_u,1,World,Carbon Removal|Land Use,Mt CO2/yr,2035,649.723132510441,GW3-IIc,GW3b,GW3,ok
IMAGE 3.3,NAVIGATE Demand-2.0°C-tec_u,1,World,Carbon Removal|Land Use,Mt CO2/yr,2025,0.0,GW3-IIc,GW3b,GW3,ok
IMAGE 3.3,NAVIGATE Demand-2.0°C-tec_u,1,World,Carbon Removal|Land Use,Mt CO2/yr,2020,0.0,GW3-IIc,GW3b,GW3,ok
IMAGE 3.3,NAVIGATE Demand-2.0°C-tec_u,1,World,Carbon Removal|Land Use,Mt CO2/yr,2045,1121.5382914768,GW3-IIc,GW3b,GW3,ok
IMAGE 3.3,NAVIGATE Demand-2.0°C-tec_u,1,World,Emissions|CO2,Mt CO2/yr,2090,2490.518880434744,GW3-IIc,GW3b,GW3,ok
IMAGE 3.3,NAVIGATE Demand-2.0°C-tec_u,1,World,Emissions|CO2,Mt CO2/yr,2080,4350.305745838191,GW3-IIc,GW3b,GW3,ok
IMAGE 3.3,NAVIGATE Demand-2.0°C-tec_u,1,World,Emissions|CO2,Mt CO2/yr,2070,6457.410889258912,GW3-IIc,GW3b,GW3,ok
IMAGE 3.3,NAVIGATE Demand-2.0°C-tec_u,1,World,Emissions|CO2,Mt CO2/yr,2060,9277.821452666354,GW3-IIc,GW3b,GW3,ok
IMAGE 3.3,NAVIGATE Demand-2.0°C-tec_u,1,World,Emissions|CO2,Mt CO2/yr,2050,13215.29329547222,GW3-IIc,GW3b,GW3,ok
IMAGE 3.3,NAVIGATE Demand-2.0°C-tec_u,1,World,Emissions|CO2,Mt CO2/yr,2045,15808.74202617674,GW3-IIc,GW3b,GW3,ok
IMAGE 3.3,NAVIGATE Demand-2.0°C-tec_u,1,World,Emissions|CO2,Mt CO2/yr,2100,1579.809763734114,GW3-IIc,GW3b,GW3,ok
IMAGE 3.3,NAVIGATE Demand-2.0°C-tec_u,1,World,Emissions|CO2,Mt CO2/yr,2035,27682.90364834996,GW3-IIc,GW3b,GW3,ok
IMAGE 3.3,NAVIGATE Demand-2.0°C-tec_u,1,World,Emissions|CO2,Mt CO2/yr,2030,33050.42025040041,GW3-IIc,GW3b,GW3,ok
IMAGE 3.3,NAVIGATE Demand-2.0°C-tec_u,1,World,Emissions|CO2,Mt CO2/yr,2025,42858.6031940004,GW3-IIc,GW3b,GW3,ok
IMAGE 3.3,NAVIGATE Demand-2.0°C-tec_u,1,World,Emissions|CO2,Mt CO2/yr,2020,39603.19043328779,GW3-IIc,GW3b,GW3,ok
IMAGE 3.3,NAVIGATE Demand-2.0°C-tec_u,1,World,Emissions|CO2,Mt CO2/yr,2040,21202.89209177129,GW3-IIc,GW3b,GW3,ok
IMAGE 3.3,NAVIGATE Demand-2.0°C-tec_u,1,World,Final Energy,EJ/yr,2050,367.8208125,GW3-IIc,GW3b,GW3,ok
IMAGE 3.3,NAVIGATE Demand-2.0°C-tec_u,1,World,Final Energy,EJ/yr,2100,437.9805,GW3-IIc,GW3b,GW3,ok
IMAGE 3.3,NAVIGATE Demand-2.0°C-tec_u,1,World,Final Energy,EJ/yr,2090,424.4895,GW3-IIc,GW3b,GW3,ok
IMAGE 3.3,NAVIGATE Demand-2.0°C-tec_u,1,World,Final Energy,EJ/yr,2080,411.9638125,GW3-IIc,GW3b,GW3,ok
IMAGE 3.3,NAVIGATE Demand-2.0°C-tec_u,1,World,Final Energy,EJ/yr,2070,394.90259375,GW3-IIc,GW3b,GW3,ok
IMAGE 3.3,NAVIGATE Demand-2.0°C-tec_u,1,World,Final Energy,EJ/yr,2060,378.1511875,GW3-IIc,GW3b,GW3,ok
IMAGE 3.3,NAVIGATE Demand-2.0°C-tec_u,1,World,Final Energy,EJ/yr,2045,364.57809375,GW3-IIc,GW3b,GW3,ok
IMAGE 3.3,NAVIGATE Demand-2.0°C-tec_u,1,World,Final Energy,EJ/yr,2035,374.6468125,GW3-IIc,GW3b,GW3,ok
IMAGE 3.3,NAVIGATE Demand-2.0°C-tec_u,1,World,Final Energy,EJ/yr,2030,389.2091875,GW3-IIc,GW3b,GW3,ok
IMAGE 3.3,NAVIGATE Demand-2.0°C-tec_u,1,World,Final Energy,EJ/yr,2025,431.87440625,GW3-IIc,GW3b,GW3,ok
IMAGE 3.3,NAVIGATE Demand-2.0°C-tec_u,1,World,Final Energy,EJ/yr,2020,388.6173125,GW3-IIc,GW3b,GW3,ok
IMAGE 3.3,NAVIGATE Demand-2.0°C-tec_u,1,World,Final Energy,EJ/yr,2040,366.37159375,GW3-IIc,GW3b,GW3,ok
IMAGE 3.3,NAVIGATE Demand-2.0°C-tec_u,1,World,Final Energy|Electricity,EJ/yr,2100,193.64559375,GW3-IIc,GW3b,GW3,ok
IMAGE 3.3,NAVIGATE Demand-2.0°C-tec_u,1,World,Final Energy|Electricity,EJ/yr,2090,184.179703125,GW3-IIc,GW3b,GW3,ok
IMAGE 3.3,NAVIGATE Demand-2.0°C-tec_u,1,World,Final Energy|Electricity,EJ/yr,2080,173.02,GW3-IIc,GW3b,GW3,ok
IMAGE 3.3,NAVIGATE Demand-2.0°C-tec_u,1,World,Final Energy|Electricity,EJ/yr,2070,158.559296875,GW3-IIc,GW3b,GW3,ok
IMAGE 3.3,NAVIGATE Demand-2.0°C-tec_u,1,World,Final Energy|Electricity,EJ/yr,2060,141.593296875,GW3-IIc,GW3b,GW3,ok
IMAGE 3.3,NAVIGATE Demand-2.0°C-tec_u,1,World,Final Energy|Electricity,EJ/yr,2050,124.211796875,GW3-IIc,GW3b,GW3,ok
IMAGE 3.3,NAVIGATE Demand-2.0°C-tec_u,1,World,Final Energy|Electricity,EJ/yr,2045,113.1121015625,GW3-IIc,GW3b,GW3,ok
IMAGE 3.3,NAVIGATE Demand-2.0°C-tec_u,1,World,Final Energy|Electricity,EJ/yr,2040,103.122296875,GW3-IIc,GW3b,GW3,ok
IMAGE 3.3,NAVIGATE Demand-2.0°C-tec_u,1,World,Final Energy|Electricity,EJ/yr,2030,87.8623125,GW3-IIc,GW3b,GW3,ok
IMAGE 3.3,NAVIGATE Demand-2.0°C-tec_u,1,World,Final Energy|Electricity,EJ/yr,2025,85.50509375,GW3-IIc,GW3b,GW3,ok
IMAGE 3.3,NAVIGATE Demand-2.0°C-tec_u,1,World,Final Energy|Electricity,EJ/yr,2020,72.485578125,GW3-IIc,GW3b,GW3,ok
IMAGE 3.3,NAVIGATE Demand-2.0°C-tec_u,1,World,Final Energy|Electricity,EJ/yr,2035,95.20821875,GW3-IIc,GW3b,GW3,ok
IMAGE 3.3,NAVIGATE Demand-2.0°C-tec_u,1,World,Food Availability|Crops [per capita],kcal/cap/day,2100,2545.09375,GW3-IIc,GW3b,GW3,ok
IMAGE 3.3,NAVIGATE Demand-2.0°C-tec_u,1,World,Food Availability|Crops [per capita],kcal/cap/day,2090,2544.537353515625,GW3-IIc,GW3b,GW3,ok
IMAGE 3.3,NAVIGATE Demand-2.0°C-tec_u,1,World,Food Availability|Crops [per capita],kcal/cap/day,2080,2553.182861328125,GW3-IIc,GW3b,GW3,ok
IMAGE 3.3,NAVIGATE Demand-2.0°C-tec_u,1,World,Food Availability|Crops [per capita],kcal/cap/day,2070,2565.947265625,GW3-IIc,GW3b,GW3,ok
IMAGE 3.3,NAVIGATE Demand-2.0°C-tec_u,1,World,Food Availability|Crops [per capita],kcal/cap/day,2060,2577.03662109375,GW3-IIc,GW3b,GW3,ok
IMAGE 3.3,NAVIGATE Demand-2.0°C-tec_u,1,World,Food Availability|Crops [per capita],kcal/cap/day,2050,2590.1298828125,GW3-IIc,GW3b,GW3,ok
IMAGE 3.3,NAVIGATE Demand-2.0°C-tec_u,1,World,Food Availability|Crops [per capita],kcal/cap/day,2045,2583.24560546875,GW3-IIc,GW3b,GW3,ok
IMAGE 3.3,NAVIGATE Demand-2.0°C-tec_u,1,World,Food Availability|Crops [per capita],kcal/cap/day,2040,2576.361083984375,GW3-IIc,GW3b,GW3,ok
IMAGE 3.3,NAVIGATE Demand-2.0°C-tec_u,1,World,Food Availability|Crops [per capita],kcal/cap/day,2030,2532.595947265625,GW3-IIc,GW3b,GW3,ok
IMAGE 3.3,NAVIGATE Demand-2.0°C-tec_u,1,World,Food Availability|Crops [per capita],kcal/cap/day,2025,2482.150390625,GW3-IIc,GW3b,GW3,ok
IMAGE 3.3,NAVIGATE Demand-2.0°C-tec_u,1,World,Food Availability|Crops [per capita],kcal/cap/day,2020,2431.70458984375,GW3-IIc,GW3b,GW3,ok
IMAGE 3.3,NAVIGATE Demand-2.0°C-tec_u,1,World,Food Availability|Crops [per capita],kcal/cap/day,2035,2554.478515625,GW3-IIc,GW3b,GW3,ok
IMAGE 3.3,NAVIGATE Demand-2.0°C-tec_u,1,World,Food Availability|Livestock [per capita],kcal/cap/day,2050,522.814453125,GW3-IIc,GW3b,GW3,ok
IMAGE 3.3,NAVIGATE Demand-2.0°C-tec_u,1,World,Food Availability|Livestock [per capita],kcal/cap/day,2100,522.4669799804688,GW3-IIc,GW3b,GW3,ok
IMAGE 3.3,NAVIGATE Demand-2.0°C-tec_u,1,World,Food Availability|Livestock [per capita],kcal/cap/day,2090,520.6497802734375,GW3-IIc,GW3b,GW3,ok
IMAGE 3.3,NAVIGATE Demand-2.0°C-tec_u,1,World,Food Availability|Livestock [per capita],kcal/cap/day,2080,519.9378051757812,GW3-IIc,GW3b,GW3,ok
IMAGE 3.3,NAVIGATE Demand-2.0°C-tec_u,1,World,Food Availability|Livestock [per capita],kcal/cap/day,2070,519.712890625,GW3-IIc,GW3b,GW3,ok
IMAGE 3.3,NAVIGATE Demand-2.0°C-tec_u,1,World,Food Availability|Livestock [per capita],kcal/cap/day,2060,520.21923828125,GW3-IIc,GW3b,GW3,ok
IMAGE 3.3,NAVIGATE Demand-2.0°C-tec_u,1,World,Food Availability|Livestock [per capita],kcal/cap/day,2045,522.4771728515625,GW3-IIc,GW3b,GW3,ok
IMAGE 3.3,NAVIGATE Demand-2.0°C-tec_u,1,World,Food Availability|Livestock [per capita],kcal/cap/day,2040,522.139892578125,GW3-IIc,GW3b,GW3,ok
IMAGE 3.3,NAVIGATE Demand-2.0°C-tec_u,1,World,Food Availability|Livestock [per capita],kcal/cap/day,2035,522.0836181640625,GW3-IIc,GW3b,GW3,ok
IMAGE 3.3,NAVIGATE Demand-2.0°C-tec_u,1,World,Food Availability|Livestock [per capita],kcal/cap/day,2030,522.0272827148438,GW3-IIc,GW3b,GW3,ok
IMAGE 3.3,NAVIGATE Demand-2.0°C-tec_u,1,World,Food Availability|Livestock [per capita],kcal/cap/day,2025,518.2738647460938,GW3-IIc,GW3b,GW3,ok
IMAGE 3.3,NAVIGATE Demand-2.0°C-tec_u,1,World,Food Availability|Livestock [per capita],kcal/cap/day,2020,514.5204467773438,GW3-IIc,GW3b,GW3,ok
IMAGE 3.3,NAVIGATE Demand-2.0°C-tec_u,1,World,GDP|MER,billion USD_2010/yr,2100,401656.56320192,GW3-IIc,GW3b,GW3,ok
IMAGE 3.3,NAVIGATE Demand-2.0°C-tec_u,1,World,GDP|MER,billion USD_2010/yr,2090,337707.84960384,GW3-IIc,GW3b,GW3,ok
IMAGE 3.3,NAVIGATE Demand-2.0°C-tec_u,1,World,GDP|MER,billion USD_2010/yr,2070,233482.56035008,GW3-IIc,GW3b,GW3,ok
IMAGE 3.3,NAVIGATE Demand-2.0°C-tec_u,1,World,GDP|MER,billion USD_2010/yr,2060,191309.56926208,GW3-IIc,GW3b,GW3,ok
IMAGE 3.3,NAVIGATE Demand-2.0°C-tec_u,1,World,GDP|MER,billion USD_2010/yr,2050,155947.6372,GW3-IIc,GW3b,GW3,ok
IMAGE 3.3,NAVIGATE Demand-2.0°C-tec_u,1,World,GDP|MER,billion USD_2010/yr,2045,140063.75334,GW3-IIc,GW3b,GW3,ok
IMAGE 3.3,NAVIGATE Demand-2.0°C-tec_u,1,World,GDP|MER,billion USD_2010/yr,2080,281964.91944896,GW3-IIc,GW3b,GW3,ok
IMAGE 3.3,NAVIGATE Demand-2.0°C-tec_u,1,World,GDP|MER,billion USD_2010/yr,2035,110139.59287104,GW3-IIc,GW3b,GW3,ok
IMAGE 3.3,NAVIGATE Demand-2.0°C-tec_u,1,World,GDP|MER,billion USD_2010/yr,2030,96362.90521056001,GW3-IIc,GW3b,GW3,ok
IMAGE 3.3,NAVIGATE Demand-2.0°C-tec_u,1,World,GDP|MER,billion USD_2010/yr,2025,82782.19891088,GW3-IIc,GW3b,GW3,ok
IMAGE 3.3,NAVIGATE Demand-2.0°C-tec_u,1,World,GDP|MER,billion USD_2010/yr,2020,68432.9425992,GW3-IIc,GW3b,GW3,ok
IMAGE 3.3,NAVIGATE Demand-2.0°C-tec_u,1,World,GDP|MER,billion USD_2010/yr,2040,124709.3692,GW3-IIc,GW3b,GW3,ok
IMAGE 3.3,NAVIGATE Demand-2.0°C-tec_u,1,World,Investment|Energy Supply,billion USD_2010/yr,2060,1643.94142830912,GW3-IIc,GW3b,GW3,ok
IMAGE 3.3,NAVIGATE Demand-2.0°C-tec_u,1,World,Investment|Energy Supply,billion USD_2010/yr,2100,1762.32685760256,GW3-IIc,GW3b,GW3,ok
IMAGE 3.3,NAVIGATE Demand-2.0°C-tec_u,1,World,Investment|Energy Supply,billion USD_2010/yr,2090,1893.4305166464,GW3-IIc,GW3b,GW3,ok
IMAGE 3.3,NAVIGATE Demand-2.0°C-tec_u,1,World,Investment|Energy Supply,billion USD_2010/yr,2080,2015.5769164224,GW3-IIc,GW3b,GW3,ok
IMAGE 3.3,NAVIGATE Demand-2.0°C-tec_u,1,World,Investment|Energy Supply,billion USD_2010/yr,2070,1892.9245413504,GW3-IIc,GW3b,GW3,ok
IMAGE 3.3,NAVIGATE Demand-2.0°C-tec_u,1,World,Investment|Energy Supply,billion USD_2010/yr,2050,1707.69454794144,GW3-IIc,GW3b,GW3,ok
IMAGE 3.3,NAVIGATE Demand-2.0°C-tec_u,1,World,Investment|Energy Supply,billion USD_2010/yr,2045,1877.95898066496,GW3-IIc,GW3b,GW3,ok
IMAGE 3.3,NAVIGATE Demand-2.0°C-tec_u,1,World,Investment|Energy Supply,billion USD_2010/yr,2035,1454.51711514288,GW3-IIc,GW3b,GW3,ok
IMAGE 3.3,NAVIGATE Demand-2.0°C-tec_u,1,World,Investment|Energy Supply,billion USD_2010/yr,2030,1388.65826992176,GW3-IIc,GW3b,GW3,ok
IMAGE 3.3,NAVIGATE Demand-2.0°C-tec_u,1,World,Investment|Energy Supply,billion USD_2010/yr,2025,1545.871634386403,GW3-IIc,GW3b,GW3,ok
IMAGE 3.3,NAVIGATE Demand-2.0°C-tec_u,1,World,Investment|Energy Supply,billion USD_2010/yr,2020,1625.73492720384,GW3-IIc,GW3b,GW3,ok
IMAGE 3.3,NAVIGATE Demand-2.0°C-tec_u,1,World,Investment|Energy Supply,billion USD_2010/yr,2040,1733.4984373956,GW3-IIc,GW3b,GW3,ok
IMAGE 3.3,NAVIGATE Demand-2.0°C-tec_u,1,World,Land Cover,million ha,2100,12964.2672,GW3-IIc,GW3b,GW3,ok
IMAGE 3.3,NAVIGATE Demand-2.0°C-tec_u,1,World,Land Cover,million ha,2090,12964.2144,GW3-IIc,GW3b,GW3,ok
IMAGE 3.3,NAVIGATE Demand-2.0°C-tec_u,1,World,Land Cover,million ha,2080,12964.0152,GW3-IIc,GW3b,GW3,ok
IMAGE 3.3,NAVIGATE Demand-2.0°C-tec_u,1,World,Land Cover,million ha,2070,12963.9504,GW3-IIc,GW3b,GW3,ok
IMAGE 3.3,NAVIGATE Demand-2.0°C-tec_u,1,World,Land Cover,million ha,2060,12964.1056,GW3-IIc,GW3b,GW3,ok
IMAGE 3.3,NAVIGATE Demand-2.0°C-tec_u,1,World,Land Cover,million ha,2050,12964.1296,GW3-IIc,GW3b,GW3,ok
IMAGE 3.3,NAVIGATE Demand-2.0°C-tec_u,1,World,Land Cover,million ha,2045,12964.1296,GW3-IIc,GW3b,GW3,ok
IMAGE 3.3,NAVIGATE Demand-2.0°C-tec_u,1,World,Land Cover,million ha,2040,12964.1096,GW3-IIc,GW3b,GW3,ok
IMAGE 3.3,NAVIGATE Demand-2.0°C-tec_u,1,World,Land Cover,million ha,2035,12964.1096,GW3-IIc,GW3b,GW3,ok
IMAGE 3.3,NAVIGATE Demand-2.0°C-tec_u,1,World,Land Cover,million ha,2030,12964.124,GW3-IIc,GW3b,GW3,ok
IMAGE 3.3,NAVIGATE Demand-2.0°C-tec_u,1,World,Land Cover,million ha,2025,12964.124,GW3-IIc,GW3b,GW3,ok
IMAGE 3.3,NAVIGATE Demand-2.0°C-tec_u,1,World,Land Cover,million ha,2020,12964.328,GW3-IIc,GW3b,GW3,ok
IMAGE 3.3,NAVIGATE Demand-2.0°C-tec_u,1,World,Land Cover|Forest,million ha,2090,4099.754,GW3-IIc,GW3b,GW3,ok
IMAGE 3.3,NAVIGATE Demand-2.0°C-tec_u,1,World,Land Cover|Forest,million ha,2080,4046.5324,GW3-IIc,GW3b,GW3,ok
IMAGE 3.3,NAVIGATE Demand-2.0°C-tec_u,1,World,Land Cover|Forest,million ha,2070,3990.7716,GW3-IIc,GW3b,GW3,ok
IMAGE 3.3,NAVIGATE Demand-2.0°C-tec_u,1,World,Land Cover|Forest,million ha,2060,3959.8472,GW3-IIc,GW3b,GW3,ok
IMAGE 3.3,NAVIGATE Demand-2.0°C-tec_u,1,World,Land Cover|Forest,million ha,2050,3933.686,GW3-IIc,GW3b,GW3,ok
IMAGE 3.3,NAVIGATE Demand-2.0°C-tec_u,1,World,Land Cover|Forest,million ha,2045,3924.0612,GW3-IIc,GW3b,GW3,ok
IMAGE 3.3,NAVIGATE Demand-2.0°C-tec_u,1,World,Land Cover|Forest,million ha,2100,4126.7748,GW3-IIc,GW3b,GW3,ok
IMAGE 3.3,NAVIGATE Demand-2.0°C-tec_u,1,World,Land Cover|Forest,million ha,2035,3913.2424,GW3-IIc,GW3b,GW3,ok
IMAGE 3.3,NAVIGATE Demand-2.0°C-tec_u,1,World,Land Cover|Forest,million ha,2030,3910.8004,GW3-IIc,GW3b,GW3,ok
IMAGE 3.3,NAVIGATE Demand-2.0°C-tec_u,1,World,Land Cover|Forest,million ha,2025,3909.8448,GW3-IIc,GW3b,GW3,ok
IMAGE 3.3,NAVIGATE Demand-2.0°C-tec_u,1,World,Land Cover|Forest,million ha,2020,3918.1948,GW3-IIc,GW3b,GW3,ok
IMAGE 3.3,NAVIGATE Demand-2.0°C-tec_u,1,World,Land Cover|Forest,million ha,2040,3915.3724,GW3-IIc,GW3b,GW3,ok
IMAGE 3.3,NAVIGATE Demand-2.0°C-tec_u,1,World,Population,million,2100,9210.525390625,GW3-IIc,GW3b,GW3,ok
IMAGE 3.3,NAVIGATE Demand-2.0°C-tec_u,1,World,Population,million,2090,9435.03125,GW3-IIc,GW3b,GW3,ok
IMAGE 3.3,NAVIGATE Demand-2.0°C-tec_u,1,World,Population,million,2080,9590.7734375,GW3-IIc,GW3b,GW3,ok
IMAGE 3.3,NAVIGATE Demand-2.0°C-tec_u,1,World,Population,million,2070,9641.6494140625,GW3-IIc,GW3b,GW3,ok
IMAGE 3.3,NAVIGATE Demand-2.0°C-tec_u,1,World,Population,million,2060,9569.134765625,GW3-IIc,GW3b,GW3,ok
IMAGE 3.3,NAVIGATE Demand-2.0°C-tec_u,1,World,Population,million,2045,9173.7060546875,GW3-IIc,GW3b,GW3,ok
IMAGE 3.3,NAVIGATE Demand-2.0°C-tec_u,1,World,Population,million,2050,9348.6796875,GW3-IIc,GW3b,GW3,ok
IMAGE 3.3,NAVIGATE Demand-2.0°C-tec_u,1,World,Population,million,2035,8706.3720703125,GW3-IIc,GW3b,GW3,ok
IMAGE 3.3,NAVIGATE Demand-2.0°C-tec_u,1,World,Population,million,2030,8421.4912109375,GW3-IIc,GW3b,GW3,ok
IMAGE 3.3,NAVIGATE Demand-2.0°C-tec_u,1,World,Population,million,2025,8105.07421875,GW3-IIc,GW3b,GW3,ok
IMAGE 3.3,NAVIGATE Demand-2.0°C-tec_u,1,World,Population,million,2020,7756.7080078125,GW3-IIc,GW3b,GW3,ok
IMAGE 3.3,NAVIGATE Demand-2.0°C-tec_u,1,World,Population,million,2040,8958.1103515625,GW3-IIc,GW3b,GW3,ok
IMAGE 3.3,NAVIGATE Demand-2.0°C-tec_u,1,World,Price|Secondary Energy|Electricity,USD_2010/GJ,2100,24.6765265177536,GW3-IIc,GW3b,GW3,ok
IMAGE 3.3,NAVIGATE Demand-2.0°C-tec_u,1,World,Price|Secondary Energy|Electricity,USD_2010/GJ,2090,25.36506300712585,GW3-IIc,GW3b,GW3,ok
IMAGE 3.3,NAVIGATE Demand-2.0°C-tec_u,1,World,Price|Secondary Energy|Electricity,USD_2010/GJ,2070,25.97758773532867,GW3-IIc,GW3b,GW3,ok
IMAGE 3.3,NAVIGATE Demand-2.0°C-tec_u,1,World,Price|Secondary Energy|Electricity,USD_2010/GJ,2060,26.11685389125824,GW3-IIc,GW3b,GW3,ok
IMAGE 3.3,NAVIGATE Demand-2.0°C-tec_u,1,World,Price|Secondary Energy|Electricity,USD_2010/GJ,2050,27.33390622413635,GW3-IIc,GW3b,GW3,ok
IMAGE 3.3,NAVIGATE Demand-2.0°C-tec_u,1,World,Price|Secondary Energy|Electricity,USD_2010/GJ,2045,28.28872262924194,GW3-IIc,GW3b,GW3,ok
IMAGE 3.3,NAVIGATE Demand-2.0°C-tec_u,1,World,Price|Secondary Energy|Electricity,USD_2010/GJ,2080,25.47603815010071,GW3-IIc,GW3b,GW3,ok
IMAGE 3.3,NAVIGATE Demand-2.0°C-tec_u,1,World,Price|Secondary Energy|Electricity,USD_2010/GJ,2035,35.02793560070037,GW3-IIc,GW3b,GW3,ok
IMAGE 3.3,NAVIGATE Demand-2.0°C-tec_u,1,World,Price|Secondary Energy|Electricity,USD_2010/GJ,2030,37.62792194816589,GW3-IIc,GW3b,GW3,ok
IMAGE 3.3,NAVIGATE Demand-2.0°C-tec_u,1,World,Price|Secondary Energy|Electricity,USD_2010/GJ,2025,31.04915430469513,GW3-IIc,GW3b,GW3,ok
IMAGE 3.3,NAVIGATE Demand-2.0°C-tec_u,1,World,Price|Secondary Energy|Electricity,USD_2010/GJ,2020,28.96660403434753,GW3-IIc,GW3b,GW3,ok
IMAGE 3.3,NAVIGATE Demand-2.0°C-tec_u,1,World,Price|Secondary Energy|Electricity,USD_2010/GJ,2040,32.48583701820373,GW3-IIc,GW3b,GW3,ok
IMAGE 3.3,NAVIGATE Demand-2.0°C-tec_u,1,World,Primary Energy|Biomass,EJ/yr,2050,102.4705126953125,GW3-IIc,GW3b,GW3,ok
IMAGE 3.3,NAVIGATE Demand-2.0°C-tec_u,1,World,Primary Energy|Biomass,EJ/yr,2100,132.3731337890625,GW3-IIc,GW3b,GW3,ok
IMAGE 3.3,NAVIGATE Demand-2.0°C-tec_u,1,World,Primary Energy|Biomass,EJ/yr,2090,125.87755859375,GW3-IIc,GW3b,GW3,ok
IMAGE 3.3,NAVIGATE Demand-2.0°C-tec_u,1,World,Primary Energy|Biomass,EJ/yr,2080,122.6664873046875,GW3-IIc,GW3b,GW3,ok
IMAGE 3.3,NAVIGATE Demand-2.0°C-tec_u,1,World,Primary Energy|Biomass,EJ/yr,2070,115.2657265625,GW3-IIc,GW3b,GW3,ok
IMAGE 3.3,NAVIGATE Demand-2.0°C-tec_u,1,World,Primary Energy|Biomass,EJ/yr,2060,106.15702734375,GW3-IIc,GW3b,GW3,ok
IMAGE 3.3,NAVIGATE Demand-2.0°C-tec_u,1,World,Primary Energy|Biomass,EJ/yr,2045,97.848421875,GW3-IIc,GW3b,GW3,ok
IMAGE 3.3,NAVIGATE Demand-2.0°C-tec_u,1,World,Primary Energy|Biomass,EJ/yr,2035,80.930767578125,GW3-IIc,GW3b,GW3,ok
IMAGE 3.3,NAVIGATE Demand-2.0°C-tec_u,1,World,Primary Energy|Biomass,EJ/yr,2030,68.67522851562501,GW3-IIc,GW3b,GW3,ok
IMAGE 3.3,NAVIGATE Demand-2.0°C-tec_u,1,World,Primary Energy|Biomass,EJ/yr,2025,60.129322265625,GW3-IIc,GW3b,GW3,ok
IMAGE 3.3,NAVIGATE Demand-2.0°C-tec_u,1,World,Primary Energy|Biomass,EJ/yr,2020,58.877361328125,GW3-IIc,GW3b,GW3,ok
IMAGE 3.3,NAVIGATE Demand-2.0°C-tec_u,1,World,Primary Energy|Biomass,EJ/yr,2040,90.675828125,GW3-IIc,GW3b,GW3,ok
IMAGE 3.3,NAVIGATE Demand-2.0°C-tec_u,1,World,Primary Energy|Coal,EJ/yr,2100,8.358279296875,GW3-IIc,GW3b,GW3,ok
IMAGE 3.3,NAVIGATE Demand-2.0°C-tec_u,1,World,Primary Energy|Coal,EJ/yr,2090,10.6480400390625,GW3-IIc,GW3b,GW3,ok
IMAGE 3.3,NAVIGATE Demand-2.0°C-tec_u,1,World,Primary Energy|Coal,EJ/yr,2070,19.1039609375,GW3-IIc,GW3b,GW3,ok
IMAGE 3.3,NAVIGATE Demand-2.0°C-tec_u,1,World,Primary Energy|Coal,EJ/yr,2060,26.569369140625,GW3-IIc,GW3b,GW3,ok
IMAGE 3.3,NAVIGATE Demand-2.0°C-tec_u,1,World,Primary Energy|Coal,EJ/yr,2050,41.5248515625,GW3-IIc,GW3b,GW3,ok
IMAGE 3.3,NAVIGATE Demand-2.0°C-tec_u,1,World,Primary Energy|Coal,EJ/yr,2045,47.31673828125,GW3-IIc,GW3b,GW3,ok
IMAGE 3.3,NAVIGATE Demand-2.0°C-tec_u,1,World,Primary Energy|Coal,EJ/yr,2080,14.0626298828125,GW3-IIc,GW3b,GW3,ok
IMAGE 3.3,NAVIGATE Demand-2.0°C-tec_u,1,World,Primary Energy|Coal,EJ/yr,2035,112.5595,GW3-IIc,GW3b,GW3,ok
IMAGE 3.3,NAVIGATE Demand-2.0°C-tec_u,1,World,Primary Energy|Coal,EJ/yr,2030,135.94590625,GW3-IIc,GW3b,GW3,ok
IMAGE 3.3,NAVIGATE Demand-2.0°C-tec_u,1,World,Primary Energy|Coal,EJ/yr,2025,180.249203125,GW3-IIc,GW3b,GW3,ok
IMAGE 3.3,NAVIGATE Demand-2.0°C-tec_u,1,World,Primary Energy|Coal,EJ/yr,2020,182.7045,GW3-IIc,GW3b,GW3,ok
IMAGE 3.3,NAVIGATE Demand-2.0°C-tec_u,1,World,Primary Energy|Coal,EJ/yr,2040,80.683203125,GW3-IIc,GW3b,GW3,ok
IMAGE 3.3,NAVIGATE Demand-2.0°C-tec_u,1,World,Primary Energy|Fossil|w/ CCS,EJ/yr,2060,29.03526721191406,GW3-IIc,GW3b,GW3,ok
IMAGE 3.3,NAVIGATE Demand-2.0°C-tec_u,1,World,Primary Energy|Fossil|w/ CCS,EJ/yr,2100,35.48573767089844,GW3-IIc,GW3b,GW3,ok
IMAGE 3.3,NAVIGATE Demand-2.0°C-tec_u,1,World,Primary Energy|Fossil|w/ CCS,EJ/yr,2090,31.69723913574219,GW3-IIc,GW3b,GW3,ok
IMAGE 3.3,NAVIGATE Demand-2.0°C-tec_u,1,World,Primary Energy|Fossil|w/ CCS,EJ/yr,2080,30.16230200195313,GW3-IIc,GW3b,GW3,ok
IMAGE 3.3,NAVIGATE Demand-2.0°C-tec_u,1,World,Primary Energy|Fossil|w/ CCS,EJ/yr,2070,29.88323449707031,GW3-IIc,GW3b,GW3,ok
IMAGE 3.3,NAVIGATE Demand-2.0°C-tec_u,1,World,Primary Energy|Fossil|w/ CCS,EJ/yr,2050,25.02289575195313,GW3-IIc,GW3b,GW3,ok
IMAGE 3.3,NAVIGATE Demand-2.0°C-tec_u,1,World,Primary Energy|Fossil|w/ CCS,EJ/yr,2045,23.38542834472656,GW3-IIc,GW3b,GW3,ok
IMAGE 3.3,NAVIGATE Demand-2.0°C-tec_u,1,World,Primary Energy|Fossil|w/ CCS,EJ/yr,2040,16.98912280273438,GW3-IIc,GW3b,GW3,ok
IMAGE 3.3,NAVIGATE Demand-2.0°C-tec_u,1,World,Primary Energy|Fossil|w/ CCS,EJ/yr,2035,6.878558380126953,GW3-IIc,GW3b,GW3,ok
IMAGE 3.3,NAVIGATE Demand-2.0°C-tec_u,1,World,Primary Energy|Fossil|w/ CCS,EJ/yr,2030,2.239187110900879,GW3-IIc,GW3b,GW3,ok
IMAGE 3.3,NAVIGATE Demand-2.0°C-tec_u,1,World,Primary Energy|Fossil|w/ CCS,EJ/yr,2025,0.301786645889282,GW3-IIc,GW3b,GW3,ok
IMAGE 3.3,NAVIGATE Demand-2.0°C-tec_u,1,World,Primary Energy|Fossil|w/ CCS,EJ/yr,2020,0.0,GW3-IIc,GW3b,GW3,ok
IMAGE 3.3,NAVIGATE Demand-2.0°C-tec_u,1,World,Primary Energy|Fossil|w/o CCS,EJ/yr,2090,92.78596533203125,GW3-IIc,GW3b,GW3,ok
IMAGE 3.3,NAVIGATE Demand-2.0°C-tec_u,1,World,Primary Energy|Fossil|w/o CCS,EJ/yr,2080,112.776697265625,GW3-IIc,GW3b,GW3,ok
IMAGE 3.3,NAVIGATE Demand-2.0°C-tec_u,1,World,Primary Energy|Fossil|w/o CCS,EJ/yr,2070,139.1674423828125,GW3-IIc,GW3b,GW3,ok
IMAGE 3.3,NAVIGATE Demand-2.0°C-tec_u,1,World,Primary Energy|Fossil|w/o CCS,EJ/yr,2060,169.0152421875,GW3-IIc,GW3b,GW3,ok
IMAGE 3.3,NAVIGATE Demand-2.0°C-tec_u,1,World,Primary Energy|Fossil|w/o CCS,EJ/yr,2050,207.056546875,GW3-IIc,GW3b,GW3,ok
IMAGE 3.3,NAVIGATE Demand-2.0°C-tec_u,1,World,Primary Energy|Fossil|w/o CCS,EJ/yr,2045,230.33209375,GW3-IIc,GW3b,GW3,ok
IMAGE 3.3,NAVIGATE Demand-2.0°C-tec_u,1,World,Primary Energy|Fossil|w/o CCS,EJ/yr,2100,77.9433740234375,GW3-IIc,GW3b,GW3,ok
IMAGE 3.3,NAVIGATE Demand-2.0°C-tec_u,1,World,Primary Energy|Fossil|w/o CCS,EJ/yr,2035,350.6755390625,GW3-IIc,GW3b,GW3,ok
IMAGE 3.3,NAVIGATE Demand-2.0°C-tec_u,1,World,Primary Energy|Fossil|w/o CCS,EJ/yr,2030,410.3621015625,GW3-IIc,GW3b,GW3,ok
IMAGE 3.3,NAVIGATE Demand-2.0°C-tec_u,1,World,Primary Energy|Fossil|w/o CCS,EJ/yr,2025,497.189796875,GW3-IIc,GW3b,GW3,ok
IMAGE 3.3,NAVIGATE Demand-2.0°C-tec_u,1,World,Primary Energy|Fossil|w/o CCS,EJ/yr,2020,474.871609375,GW3-IIc,GW3b,GW3,ok
IMAGE 3.3,NAVIGATE Demand-2.0°C-tec_u,1,World,Primary Energy|Fossil|w/o CCS,EJ/yr,2040,290.4413828125,GW3-IIc,GW3b,GW3,ok
IMAGE 3.3,NAVIGATE Demand-2.0°C-tec_u,1,World,Primary Energy|Gas,EJ/yr,2100,55.06898046875,GW3-IIc,GW3b,GW3,ok
IMAGE 3.3,NAVIGATE Demand-2.0°C-tec_u,1,World,Primary Energy|Gas,EJ/yr,2090,56.99851171875,GW3-IIc,GW3b,GW3,ok
IMAGE 3.3,NAVIGATE Demand-2.0°C-tec_u,1,World,Primary Energy|Gas,EJ/yr,2080,62.018140625,GW3-IIc,GW3b,GW3,ok
IMAGE 3.3,NAVIGATE Demand-2.0°C-tec_u,1,World,Primary Energy|Gas,EJ/yr,2070,70.25150000000001,GW3-IIc,GW3b,GW3,ok
IMAGE 3.3,NAVIGATE Demand-2.0°C-tec_u,1,World,Primary Energy|Gas,EJ/yr,2060,81.6452265625,GW3-IIc,GW3b,GW3,ok
IMAGE 3.3,NAVIGATE Demand-2.0°C-tec_u,1,World,Primary Energy|Gas,EJ/yr,2050,87.25015625,GW3-IIc,GW3b,GW3,ok
IMAGE 3.3,NAVIGATE Demand-2.0°C-tec_u,1,World,Primary Energy|Gas,EJ/yr,2045,91.392921875,GW3-IIc,GW3b,GW3,ok
IMAGE 3.3,NAVIGATE Demand-2.0°C-tec_u,1,World,Primary Energy|Gas,EJ/yr,2040,97.309640625,GW3-IIc,GW3b,GW3,ok
IMAGE 3.3,NAVIGATE Demand-2.0°C-tec_u,1,World,Primary Energy|Gas,EJ/yr,2030,113.0685,GW3-IIc,GW3b,GW3,ok
IMAGE 3.3,NAVIGATE Demand-2.0°C-tec_u,1,World,Primary Energy|Gas,EJ/yr,2025,125.8278984375,GW3-IIc,GW3b,GW3,ok
IMAGE 3.3,NAVIGATE Demand-2.0°C-tec_u,1,World,Primary Energy|Gas,EJ/yr,2020,122.187203125,GW3-IIc,GW3b,GW3,ok
IMAGE 3.3,NAVIGATE Demand-2.0°C-tec_u,1,World,Primary Energy|Gas,EJ/yr,2035,101.515703125,GW3-IIc,GW3b,GW3,ok
IMAGE 3.3,NAVIGATE Demand-2.0°C-tec_u,1,World,Primary Energy|Non-Biomass Renewables,EJ/yr,2100,312.0873820800782,GW3-IIc,GW3b,GW3,ok
IMAGE 3.3,NAVIGATE Demand-2.0°C-tec_u,1,World,Primary Energy|Non-Biomass Renewables,EJ/yr,2090,289.2932524414063,GW3-IIc,GW3b,GW3,ok
IMAGE 3.3,NAVIGATE Demand-2.0°C-tec_u,1,World,Primary Energy|Non-Biomass Renewables,EJ/yr,2070,221.9838413085938,GW3-IIc,GW3b,GW3,ok
IMAGE 3.3,NAVIGATE Demand-2.0°C-tec_u,1,World,Primary Energy|Non-Biomass Renewables,EJ/yr,2060,186.2160822143555,GW3-IIc,GW3b,GW3,ok
IMAGE 3.3,NAVIGATE Demand-2.0°C-tec_u,1,World,Primary Energy|Non-Biomass Renewables,EJ/yr,2050,145.5018706054688,GW3-IIc,GW3b,GW3,ok
IMAGE 3.3,NAVIGATE Demand-2.0°C-tec_u,1,World,Primary Energy|Non-Biomass Renewables,EJ/yr,2045,123.3378237915039,GW3-IIc,GW3b,GW3,ok
IMAGE 3.3,NAVIGATE Demand-2.0°C-tec_u,1,World,Primary Energy|Non-Biomass Renewables,EJ/yr,2080,263.2108447265625,GW3-IIc,GW3b,GW3,ok
IMAGE 3.3,NAVIGATE Demand-2.0°C-tec_u,1,World,Primary Energy|Non-Biomass Renewables,EJ/yr,2035,65.27929718017579,GW3-IIc,GW3b,GW3,ok
IMAGE 3.3,NAVIGATE Demand-2.0°C-tec_u,1,World,Primary Energy|Non-Biomass Renewables,EJ/yr,2030,46.09937811279297,GW3-IIc,GW3b,GW3,ok
IMAGE 3.3,NAVIGATE Demand-2.0°C-tec_u,1,World,Primary Energy|Non-Biomass Renewables,EJ/yr,2025,33.58021420288086,GW3-IIc,GW3b,GW3,ok
IMAGE 3.3,NAVIGATE Demand-2.0°C-tec_u,1,World,Primary Energy|Non-Biomass Renewables,EJ/yr,2020,26.3635471496582,GW3-IIc,GW3b,GW3,ok
IMAGE 3.3,NAVIGATE Demand-2.0°C-tec_u,1,World,Primary Energy|Non-Biomass Renewables,EJ/yr,2040,88.79348126220704,GW3-IIc,GW3b,GW3,ok
IMAGE 3.3,NAVIGATE Demand-2.0°C-tec_u,1,World,Primary Energy|Nuclear,EJ/yr,2100,23.7261796875,GW3-IIc,GW3b,GW3,ok
IMAGE 3.3,NAVIGATE Demand-2.0°C-tec_u,1,World,Primary Energy|Nuclear,EJ/yr,2090,21.32598046875,GW3-IIc,GW3b,GW3,ok
IMAGE 3.3,NAVIGATE Demand-2.0°C-tec_u,1,World,Primary Energy|Nuclear,EJ/yr,2080,16.997060546875,GW3-IIc,GW3b,GW3,ok
IMAGE 3.3,NAVIGATE Demand-2.0°C-tec_u,1,World,Primary Energy|Nuclear,EJ/yr,2070,12.8351396484375,GW3-IIc,GW3b,GW3,ok
IMAGE 3.3,NAVIGATE Demand-2.0°C-tec_u,1,World,Primary Energy|Nuclear,EJ/yr,2060,9.1382041015625,GW3-IIc,GW3b,GW3,ok
IMAGE 3.3,NAVIGATE Demand-2.0°C-tec_u,1,World,Primary Energy|Nuclear,EJ/yr,2050,7.14464892578125,GW3-IIc,GW3b,GW3,ok
IMAGE 3.3,NAVIGATE Demand-2.0°C-tec_u,1,World,Primary Energy|Nuclear,EJ/yr,2045,6.70906884765625,GW3-IIc,GW3b,GW3,ok
IMAGE 3.3,NAVIGATE Demand-2.0°C-tec_u,1,World,Primary Energy|Nuclear,EJ/yr,2030,10.0304697265625,GW3-IIc,GW3b,GW3,ok
IMAGE 3.3,NAVIGATE Demand-2.0°C-tec_u,1,World,Primary Energy|Nuclear,EJ/yr,2035,8.938978515625001,GW3-IIc,GW3b,GW3,ok
IMAGE 3.3,NAVIGATE Demand-2.0°C-tec_u,1,World,Primary Energy|Nuclear,EJ/yr,2025,9.7928916015625,GW3-IIc,GW3b,GW3,ok
IMAGE 3.3,NAVIGATE Demand-2.0°C-tec_u,1,World,Primary Energy|Nuclear,EJ/yr,2020,9.6280341796875,GW3-IIc,GW3b,GW3,ok
IMAGE 3.3,NAVIGATE Demand-2.0°C-tec_u,1,World,Primary Energy|Nuclear,EJ/yr,2040,7.47631103515625,GW3-IIc,GW3b,GW3,ok
IMAGE 3.3,NAVIGATE Demand-2.0°C-tec_u,1,World,Primary Energy|Oil,EJ/yr,2060,89.835890625,GW3-IIc,GW3b,GW3,ok
IMAGE 3.3,NAVIGATE Demand-2.0°C-tec_u,1,World,Primary Energy|Oil,EJ/yr,2070,79.69521093750001,GW3-IIc,GW3b,GW3,ok
IMAGE 3.3,NAVIGATE Demand-2.0°C-tec_u,1,World,Primary Energy|Oil,EJ/yr,2050,103.3045,GW3-IIc,GW3b,GW3,ok
IMAGE 3.3,NAVIGATE Demand-2.0°C-tec_u,1,World,Primary Energy|Oil,EJ/yr,2090,56.8366484375,GW3-IIc,GW3b,GW3,ok
IMAGE 3.3,NAVIGATE Demand-2.0°C-tec_u,1,World,Primary Energy|Oil,EJ/yr,2100,50.001859375,GW3-IIc,GW3b,GW3,ok
IMAGE 3.3,NAVIGATE Demand-2.0°C-tec_u,1,World,Primary Energy|Oil,EJ/yr,2080,66.85822656250001,GW3-IIc,GW3b,GW3,ok
IMAGE 3.3,NAVIGATE Demand-2.0°C-tec_u,1,World,Primary Energy|Oil,EJ/yr,2045,115.0078984375,GW3-IIc,GW3b,GW3,ok
IMAGE 3.3,NAVIGATE Demand-2.0°C-tec_u,1,World,Primary Energy|Oil,EJ/yr,2035,143.47890625,GW3-IIc,GW3b,GW3,ok
IMAGE 3.3,NAVIGATE Demand-2.0°C-tec_u,1,World,Primary Energy|Oil,EJ/yr,2030,163.58690625,GW3-IIc,GW3b,GW3,ok
IMAGE 3.3,NAVIGATE Demand-2.0°C-tec_u,1,World,Primary Energy|Oil,EJ/yr,2025,191.4145,GW3-IIc,GW3b,GW3,ok
IMAGE 3.3,NAVIGATE Demand-2.0°C-tec_u,1,World,Primary Energy|Oil,EJ/yr,2020,169.97990625,GW3-IIc,GW3b,GW3,ok
IMAGE 3.3,NAVIGATE Demand-2.0°C-tec_u,1,World,Primary Energy|Oil,EJ/yr,2040,129.4376015625,GW3-IIc,GW3b,GW3,ok
IMAGE 3.3,NAVIGATE Demand-1.5°C-ele_u,1,World,Capacity|Electricity|Solar|PV,GW,2050,13837.787,GW2-IIIb,GW2b,GW2,ok
IMAGE 3.3,NAVIGATE Demand-1.5°C-ele_u,1,World,Capacity|Electricity|Solar|PV,GW,2090,28038.808,GW2-IIIb,GW2b,GW2,ok
IMAGE 3.3,NAVIGATE Demand-1.5°C-ele_u,1,World,Capacity|Electricity|Solar|PV,GW,2100,28830.311,GW2-IIIb,GW2b,GW2,ok
IMAGE 3.3,NAVIGATE Demand-1.5°C-ele_u,1,World,Capacity|Electricity|Solar|PV,GW,2080,27073.482,GW2-IIIb,GW2b,GW2,ok
IMAGE 3.3,NAVIGATE Demand-1.5°C-ele_u,1,World,Capacity|Electricity|Solar|PV,GW,2070,21717.552,GW2-IIIb,GW2b,GW2,ok
IMAGE 3.3,NAVIGATE Demand-1.5°C-ele_u,1,World,Capacity|Electricity|Solar|PV,GW,2060,17185.766,GW2-IIIb,GW2b,GW2,ok
IMAGE 3.3,NAVIGATE Demand-1.5°C-ele_u,1,World,Capacity|Electricity|Solar|PV,GW,2045,11063.66,GW2-IIIb,GW2b,GW2,ok
IMAGE 3.3,NAVIGATE Demand-1.5°C-ele_u,1,World,Capacity|Electricity|Solar|PV,GW,2035,6037.409000000001,GW2-IIIb,GW2b,GW2,ok
IMAGE 3.3,NAVIGATE Demand-1.5°C-ele_u,1,World,Capacity|Electricity|Solar|PV,GW,2030,3150.589,GW2-IIIb,GW2b,GW2,ok
IMAGE 3.3,NAVIGATE Demand-1.5°C-ele_u,1,World,Capacity|Electricity|Solar|PV,GW,2025,1336.5248125,GW2-IIIb,GW2b,GW2,ok
IMAGE 3.3,NAVIGATE Demand-1.5°C-ele_u,1,World,Capacity|Electricity|Solar|PV,GW,2020,725.369625,GW2-IIIb,GW2b,GW2,ok
IMAGE 3.3,NAVIGATE Demand-1.5°C-ele_u,1,World,Capacity|Electricity|Solar|PV,GW,2040,8198.579,GW2-IIIb,GW2b,GW2,ok
IMAGE 3.3,NAVIGATE Demand-1.5°C-ele_u,1,World,Capacity|Electricity|Wind,GW,2100,5712.804625,GW2-IIIb,GW2b,GW2,ok
IMAGE 3.3,NAVIGATE Demand-1.5°C-ele_u,1,World,Capacity|Electricity|Wind,GW,2090,6369.562,GW2-IIIb,GW2b,GW2,ok
IMAGE 3.3,NAVIGATE Demand-1.5°C-ele_u,1,World,Capacity|Electricity|Wind,GW,2080,6408.5541875,GW2-IIIb,GW2b,GW2,ok
IMAGE 3.3,NAVIGATE Demand-1.5°C-ele_u,1,World,Capacity|Electricity|Wind,GW,2070,5793.5525,GW2-IIIb,GW2b,GW2,ok
IMAGE 3.3,NAVIGATE Demand-1.5°C-ele_u,1,World,Capacity|Electricity|Wind,GW,2060,5885.838,GW2-IIIb,GW2b,GW2,ok
IMAGE 3.3,NAVIGATE Demand-1.5°C-ele_u,1,World,Capacity|Electricity|Wind,GW,2045,5521.0503125,GW2-IIIb,GW2b,GW2,ok
IMAGE 3.3,NAVIGATE Demand-1.5°C-ele_u,1,World,Capacity|Electricity|Wind,GW,2050,6293.484,GW2-IIIb,GW2b,GW2,ok
IMAGE 3.3,NAVIGATE Demand-1.5°C-ele_u,1,World,Capacity|Electricity|Wind,GW,2035,3273.2088125,GW2-IIIb,GW2b,GW2,ok
IMAGE 3.3,NAVIGATE Demand-1.5°C-ele_u,1,World,Capacity|Electricity|Wind,GW,2040,4565.7233125,GW2-IIIb,GW2b,GW2,ok
IMAGE 3.3,NAVIGATE Demand-1.5°C-ele_u,1,World,Capacity|Electricity|Wind,GW,2025,1068.78615625,GW2-IIIb,GW2b,GW2,ok
IMAGE 3.3,NAVIGATE Demand-1.5°C-ele_u,1,World,Capacity|Electricity|Wind,GW,2030,2070.4975,GW2-IIIb,GW2b,GW2,ok
IMAGE 3.3,NAVIGATE Demand-1.5°C-ele_u,1,World,Capacity|Electricity|Wind,GW,2020,731.66244921875,GW2-IIIb,GW2b,GW2,ok
IMAGE 3.3,NAVIGATE Demand-1.5°C-ele_u,1,World,Carbon Capture|Geological Storage|Biomass,Mt CO2/yr,2090,86.81612198719851,GW2-IIIb,GW2b,GW2,ok
IMAGE 3.3,NAVIGATE Demand-1.5°C-ele_u,1,World,Carbon Capture|Geological Storage|Biomass,Mt CO2/yr,2080,104.0977871450545,GW2-IIIb,GW2b,GW2,ok
IMAGE 3.3,NAVIGATE Demand-1.5°C-ele_u,1,World,Carbon Capture|Geological Storage|Biomass,Mt CO2/yr,2070,93.74519127962868,GW2-IIIb,GW2b,GW2,ok
IMAGE 3.3,NAVIGATE Demand-1.5°C-ele_u,1,World,Carbon Capture|Geological Storage|Biomass,Mt CO2/yr,2060,59.892188491467,GW2-IIIb,GW2b,GW2,ok
IMAGE 3.3,NAVIGATE Demand-1.5°C-ele_u,1,World,Carbon Capture|Geological Storage|Biomass,Mt CO2/yr,2050,68.95718517525225,GW2-IIIb,GW2b,GW2,ok
IMAGE 3.3,NAVIGATE Demand-1.5°C-ele_u,1,World,Carbon Capture|Geological Storage|Biomass,Mt CO2/yr,2045,59.27304470053484,GW2-IIIb,GW2b,GW2,ok
IMAGE 3.3,NAVIGATE Demand-1.5°C-ele_u,1,World,Carbon Capture|Geological Storage|Biomass,Mt CO2/yr,2100,104.8912387242591,GW2-IIIb,GW2b,GW2,ok
IMAGE 3.3,NAVIGATE Demand-1.5°C-ele_u,1,World,Carbon Capture|Geological Storage|Biomass,Mt CO2/yr,2035,5.401432326719474,GW2-IIIb,GW2b,GW2,ok
IMAGE 3.3,NAVIGATE Demand-1.5°C-ele_u,1,World,Carbon Capture|Geological Storage|Biomass,Mt CO2/yr,2030,1.565240847554791,GW2-IIIb,GW2b,GW2,ok
IMAGE 3.3,NAVIGATE Demand-1.5°C-ele_u,1,World,Carbon Capture|Geological Storage|Biomass,Mt CO2/yr,2025,0.006777606169947,GW2-IIIb,GW2b,GW2,ok
IMAGE 3.3,NAVIGATE Demand-1.5°C-ele_u,1,World,Carbon Capture|Geological Storage|Biomass,Mt CO2/yr,2020,0.0,GW2-IIIb,GW2b,GW2,ok
IMAGE 3.3,NAVIGATE Demand-1.5°C-ele_u,1,World,Carbon Capture|Geological Storage|Biomass,Mt CO2/yr,2040,22.36014760962312,GW2-IIIb,GW2b,GW2,ok
IMAGE 3.3,NAVIGATE Demand-1.5°C-ele_u,1,World,Carbon Removal|Land Use,Mt CO2/yr,2040,2005.950093451707,GW2-IIIb,GW2b,GW2,ok
IMAGE 3.3,NAVIGATE Demand-1.5°C-ele_u,1,World,Carbon Removal|Land Use,Mt CO2/yr,2100,7188.545029022136,GW2-IIIb,GW2b,GW2,ok
IMAGE 3.3,NAVIGATE Demand-1.5°C-ele_u,1,World,Carbon Removal|Land Use,Mt CO2/yr,2090,7357.483149243692,GW2-IIIb,GW2b,GW2,ok
IMAGE 3.3,NAVIGATE Demand-1.5°C-ele_u,1,World,Carbon Removal|Land Use,Mt CO2/yr,2080,6925.912182165985,GW2-IIIb,GW2b,GW2,ok
IMAGE 3.3,NAVIGATE Demand-1.5°C-ele_u,1,World,Carbon Removal|Land Use,Mt CO2/yr,2070,6361.751517238396,GW2-IIIb,GW2b,GW2,ok
IMAGE 3.3,NAVIGATE Demand-1.5°C-ele_u,1,World,Carbon Removal|Land Use,Mt CO2/yr,2060,5465.517561137836,GW2-IIIb,GW2b,GW2,ok
IMAGE 3.3,NAVIGATE Demand-1.5°C-ele_u,1,World,Carbon Removal|Land Use,Mt CO2/yr,2050,4149.920424202847,GW2-IIIb,GW2b,GW2,ok
IMAGE 3.3,NAVIGATE Demand-1.5°C-ele_u,1,World,Carbon Removal|Land Use,Mt CO2/yr,2030,275.2971848102341,GW2-IIIb,GW2b,GW2,ok
IMAGE 3.3,NAVIGATE Demand-1.5°C-ele_u,1,World,Carbon Removal|Land Use,Mt CO2/yr,2035,653.6493351656366,GW2-IIIb,GW2b,GW2,ok
IMAGE 3.3,NAVIGATE Demand-1.5°C-ele_u,1,World,Carbon Removal|Land Use,Mt CO2/yr,2025,0.0,GW2-IIIb,GW2b,GW2,ok
IMAGE 3.3,NAVIGATE Demand-1.5°C-ele_u,1,World,Carbon Removal|Land Use,Mt CO2/yr,2020,0.0,GW2-IIIb,GW2b,GW2,ok
IMAGE 3.3,NAVIGATE Demand-1.5°C-ele_u,1,World,Carbon Removal|Land Use,Mt CO2/yr,2045,3206.395228995307,GW2-IIIb,GW2b,GW2,ok
IMAGE 3.3,NAVIGATE Demand-1.5°C-ele_u,1,World,Emissions|CO2,Mt CO2/yr,2090,-4752.187093530975,GW2-IIIb,GW2b,GW2,ok
IMAGE 3.3,NAVIGATE Demand-1.5°C-ele_u,1,World,Emissions|CO2,Mt CO2/yr,2080,-3915.556437530439,GW2-IIIb,GW2b,GW2,ok
IMAGE 3.3,NAVIGATE Demand-1.5°C-ele_u,1,World,Emissions|CO2,Mt CO2/yr,2070,-3506.976664544076,GW2-IIIb,GW2b,GW2,ok
IMAGE 3.3,NAVIGATE Demand-1.5°C-ele_u,1,World,Emissions|CO2,Mt CO2/yr,2060,-1203.198740750658,GW2-IIIb,GW2b,GW2,ok
IMAGE 3.3,NAVIGATE Demand-1.5°C-ele_u,1,World,Emissions|CO2,Mt CO2/yr,2050,2234.083842162734,GW2-IIIb,GW2b,GW2,ok
IMAGE 3.3,NAVIGATE Demand-1.5°C-ele_u,1,World,Emissions|CO2,Mt CO2/yr,2045,6006.271240780399,GW2-IIIb,GW2b,GW2,ok
IMAGE 3.3,NAVIGATE Demand-1.5°C-ele_u,1,World,Emissions|CO2,Mt CO2/yr,2100,-4735.653971784681,GW2-IIIb,GW2b,GW2,ok
IMAGE 3.3,NAVIGATE Demand-1.5°C-ele_u,1,World,Emissions|CO2,Mt CO2/yr,2035,18283.13688317252,GW2-IIIb,GW2b,GW2,ok
IMAGE 3.3,NAVIGATE Demand-1.5°C-ele_u,1,World,Emissions|CO2,Mt CO2/yr,2030,27333.9365259224,GW2-IIIb,GW2b,GW2,ok
IMAGE 3.3,NAVIGATE Demand-1.5°C-ele_u,1,World,Emissions|CO2,Mt CO2/yr,2025,41677.78971733055,GW2-IIIb,GW2b,GW2,ok
IMAGE 3.3,NAVIGATE Demand-1.5°C-ele_u,1,World,Emissions|CO2,Mt CO2/yr,2020,39594.68262078702,GW2-IIIb,GW2b,GW2,ok
IMAGE 3.3,NAVIGATE Demand-1.5°C-ele_u,1,World,Emissions|CO2,Mt CO2/yr,2040,11059.38191832311,GW2-IIIb,GW2b,GW2,ok
IMAGE 3.3,NAVIGATE Demand-1.5°C-ele_u,1,World,Final Energy,EJ/yr,2050,347.5135,GW2-IIIb,GW2b,GW2,ok
IMAGE 3.3,NAVIGATE Demand-1.5°C-ele_u,1,World,Final Energy,EJ/yr,2100,487.5641875,GW2-IIIb,GW2b,GW2,ok
IMAGE 3.3,NAVIGATE Demand-1.5°C-ele_u,1,World,Final Energy,EJ/yr,2090,466.89459375,GW2-IIIb,GW2b,GW2,ok
IMAGE 3.3,NAVIGATE Demand-1.5°C-ele_u,1,World,Final Energy,EJ/yr,2080,441.5171875,GW2-IIIb,GW2b,GW2,ok
IMAGE 3.3,NAVIGATE Demand-1.5°C-ele_u,1,World,Final Energy,EJ/yr,2070,412.0386875,GW2-IIIb,GW2b,GW2,ok
IMAGE 3.3,NAVIGATE Demand-1.5°C-ele_u,1,World,Final Energy,EJ/yr,2060,381.4426875,GW2-IIIb,GW2b,GW2,ok
IMAGE 3.3,NAVIGATE Demand-1.5°C-ele_u,1,World,Final Energy,EJ/yr,2045,336.1943125,GW2-IIIb,GW2b,GW2,ok
IMAGE 3.3,NAVIGATE Demand-1.5°C-ele_u,1,World,Final Energy,EJ/yr,2035,347.10759375,GW2-IIIb,GW2b,GW2,ok
IMAGE 3.3,NAVIGATE Demand-1.5°C-ele_u,1,World,Final Energy,EJ/yr,2030,375.1263125,GW2-IIIb,GW2b,GW2,ok
IMAGE 3.3,NAVIGATE Demand-1.5°C-ele_u,1,World,Final Energy,EJ/yr,2025,433.19609375,GW2-IIIb,GW2b,GW2,ok
IMAGE 3.3,NAVIGATE Demand-1.5°C-ele_u,1,World,Final Energy,EJ/yr,2020,388.60859375,GW2-IIIb,GW2b,GW2,ok
IMAGE 3.3,NAVIGATE Demand-1.5°C-ele_u,1,World,Final Energy,EJ/yr,2040,333.53940625,GW2-IIIb,GW2b,GW2,ok
IMAGE 3.3,NAVIGATE Demand-1.5°C-ele_u,1,World,Final Energy|Electricity,EJ/yr,2100,236.23640625,GW2-IIIb,GW2b,GW2,ok
IMAGE 3.3,NAVIGATE Demand-1.5°C-ele_u,1,World,Final Energy|Electricity,EJ/yr,2090,228.6925,GW2-IIIb,GW2b,GW2,ok
IMAGE 3.3,NAVIGATE Demand-1.5°C-ele_u,1,World,Final Energy|Electricity,EJ/yr,2080,218.09140625,GW2-IIIb,GW2b,GW2,ok
IMAGE 3.3,NAVIGATE Demand-1.5°C-ele_u,1,World,Final Energy|Electricity,EJ/yr,2070,200.10040625,GW2-IIIb,GW2b,GW2,ok
IMAGE 3.3,NAVIGATE Demand-1.5°C-ele_u,1,World,Final Energy|Electricity,EJ/yr,2060,172.32440625,GW2-IIIb,GW2b,GW2,ok
IMAGE 3.3,NAVIGATE Demand-1.5°C-ele_u,1,World,Final Energy|Electricity,EJ/yr,2050,145.22240625,GW2-IIIb,GW2b,GW2,ok
IMAGE 3.3,NAVIGATE Demand-1.5°C-ele_u,1,World,Final Energy|Electricity,EJ/yr,2045,131.535296875,GW2-IIIb,GW2b,GW2,ok
IMAGE 3.3,NAVIGATE Demand-1.5°C-ele_u,1,World,Final Energy|Electricity,EJ/yr,2040,117.188203125,GW2-IIIb,GW2b,GW2,ok
IMAGE 3.3,NAVIGATE Demand-1.5°C-ele_u,1,World,Final Energy|Electricity,EJ/yr,2030,90.579640625,GW2-IIIb,GW2b,GW2,ok
IMAGE 3.3,NAVIGATE Demand-1.5°C-ele_u,1,World,Final Energy|Electricity,EJ/yr,2025,86.5554296875,GW2-IIIb,GW2b,GW2,ok
IMAGE 3.3,NAVIGATE Demand-1.5°C-ele_u,1,World,Final Energy|Electricity,EJ/yr,2020,72.6155703125,GW2-IIIb,GW2b,GW2,ok
IMAGE 3.3,NAVIGATE Demand-1.5°C-ele_u,1,World,Final Energy|Electricity,EJ/yr,2035,103.2191015625,GW2-IIIb,GW2b,GW2,ok
IMAGE 3.3,NAVIGATE Demand-1.5°C-ele_u,1,World,Food Availability|Crops [per capita],kcal/cap/day,2100,2369.6376953125,GW2-IIIb,GW2b,GW2,ok
IMAGE 3.3,NAVIGATE Demand-1.5°C-ele_u,1,World,Food Availability|Crops [per capita],kcal/cap/day,2090,2381.87158203125,GW2-IIIb,GW2b,GW2,ok
IMAGE 3.3,NAVIGATE Demand-1.5°C-ele_u,1,World,Food Availability|Crops [per capita],kcal/cap/day,2080,2411.4072265625,GW2-IIIb,GW2b,GW2,ok
IMAGE 3.3,NAVIGATE Demand-1.5°C-ele_u,1,World,Food Availability|Crops [per capita],kcal/cap/day,2070,2450.435302734375,GW2-IIIb,GW2b,GW2,ok
IMAGE 3.3,NAVIGATE Demand-1.5°C-ele_u,1,World,Food Availability|Crops [per capita],kcal/cap/day,2060,2492.959716796875,GW2-IIIb,GW2b,GW2,ok
IMAGE 3.3,NAVIGATE Demand-1.5°C-ele_u,1,World,Food Availability|Crops [per capita],kcal/cap/day,2050,2534.86572265625,GW2-IIIb,GW2b,GW2,ok
IMAGE 3.3,NAVIGATE Demand-1.5°C-ele_u,1,World,Food Availability|Crops [per capita],kcal/cap/day,2045,2542.50390625,GW2-IIIb,GW2b,GW2,ok
IMAGE 3.3,NAVIGATE Demand-1.5°C-ele_u,1,World,Food Availability|Crops [per capita],kcal/cap/day,2040,2550.14208984375,GW2-IIIb,GW2b,GW2,ok
IMAGE 3.3,NAVIGATE Demand-1.5°C-ele_u,1,World,Food Availability|Crops [per capita],kcal/cap/day,2030,2530.8779296875,GW2-IIIb,GW2b,GW2,ok
IMAGE 3.3,NAVIGATE Demand-1.5°C-ele_u,1,World,Food Availability|Crops [per capita],kcal/cap/day,2025,2481.291259765625,GW2-IIIb,GW2b,GW2,ok
IMAGE 3.3,NAVIGATE Demand-1.5°C-ele_u,1,World,Food Availability|Crops [per capita],kcal/cap/day,2020,2431.70458984375,GW2-IIIb,GW2b,GW2,ok
IMAGE 3.3,NAVIGATE Demand-1.5°C-ele_u,1,World,Food Availability|Crops [per capita],kcal/cap/day,2035,2540.510009765625,GW2-IIIb,GW2b,GW2,ok
IMAGE 3.3,NAVIGATE Demand-1.5°C-ele_u,1,World,Food Availability|Livestock [per capita],kcal/cap/day,2050,518.5032958984375,GW2-IIIb,GW2b,GW2,ok
IMAGE 3.3,NAVIGATE Demand-1.5°C-ele_u,1,World,Food Availability|Livestock [per capita],kcal/cap/day,2100,508.0379333496094,GW2-IIIb,GW2b,GW2,ok
IMAGE 3.3,NAVIGATE Demand-1.5°C-ele_u,1,World,Food Availability|Livestock [per capita],kcal/cap/day,2090,508.5893249511719,GW2-IIIb,GW2b,GW2,ok
IMAGE 3.3,NAVIGATE Demand-1.5°C-ele_u,1,World,Food Availability|Livestock [per capita],kcal/cap/day,2080,509.8511352539062,GW2-IIIb,GW2b,GW2,ok
IMAGE 3.3,NAVIGATE Demand-1.5°C-ele_u,1,World,Food Availability|Livestock [per capita],kcal/cap/day,2070,511.9205322265625,GW2-IIIb,GW2b,GW2,ok
IMAGE 3.3,NAVIGATE Demand-1.5°C-ele_u,1,World,Food Availability|Livestock [per capita],kcal/cap/day,2060,514.7347412109375,GW2-IIIb,GW2b,GW2,ok
IMAGE 3.3,NAVIGATE Demand-1.5°C-ele_u,1,World,Food Availability|Livestock [per capita],kcal/cap/day,2045,519.24658203125,GW2-IIIb,GW2b,GW2,ok
IMAGE 3.3,NAVIGATE Demand-1.5°C-ele_u,1,World,Food Availability|Livestock [per capita],kcal/cap/day,2040,519.9898071289062,GW2-IIIb,GW2b,GW2,ok
IMAGE 3.3,NAVIGATE Demand-1.5°C-ele_u,1,World,Food Availability|Livestock [per capita],kcal/cap/day,2035,520.951416015625,GW2-IIIb,GW2b,GW2,ok
IMAGE 3.3,NAVIGATE Demand-1.5°C-ele_u,1,World,Food Availability|Livestock [per capita],kcal/cap/day,2030,521.9129638671875,GW2-IIIb,GW2b,GW2,ok
IMAGE 3.3,NAVIGATE Demand-1.5°C-ele_u,1,World,Food Availability|Livestock [per capita],kcal/cap/day,2025,518.2166748046875,GW2-IIIb,GW2b,GW2,ok
IMAGE 3.3,NAVIGATE Demand-1.5°C-ele_u,1,World,Food Availability|Livestock [per capita],kcal/cap/day,2020,514.5204467773438,GW2-IIIb,GW2b,GW2,ok
IMAGE 3.3,NAVIGATE Demand-1.5°C-ele_u,1,World,GDP|MER,billion USD_2010/yr,2100,401656.56320192,GW2-IIIb,GW2b,GW2,ok
IMAGE 3.3,NAVIGATE Demand-1.5°C-ele_u,1,World,GDP|MER,billion USD_2010/yr,2090,337707.84960384,GW2-IIIb,GW2b,GW2,ok
IMAGE 3.3,NAVIGATE Demand-1.5°C-ele_u,1,World,GDP|MER,billion USD_2010/yr,2070,233482.56035008,GW2-IIIb,GW2b,GW2,ok
IMAGE 3.3,NAVIGATE Demand-1.5°C-ele_u,1,World,GDP|MER,billion USD_2010/yr,2060,191309.56926208,GW2-IIIb,GW2b,GW2,ok
IMAGE 3.3,NAVIGATE Demand-1.5°C-ele_u,1,World,GDP|MER,billion USD_2010/yr,2050,155947.6372,GW2-IIIb,GW2b,GW2,ok
IMAGE 3.3,NAVIGATE Demand-1.5°C-ele_u,1,World,GDP|MER,billion USD_2010/yr,2045,140063.75334,GW2-IIIb,GW2b,GW2,ok
IMAGE 3.3,NAVIGATE Demand-1.5°C-ele_u,1,World,GDP|MER,billion USD_2010/yr,2080,281964.91944896,GW2-IIIb,GW2b,GW2,ok
IMAGE 3.3,NAVIGATE Demand-1.5°C-ele_u,1,World,GDP|MER,billion USD_2010/yr,2035,110139.59287104,GW2-IIIb,GW2b,GW2,ok
IMAGE 3.3,NAVIGATE Demand-1.5°C-ele_u,1,World,GDP|MER,billion USD_2010/yr,2030,96362.90521056001,GW2-IIIb,GW2b,GW2,ok
IMAGE 3.3,NAVIGATE Demand-1.5°C-ele_u,1,World,GDP|MER,billion USD_2010/yr,2025,82782.19891088,GW2-IIIb,GW2b,GW2,ok
IMAGE 3.3,NAVIGATE Demand-1.5°C-ele_u,1,World,GDP|MER,billion USD_2010/yr,2020,68432.9425992,GW2-IIIb,GW2b,GW2,ok
IMAGE 3.3,NAVIGATE Demand-1.5°C-ele_u,1,World,GDP|MER,billion USD_2010/yr,2040,124709.3692,GW2-IIIb,GW2b,GW2,ok
IMAGE 3.3,NAVIGATE Demand-1.5°C-ele_u,1,World,Investment|Energy Supply,billion USD_2010/yr,2060,1939.24552233984,GW2-IIIb,GW2b,GW2,ok
IMAGE 3.3,NAVIGATE Demand-1.5°C-ele_u,1,World,Investment|Energy Supply,billion USD_2010/yr,2100,2465.96650983744,GW2-IIIb,GW2b,GW2,ok
IMAGE 3.3,NAVIGATE Demand-1.5°C-ele_u,1,World,Investment|Energy Supply,billion USD_2010/yr,2090,2161.73091521664,GW2-IIIb,GW2b,GW2,ok
IMAGE 3.3,NAVIGATE Demand-1.5°C-ele_u,1,World,Investment|Energy Supply,billion USD_2010/yr,2080,2611.71948506112,GW2-IIIb,GW2b,GW2,ok
IMAGE 3.3,NAVIGATE Demand-1.5°C-ele_u,1,World,Investment|Energy Supply,billion USD_2010/yr,2070,2444.43358964544,GW2-IIIb,GW2b,GW2,ok
IMAGE 3.3,NAVIGATE Demand-1.5°C-ele_u,1,World,Investment|Energy Supply,billion USD_2010/yr,2050,2300.93232214008,GW2-IIIb,GW2b,GW2,ok
IMAGE 3.3,NAVIGATE Demand-1.5°C-ele_u,1,World,Investment|Energy Supply,billion USD_2010/yr,2045,2355.19570214016,GW2-IIIb,GW2b,GW2,ok
IMAGE 3.3,NAVIGATE Demand-1.5°C-ele_u,1,World,Investment|Energy Supply,billion USD_2010/yr,2035,2390.64271939152,GW2-IIIb,GW2b,GW2,ok
IMAGE 3.3,NAVIGATE Demand-1.5°C-ele_u,1,World,Investment|Energy Supply,billion USD_2010/yr,2030,2064.84099042168,GW2-IIIb,GW2b,GW2,ok
IMAGE 3.3,NAVIGATE Demand-1.5°C-ele_u,1,World,Investment|Energy Supply,billion USD_2010/yr,2025,1704.016737924581,GW2-IIIb,GW2b,GW2,ok
IMAGE 3.3,NAVIGATE Demand-1.5°C-ele_u,1,World,Investment|Energy Supply,billion USD_2010/yr,2020,1625.64401177472,GW2-IIIb,GW2b,GW2,ok
IMAGE 3.3,NAVIGATE Demand-1.5°C-ele_u,1,World,Investment|Energy Supply,billion USD_2010/yr,2040,2327.94708711552,GW2-IIIb,GW2b,GW2,ok
IMAGE 3.3,NAVIGATE Demand-1.5°C-ele_u,1,World,Land Cover,million ha,2100,12964.2672,GW2-IIIb,GW2b,GW2,ok
IMAGE 3.3,NAVIGATE Demand-1.5°C-ele_u,1,World,Land Cover,million ha,2090,12964.2144,GW2-IIIb,GW2b,GW2,ok
IMAGE 3.3,NAVIGATE Demand-1.5°C-ele_u,1,World,Land Cover,million ha,2080,12964.0152,GW2-IIIb,GW2b,GW2,ok
IMAGE 3.3,NAVIGATE Demand-1.5°C-ele_u,1,World,Land Cover,million ha,2070,12963.9504,GW2-IIIb,GW2b,GW2,ok
IMAGE 3.3,NAVIGATE Demand-1.5°C-ele_u,1,World,Land Cover,million ha,2060,12964.1056,GW2-IIIb,GW2b,GW2,ok
IMAGE 3.3,NAVIGATE Demand-1.5°C-ele_u,1,World,Land Cover,million ha,2050,12964.1296,GW2-IIIb,GW2b,GW2,ok
IMAGE 3.3,NAVIGATE Demand-1.5°C-ele_u,1,World,Land Cover,million ha,2045,12964.1296,GW2-IIIb,GW2b,GW2,ok
IMAGE 3.3,NAVIGATE Demand-1.5°C-ele_u,1,World,Land Cover,million ha,2040,12964.1096,GW2-IIIb,GW2b,GW2,ok
IMAGE 3.3,NAVIGATE Demand-1.5°C-ele_u,1,World,Land Cover,million ha,2035,12964.1096,GW2-IIIb,GW2b,GW2,ok
IMAGE 3.3,NAVIGATE Demand-1.5°C-ele_u,1,World,Land Cover,million ha,2030,12964.124,GW2-IIIb,GW2b,GW2,ok
IMAGE 3.3,NAVIGATE Demand-1.5°C-ele_u,1,World,Land Cover,million ha,2025,12964.124,GW2-IIIb,GW2b,GW2,ok
IMAGE 3.3,NAVIGATE Demand-1.5°C-ele_u,1,World,Land Cover,million ha,2020,12964.328,GW2-IIIb,GW2b,GW2,ok
IMAGE 3.3,NAVIGATE Demand-1.5°C-ele_u,1,World,Land Cover|Forest,million ha,2090,4645.2092,GW2-IIIb,GW2b,GW2,ok
IMAGE 3.3,NAVIGATE Demand-1.5°C-ele_u,1,World,Land Cover|Forest,million ha,2080,4525.9456,GW2-IIIb,GW2b,GW2,ok
IMAGE 3.3,NAVIGATE Demand-1.5°C-ele_u,1,World,Land Cover|Forest,million ha,2070,4395.5912,GW2-IIIb,GW2b,GW2,ok
IMAGE 3.3,NAVIGATE Demand-1.5°C-ele_u,1,World,Land Cover|Forest,million ha,2060,4278.7172,GW2-IIIb,GW2b,GW2,ok
IMAGE 3.3,NAVIGATE Demand-1.5°C-ele_u,1,World,Land Cover|Forest,million ha,2050,4152.354,GW2-IIIb,GW2b,GW2,ok
IMAGE 3.3,NAVIGATE Demand-1.5°C-ele_u,1,World,Land Cover|Forest,million ha,2045,4086.9828,GW2-IIIb,GW2b,GW2,ok
IMAGE 3.3,NAVIGATE Demand-1.5°C-ele_u,1,World,Land Cover|Forest,million ha,2100,4722.9704,GW2-IIIb,GW2b,GW2,ok
IMAGE 3.3,NAVIGATE Demand-1.5°C-ele_u,1,World,Land Cover|Forest,million ha,2035,3961.3564,GW2-IIIb,GW2b,GW2,ok
IMAGE 3.3,NAVIGATE Demand-1.5°C-ele_u,1,World,Land Cover|Forest,million ha,2030,3912.2236,GW2-IIIb,GW2b,GW2,ok
IMAGE 3.3,NAVIGATE Demand-1.5°C-ele_u,1,World,Land Cover|Forest,million ha,2025,3910.6972,GW2-IIIb,GW2b,GW2,ok
IMAGE 3.3,NAVIGATE Demand-1.5°C-ele_u,1,World,Land Cover|Forest,million ha,2020,3918.152,GW2-IIIb,GW2b,GW2,ok
IMAGE 3.3,NAVIGATE Demand-1.5°C-ele_u,1,World,Land Cover|Forest,million ha,2040,4022.9996,GW2-IIIb,GW2b,GW2,ok
IMAGE 3.3,NAVIGATE Demand-1.5°C-ele_u,1,World,Population,million,2100,9210.525390625,GW2-IIIb,GW2b,GW2,ok
IMAGE 3.3,NAVIGATE Demand-1.5°C-ele_u,1,World,Population,million,2090,9435.03125,GW2-IIIb,GW2b,GW2,ok
IMAGE 3.3,NAVIGATE Demand-1.5°C-ele_u,1,World,Population,million,2080,9590.7734375,GW2-IIIb,GW2b,GW2,ok
IMAGE 3.3,NAVIGATE Demand-1.5°C-ele_u,1,World,Population,million,2070,9641.6494140625,GW2-IIIb,GW2b,GW2,ok
IMAGE 3.3,NAVIGATE Demand-1.5°C-ele_u,1,World,Population,million,2060,9569.134765625,GW2-IIIb,GW2b,GW2,ok
IMAGE 3.3,NAVIGATE Demand-1.5°C-ele_u,1,World,Population,million,2045,9173.7060546875,GW2-IIIb,GW2b,GW2,ok
IMAGE 3.3,NAVIGATE Demand-1.5°C-ele_u,1,World,Population,million,2050,9348.6796875,GW2-IIIb,GW2b,GW2,ok
IMAGE 3.3,NAVIGATE Demand-1.5°C-ele_u,1,World,Population,million,2035,8706.3720703125,GW2-IIIb,GW2b,GW2,ok
IMAGE 3.3,NAVIGATE Demand-1.5°C-ele_u,1,World,Population,million,2030,8421.4912109375,GW2-IIIb,GW2b,GW2,ok
IMAGE 3.3,NAVIGATE Demand-1.5°C-ele_u,1,World,Population,million,2025,8105.07421875,GW2-IIIb,GW2b,GW2,ok
IMAGE 3.3,NAVIGATE Demand-1.5°C-ele_u,1,World,Population,million,2020,7756.7080078125,GW2-IIIb,GW2b,GW2,ok
IMAGE 3.3,NAVIGATE Demand-1.5°C-ele_u,1,World,Population,million,2040,8958.1103515625,GW2-IIIb,GW2b,GW2,ok
IMAGE 3.3,NAVIGATE Demand-1.5°C-ele_u,1,World,Price|Secondary Energy|Electricity,USD_2010/GJ,2100,25.08315436676025,GW2-IIIb,GW2b,GW2,ok
IMAGE 3.3,NAVIGATE Demand-1.5°C-ele_u,1,World,Price|Secondary Energy|Electricity,USD_2010/GJ,2090,25.98004708850861,GW2-IIIb,GW2b,GW2,ok
IMAGE 3.3,NAVIGATE Demand-1.5°C-ele_u,1,World,Price|Secondary Energy|Electricity,USD_2010/GJ,2070,25.91482352092743,GW2-IIIb,GW2b,GW2,ok
IMAGE 3.3,NAVIGATE Demand-1.5°C-ele_u,1,World,Price|Secondary Energy|Electricity,USD_2010/GJ,2060,26.57478165023804,GW2-IIIb,GW2b,GW2,ok
IMAGE 3.3,NAVIGATE Demand-1.5°C-ele_u,1,World,Price|Secondary Energy|Electricity,USD_2010/GJ,2050,29.28278515575409,GW2-IIIb,GW2b,GW2,ok
IMAGE 3.3,NAVIGATE Demand-1.5°C-ele_u,1,World,Price|Secondary Energy|Electricity,USD_2010/GJ,2045,29.67994322731018,GW2-IIIb,GW2b,GW2,ok
IMAGE 3.3,NAVIGATE Demand-1.5°C-ele_u,1,World,Price|Secondary Energy|Electricity,USD_2010/GJ,2080,25.95058133296967,GW2-IIIb,GW2b,GW2,ok
IMAGE 3.3,NAVIGATE Demand-1.5°C-ele_u,1,World,Price|Secondary Energy|Electricity,USD_2010/GJ,2035,33.62606836975097,GW2-IIIb,GW2b,GW2,ok
IMAGE 3.3,NAVIGATE Demand-1.5°C-ele_u,1,World,Price|Secondary Energy|Electricity,USD_2010/GJ,2030,35.84525852798462,GW2-IIIb,GW2b,GW2,ok
IMAGE 3.3,NAVIGATE Demand-1.5°C-ele_u,1,World,Price|Secondary Energy|Electricity,USD_2010/GJ,2025,31.63212453781128,GW2-IIIb,GW2b,GW2,ok
IMAGE 3.3,NAVIGATE Demand-1.5°C-ele_u,1,World,Price|Secondary Energy|Electricity,USD_2010/GJ,2020,28.97118891098022,GW2-IIIb,GW2b,GW2,ok
IMAGE 3.3,NAVIGATE Demand-1.5°C-ele_u,1,World,Price|Secondary Energy|Electricity,USD_2010/GJ,2040,30.75610251255035,GW2-IIIb,GW2b,GW2,ok
IMAGE 3.3,NAVIGATE Demand-1.5°C-ele_u,1,World,Primary Energy|Biomass,EJ/yr,2050,116.9381694335938,GW2-IIIb,GW2b,GW2,ok
IMAGE 3.3,NAVIGATE Demand-1.5°C-ele_u,1,World,Primary Energy|Biomass,EJ/yr,2100,143.3156801757812,GW2-IIIb,GW2b,GW2,ok
IMAGE 3.3,NAVIGATE Demand-1.5°C-ele_u,1,World,Primary Energy|Biomass,EJ/yr,2090,145.2257670898437,GW2-IIIb,GW2b,GW2,ok
IMAGE 3.3,NAVIGATE Demand-1.5°C-ele_u,1,World,Primary Energy|Biomass,EJ/yr,2080,138.9735258789063,GW2-IIIb,GW2b,GW2,ok
IMAGE 3.3,NAVIGATE Demand-1.5°C-ele_u,1,World,Primary Energy|Biomass,EJ/yr,2070,137.9288950195312,GW2-IIIb,GW2b,GW2,ok
IMAGE 3.3,NAVIGATE Demand-1.5°C-ele_u,1,World,Primary Energy|Biomass,EJ/yr,2060,127.1859560546875,GW2-IIIb,GW2b,GW2,ok
IMAGE 3.3,NAVIGATE Demand-1.5°C-ele_u,1,World,Primary Energy|Biomass,EJ/yr,2045,108.5558818359375,GW2-IIIb,GW2b,GW2,ok
IMAGE 3.3,NAVIGATE Demand-1.5°C-ele_u,1,World,Primary Energy|Biomass,EJ/yr,2035,88.6371103515625,GW2-IIIb,GW2b,GW2,ok
IMAGE 3.3,NAVIGATE Demand-1.5°C-ele_u,1,World,Primary Energy|Biomass,EJ/yr,2030,76.374869140625,GW2-IIIb,GW2b,GW2,ok
IMAGE 3.3,NAVIGATE Demand-1.5°C-ele_u,1,World,Primary Energy|Biomass,EJ/yr,2025,62.10797265625,GW2-IIIb,GW2b,GW2,ok
IMAGE 3.3,NAVIGATE Demand-1.5°C-ele_u,1,World,Primary Energy|Biomass,EJ/yr,2020,58.906921875,GW2-IIIb,GW2b,GW2,ok
IMAGE 3.3,NAVIGATE Demand-1.5°C-ele_u,1,World,Primary Energy|Biomass,EJ/yr,2040,97.3834794921875,GW2-IIIb,GW2b,GW2,ok
IMAGE 3.3,NAVIGATE Demand-1.5°C-ele_u,1,World,Primary Energy|Coal,EJ/yr,2100,1.682595947265625,GW2-IIIb,GW2b,GW2,ok
IMAGE 3.3,NAVIGATE Demand-1.5°C-ele_u,1,World,Primary Energy|Coal,EJ/yr,2090,1.7777080078125,GW2-IIIb,GW2b,GW2,ok
IMAGE 3.3,NAVIGATE Demand-1.5°C-ele_u,1,World,Primary Energy|Coal,EJ/yr,2070,4.37409521484375,GW2-IIIb,GW2b,GW2,ok
IMAGE 3.3,NAVIGATE Demand-1.5°C-ele_u,1,World,Primary Energy|Coal,EJ/yr,2060,9.1008232421875,GW2-IIIb,GW2b,GW2,ok
IMAGE 3.3,NAVIGATE Demand-1.5°C-ele_u,1,World,Primary Energy|Coal,EJ/yr,2050,14.083849609375,GW2-IIIb,GW2b,GW2,ok
IMAGE 3.3,NAVIGATE Demand-1.5°C-ele_u,1,World,Primary Energy|Coal,EJ/yr,2045,21.537880859375,GW2-IIIb,GW2b,GW2,ok
IMAGE 3.3,NAVIGATE Demand-1.5°C-ele_u,1,World,Primary Energy|Coal,EJ/yr,2080,2.24156201171875,GW2-IIIb,GW2b,GW2,ok
IMAGE 3.3,NAVIGATE Demand-1.5°C-ele_u,1,World,Primary Energy|Coal,EJ/yr,2035,49.314890625,GW2-IIIb,GW2b,GW2,ok
IMAGE 3.3,NAVIGATE Demand-1.5°C-ele_u,1,World,Primary Energy|Coal,EJ/yr,2030,92.3509609375,GW2-IIIb,GW2b,GW2,ok
IMAGE 3.3,NAVIGATE Demand-1.5°C-ele_u,1,World,Primary Energy|Coal,EJ/yr,2025,166.88,GW2-IIIb,GW2b,GW2,ok
IMAGE 3.3,NAVIGATE Demand-1.5°C-ele_u,1,World,Primary Energy|Coal,EJ/yr,2020,182.741,GW2-IIIb,GW2b,GW2,ok
IMAGE 3.3,NAVIGATE Demand-1.5°C-ele_u,1,World,Primary Energy|Coal,EJ/yr,2040,32.08544921875,GW2-IIIb,GW2b,GW2,ok
IMAGE 3.3,NAVIGATE Demand-1.5°C-ele_u,1,World,Primary Energy|Fossil|w/ CCS,EJ/yr,2060,36.14103112792969,GW2-IIIb,GW2b,GW2,ok
IMAGE 3.3,NAVIGATE Demand-1.5°C-ele_u,1,World,Primary Energy|Fossil|w/ CCS,EJ/yr,2100,37.74714184570313,GW2-IIIb,GW2b,GW2,ok
IMAGE 3.3,NAVIGATE Demand-1.5°C-ele_u,1,World,Primary Energy|Fossil|w/ CCS,EJ/yr,2090,36.94637854003906,GW2-IIIb,GW2b,GW2,ok
IMAGE 3.3,NAVIGATE Demand-1.5°C-ele_u,1,World,Primary Energy|Fossil|w/ CCS,EJ/yr,2080,33.62039562988281,GW2-IIIb,GW2b,GW2,ok
IMAGE 3.3,NAVIGATE Demand-1.5°C-ele_u,1,World,Primary Energy|Fossil|w/ CCS,EJ/yr,2070,32.94957556152344,GW2-IIIb,GW2b,GW2,ok
IMAGE 3.3,NAVIGATE Demand-1.5°C-ele_u,1,World,Primary Energy|Fossil|w/ CCS,EJ/yr,2050,34.26551928710938,GW2-IIIb,GW2b,GW2,ok
IMAGE 3.3,NAVIGATE Demand-1.5°C-ele_u,1,World,Primary Energy|Fossil|w/ CCS,EJ/yr,2045,33.62140734863281,GW2-IIIb,GW2b,GW2,ok
IMAGE 3.3,NAVIGATE Demand-1.5°C-ele_u,1,World,Primary Energy|Fossil|w/ CCS,EJ/yr,2040,22.48349755859375,GW2-IIIb,GW2b,GW2,ok
IMAGE 3.3,NAVIGATE Demand-1.5°C-ele_u,1,World,Primary Energy|Fossil|w/ CCS,EJ/yr,2035,9.09922186279297,GW2-IIIb,GW2b,GW2,ok
IMAGE 3.3,NAVIGATE Demand-1.5°C-ele_u,1,World,Primary Energy|Fossil|w/ CCS,EJ/yr,2030,2.132257904052735,GW2-IIIb,GW2b,GW2,ok
IMAGE 3.3,NAVIGATE Demand-1.5°C-ele_u,1,World,Primary Energy|Fossil|w/ CCS,EJ/yr,2025,0.129721261024475,GW2-IIIb,GW2b,GW2,ok
IMAGE 3.3,NAVIGATE Demand-1.5°C-ele_u,1,World,Primary Energy|Fossil|w/ CCS,EJ/yr,2020,0.0,GW2-IIIb,GW2b,GW2,ok
IMAGE 3.3,NAVIGATE Demand-1.5°C-ele_u,1,World,Primary Energy|Fossil|w/o CCS,EJ/yr,2090,35.53375109863281,GW2-IIIb,GW2b,GW2,ok
IMAGE 3.3,NAVIGATE Demand-1.5°C-ele_u,1,World,Primary Energy|Fossil|w/o CCS,EJ/yr,2080,35.93720825195312,GW2-IIIb,GW2b,GW2,ok
IMAGE 3.3,NAVIGATE Demand-1.5°C-ele_u,1,World,Primary Energy|Fossil|w/o CCS,EJ/yr,2070,41.24663513183594,GW2-IIIb,GW2b,GW2,ok
IMAGE 3.3,NAVIGATE Demand-1.5°C-ele_u,1,World,Primary Energy|Fossil|w/o CCS,EJ/yr,2060,55.3455302734375,GW2-IIIb,GW2b,GW2,ok
IMAGE 3.3,NAVIGATE Demand-1.5°C-ele_u,1,World,Primary Energy|Fossil|w/o CCS,EJ/yr,2050,78.43996875,GW2-IIIb,GW2b,GW2,ok
IMAGE 3.3,NAVIGATE Demand-1.5°C-ele_u,1,World,Primary Energy|Fossil|w/o CCS,EJ/yr,2045,105.46619921875,GW2-IIIb,GW2b,GW2,ok
IMAGE 3.3,NAVIGATE Demand-1.5°C-ele_u,1,World,Primary Energy|Fossil|w/o CCS,EJ/yr,2100,34.00523822021484,GW2-IIIb,GW2b,GW2,ok
IMAGE 3.3,NAVIGATE Demand-1.5°C-ele_u,1,World,Primary Energy|Fossil|w/o CCS,EJ/yr,2035,233.4180859375,GW2-IIIb,GW2b,GW2,ok
IMAGE 3.3,NAVIGATE Demand-1.5°C-ele_u,1,World,Primary Energy|Fossil|w/o CCS,EJ/yr,2030,344.093671875,GW2-IIIb,GW2b,GW2,ok
IMAGE 3.3,NAVIGATE Demand-1.5°C-ele_u,1,World,Primary Energy|Fossil|w/o CCS,EJ/yr,2025,485.256796875,GW2-IIIb,GW2b,GW2,ok
IMAGE 3.3,NAVIGATE Demand-1.5°C-ele_u,1,World,Primary Energy|Fossil|w/o CCS,EJ/yr,2020,474.7396953125,GW2-IIIb,GW2b,GW2,ok
IMAGE 3.3,NAVIGATE Demand-1.5°C-ele_u,1,World,Primary Energy|Fossil|w/o CCS,EJ/yr,2040,153.283634765625,GW2-IIIb,GW2b,GW2,ok
IMAGE 3.3,NAVIGATE Demand-1.5°C-ele_u,1,World,Primary Energy|Gas,EJ/yr,2100,41.39523828125,GW2-IIIb,GW2b,GW2,ok
IMAGE 3.3,NAVIGATE Demand-1.5°C-ele_u,1,World,Primary Energy|Gas,EJ/yr,2090,40.70396875,GW2-IIIb,GW2b,GW2,ok
IMAGE 3.3,NAVIGATE Demand-1.5°C-ele_u,1,World,Primary Energy|Gas,EJ/yr,2080,37.048859375,GW2-IIIb,GW2b,GW2,ok
IMAGE 3.3,NAVIGATE Demand-1.5°C-ele_u,1,World,Primary Energy|Gas,EJ/yr,2070,38.42569921875,GW2-IIIb,GW2b,GW2,ok
IMAGE 3.3,NAVIGATE Demand-1.5°C-ele_u,1,World,Primary Energy|Gas,EJ/yr,2060,46.27294921875,GW2-IIIb,GW2b,GW2,ok
IMAGE 3.3,NAVIGATE Demand-1.5°C-ele_u,1,World,Primary Energy|Gas,EJ/yr,2050,53.70776171875,GW2-IIIb,GW2b,GW2,ok
IMAGE 3.3,NAVIGATE Demand-1.5°C-ele_u,1,World,Primary Energy|Gas,EJ/yr,2045,62.04880078125,GW2-IIIb,GW2b,GW2,ok
IMAGE 3.3,NAVIGATE Demand-1.5°C-ele_u,1,World,Primary Energy|Gas,EJ/yr,2040,69.8423984375,GW2-IIIb,GW2b,GW2,ok
IMAGE 3.3,NAVIGATE Demand-1.5°C-ele_u,1,World,Primary Energy|Gas,EJ/yr,2030,105.134203125,GW2-IIIb,GW2b,GW2,ok
IMAGE 3.3,NAVIGATE Demand-1.5°C-ele_u,1,World,Primary Energy|Gas,EJ/yr,2025,128.2051015625,GW2-IIIb,GW2b,GW2,ok
IMAGE 3.3,NAVIGATE Demand-1.5°C-ele_u,1,World,Primary Energy|Gas,EJ/yr,2020,122.1786015625,GW2-IIIb,GW2b,GW2,ok
IMAGE 3.3,NAVIGATE Demand-1.5°C-ele_u,1,World,Primary Energy|Gas,EJ/yr,2035,85.76284375,GW2-IIIb,GW2b,GW2,ok
IMAGE 3.3,NAVIGATE Demand-1.5°C-ele_u,1,World,Primary Energy|Non-Biomass Renewables,EJ/yr,2100,417.8983586425782,GW2-IIIb,GW2b,GW2,ok
IMAGE 3.3,NAVIGATE Demand-1.5°C-ele_u,1,World,Primary Energy|Non-Biomass Renewables,EJ/yr,2090,385.26885546875,GW2-IIIb,GW2b,GW2,ok
IMAGE 3.3,NAVIGATE Demand-1.5°C-ele_u,1,World,Primary Energy|Non-Biomass Renewables,EJ/yr,2070,336.6063884277344,GW2-IIIb,GW2b,GW2,ok
IMAGE 3.3,NAVIGATE Demand-1.5°C-ele_u,1,World,Primary Energy|Non-Biomass Renewables,EJ/yr,2060,298.0831141357422,GW2-IIIb,GW2b,GW2,ok
IMAGE 3.3,NAVIGATE Demand-1.5°C-ele_u,1,World,Primary Energy|Non-Biomass Renewables,EJ/yr,2050,249.3616636962891,GW2-IIIb,GW2b,GW2,ok
IMAGE 3.3,NAVIGATE Demand-1.5°C-ele_u,1,World,Primary Energy|Non-Biomass Renewables,EJ/yr,2045,211.5941334228516,GW2-IIIb,GW2b,GW2,ok
IMAGE 3.3,NAVIGATE Demand-1.5°C-ele_u,1,World,Primary Energy|Non-Biomass Renewables,EJ/yr,2080,365.3663190917969,GW2-IIIb,GW2b,GW2,ok
IMAGE 3.3,NAVIGATE Demand-1.5°C-ele_u,1,World,Primary Energy|Non-Biomass Renewables,EJ/yr,2035,126.0493505249024,GW2-IIIb,GW2b,GW2,ok
IMAGE 3.3,NAVIGATE Demand-1.5°C-ele_u,1,World,Primary Energy|Non-Biomass Renewables,EJ/yr,2030,74.4698279724121,GW2-IIIb,GW2b,GW2,ok
IMAGE 3.3,NAVIGATE Demand-1.5°C-ele_u,1,World,Primary Energy|Non-Biomass Renewables,EJ/yr,2025,35.1337367553711,GW2-IIIb,GW2b,GW2,ok
IMAGE 3.3,NAVIGATE Demand-1.5°C-ele_u,1,World,Primary Energy|Non-Biomass Renewables,EJ/yr,2020,26.36861126708984,GW2-IIIb,GW2b,GW2,ok
IMAGE 3.3,NAVIGATE Demand-1.5°C-ele_u,1,World,Primary Energy|Non-Biomass Renewables,EJ/yr,2040,174.0313884887695,GW2-IIIb,GW2b,GW2,ok
IMAGE 3.3,NAVIGATE Demand-1.5°C-ele_u,1,World,Primary Energy|Nuclear,EJ/yr,2100,38.42648828125,GW2-IIIb,GW2b,GW2,ok
IMAGE 3.3,NAVIGATE Demand-1.5°C-ele_u,1,World,Primary Energy|Nuclear,EJ/yr,2090,39.27601953125,GW2-IIIb,GW2b,GW2,ok
IMAGE 3.3,NAVIGATE Demand-1.5°C-ele_u,1,World,Primary Energy|Nuclear,EJ/yr,2080,32.8003984375,GW2-IIIb,GW2b,GW2,ok
IMAGE 3.3,NAVIGATE Demand-1.5°C-ele_u,1,World,Primary Energy|Nuclear,EJ/yr,2070,27.130869140625,GW2-IIIb,GW2b,GW2,ok
IMAGE 3.3,NAVIGATE Demand-1.5°C-ele_u,1,World,Primary Energy|Nuclear,EJ/yr,2060,15.0155,GW2-IIIb,GW2b,GW2,ok
IMAGE 3.3,NAVIGATE Demand-1.5°C-ele_u,1,World,Primary Energy|Nuclear,EJ/yr,2050,7.78738818359375,GW2-IIIb,GW2b,GW2,ok
IMAGE 3.3,NAVIGATE Demand-1.5°C-ele_u,1,World,Primary Energy|Nuclear,EJ/yr,2045,7.7966708984375,GW2-IIIb,GW2b,GW2,ok
IMAGE 3.3,NAVIGATE Demand-1.5°C-ele_u,1,World,Primary Energy|Nuclear,EJ/yr,2030,9.962630859375,GW2-IIIb,GW2b,GW2,ok
IMAGE 3.3,NAVIGATE Demand-1.5°C-ele_u,1,World,Primary Energy|Nuclear,EJ/yr,2035,9.08199609375,GW2-IIIb,GW2b,GW2,ok
IMAGE 3.3,NAVIGATE Demand-1.5°C-ele_u,1,World,Primary Energy|Nuclear,EJ/yr,2025,9.826569335937501,GW2-IIIb,GW2b,GW2,ok
IMAGE 3.3,NAVIGATE Demand-1.5°C-ele_u,1,World,Primary Energy|Nuclear,EJ/yr,2020,9.6306220703125,GW2-IIIb,GW2b,GW2,ok
IMAGE 3.3,NAVIGATE Demand-1.5°C-ele_u,1,World,Primary Energy|Nuclear,EJ/yr,2040,8.802392578125,GW2-IIIb,GW2b,GW2,ok
IMAGE 3.3,NAVIGATE Demand-1.5°C-ele_u,1,World,Primary Energy|Oil,EJ/yr,2060,36.11278125,GW2-IIIb,GW2b,GW2,ok
IMAGE 3.3,NAVIGATE Demand-1.5°C-ele_u,1,World,Primary Energy|Oil,EJ/yr,2070,31.39641015625,GW2-IIIb,GW2b,GW2,ok
IMAGE 3.3,NAVIGATE Demand-1.5°C-ele_u,1,World,Primary Energy|Oil,EJ/yr,2050,44.913890625,GW2-IIIb,GW2b,GW2,ok
IMAGE 3.3,NAVIGATE Demand-1.5°C-ele_u,1,World,Primary Energy|Oil,EJ/yr,2090,29.998439453125,GW2-IIIb,GW2b,GW2,ok
IMAGE 3.3,NAVIGATE Demand-1.5°C-ele_u,1,World,Primary Energy|Oil,EJ/yr,2100,28.6745390625,GW2-IIIb,GW2b,GW2,ok
IMAGE 3.3,NAVIGATE Demand-1.5°C-ele_u,1,World,Primary Energy|Oil,EJ/yr,2080,30.267189453125,GW2-IIIb,GW2b,GW2,ok
IMAGE 3.3,NAVIGATE Demand-1.5°C-ele_u,1,World,Primary Energy|Oil,EJ/yr,2045,55.50094140625,GW2-IIIb,GW2b,GW2,ok
IMAGE 3.3,NAVIGATE Demand-1.5°C-ele_u,1,World,Primary Energy|Oil,EJ/yr,2035,107.4395,GW2-IIIb,GW2b,GW2,ok
IMAGE 3.3,NAVIGATE Demand-1.5°C-ele_u,1,World,Primary Energy|Oil,EJ/yr,2030,148.740796875,GW2-IIIb,GW2b,GW2,ok
IMAGE 3.3,NAVIGATE Demand-1.5°C-ele_u,1,World,Primary Energy|Oil,EJ/yr,2025,190.301296875,GW2-IIIb,GW2b,GW2,ok
IMAGE 3.3,NAVIGATE Demand-1.5°C-ele_u,1,World,Primary Energy|Oil,EJ/yr,2020,169.82009375,GW2-IIIb,GW2b,GW2,ok
IMAGE 3.3,NAVIGATE Demand-1.5°C-ele_u,1,World,Primary Energy|Oil,EJ/yr,2040,73.83928125,GW2-IIIb,GW2b,GW2,ok
MESSAGEix-GLOBIOM 2.0-M-R12-NGFS,NGFS Phase 5-Below 2°C,1,World,Capacity|Electricity|Solar|PV,GW,2050,12147.8582165892,GW3-IIb,GW3b,GW3,ok
MESSAGEix-GLOBIOM 2.0-M-R12-NGFS,NGFS Phase 5-Below 2°C,1,World,Capacity|Electricity|Solar|PV,GW,2090,28184.90389081773,GW3-IIb,GW3b,GW3,ok
MESSAGEix-GLOBIOM 2.0-M-R12-NGFS,NGFS Phase 5-Below 2°C,1,World,Capacity|Electricity|Solar|PV,GW,2080,25400.11063800754,GW3-IIb,GW3b,GW3,ok
MESSAGEix-GLOBIOM 2.0-M-R12-NGFS,NGFS Phase 5-Below 2°C,1,World,Capacity|Electricity|Solar|PV,GW,2070,20766.42077580261,GW3-IIb,GW3b,GW3,ok
MESSAGEix-GLOBIOM 2.0-M-R12-NGFS,NGFS Phase 5-Below 2°C,1,World,Capacity|Electricity|Solar|PV,GW,2060,17052.43902004256,GW3-IIb,GW3b,GW3,ok
MESSAGEix-GLOBIOM 2.0-M-R12-NGFS,NGFS Phase 5-Below 2°C,1,World,Capacity|Electricity|Solar|PV,GW,2055,14880.8072581693,GW3-IIb,GW3b,GW3,ok
MESSAGEix-GLOBIOM 2.0-M-R12-NGFS,NGFS Phase 5-Below 2°C,1,World,Capacity|Electricity|Solar|PV,GW,2045,9136.632602328636,GW3-IIb,GW3b,GW3,ok
MESSAGEix-GLOBIOM 2.0-M-R12-NGFS,NGFS Phase 5-Below 2°C,1,World,Capacity|Electricity|Solar|PV,GW,2100,28773.32963928478,GW3-IIb,GW3b,GW3,ok
MESSAGEix-GLOBIOM 2.0-M-R12-NGFS,NGFS Phase 5-Below 2°C,1,World,Capacity|Electricity|Solar|PV,GW,2035,4524.871911822391,GW3-IIb,GW3b,GW3,ok
MESSAGEix-GLOBIOM 2.0-M-R12-NGFS,NGFS Phase 5-Below 2°C,1,World,Capacity|Electricity|Solar|PV,GW,2040,6686.275915019374,GW3-IIb,GW3b,GW3,ok
MESSAGEix-GLOBIOM 2.0-M-R12-NGFS,NGFS Phase 5-Below 2°C,1,World,Capacity|Electricity|Solar|PV,GW,2025,2243.301316420393,GW3-IIb,GW3b,GW3,ok
MESSAGEix-GLOBIOM 2.0-M-R12-NGFS,NGFS Phase 5-Below 2°C,1,World,Capacity|Electricity|Solar|PV,GW,2030,3162.88601851899,GW3-IIb,GW3b,GW3,ok
MESSAGEix-GLOBIOM 2.0-M-R12-NGFS,NGFS Phase 5-Below 2°C,1,World,Capacity|Electricity|Solar|PV,GW,2020,768.3420349881794,GW3-IIb,GW3b,GW3,ok
MESSAGEix-GLOBIOM 2.0-M-R12-NGFS,NGFS Phase 5-Below 2°C,1,World,Capacity|Electricity|Wind,GW,2100,20049.99585090073,GW3-IIb,GW3b,GW3,ok
MESSAGEix-GLOBIOM 2.0-M-R12-NGFS,NGFS Phase 5-Below 2°C,1,World,Capacity|Electricity|Wind,GW,2090,18448.36349666535,GW3-IIb,GW3b,GW3,ok
MESSAGEix-GLOBIOM 2.0-M-R12-NGFS,NGFS Phase 5-Below 2°C,1,World,Capacity|Electricity|Wind,GW,2080,17049.32271610127,GW3-IIb,GW3b,GW3,ok
MESSAGEix-GLOBIOM 2.0-M-R12-NGFS,NGFS Phase 5-Below 2°C,1,World,Capacity|Electricity|Wind,GW,2070,13525.80134415578,GW3-IIb,GW3b,GW3,ok
MESSAGEix-GLOBIOM 2.0-M-R12-NGFS,NGFS Phase 5-Below 2°C,1,World,Capacity|Electricity|Wind,GW,2060,10898.13441289704,GW3-IIb,GW3b,GW3,ok
MESSAGEix-GLOBIOM 2.0-M-R12-NGFS,NGFS Phase 5-Below 2°C,1,World,Capacity|Electricity|Wind,GW,2050,7950.992877427541,GW3-IIb,GW3b,GW3,ok
MESSAGEix-GLOBIOM 2.0-M-R12-NGFS,NGFS Phase 5-Below 2°C,1,World,Capacity|Electricity|Wind,GW,2055,9936.583690630334,GW3-IIb,GW3b,GW3,ok
MESSAGEix-GLOBIOM 2.0-M-R12-NGFS,NGFS Phase 5-Below 2°C,1,World,Capacity|Electricity|Wind,GW,2035,2552.031620775224,GW3-IIb,GW3b,GW3,ok
MESSAGEix-GLOBIOM 2.0-M-R12-NGFS,NGFS Phase 5-Below 2°C,1,World,Capacity|Electricity|Wind,GW,2030,1693.946678648569,GW3-IIb,GW3b,GW3,ok
MESSAGEix-GLOBIOM 2.0-M-R12-NGFS,NGFS Phase 5-Below 2°C,1,World,Capacity|Electricity|Wind,GW,2025,1226.883769758736,GW3-IIb,GW3b,GW3,ok
MESSAGEix-GLOBIOM 2.0-M-R12-NGFS,NGFS Phase 5-Below 2°C,1,World,Capacity|Electricity|Wind,GW,2020,722.9094420215255,GW3-IIb,GW3b,GW3,ok
MESSAGEix-GLOBIOM 2.0-M-R12-NGFS,NGFS Phase 5-Below 2°C,1,World,Capacity|Electricity|Wind,GW,2040,3600.792647487988,GW3-IIb,GW3b,GW3,ok
MESSAGEix-GLOBIOM 2.0-M-R12-NGFS,NGFS Phase 5-Below 2°C,1,World,Capacity|Electricity|Wind,GW,2045,5857.404930675954,GW3-IIb,GW3b,GW3,ok
MESSAGEix-GLOBIOM 2.0-M-R12-NGFS,NGFS Phase 5-Below 2°C,1,World,Carbon Capture|Geological Storage|Biomass,Mt CO2/yr,2055,637.0400801382071,GW3-IIb,GW3b,GW3,ok
MESSAGEix-GLOBIOM 2.0-M-R12-NGFS,NGFS Phase 5-Below 2°C,1,World,Carbon Capture|Geological Storage|Biomass,Mt CO2/yr,2100,1538.455830041162,GW3-IIb,GW3b,GW3,ok
MESSAGEix-GLOBIOM 2.0-M-R12-NGFS,NGFS Phase 5-Below 2°C,1,World,Carbon Capture|Geological Storage|Biomass,Mt CO2/yr,2090,1538.903798244851,GW3-IIb,GW3b,GW3,ok
MESSAGEix-GLOBIOM 2.0-M-R12-NGFS,NGFS Phase 5-Below 2°C,1,World,Carbon Capture|Geological Storage|Biomass,Mt CO2/yr,2080,1539.053369663144,GW3-IIb,GW3b,GW3,ok
MESSAGEix-GLOBIOM 2.0-M-R12-NGFS,NGFS Phase 5-Below 2°C,1,World,Carbon Capture|Geological Storage|Biomass,Mt CO2/yr,2070,1395.891147321358,GW3-IIb,GW3b,GW3,ok
MESSAGEix-GLOBIOM 2.0-M-R12-NGFS,NGFS Phase 5-Below 2°C,1,World,Carbon Capture|Geological Storage|Biomass,Mt CO2/yr,2060,823.4315114767642,GW3-IIb,GW3b,GW3,ok
MESSAGEix-GLOBIOM 2.0-M-R12-NGFS,NGFS Phase 5-Below 2°C,1,World,Carbon Capture|Geological Storage|Biomass,Mt CO2/yr,2045,303.4294898055686,GW3-IIb,GW3b,GW3,ok
MESSAGEix-GLOBIOM 2.0-M-R12-NGFS,NGFS Phase 5-Below 2°C,1,World,Carbon Capture|Geological Storage|Biomass,Mt CO2/yr,2050,450.9389661557577,GW3-IIb,GW3b,GW3,ok
MESSAGEix-GLOBIOM 2.0-M-R12-NGFS,NGFS Phase 5-Below 2°C,1,World,Carbon Capture|Geological Storage|Biomass,Mt CO2/yr,2040,165.1256287424322,GW3-IIb,GW3b,GW3,ok
MESSAGEix-GLOBIOM 2.0-M-R12-NGFS,NGFS Phase 5-Below 2°C,1,World,Carbon Capture|Geological Storage|Biomass,Mt CO2/yr,2035,78.81060957256653,GW3-IIb,GW3b,GW3,ok
MESSAGEix-GLOBIOM 2.0-M-R12-NGFS,NGFS Phase 5-Below 2°C,1,World,Carbon Capture|Geological Storage|Biomass,Mt CO2/yr,2030,27.7475599140562,GW3-IIb,GW3b,GW3,ok
MESSAGEix-GLOBIOM 2.0-M-R12-NGFS,NGFS Phase 5-Below 2°C,1,World,Carbon Capture|Geological Storage|Biomass,Mt CO2/yr,2025,0.0,GW3-IIb,GW3b,GW3,ok
MESSAGEix-GLOBIOM 2.0-M-R12-NGFS,NGFS Phase 5-Below 2°C,1,World,Carbon Capture|Geological Storage|Biomass,Mt CO2/yr,2020,0.0,GW3-IIb,GW3b,GW3,ok
MESSAGEix-GLOBIOM 2.0-M-R12-NGFS,NGFS Phase 5-Below 2°C,1,World,Carbon Removal|Land Use,Mt CO2/yr,2055,4572.543310104827,GW3-IIb,GW3b,GW3,ok
MESSAGEix-GLOBIOM 2.0-M-R12-NGFS,NGFS Phase 5-Below 2°C,1,World,Carbon Removal|Land Use,Mt CO2/yr,2100,6531.788553006769,GW3-IIb,GW3b,GW3,ok
MESSAGEix-GLOBIOM 2.0-M-R12-NGFS,NGFS Phase 5-Below 2°C,1,World,Carbon Removal|Land Use,Mt CO2/yr,2090,6659.619820895401,GW3-IIb,GW3b,GW3,ok
MESSAGEix-GLOBIOM 2.0-M-R12-NGFS,NGFS Phase 5-Below 2°C,1,World,Carbon Removal|Land Use,Mt CO2/yr,2080,6511.426498244216,GW3-IIb,GW3b,GW3,ok
MESSAGEix-GLOBIOM 2.0-M-R12-NGFS,NGFS Phase 5-Below 2°C,1,World,Carbon Removal|Land Use,Mt CO2/yr,2070,5989.190954538733,GW3-IIb,GW3b,GW3,ok
MESSAGEix-GLOBIOM 2.0-M-R12-NGFS,NGFS Phase 5-Below 2°C,1,World,Carbon Removal|Land Use,Mt CO2/yr,2060,5098.899057017931,GW3-IIb,GW3b,GW3,ok
MESSAGEix-GLOBIOM 2.0-M-R12-NGFS,NGFS Phase 5-Below 2°C,1,World,Carbon Removal|Land Use,Mt CO2/yr,2050,4045.393587667381,GW3-IIb,GW3b,GW3,ok
MESSAGEix-GLOBIOM 2.0-M-R12-NGFS,NGFS Phase 5-Below 2°C,1,World,Carbon Removal|Land Use,Mt CO2/yr,2040,2979.368872289563,GW3-IIb,GW3b,GW3,ok
MESSAGEix-GLOBIOM 2.0-M-R12-NGFS,NGFS Phase 5-Below 2°C,1,World,Carbon Removal|Land Use,Mt CO2/yr,2035,2360.562646803047,GW3-IIb,GW3b,GW3,ok
MESSAGEix-GLOBIOM 2.0-M-R12-NGFS,NGFS Phase 5-Below 2°C,1,World,Carbon Removal|Land Use,Mt CO2/yr,2030,1750.681212545313,GW3-IIb,GW3b,GW3,ok
MESSAGEix-GLOBIOM 2.0-M-R12-NGFS,NGFS Phase 5-Below 2°C,1,World,Carbon Removal|Land Use,Mt CO2/yr,2025,1180.7076,GW3-IIb,GW3b,GW3,ok
MESSAGEix-GLOBIOM 2.0-M-R12-NGFS,NGFS Phase 5-Below 2°C,1,World,Carbon Removal|Land Use,Mt CO2/yr,2020,919.443,GW3-IIb,GW3b,GW3,ok
MESSAGEix-GLOBIOM 2.0-M-R12-NGFS,NGFS Phase 5-Below 2°C,1,World,Carbon Removal|Land Use,Mt CO2/yr,2045,3522.385324178782,GW3-IIb,GW3b,GW3,ok
MESSAGEix-GLOBIOM 2.0-M-R12-NGFS,NGFS Phase 5-Below 2°C,1,World,Emissions|CO2,Mt CO2/yr,2100,7.385712833872731,GW3-IIb,GW3b,GW3,ok
MESSAGEix-GLOBIOM 2.0-M-R12-NGFS,NGFS Phase 5-Below 2°C,1,World,Emissions|CO2,Mt CO2/yr,2090,10.36483771534449,GW3-IIb,GW3b,GW3,ok
MESSAGEix-GLOBIOM 2.0-M-R12-NGFS,NGFS Phase 5-Below 2°C,1,World,Emissions|CO2,Mt CO2/yr,2080,568.5173043553104,GW3-IIb,GW3b,GW3,ok
MESSAGEix-GLOBIOM 2.0-M-R12-NGFS,NGFS Phase 5-Below 2°C,1,World,Emissions|CO2,Mt CO2/yr,2070,3646.059881364054,GW3-IIb,GW3b,GW3,ok
MESSAGEix-GLOBIOM 2.0-M-R12-NGFS,NGFS Phase 5-Below 2°C,1,World,Emissions|CO2,Mt CO2/yr,2060,7196.747820987588,GW3-IIb,GW3b,GW3,ok
MESSAGEix-GLOBIOM 2.0-M-R12-NGFS,NGFS Phase 5-Below 2°C,1,World,Emissions|CO2,Mt CO2/yr,2055,9215.979229837583,GW3-IIb,GW3b,GW3,ok
MESSAGEix-GLOBIOM 2.0-M-R12-NGFS,NGFS Phase 5-Below 2°C,1,World,Emissions|CO2,Mt CO2/yr,2050,12903.98238070846,GW3-IIb,GW3b,GW3,ok
MESSAGEix-GLOBIOM 2.0-M-R12-NGFS,NGFS Phase 5-Below 2°C,1,World,Emissions|CO2,Mt CO2/yr,2045,17540.97677119681,GW3-IIb,GW3b,GW3,ok
MESSAGEix-GLOBIOM 2.0-M-R12-NGFS,NGFS Phase 5-Below 2°C,1,World,Emissions|CO2,Mt CO2/yr,2035,28906.75312741041,GW3-IIb,GW3b,GW3,ok
MESSAGEix-GLOBIOM 2.0-M-R12-NGFS,NGFS Phase 5-Below 2°C,1,World,Emissions|CO2,Mt CO2/yr,2030,34774.77053648137,GW3-IIb,GW3b,GW3,ok
MESSAGEix-GLOBIOM 2.0-M-R12-NGFS,NGFS Phase 5-Below 2°C,1,World,Emissions|CO2,Mt CO2/yr,2025,41555.34680179472,GW3-IIb,GW3b,GW3,ok
MESSAGEix-GLOBIOM 2.0-M-R12-NGFS,NGFS Phase 5-Below 2°C,1,World,Emissions|CO2,Mt CO2/yr,2020,44751.08876115071,GW3-IIb,GW3b,GW3,ok
MESSAGEix-GLOBIOM 2.0-M-R12-NGFS,NGFS Phase 5-Below 2°C,1,World,Emissions|CO2,Mt CO2/yr,2040,23107.39027416548,GW3-IIb,GW3b,GW3,ok
MESSAGEix-GLOBIOM 2.0-M-R12-NGFS,NGFS Phase 5-Below 2°C,1,World,Final Energy,EJ/yr,2100,581.4017791246305,GW3-IIb,GW3b,GW3,ok
MESSAGEix-GLOBIOM 2.0-M-R12-NGFS,NGFS Phase 5-Below 2°C,1,World,Final Energy,EJ/yr,2090,546.8563097461092,GW3-IIb,GW3b,GW3,ok
MESSAGEix-GLOBIOM 2.0-M-R12-NGFS,NGFS Phase 5-Below 2°C,1,World,Final Energy,EJ/yr,2080,509.9524478956018,GW3-IIb,GW3b,GW3,ok
MESSAGEix-GLOBIOM 2.0-M-R12-NGFS,NGFS Phase 5-Below 2°C,1,World,Final Energy,EJ/yr,2070,478.2770514953462,GW3-IIb,GW3b,GW3,ok
MESSAGEix-GLOBIOM 2.0-M-R12-NGFS,NGFS Phase 5-Below 2°C,1,World,Final Energy,EJ/yr,2060,450.1089987773877,GW3-IIb,GW3b,GW3,ok
MESSAGEix-GLOBIOM 2.0-M-R12-NGFS,NGFS Phase 5-Below 2°C,1,World,Final Energy,EJ/yr,2055,436.5231200208581,GW3-IIb,GW3b,GW3,ok
MESSAGEix-GLOBIOM 2.0-M-R12-NGFS,NGFS Phase 5-Below 2°C,1,World,Final Energy,EJ/yr,2050,429.7964868979126,GW3-IIb,GW3b,GW3,ok
MESSAGEix-GLOBIOM 2.0-M-R12-NGFS,NGFS Phase 5-Below 2°C,1,World,Final Energy,EJ/yr,2045,428.2189296873087,GW3-IIb,GW3b,GW3,ok
MESSAGEix-GLOBIOM 2.0-M-R12-NGFS,NGFS Phase 5-Below 2°C,1,World,Final Energy,EJ/yr,2035,434.7571791505315,GW3-IIb,GW3b,GW3,ok
MESSAGEix-GLOBIOM 2.0-M-R12-NGFS,NGFS Phase 5-Below 2°C,1,World,Final Energy,EJ/yr,2030,438.297788710187,GW3-IIb,GW3b,GW3,ok
MESSAGEix-GLOBIOM 2.0-M-R12-NGFS,NGFS Phase 5-Below 2°C,1,World,Final Energy,EJ/yr,2025,443.8794908700044,GW3-IIb,GW3b,GW3,ok
MESSAGEix-GLOBIOM 2.0-M-R12-NGFS,NGFS Phase 5-Below 2°C,1,World,Final Energy,EJ/yr,2020,411.9207508509696,GW3-IIb,GW3b,GW3,ok
MESSAGEix-GLOBIOM 2.0-M-R12-NGFS,NGFS Phase 5-Below 2°C,1,World,Final Energy,EJ/yr,2040,429.3786840315337,GW3-IIb,GW3b,GW3,ok
MESSAGEix-GLOBIOM 2.0-M-R12-NGFS,NGFS Phase 5-Below 2°C,1,World,Final Energy|Electricity,EJ/yr,2050,176.2133878891493,GW3-IIb,GW3b,GW3,ok
MESSAGEix-GLOBIOM 2.0-M-R12-NGFS,NGFS Phase 5-Below 2°C,1,World,Final Energy|Electricity,EJ/yr,2090,277.3163762046441,GW3-IIb,GW3b,GW3,ok
MESSAGEix-GLOBIOM 2.0-M-R12-NGFS,NGFS Phase 5-Below 2°C,1,World,Final Energy|Electricity,EJ/yr,2080,254.7634087622204,GW3-IIb,GW3b,GW3,ok
MESSAGEix-GLOBIOM 2.0-M-R12-NGFS,NGFS Phase 5-Below 2°C,1,World,Final Energy|Electricity,EJ/yr,2070,233.1571415294812,GW3-IIb,GW3b,GW3,ok
MESSAGEix-GLOBIOM 2.0-M-R12-NGFS,NGFS Phase 5-Below 2°C,1,World,Final Energy|Electricity,EJ/yr,2060,206.7352654242672,GW3-IIb,GW3b,GW3,ok
MESSAGEix-GLOBIOM 2.0-M-R12-NGFS,NGFS Phase 5-Below 2°C,1,World,Final Energy|Electricity,EJ/yr,2055,193.4003377631668,GW3-IIb,GW3b,GW3,ok
MESSAGEix-GLOBIOM 2.0-M-R12-NGFS,NGFS Phase 5-Below 2°C,1,World,Final Energy|Electricity,EJ/yr,2045,156.8526264433769,GW3-IIb,GW3b,GW3,ok
MESSAGEix-GLOBIOM 2.0-M-R12-NGFS,NGFS Phase 5-Below 2°C,1,World,Final Energy|Electricity,EJ/yr,2100,296.7168837238758,GW3-IIb,GW3b,GW3,ok
MESSAGEix-GLOBIOM 2.0-M-R12-NGFS,NGFS Phase 5-Below 2°C,1,World,Final Energy|Electricity,EJ/yr,2035,120.827036365669,GW3-IIb,GW3b,GW3,ok
MESSAGEix-GLOBIOM 2.0-M-R12-NGFS,NGFS Phase 5-Below 2°C,1,World,Final Energy|Electricity,EJ/yr,2040,137.0821565623278,GW3-IIb,GW3b,GW3,ok
MESSAGEix-GLOBIOM 2.0-M-R12-NGFS,NGFS Phase 5-Below 2°C,1,World,Final Energy|Electricity,EJ/yr,2025,95.89823414691692,GW3-IIb,GW3b,GW3,ok
MESSAGEix-GLOBIOM 2.0-M-R12-NGFS,NGFS Phase 5-Below 2°C,1,World,Final Energy|Electricity,EJ/yr,2030,106.7633919616157,GW3-IIb,GW3b,GW3,ok
MESSAGEix-GLOBIOM 2.0-M-R12-NGFS,NGFS Phase 5-Below 2°C,1,World,Final Energy|Electricity,EJ/yr,2020,81.89456669468369,GW3-IIb,GW3b,GW3,ok
MESSAGEix-GLOBIOM 2.0-M-R12-NGFS,NGFS Phase 5-Below 2°C,1,World,Food Availability|Crops [per capita],kcal/cap/day,2090,1495.24429449015,GW3-IIb,GW3b,GW3,ok
MESSAGEix-GLOBIOM 2.0-M-R12-NGFS,NGFS Phase 5-Below 2°C,1,World,Food Availability|Crops [per capita],kcal/cap/day,2080,1488.711841657876,GW3-IIb,GW3b,GW3,ok
MESSAGEix-GLOBIOM 2.0-M-R12-NGFS,NGFS Phase 5-Below 2°C,1,World,Food Availability|Crops [per capita],kcal/cap/day,2070,1484.189603610814,GW3-IIb,GW3b,GW3,ok
MESSAGEix-GLOBIOM 2.0-M-R12-NGFS,NGFS Phase 5-Below 2°C,1,World,Food Availability|Crops [per capita],kcal/cap/day,2060,1480.082385846964,GW3-IIb,GW3b,GW3,ok
MESSAGEix-GLOBIOM 2.0-M-R12-NGFS,NGFS Phase 5-Below 2°C,1,World,Food Availability|Crops [per capita],kcal/cap/day,2055,1477.438761911263,GW3-IIb,GW3b,GW3,ok
MESSAGEix-GLOBIOM 2.0-M-R12-NGFS,NGFS Phase 5-Below 2°C,1,World,Food Availability|Crops [per capita],kcal/cap/day,2050,1474.989955190217,GW3-IIb,GW3b,GW3,ok
MESSAGEix-GLOBIOM 2.0-M-R12-NGFS,NGFS Phase 5-Below 2°C,1,World,Food Availability|Crops [per capita],kcal/cap/day,2045,1474.555956915564,GW3-IIb,GW3b,GW3,ok
MESSAGEix-GLOBIOM 2.0-M-R12-NGFS,NGFS Phase 5-Below 2°C,1,World,Food Availability|Crops [per capita],kcal/cap/day,2100,1499.014973784672,GW3-IIb,GW3b,GW3,ok
MESSAGEix-GLOBIOM 2.0-M-R12-NGFS,NGFS Phase 5-Below 2°C,1,World,Food Availability|Crops [per capita],kcal/cap/day,2035,1474.603611625912,GW3-IIb,GW3b,GW3,ok
MESSAGEix-GLOBIOM 2.0-M-R12-NGFS,NGFS Phase 5-Below 2°C,1,World,Food Availability|Crops [per capita],kcal/cap/day,2030,1473.989946405833,GW3-IIb,GW3b,GW3,ok
MESSAGEix-GLOBIOM 2.0-M-R12-NGFS,NGFS Phase 5-Below 2°C,1,World,Food Availability|Crops [per capita],kcal/cap/day,2025,1470.031426455954,GW3-IIb,GW3b,GW3,ok
MESSAGEix-GLOBIOM 2.0-M-R12-NGFS,NGFS Phase 5-Below 2°C,1,World,Food Availability|Crops [per capita],kcal/cap/day,2020,1463.390198539079,GW3-IIb,GW3b,GW3,ok
MESSAGEix-GLOBIOM 2.0-M-R12-NGFS,NGFS Phase 5-Below 2°C,1,World,Food Availability|Crops [per capita],kcal/cap/day,2040,1474.960453204833,GW3-IIb,GW3b,GW3,ok
MESSAGEix-GLOBIOM 2.0-M-R12-NGFS,NGFS Phase 5-Below 2°C,1,World,Food Availability|Livestock [per capita],kcal/cap/day,2100,507.9196717314329,GW3-IIb,GW3b,GW3,ok
MESSAGEix-GLOBIOM 2.0-M-R12-NGFS,NGFS Phase 5-Below 2°C,1,World,Food Availability|Livestock [per capita],kcal/cap/day,2090,495.7731183981161,GW3-IIb,GW3b,GW3,ok
MESSAGEix-GLOBIOM 2.0-M-R12-NGFS,NGFS Phase 5-Below 2°C,1,World,Food Availability|Livestock [per capita],kcal/cap/day,2080,484.6475577784154,GW3-IIb,GW3b,GW3,ok
MESSAGEix-GLOBIOM 2.0-M-R12-NGFS,NGFS Phase 5-Below 2°C,1,World,Food Availability|Livestock [per capita],kcal/cap/day,2070,477.2736797444697,GW3-IIb,GW3b,GW3,ok
MESSAGEix-GLOBIOM 2.0-M-R12-NGFS,NGFS Phase 5-Below 2°C,1,World,Food Availability|Livestock [per capita],kcal/cap/day,2060,470.5105316993922,GW3-IIb,GW3b,GW3,ok
MESSAGEix-GLOBIOM 2.0-M-R12-NGFS,NGFS Phase 5-Below 2°C,1,World,Food Availability|Livestock [per capita],kcal/cap/day,2055,467.4817465848536,GW3-IIb,GW3b,GW3,ok
MESSAGEix-GLOBIOM 2.0-M-R12-NGFS,NGFS Phase 5-Below 2°C,1,World,Food Availability|Livestock [per capita],kcal/cap/day,2050,464.6422936519843,GW3-IIb,GW3b,GW3,ok
MESSAGEix-GLOBIOM 2.0-M-R12-NGFS,NGFS Phase 5-Below 2°C,1,World,Food Availability|Livestock [per capita],kcal/cap/day,2040,459.8335568244852,GW3-IIb,GW3b,GW3,ok
MESSAGEix-GLOBIOM 2.0-M-R12-NGFS,NGFS Phase 5-Below 2°C,1,World,Food Availability|Livestock [per capita],kcal/cap/day,2035,456.0096180362104,GW3-IIb,GW3b,GW3,ok
MESSAGEix-GLOBIOM 2.0-M-R12-NGFS,NGFS Phase 5-Below 2°C,1,World,Food Availability|Livestock [per capita],kcal/cap/day,2030,451.6204312346121,GW3-IIb,GW3b,GW3,ok
MESSAGEix-GLOBIOM 2.0-M-R12-NGFS,NGFS Phase 5-Below 2°C,1,World,Food Availability|Livestock [per capita],kcal/cap/day,2025,444.0882963699156,GW3-IIb,GW3b,GW3,ok
MESSAGEix-GLOBIOM 2.0-M-R12-NGFS,NGFS Phase 5-Below 2°C,1,World,Food Availability|Livestock [per capita],kcal/cap/day,2020,433.3515182277227,GW3-IIb,GW3b,GW3,ok
MESSAGEix-GLOBIOM 2.0-M-R12-NGFS,NGFS Phase 5-Below 2°C,1,World,Food Availability|Livestock [per capita],kcal/cap/day,2045,462.1791335710747,GW3-IIb,GW3b,GW3,ok
MESSAGEix-GLOBIOM 2.0-M-R12-NGFS,NGFS Phase 5-Below 2°C,1,World,GDP|MER,billion USD_2010/yr,2100,632956.0444707973,GW3-IIb,GW3b,GW3,ok
MESSAGEix-GLOBIOM 2.0-M-R12-NGFS,NGFS Phase 5-Below 2°C,1,World,GDP|MER,billion USD_2010/yr,2090,531980.730297803,GW3-IIb,GW3b,GW3,ok
MESSAGEix-GLOBIOM 2.0-M-R12-NGFS,NGFS Phase 5-Below 2°C,1,World,GDP|MER,billion USD_2010/yr,2080,440124.6394928003,GW3-IIb,GW3b,GW3,ok
MESSAGEix-GLOBIOM 2.0-M-R12-NGFS,NGFS Phase 5-Below 2°C,1,World,GDP|MER,billion USD_2010/yr,2070,357959.2663837196,GW3-IIb,GW3b,GW3,ok
MESSAGEix-GLOBIOM 2.0-M-R12-NGFS,NGFS Phase 5-Below 2°C,1,World,GDP|MER,billion USD_2010/yr,2060,283136.2415704159,GW3-IIb,GW3b,GW3,ok
MESSAGEix-GLOBIOM 2.0-M-R12-NGFS,NGFS Phase 5-Below 2°C,1,World,GDP|MER,billion USD_2010/yr,2055,249790.9456518592,GW3-IIb,GW3b,GW3,ok
MESSAGEix-GLOBIOM 2.0-M-R12-NGFS,NGFS Phase 5-Below 2°C,1,World,GDP|MER,billion USD_2010/yr,2050,220358.1188716628,GW3-IIb,GW3b,GW3,ok
MESSAGEix-GLOBIOM 2.0-M-R12-NGFS,NGFS Phase 5-Below 2°C,1,World,GDP|MER,billion USD_2010/yr,2045,192229.0744680958,GW3-IIb,GW3b,GW3,ok
MESSAGEix-GLOBIOM 2.0-M-R12-NGFS,NGFS Phase 5-Below 2°C,1,World,GDP|MER,billion USD_2010/yr,2035,143158.0603418196,GW3-IIb,GW3b,GW3,ok
MESSAGEix-GLOBIOM 2.0-M-R12-NGFS,NGFS Phase 5-Below 2°C,1,World,GDP|MER,billion USD_2010/yr,2030,121218.4589570007,GW3-IIb,GW3b,GW3,ok
MESSAGEix-GLOBIOM 2.0-M-R12-NGFS,NGFS Phase 5-Below 2°C,1,World,GDP|MER,billion USD_2010/yr,2025,98880.76696224349,GW3-IIb,GW3b,GW3,ok
MESSAGEix-GLOBIOM 2.0-M-R12-NGFS,NGFS Phase 5-Below 2°C,1,World,GDP|MER,billion USD_2010/yr,2020,71023.82956538288,GW3-IIb,GW3b,GW3,ok
MESSAGEix-GLOBIOM 2.0-M-R12-NGFS,NGFS Phase 5-Below 2°C,1,World,GDP|MER,billion USD_2010/yr,2040,167192.2049685901,GW3-IIb,GW3b,GW3,ok
MESSAGEix-GLOBIOM 2.0-M-R12-NGFS,NGFS Phase 5-Below 2°C,1,World,Investment|Energy Supply,billion USD_2010/yr,2100,2501.623379496773,GW3-IIb,GW3b,GW3,ok
MESSAGEix-GLOBIOM 2.0-M-R12-NGFS,NGFS Phase 5-Below 2°C,1,World,Investment|Energy Supply,billion USD_2010/yr,2090,2115.538583917588,GW3-IIb,GW3b,GW3,ok
MESSAGEix-GLOBIOM 2.0-M-R12-NGFS,NGFS Phase 5-Below 2°C,1,World,Investment|Energy Supply,billion USD_2010/yr,2080,2322.793639941527,GW3-IIb,GW3b,GW3,ok
MESSAGEix-GLOBIOM 2.0-M-R12-NGFS,NGFS Phase 5-Below 2°C,1,World,Investment|Energy Supply,billion USD_2010/yr,2070,1721.706971864968,GW3-IIb,GW3b,GW3,ok
MESSAGEix-GLOBIOM 2.0-M-R12-NGFS,NGFS Phase 5-Below 2°C,1,World,Investment|Energy Supply,billion USD_2010/yr,2060,1630.345691957906,GW3-IIb,GW3b,GW3,ok
MESSAGEix-GLOBIOM 2.0-M-R12-NGFS,NGFS Phase 5-Below 2°C,1,World,Investment|Energy Supply,billion USD_2010/yr,2050,2021.869606302482,GW3-IIb,GW3b,GW3,ok
MESSAGEix-GLOBIOM 2.0-M-R12-NGFS,NGFS Phase 5-Below 2°C,1,World,Investment|Energy Supply,billion USD_2010/yr,2045,2001.812484968801,GW3-IIb,GW3b,GW3,ok
MESSAGEix-GLOBIOM 2.0-M-R12-NGFS,NGFS Phase 5-Below 2°C,1,World,Investment|Energy Supply,billion USD_2010/yr,2055,1876.330724704914,GW3-IIb,GW3b,GW3,ok
MESSAGEix-GLOBIOM 2.0-M-R12-NGFS,NGFS Phase 5-Below 2°C,1,World,Investment|Energy Supply,billion USD_2010/yr,2035,1550.265140758896,GW3-IIb,GW3b,GW3,ok
MESSAGEix-GLOBIOM 2.0-M-R12-NGFS,NGFS Phase 5-Below 2°C,1,World,Investment|Energy Supply,billion USD_2010/yr,2030,1478.129290512544,GW3-IIb,GW3b,GW3,ok
MESSAGEix-GLOBIOM 2.0-M-R12-NGFS,NGFS Phase 5-Below 2°C,1,World,Investment|Energy Supply,billion USD_2010/yr,2025,1402.081934141961,GW3-IIb,GW3b,GW3,ok
MESSAGEix-GLOBIOM 2.0-M-R12-NGFS,NGFS Phase 5-Below 2°C,1,World,Investment|Energy Supply,billion USD_2010/yr,2020,1775.923583542412,GW3-IIb,GW3b,GW3,ok
MESSAGEix-GLOBIOM 2.0-M-R12-NGFS,NGFS Phase 5-Below 2°C,1,World,Investment|Energy Supply,billion USD_2010/yr,2040,1793.02111919079,GW3-IIb,GW3b,GW3,ok
MESSAGEix-GLOBIOM 2.0-M-R12-NGFS,NGFS Phase 5-Below 2°C,1,World,Land Cover,million ha,2100,12947.1548,GW3-IIb,GW3b,GW3,ok
MESSAGEix-GLOBIOM 2.0-M-R12-NGFS,NGFS Phase 5-Below 2°C,1,World,Land Cover,million ha,2090,12947.1548,GW3-IIb,GW3b,GW3,ok
MESSAGEix-GLOBIOM 2.0-M-R12-NGFS,NGFS Phase 5-Below 2°C,1,World,Land Cover,million ha,2080,12947.1548,GW3-IIb,GW3b,GW3,ok
MESSAGEix-GLOBIOM 2.0-M-R12-NGFS,NGFS Phase 5-Below 2°C,1,World,Land Cover,million ha,2070,12947.1548,GW3-IIb,GW3b,GW3,ok
MESSAGEix-GLOBIOM 2.0-M-R12-NGFS,NGFS Phase 5-Below 2°C,1,World,Land Cover,million ha,2060,12947.1548,GW3-IIb,GW3b,GW3,ok
MESSAGEix-GLOBIOM 2.0-M-R12-NGFS,NGFS Phase 5-Below 2°C,1,World,Land Cover,million ha,2055,12947.1548,GW3-IIb,GW3b,GW3,ok
MESSAGEix-GLOBIOM 2.0-M-R12-NGFS,NGFS Phase 5-Below 2°C,1,World,Land Cover,million ha,2050,12947.1548,GW3-IIb,GW3b,GW3,ok
MESSAGEix-GLOBIOM 2.0-M-R12-NGFS,NGFS Phase 5-Below 2°C,1,World,Land Cover,million ha,2045,12947.1548,GW3-IIb,GW3b,GW3,ok
MESSAGEix-GLOBIOM 2.0-M-R12-NGFS,NGFS Phase 5-Below 2°C,1,World,Land Cover,million ha,2035,12947.1548,GW3-IIb,GW3b,GW3,ok
MESSAGEix-GLOBIOM 2.0-M-R12-NGFS,NGFS Phase 5-Below 2°C,1,World,Land Cover,million ha,2030,12947.1548,GW3-IIb,GW3b,GW3,ok
MESSAGEix-GLOBIOM 2.0-M-R12-NGFS,NGFS Phase 5-Below 2°C,1,World,Land Cover,million ha,2025,12947.1548,GW3-IIb,GW3b,GW3,ok
MESSAGEix-GLOBIOM 2.0-M-R12-NGFS,NGFS Phase 5-Below 2°C,1,World,Land Cover,million ha,2020,12947.1548,GW3-IIb,GW3b,GW3,ok
MESSAGEix-GLOBIOM 2.0-M-R12-NGFS,NGFS Phase 5-Below 2°C,1,World,Land Cover,million ha,2040,12947.1548,GW3-IIb,GW3b,GW3,ok
MESSAGEix-GLOBIOM 2.0-M-R12-NGFS,NGFS Phase 5-Below 2°C,1,World,Land Cover|Forest,million ha,2100,4439.443469037351,GW3-IIb,GW3b,GW3,ok
MESSAGEix-GLOBIOM 2.0-M-R12-NGFS,NGFS Phase 5-Below 2°C,1,World,Land Cover|Forest,million ha,2090,4395.419216277721,GW3-IIb,GW3b,GW3,ok
MESSAGEix-GLOBIOM 2.0-M-R12-NGFS,NGFS Phase 5-Below 2°C,1,World,Land Cover|Forest,million ha,2080,4342.908835456205,GW3-IIb,GW3b,GW3,ok
MESSAGEix-GLOBIOM 2.0-M-R12-NGFS,NGFS Phase 5-Below 2°C,1,World,Land Cover|Forest,million ha,2070,4285.875766622933,GW3-IIb,GW3b,GW3,ok
MESSAGEix-GLOBIOM 2.0-M-R12-NGFS,NGFS Phase 5-Below 2°C,1,World,Land Cover|Forest,million ha,2060,4216.005373354669,GW3-IIb,GW3b,GW3,ok
MESSAGEix-GLOBIOM 2.0-M-R12-NGFS,NGFS Phase 5-Below 2°C,1,World,Land Cover|Forest,million ha,2055,4175.406487759464,GW3-IIb,GW3b,GW3,ok
MESSAGEix-GLOBIOM 2.0-M-R12-NGFS,NGFS Phase 5-Below 2°C,1,World,Land Cover|Forest,million ha,2045,4089.415595291501,GW3-IIb,GW3b,GW3,ok
MESSAGEix-GLOBIOM 2.0-M-R12-NGFS,NGFS Phase 5-Below 2°C,1,World,Land Cover|Forest,million ha,2050,4134.317774739969,GW3-IIb,GW3b,GW3,ok
MESSAGEix-GLOBIOM 2.0-M-R12-NGFS,NGFS Phase 5-Below 2°C,1,World,Land Cover|Forest,million ha,2035,3999.419479863575,GW3-IIb,GW3b,GW3,ok
MESSAGEix-GLOBIOM 2.0-M-R12-NGFS,NGFS Phase 5-Below 2°C,1,World,Land Cover|Forest,million ha,2030,3959.777267866687,GW3-IIb,GW3b,GW3,ok
MESSAGEix-GLOBIOM 2.0-M-R12-NGFS,NGFS Phase 5-Below 2°C,1,World,Land Cover|Forest,million ha,2025,3933.7534,GW3-IIb,GW3b,GW3,ok
MESSAGEix-GLOBIOM 2.0-M-R12-NGFS,NGFS Phase 5-Below 2°C,1,World,Land Cover|Forest,million ha,2020,3927.3915,GW3-IIb,GW3b,GW3,ok
MESSAGEix-GLOBIOM 2.0-M-R12-NGFS,NGFS Phase 5-Below 2°C,1,World,Land Cover|Forest,million ha,2040,4046.622169338252,GW3-IIb,GW3b,GW3,ok
MESSAGEix-GLOBIOM 2.0-M-R12-NGFS,NGFS Phase 5-Below 2°C,1,World,Population,million,2050,9591.9855,GW3-IIb,GW3b,GW3,ok
MESSAGEix-GLOBIOM 2.0-M-R12-NGFS,NGFS Phase 5-Below 2°C,1,World,Population,million,2100,9883.143,GW3-IIb,GW3b,GW3,ok
MESSAGEix-GLOBIOM 2.0-M-R12-NGFS,NGFS Phase 5-Below 2°C,1,World,Population,million,2090,10050.9005,GW3-IIb,GW3b,GW3,ok
MESSAGEix-GLOBIOM 2.0-M-R12-NGFS,NGFS Phase 5-Below 2°C,1,World,Population,million,2080,10128.2265,GW3-IIb,GW3b,GW3,ok
MESSAGEix-GLOBIOM 2.0-M-R12-NGFS,NGFS Phase 5-Below 2°C,1,World,Population,million,2060,9913.6024,GW3-IIb,GW3b,GW3,ok
MESSAGEix-GLOBIOM 2.0-M-R12-NGFS,NGFS Phase 5-Below 2°C,1,World,Population,million,2055,9772.4397,GW3-IIb,GW3b,GW3,ok
MESSAGEix-GLOBIOM 2.0-M-R12-NGFS,NGFS Phase 5-Below 2°C,1,World,Population,million,2045,9369.3335,GW3-IIb,GW3b,GW3,ok
MESSAGEix-GLOBIOM 2.0-M-R12-NGFS,NGFS Phase 5-Below 2°C,1,World,Population,million,2070,10086.5138,GW3-IIb,GW3b,GW3,ok
MESSAGEix-GLOBIOM 2.0-M-R12-NGFS,NGFS Phase 5-Below 2°C,1,World,Population,million,2035,8815.2475,GW3-IIb,GW3b,GW3,ok
MESSAGEix-GLOBIOM 2.0-M-R12-NGFS,NGFS Phase 5-Below 2°C,1,World,Population,million,2030,8494.901600000001,GW3-IIb,GW3b,GW3,ok
MESSAGEix-GLOBIOM 2.0-M-R12-NGFS,NGFS Phase 5-Below 2°C,1,World,Population,million,2025,8149.981299999999,GW3-IIb,GW3b,GW3,ok
MESSAGEix-GLOBIOM 2.0-M-R12-NGFS,NGFS Phase 5-Below 2°C,1,World,Population,million,2040,9108.7536,GW3-IIb,GW3b,GW3,ok
MESSAGEix-GLOBIOM 2.0-M-R12-NGFS,NGFS Phase 5-Below 2°C,1,World,Population,million,2020,7803.267699999999,GW3-IIb,GW3b,GW3,ok
MESSAGEix-GLOBIOM 2.0-M-R12-NGFS,NGFS Phase 5-Below 2°C,1,World,Price|Secondary Energy|Electricity,USD_2010/GJ,2100,13.56836142905413,GW3-IIb,GW3b,GW3,ok
MESSAGEix-GLOBIOM 2.0-M-R12-NGFS,NGFS Phase 5-Below 2°C,1,World,Price|Secondary Energy|Electricity,USD_2010/GJ,2090,13.73397455660166,GW3-IIb,GW3b,GW3,ok
MESSAGEix-GLOBIOM 2.0-M-R12-NGFS,NGFS Phase 5-Below 2°C,1,World,Price|Secondary Energy|Electricity,USD_2010/GJ,2080,13.33723871018182,GW3-IIb,GW3b,GW3,ok
MESSAGEix-GLOBIOM 2.0-M-R12-NGFS,NGFS Phase 5-Below 2°C,1,World,Price|Secondary Energy|Electricity,USD_2010/GJ,2060,14.05715826441622,GW3-IIb,GW3b,GW3,ok
MESSAGEix-GLOBIOM 2.0-M-R12-NGFS,NGFS Phase 5-Below 2°C,1,World,Price|Secondary Energy|Electricity,USD_2010/GJ,2055,15.23923497076454,GW3-IIb,GW3b,GW3,ok
MESSAGEix-GLOBIOM 2.0-M-R12-NGFS,NGFS Phase 5-Below 2°C,1,World,Price|Secondary Energy|Electricity,USD_2010/GJ,2050,14.27280123414194,GW3-IIb,GW3b,GW3,ok
MESSAGEix-GLOBIOM 2.0-M-R12-NGFS,NGFS Phase 5-Below 2°C,1,World,Price|Secondary Energy|Electricity,USD_2010/GJ,2045,14.27508878526869,GW3-IIb,GW3b,GW3,ok
MESSAGEix-GLOBIOM 2.0-M-R12-NGFS,NGFS Phase 5-Below 2°C,1,World,Price|Secondary Energy|Electricity,USD_2010/GJ,2070,14.68800375437599,GW3-IIb,GW3b,GW3,ok
MESSAGEix-GLOBIOM 2.0-M-R12-NGFS,NGFS Phase 5-Below 2°C,1,World,Price|Secondary Energy|Electricity,USD_2010/GJ,2035,12.55495097803118,GW3-IIb,GW3b,GW3,ok
MESSAGEix-GLOBIOM 2.0-M-R12-NGFS,NGFS Phase 5-Below 2°C,1,World,Price|Secondary Energy|Electricity,USD_2010/GJ,2030,8.463590512783734,GW3-IIb,GW3b,GW3,ok
MESSAGEix-GLOBIOM 2.0-M-R12-NGFS,NGFS Phase 5-Below 2°C,1,World,Price|Secondary Energy|Electricity,USD_2010/GJ,2025,4.916033611379877,GW3-IIb,GW3b,GW3,ok
MESSAGEix-GLOBIOM 2.0-M-R12-NGFS,NGFS Phase 5-Below 2°C,1,World,Price|Secondary Energy|Electricity,USD_2010/GJ,2020,10.82453631270296,GW3-IIb,GW3b,GW3,ok
MESSAGEix-GLOBIOM 2.0-M-R12-NGFS,NGFS Phase 5-Below 2°C,1,World,Price|Secondary Energy|Electricity,USD_2010/GJ,2040,12.80706188126494,GW3-IIb,GW3b,GW3,ok
MESSAGEix-GLOBIOM 2.0-M-R12-NGFS,NGFS Phase 5-Below 2°C,1,World,Primary Energy|Biomass,EJ/yr,2100,97.03698974848812,GW3-IIb,GW3b,GW3,ok
MESSAGEix-GLOBIOM 2.0-M-R12-NGFS,NGFS Phase 5-Below 2°C,1,World,Primary Energy|Biomass,EJ/yr,2090,91.31320307568102,GW3-IIb,GW3b,GW3,ok
MESSAGEix-GLOBIOM 2.0-M-R12-NGFS,NGFS Phase 5-Below 2°C,1,World,Primary Energy|Biomass,EJ/yr,2080,84.59434246845147,GW3-IIb,GW3b,GW3,ok
MESSAGEix-GLOBIOM 2.0-M-R12-NGFS,NGFS Phase 5-Below 2°C,1,World,Primary Energy|Biomass,EJ/yr,2070,69.54787686303891,GW3-IIb,GW3b,GW3,ok
MESSAGEix-GLOBIOM 2.0-M-R12-NGFS,NGFS Phase 5-Below 2°C,1,World,Primary Energy|Biomass,EJ/yr,2060,57.97529736879429,GW3-IIb,GW3b,GW3,ok
MESSAGEix-GLOBIOM 2.0-M-R12-NGFS,NGFS Phase 5-Below 2°C,1,World,Primary Energy|Biomass,EJ/yr,2055,53.83913342551033,GW3-IIb,GW3b,GW3,ok
MESSAGEix-GLOBIOM 2.0-M-R12-NGFS,NGFS Phase 5-Below 2°C,1,World,Primary Energy|Biomass,EJ/yr,2050,51.7859060039513,GW3-IIb,GW3b,GW3,ok
MESSAGEix-GLOBIOM 2.0-M-R12-NGFS,NGFS Phase 5-Below 2°C,1,World,Primary Energy|Biomass,EJ/yr,2040,54.16148621215556,GW3-IIb,GW3b,GW3,ok
MESSAGEix-GLOBIOM 2.0-M-R12-NGFS,NGFS Phase 5-Below 2°C,1,World,Primary Energy|Biomass,EJ/yr,2035,56.03768760117141,GW3-IIb,GW3b,GW3,ok
MESSAGEix-GLOBIOM 2.0-M-R12-NGFS,NGFS Phase 5-Below 2°C,1,World,Primary Energy|Biomass,EJ/yr,2030,57.98089583420858,GW3-IIb,GW3b,GW3,ok
MESSAGEix-GLOBIOM 2.0-M-R12-NGFS,NGFS Phase 5-Below 2°C,1,World,Primary Energy|Biomass,EJ/yr,2025,54.46602391376437,GW3-IIb,GW3b,GW3,ok
MESSAGEix-GLOBIOM 2.0-M-R12-NGFS,NGFS Phase 5-Below 2°C,1,World,Primary Energy|Biomass,EJ/yr,2020,61.42716812118417,GW3-IIb,GW3b,GW3,ok
MESSAGEix-GLOBIOM 2.0-M-R12-NGFS,NGFS Phase 5-Below 2°C,1,World,Primary Energy|Biomass,EJ/yr,2045,52.71978839076719,GW3-IIb,GW3b,GW3,ok
MESSAGEix-GLOBIOM 2.0-M-R12-NGFS,NGFS Phase 5-Below 2°C,1,World,Primary Energy|Coal,EJ/yr,2055,27.48646099778107,GW3-IIb,GW3b,GW3,ok
MESSAGEix-GLOBIOM 2.0-M-R12-NGFS,NGFS Phase 5-Below 2°C,1,World,Primary Energy|Coal,EJ/yr,2100,6.740099156638301,GW3-IIb,GW3b,GW3,ok
MESSAGEix-GLOBIOM 2.0-M-R12-NGFS,NGFS Phase 5-Below 2°C,1,World,Primary Energy|Coal,EJ/yr,2090,8.59423512528361,GW3-IIb,GW3b,GW3,ok
MESSAGEix-GLOBIOM 2.0-M-R12-NGFS,NGFS Phase 5-Below 2°C,1,World,Primary Energy|Coal,EJ/yr,2080,11.1065716725213,GW3-IIb,GW3b,GW3,ok
MESSAGEix-GLOBIOM 2.0-M-R12-NGFS,NGFS Phase 5-Below 2°C,1,World,Primary Energy|Coal,EJ/yr,2070,14.91469648999691,GW3-IIb,GW3b,GW3,ok
MESSAGEix-GLOBIOM 2.0-M-R12-NGFS,NGFS Phase 5-Below 2°C,1,World,Primary Energy|Coal,EJ/yr,2060,22.28312299370714,GW3-IIb,GW3b,GW3,ok
MESSAGEix-GLOBIOM 2.0-M-R12-NGFS,NGFS Phase 5-Below 2°C,1,World,Primary Energy|Coal,EJ/yr,2050,35.03495114005698,GW3-IIb,GW3b,GW3,ok
MESSAGEix-GLOBIOM 2.0-M-R12-NGFS,NGFS Phase 5-Below 2°C,1,World,Primary Energy|Coal,EJ/yr,2045,45.69648214682528,GW3-IIb,GW3b,GW3,ok
MESSAGEix-GLOBIOM 2.0-M-R12-NGFS,NGFS Phase 5-Below 2°C,1,World,Primary Energy|Coal,EJ/yr,2040,61.5164154601071,GW3-IIb,GW3b,GW3,ok
MESSAGEix-GLOBIOM 2.0-M-R12-NGFS,NGFS Phase 5-Below 2°C,1,World,Primary Energy|Coal,EJ/yr,2035,82.24503051022853,GW3-IIb,GW3b,GW3,ok
MESSAGEix-GLOBIOM 2.0-M-R12-NGFS,NGFS Phase 5-Below 2°C,1,World,Primary Energy|Coal,EJ/yr,2030,112.2604537447386,GW3-IIb,GW3b,GW3,ok
MESSAGEix-GLOBIOM 2.0-M-R12-NGFS,NGFS Phase 5-Below 2°C,1,World,Primary Energy|Coal,EJ/yr,2025,151.8118155942684,GW3-IIb,GW3b,GW3,ok
MESSAGEix-GLOBIOM 2.0-M-R12-NGFS,NGFS Phase 5-Below 2°C,1,World,Primary Energy|Coal,EJ/yr,2020,162.572361686753,GW3-IIb,GW3b,GW3,ok
MESSAGEix-GLOBIOM 2.0-M-R12-NGFS,NGFS Phase 5-Below 2°C,1,World,Primary Energy|Fossil|w/ CCS,EJ/yr,2100,0.0008325992970453,GW3-IIb,GW3b,GW3,ok
MESSAGEix-GLOBIOM 2.0-M-R12-NGFS,NGFS Phase 5-Below 2°C,1,World,Primary Energy|Fossil|w/ CCS,EJ/yr,2090,0.0010369716554253,GW3-IIb,GW3b,GW3,ok
MESSAGEix-GLOBIOM 2.0-M-R12-NGFS,NGFS Phase 5-Below 2°C,1,World,Primary Energy|Fossil|w/ CCS,EJ/yr,2080,0.0010369716554253,GW3-IIb,GW3b,GW3,ok
MESSAGEix-GLOBIOM 2.0-M-R12-NGFS,NGFS Phase 5-Below 2°C,1,World,Primary Energy|Fossil|w/ CCS,EJ/yr,2070,0.2996408070262277,GW3-IIb,GW3b,GW3,ok
MESSAGEix-GLOBIOM 2.0-M-R12-NGFS,NGFS Phase 5-Below 2°C,1,World,Primary Energy|Fossil|w/ CCS,EJ/yr,2060,8.633730703315988,GW3-IIb,GW3b,GW3,ok
MESSAGEix-GLOBIOM 2.0-M-R12-NGFS,NGFS Phase 5-Below 2°C,1,World,Primary Energy|Fossil|w/ CCS,EJ/yr,2050,15.31363743061665,GW3-IIb,GW3b,GW3,ok
MESSAGEix-GLOBIOM 2.0-M-R12-NGFS,NGFS Phase 5-Below 2°C,1,World,Primary Energy|Fossil|w/ CCS,EJ/yr,2045,14.53488233856515,GW3-IIb,GW3b,GW3,ok
MESSAGEix-GLOBIOM 2.0-M-R12-NGFS,NGFS Phase 5-Below 2°C,1,World,Primary Energy|Fossil|w/ CCS,EJ/yr,2055,12.05906116548702,GW3-IIb,GW3b,GW3,ok
MESSAGEix-GLOBIOM 2.0-M-R12-NGFS,NGFS Phase 5-Below 2°C,1,World,Primary Energy|Fossil|w/ CCS,EJ/yr,2035,4.561070659020206,GW3-IIb,GW3b,GW3,ok
MESSAGEix-GLOBIOM 2.0-M-R12-NGFS,NGFS Phase 5-Below 2°C,1,World,Primary Energy|Fossil|w/ CCS,EJ/yr,2030,1.38078055292776,GW3-IIb,GW3b,GW3,ok
MESSAGEix-GLOBIOM 2.0-M-R12-NGFS,NGFS Phase 5-Below 2°C,1,World,Primary Energy|Fossil|w/ CCS,EJ/yr,2025,0.0,GW3-IIb,GW3b,GW3,ok
MESSAGEix-GLOBIOM 2.0-M-R12-NGFS,NGFS Phase 5-Below 2°C,1,World,Primary Energy|Fossil|w/ CCS,EJ/yr,2020,0.0,GW3-IIb,GW3b,GW3,ok
MESSAGEix-GLOBIOM 2.0-M-R12-NGFS,NGFS Phase 5-Below 2°C,1,World,Primary Energy|Fossil|w/ CCS,EJ/yr,2040,8.76218624892551,GW3-IIb,GW3b,GW3,ok
MESSAGEix-GLOBIOM 2.0-M-R12-NGFS,NGFS Phase 5-Below 2°C,1,World,Primary Energy|Fossil|w/o CCS,EJ/yr,2055,157.6222328837855,GW3-IIb,GW3b,GW3,ok
MESSAGEix-GLOBIOM 2.0-M-R12-NGFS,NGFS Phase 5-Below 2°C,1,World,Primary Energy|Fossil|w/o CCS,EJ/yr,2100,95.6577210414644,GW3-IIb,GW3b,GW3,ok
MESSAGEix-GLOBIOM 2.0-M-R12-NGFS,NGFS Phase 5-Below 2°C,1,World,Primary Energy|Fossil|w/o CCS,EJ/yr,2090,91.72839026484849,GW3-IIb,GW3b,GW3,ok
MESSAGEix-GLOBIOM 2.0-M-R12-NGFS,NGFS Phase 5-Below 2°C,1,World,Primary Energy|Fossil|w/o CCS,EJ/yr,2080,90.88406163522023,GW3-IIb,GW3b,GW3,ok
MESSAGEix-GLOBIOM 2.0-M-R12-NGFS,NGFS Phase 5-Below 2°C,1,World,Primary Energy|Fossil|w/o CCS,EJ/yr,2070,126.1274658346322,GW3-IIb,GW3b,GW3,ok
MESSAGEix-GLOBIOM 2.0-M-R12-NGFS,NGFS Phase 5-Below 2°C,1,World,Primary Energy|Fossil|w/o CCS,EJ/yr,2060,148.1955204772786,GW3-IIb,GW3b,GW3,ok
MESSAGEix-GLOBIOM 2.0-M-R12-NGFS,NGFS Phase 5-Below 2°C,1,World,Primary Energy|Fossil|w/o CCS,EJ/yr,2050,192.7241844451046,GW3-IIb,GW3b,GW3,ok
MESSAGEix-GLOBIOM 2.0-M-R12-NGFS,NGFS Phase 5-Below 2°C,1,World,Primary Energy|Fossil|w/o CCS,EJ/yr,2040,299.219280603526,GW3-IIb,GW3b,GW3,ok
MESSAGEix-GLOBIOM 2.0-M-R12-NGFS,NGFS Phase 5-Below 2°C,1,World,Primary Energy|Fossil|w/o CCS,EJ/yr,2035,352.2921869219178,GW3-IIb,GW3b,GW3,ok
MESSAGEix-GLOBIOM 2.0-M-R12-NGFS,NGFS Phase 5-Below 2°C,1,World,Primary Energy|Fossil|w/o CCS,EJ/yr,2030,400.293270392361,GW3-IIb,GW3b,GW3,ok
MESSAGEix-GLOBIOM 2.0-M-R12-NGFS,NGFS Phase 5-Below 2°C,1,World,Primary Energy|Fossil|w/o CCS,EJ/yr,2025,461.3133055049302,GW3-IIb,GW3b,GW3,ok
MESSAGEix-GLOBIOM 2.0-M-R12-NGFS,NGFS Phase 5-Below 2°C,1,World,Primary Energy|Fossil|w/o CCS,EJ/yr,2020,491.7327735695509,GW3-IIb,GW3b,GW3,ok
MESSAGEix-GLOBIOM 2.0-M-R12-NGFS,NGFS Phase 5-Below 2°C,1,World,Primary Energy|Fossil|w/o CCS,EJ/yr,2045,241.2651004334645,GW3-IIb,GW3b,GW3,ok
MESSAGEix-GLOBIOM 2.0-M-R12-NGFS,NGFS Phase 5-Below 2°C,1,World,Primary Energy|Gas,EJ/yr,2050,122.6499246665781,GW3-IIb,GW3b,GW3,ok
MESSAGEix-GLOBIOM 2.0-M-R12-NGFS,NGFS Phase 5-Below 2°C,1,World,Primary Energy|Gas,EJ/yr,2090,72.16207076839956,GW3-IIb,GW3b,GW3,ok
MESSAGEix-GLOBIOM 2.0-M-R12-NGFS,NGFS Phase 5-Below 2°C,1,World,Primary Energy|Gas,EJ/yr,2080,67.9143414889931,GW3-IIb,GW3b,GW3,ok
MESSAGEix-GLOBIOM 2.0-M-R12-NGFS,NGFS Phase 5-Below 2°C,1,World,Primary Energy|Gas,EJ/yr,2070,95.56255180758136,GW3-IIb,GW3b,GW3,ok
MESSAGEix-GLOBIOM 2.0-M-R12-NGFS,NGFS Phase 5-Below 2°C,1,World,Primary Energy|Gas,EJ/yr,2060,105.1721059117586,GW3-IIb,GW3b,GW3,ok
MESSAGEix-GLOBIOM 2.0-M-R12-NGFS,NGFS Phase 5-Below 2°C,1,World,Primary Energy|Gas,EJ/yr,2055,102.8798345664909,GW3-IIb,GW3b,GW3,ok
MESSAGEix-GLOBIOM 2.0-M-R12-NGFS,NGFS Phase 5-Below 2°C,1,World,Primary Energy|Gas,EJ/yr,2045,145.5985926166659,GW3-IIb,GW3b,GW3,ok
MESSAGEix-GLOBIOM 2.0-M-R12-NGFS,NGFS Phase 5-Below 2°C,1,World,Primary Energy|Gas,EJ/yr,2100,78.12687816833439,GW3-IIb,GW3b,GW3,ok
MESSAGEix-GLOBIOM 2.0-M-R12-NGFS,NGFS Phase 5-Below 2°C,1,World,Primary Energy|Gas,EJ/yr,2035,170.1987646691557,GW3-IIb,GW3b,GW3,ok
MESSAGEix-GLOBIOM 2.0-M-R12-NGFS,NGFS Phase 5-Below 2°C,1,World,Primary Energy|Gas,EJ/yr,2030,161.9344719066198,GW3-IIb,GW3b,GW3,ok
MESSAGEix-GLOBIOM 2.0-M-R12-NGFS,NGFS Phase 5-Below 2°C,1,World,Primary Energy|Gas,EJ/yr,2025,155.5381768711416,GW3-IIb,GW3b,GW3,ok
MESSAGEix-GLOBIOM 2.0-M-R12-NGFS,NGFS Phase 5-Below 2°C,1,World,Primary Energy|Gas,EJ/yr,2020,144.612345826642,GW3-IIb,GW3b,GW3,ok
MESSAGEix-GLOBIOM 2.0-M-R12-NGFS,NGFS Phase 5-Below 2°C,1,World,Primary Energy|Gas,EJ/yr,2040,163.6470673947999,GW3-IIb,GW3b,GW3,ok
MESSAGEix-GLOBIOM 2.0-M-R12-NGFS,NGFS Phase 5-Below 2°C,1,World,Primary Energy|Non-Biomass Renewables,EJ/yr,2100,463.2048279384204,GW3-IIb,GW3b,GW3,ok
MESSAGEix-GLOBIOM 2.0-M-R12-NGFS,NGFS Phase 5-Below 2°C,1,World,Primary Energy|Non-Biomass Renewables,EJ/yr,2090,430.5135143922234,GW3-IIb,GW3b,GW3,ok
MESSAGEix-GLOBIOM 2.0-M-R12-NGFS,NGFS Phase 5-Below 2°C,1,World,Primary Energy|Non-Biomass Renewables,EJ/yr,2080,392.0966391180407,GW3-IIb,GW3b,GW3,ok
MESSAGEix-GLOBIOM 2.0-M-R12-NGFS,NGFS Phase 5-Below 2°C,1,World,Primary Energy|Non-Biomass Renewables,EJ/yr,2070,324.7930058200419,GW3-IIb,GW3b,GW3,ok
MESSAGEix-GLOBIOM 2.0-M-R12-NGFS,NGFS Phase 5-Below 2°C,1,World,Primary Energy|Non-Biomass Renewables,EJ/yr,2060,270.9432414130414,GW3-IIb,GW3b,GW3,ok
MESSAGEix-GLOBIOM 2.0-M-R12-NGFS,NGFS Phase 5-Below 2°C,1,World,Primary Energy|Non-Biomass Renewables,EJ/yr,2050,207.008377382967,GW3-IIb,GW3b,GW3,ok
MESSAGEix-GLOBIOM 2.0-M-R12-NGFS,NGFS Phase 5-Below 2°C,1,World,Primary Energy|Non-Biomass Renewables,EJ/yr,2045,164.6756210039875,GW3-IIb,GW3b,GW3,ok
MESSAGEix-GLOBIOM 2.0-M-R12-NGFS,NGFS Phase 5-Below 2°C,1,World,Primary Energy|Non-Biomass Renewables,EJ/yr,2055,245.7461006043872,GW3-IIb,GW3b,GW3,ok
MESSAGEix-GLOBIOM 2.0-M-R12-NGFS,NGFS Phase 5-Below 2°C,1,World,Primary Energy|Non-Biomass Renewables,EJ/yr,2035,89.9260837175342,GW3-IIb,GW3b,GW3,ok
MESSAGEix-GLOBIOM 2.0-M-R12-NGFS,NGFS Phase 5-Below 2°C,1,World,Primary Energy|Non-Biomass Renewables,EJ/yr,2030,64.45646659510334,GW3-IIb,GW3b,GW3,ok
MESSAGEix-GLOBIOM 2.0-M-R12-NGFS,NGFS Phase 5-Below 2°C,1,World,Primary Energy|Non-Biomass Renewables,EJ/yr,2025,43.18393179127461,GW3-IIb,GW3b,GW3,ok
MESSAGEix-GLOBIOM 2.0-M-R12-NGFS,NGFS Phase 5-Below 2°C,1,World,Primary Energy|Non-Biomass Renewables,EJ/yr,2020,26.18471998282024,GW3-IIb,GW3b,GW3,ok
MESSAGEix-GLOBIOM 2.0-M-R12-NGFS,NGFS Phase 5-Below 2°C,1,World,Primary Energy|Non-Biomass Renewables,EJ/yr,2040,122.3261868554675,GW3-IIb,GW3b,GW3,ok
MESSAGEix-GLOBIOM 2.0-M-R12-NGFS,NGFS Phase 5-Below 2°C,1,World,Primary Energy|Nuclear,EJ/yr,2050,5.680918619680212,GW3-IIb,GW3b,GW3,ok
MESSAGEix-GLOBIOM 2.0-M-R12-NGFS,NGFS Phase 5-Below 2°C,1,World,Primary Energy|Nuclear,EJ/yr,2100,0.583441398209376,GW3-IIb,GW3b,GW3,ok
MESSAGEix-GLOBIOM 2.0-M-R12-NGFS,NGFS Phase 5-Below 2°C,1,World,Primary Energy|Nuclear,EJ/yr,2090,1.232784162610569,GW3-IIb,GW3b,GW3,ok
MESSAGEix-GLOBIOM 2.0-M-R12-NGFS,NGFS Phase 5-Below 2°C,1,World,Primary Energy|Nuclear,EJ/yr,2080,2.302632501550675,GW3-IIb,GW3b,GW3,ok
MESSAGEix-GLOBIOM 2.0-M-R12-NGFS,NGFS Phase 5-Below 2°C,1,World,Primary Energy|Nuclear,EJ/yr,2070,3.520336005754513,GW3-IIb,GW3b,GW3,ok
MESSAGEix-GLOBIOM 2.0-M-R12-NGFS,NGFS Phase 5-Below 2°C,1,World,Primary Energy|Nuclear,EJ/yr,2060,4.558688496395764,GW3-IIb,GW3b,GW3,ok
MESSAGEix-GLOBIOM 2.0-M-R12-NGFS,NGFS Phase 5-Below 2°C,1,World,Primary Energy|Nuclear,EJ/yr,2045,7.265170402908929,GW3-IIb,GW3b,GW3,ok
MESSAGEix-GLOBIOM 2.0-M-R12-NGFS,NGFS Phase 5-Below 2°C,1,World,Primary Energy|Nuclear,EJ/yr,2055,5.145419862195763,GW3-IIb,GW3b,GW3,ok
MESSAGEix-GLOBIOM 2.0-M-R12-NGFS,NGFS Phase 5-Below 2°C,1,World,Primary Energy|Nuclear,EJ/yr,2035,10.79098657384694,GW3-IIb,GW3b,GW3,ok
MESSAGEix-GLOBIOM 2.0-M-R12-NGFS,NGFS Phase 5-Below 2°C,1,World,Primary Energy|Nuclear,EJ/yr,2030,11.47594768209496,GW3-IIb,GW3b,GW3,ok
MESSAGEix-GLOBIOM 2.0-M-R12-NGFS,NGFS Phase 5-Below 2°C,1,World,Primary Energy|Nuclear,EJ/yr,2025,10.61692208617698,GW3-IIb,GW3b,GW3,ok
MESSAGEix-GLOBIOM 2.0-M-R12-NGFS,NGFS Phase 5-Below 2°C,1,World,Primary Energy|Nuclear,EJ/yr,2020,9.625285883815,GW3-IIb,GW3b,GW3,ok
MESSAGEix-GLOBIOM 2.0-M-R12-NGFS,NGFS Phase 5-Below 2°C,1,World,Primary Energy|Nuclear,EJ/yr,2040,9.63323902050893,GW3-IIb,GW3b,GW3,ok
MESSAGEix-GLOBIOM 2.0-M-R12-NGFS,NGFS Phase 5-Below 2°C,1,World,Primary Energy|Oil,EJ/yr,2055,39.31499848500049,GW3-IIb,GW3b,GW3,ok
MESSAGEix-GLOBIOM 2.0-M-R12-NGFS,NGFS Phase 5-Below 2°C,1,World,Primary Energy|Oil,EJ/yr,2100,10.79157631578875,GW3-IIb,GW3b,GW3,ok
MESSAGEix-GLOBIOM 2.0-M-R12-NGFS,NGFS Phase 5-Below 2°C,1,World,Primary Energy|Oil,EJ/yr,2090,10.97312134282075,GW3-IIb,GW3b,GW3,ok
MESSAGEix-GLOBIOM 2.0-M-R12-NGFS,NGFS Phase 5-Below 2°C,1,World,Primary Energy|Oil,EJ/yr,2080,11.86418544536127,GW3-IIb,GW3b,GW3,ok
MESSAGEix-GLOBIOM 2.0-M-R12-NGFS,NGFS Phase 5-Below 2°C,1,World,Primary Energy|Oil,EJ/yr,2070,15.94985834408012,GW3-IIb,GW3b,GW3,ok
MESSAGEix-GLOBIOM 2.0-M-R12-NGFS,NGFS Phase 5-Below 2°C,1,World,Primary Energy|Oil,EJ/yr,2060,29.3740222751289,GW3-IIb,GW3b,GW3,ok
MESSAGEix-GLOBIOM 2.0-M-R12-NGFS,NGFS Phase 5-Below 2°C,1,World,Primary Energy|Oil,EJ/yr,2050,50.35294606908619,GW3-IIb,GW3b,GW3,ok
MESSAGEix-GLOBIOM 2.0-M-R12-NGFS,NGFS Phase 5-Below 2°C,1,World,Primary Energy|Oil,EJ/yr,2020,184.548066056156,GW3-IIb,GW3b,GW3,ok
MESSAGEix-GLOBIOM 2.0-M-R12-NGFS,NGFS Phase 5-Below 2°C,1,World,Primary Energy|Oil,EJ/yr,2040,82.81798399754454,GW3-IIb,GW3b,GW3,ok
MESSAGEix-GLOBIOM 2.0-M-R12-NGFS,NGFS Phase 5-Below 2°C,1,World,Primary Energy|Oil,EJ/yr,2035,104.4094624015538,GW3-IIb,GW3b,GW3,ok
MESSAGEix-GLOBIOM 2.0-M-R12-NGFS,NGFS Phase 5-Below 2°C,1,World,Primary Energy|Oil,EJ/yr,2030,127.4791252939303,GW3-IIb,GW3b,GW3,ok
MESSAGEix-GLOBIOM 2.0-M-R12-NGFS,NGFS Phase 5-Below 2°C,1,World,Primary Energy|Oil,EJ/yr,2025,153.9633130395201,GW3-IIb,GW3b,GW3,ok
MESSAGEix-GLOBIOM 2.0-M-R12-NGFS,NGFS Phase 5-Below 2°C,1,World,Primary Energy|Oil,EJ/yr,2045,64.50490800853852,GW3-IIb,GW3b,GW3,ok
MESSAGEix-GLOBIOM 2.0-M-R12-NGFS,NGFS Phase 5-Delayed Transition,1,World,Capacity|Electricity|Solar|PV,GW,2050,11079.67339917196,GW3-IIb,GW3b,GW3,ok
MESSAGEix-GLOBIOM 2.0-M-R12-NGFS,NGFS Phase 5-Delayed Transition,1,World,Capacity|Electricity|Solar|PV,GW,2090,28234.37703693853,GW3-IIb,GW3b,GW3,ok
MESSAGEix-GLOBIOM 2.0-M-R12-NGFS,NGFS Phase 5-Delayed Transition,1,World,Capacity|Electricity|Solar|PV,GW,2080,25357.79822042722,GW3-IIb,GW3b,GW3,ok
MESSAGEix-GLOBIOM 2.0-M-R12-NGFS,NGFS Phase 5-Delayed Transition,1,World,Capacity|Electricity|Solar|PV,GW,2070,20732.10922622484,GW3-IIb,GW3b,GW3,ok
MESSAGEix-GLOBIOM 2.0-M-R12-NGFS,NGFS Phase 5-Delayed Transition,1,World,Capacity|Electricity|Solar|PV,GW,2060,16865.14803527891,GW3-IIb,GW3b,GW3,ok
MESSAGEix-GLOBIOM 2.0-M-R12-NGFS,NGFS Phase 5-Delayed Transition,1,World,Capacity|Electricity|Solar|PV,GW,2055,14511.80751018633,GW3-IIb,GW3b,GW3,ok
MESSAGEix-GLOBIOM 2.0-M-R12-NGFS,NGFS Phase 5-Delayed Transition,1,World,Capacity|Electricity|Solar|PV,GW,2045,7831.065774141234,GW3-IIb,GW3b,GW3,ok
MESSAGEix-GLOBIOM 2.0-M-R12-NGFS,NGFS Phase 5-Delayed Transition,1,World,Capacity|Electricity|Solar|PV,GW,2100,29020.12229163828,GW3-IIb,GW3b,GW3,ok
MESSAGEix-GLOBIOM 2.0-M-R12-NGFS,NGFS Phase 5-Delayed Transition,1,World,Capacity|Electricity|Solar|PV,GW,2035,3457.897192519884,GW3-IIb,GW3b,GW3,ok
MESSAGEix-GLOBIOM 2.0-M-R12-NGFS,NGFS Phase 5-Delayed Transition,1,World,Capacity|Electricity|Solar|PV,GW,2040,5307.297948243137,GW3-IIb,GW3b,GW3,ok
MESSAGEix-GLOBIOM 2.0-M-R12-NGFS,NGFS Phase 5-Delayed Transition,1,World,Capacity|Electricity|Solar|PV,GW,2025,2243.28867715417,GW3-IIb,GW3b,GW3,ok
MESSAGEix-GLOBIOM 2.0-M-R12-NGFS,NGFS Phase 5-Delayed Transition,1,World,Capacity|Electricity|Solar|PV,GW,2030,2522.441302975231,GW3-IIb,GW3b,GW3,ok
MESSAGEix-GLOBIOM 2.0-M-R12-NGFS,NGFS Phase 5-Delayed Transition,1,World,Capacity|Electricity|Solar|PV,GW,2020,768.3420349881794,GW3-IIb,GW3b,GW3,ok
MESSAGEix-GLOBIOM 2.0-M-R12-NGFS,NGFS Phase 5-Delayed Transition,1,World,Capacity|Electricity|Wind,GW,2100,20460.2939405004,GW3-IIb,GW3b,GW3,ok
MESSAGEix-GLOBIOM 2.0-M-R12-NGFS,NGFS Phase 5-Delayed Transition,1,World,Capacity|Electricity|Wind,GW,2090,18795.46714757497,GW3-IIb,GW3b,GW3,ok
MESSAGEix-GLOBIOM 2.0-M-R12-NGFS,NGFS Phase 5-Delayed Transition,1,World,Capacity|Electricity|Wind,GW,2080,17193.94762776135,GW3-IIb,GW3b,GW3,ok
MESSAGEix-GLOBIOM 2.0-M-R12-NGFS,NGFS Phase 5-Delayed Transition,1,World,Capacity|Electricity|Wind,GW,2070,13571.26434673245,GW3-IIb,GW3b,GW3,ok
MESSAGEix-GLOBIOM 2.0-M-R12-NGFS,NGFS Phase 5-Delayed Transition,1,World,Capacity|Electricity|Wind,GW,2060,11126.28187901056,GW3-IIb,GW3b,GW3,ok
MESSAGEix-GLOBIOM 2.0-M-R12-NGFS,NGFS Phase 5-Delayed Transition,1,World,Capacity|Electricity|Wind,GW,2050,7819.374960620189,GW3-IIb,GW3b,GW3,ok
MESSAGEix-GLOBIOM 2.0-M-R12-NGFS,NGFS Phase 5-Delayed Transition,1,World,Capacity|Electricity|Wind,GW,2055,9743.040136396565,GW3-IIb,GW3b,GW3,ok
MESSAGEix-GLOBIOM 2.0-M-R12-NGFS,NGFS Phase 5-Delayed Transition,1,World,Capacity|Electricity|Wind,GW,2035,2063.06602363483,GW3-IIb,GW3b,GW3,ok
MESSAGEix-GLOBIOM 2.0-M-R12-NGFS,NGFS Phase 5-Delayed Transition,1,World,Capacity|Electricity|Wind,GW,2030,1196.305382631079,GW3-IIb,GW3b,GW3,ok
MESSAGEix-GLOBIOM 2.0-M-R12-NGFS,NGFS Phase 5-Delayed Transition,1,World,Capacity|Electricity|Wind,GW,2025,1226.883769758736,GW3-IIb,GW3b,GW3,ok
MESSAGEix-GLOBIOM 2.0-M-R12-NGFS,NGFS Phase 5-Delayed Transition,1,World,Capacity|Electricity|Wind,GW,2020,722.9094420215255,GW3-IIb,GW3b,GW3,ok
MESSAGEix-GLOBIOM 2.0-M-R12-NGFS,NGFS Phase 5-Delayed Transition,1,World,Capacity|Electricity|Wind,GW,2040,3310.810494641124,GW3-IIb,GW3b,GW3,ok
MESSAGEix-GLOBIOM 2.0-M-R12-NGFS,NGFS Phase 5-Delayed Transition,1,World,Capacity|Electricity|Wind,GW,2045,5801.806524712667,GW3-IIb,GW3b,GW3,ok
MESSAGEix-GLOBIOM 2.0-M-R12-NGFS,NGFS Phase 5-Delayed Transition,1,World,Carbon Capture|Geological Storage|Biomass,Mt CO2/yr,2055,719.4785019822274,GW3-IIb,GW3b,GW3,ok
MESSAGEix-GLOBIOM 2.0-M-R12-NGFS,NGFS Phase 5-Delayed Transition,1,World,Carbon Capture|Geological Storage|Biomass,Mt CO2/yr,2100,1538.234399017537,GW3-IIb,GW3b,GW3,ok
MESSAGEix-GLOBIOM 2.0-M-R12-NGFS,NGFS Phase 5-Delayed Transition,1,World,Carbon Capture|Geological Storage|Biomass,Mt CO2/yr,2090,1537.852477187139,GW3-IIb,GW3b,GW3,ok
MESSAGEix-GLOBIOM 2.0-M-R12-NGFS,NGFS Phase 5-Delayed Transition,1,World,Carbon Capture|Geological Storage|Biomass,Mt CO2/yr,2080,1535.145956535154,GW3-IIb,GW3b,GW3,ok
MESSAGEix-GLOBIOM 2.0-M-R12-NGFS,NGFS Phase 5-Delayed Transition,1,World,Carbon Capture|Geological Storage|Biomass,Mt CO2/yr,2070,1374.053968086718,GW3-IIb,GW3b,GW3,ok
MESSAGEix-GLOBIOM 2.0-M-R12-NGFS,NGFS Phase 5-Delayed Transition,1,World,Carbon Capture|Geological Storage|Biomass,Mt CO2/yr,2060,930.0819733738942,GW3-IIb,GW3b,GW3,ok
MESSAGEix-GLOBIOM 2.0-M-R12-NGFS,NGFS Phase 5-Delayed Transition,1,World,Carbon Capture|Geological Storage|Biomass,Mt CO2/yr,2045,258.0362920566129,GW3-IIb,GW3b,GW3,ok
MESSAGEix-GLOBIOM 2.0-M-R12-NGFS,NGFS Phase 5-Delayed Transition,1,World,Carbon Capture|Geological Storage|Biomass,Mt CO2/yr,2050,453.2504520462303,GW3-IIb,GW3b,GW3,ok
MESSAGEix-GLOBIOM 2.0-M-R12-NGFS,NGFS Phase 5-Delayed Transition,1,World,Carbon Capture|Geological Storage|Biomass,Mt CO2/yr,2040,123.5600268790196,GW3-IIb,GW3b,GW3,ok
MESSAGEix-GLOBIOM 2.0-M-R12-NGFS,NGFS Phase 5-Delayed Transition,1,World,Carbon Capture|Geological Storage|Biomass,Mt CO2/yr,2035,42.93586351761246,GW3-IIb,GW3b,GW3,ok
MESSAGEix-GLOBIOM 2.0-M-R12-NGFS,NGFS Phase 5-Delayed Transition,1,World,Carbon Capture|Geological Storage|Biomass,Mt CO2/yr,2030,0.0,GW3-IIb,GW3b,GW3,ok
MESSAGEix-GLOBIOM 2.0-M-R12-NGFS,NGFS Phase 5-Delayed Transition,1,World,Carbon Capture|Geological Storage|Biomass,Mt CO2/yr,2025,0.0,GW3-IIb,GW3b,GW3,ok
MESSAGEix-GLOBIOM 2.0-M-R12-NGFS,NGFS Phase 5-Delayed Transition,1,World,Carbon Capture|Geological Storage|Biomass,Mt CO2/yr,2020,0.0,GW3-IIb,GW3b,GW3,ok
MESSAGEix-GLOBIOM 2.0-M-R12-NGFS,NGFS Phase 5-Delayed Transition,1,World,Carbon Removal|Land Use,Mt CO2/yr,2055,4436.606230011677,GW3-IIb,GW3b,GW3,ok
MESSAGEix-GLOBIOM 2.0-M-R12-NGFS,NGFS Phase 5-Delayed Transition,1,World,Carbon Removal|Land Use,Mt CO2/yr,2100,6518.126453655697,GW3-IIb,GW3b,GW3,ok
MESSAGEix-GLOBIOM 2.0-M-R12-NGFS,NGFS Phase 5-Delayed Transition,1,World,Carbon Removal|Land Use,Mt CO2/yr,2090,6647.761618501469,GW3-IIb,GW3b,GW3,ok
MESSAGEix-GLOBIOM 2.0-M-R12-NGFS,NGFS Phase 5-Delayed Transition,1,World,Carbon Removal|Land Use,Mt CO2/yr,2080,6477.650608530404,GW3-IIb,GW3b,GW3,ok
MESSAGEix-GLOBIOM 2.0-M-R12-NGFS,NGFS Phase 5-Delayed Transition,1,World,Carbon Removal|Land Use,Mt CO2/yr,2070,5912.686491724363,GW3-IIb,GW3b,GW3,ok
MESSAGEix-GLOBIOM 2.0-M-R12-NGFS,NGFS Phase 5-Delayed Transition,1,World,Carbon Removal|Land Use,Mt CO2/yr,2060,4982.506019053173,GW3-IIb,GW3b,GW3,ok
MESSAGEix-GLOBIOM 2.0-M-R12-NGFS,NGFS Phase 5-Delayed Transition,1,World,Carbon Removal|Land Use,Mt CO2/yr,2050,3886.859453244088,GW3-IIb,GW3b,GW3,ok
MESSAGEix-GLOBIOM 2.0-M-R12-NGFS,NGFS Phase 5-Delayed Transition,1,World,Carbon Removal|Land Use,Mt CO2/yr,2040,2746.846848904089,GW3-IIb,GW3b,GW3,ok
MESSAGEix-GLOBIOM 2.0-M-R12-NGFS,NGFS Phase 5-Delayed Transition,1,World,Carbon Removal|Land Use,Mt CO2/yr,2035,2094.344648819308,GW3-IIb,GW3b,GW3,ok
MESSAGEix-GLOBIOM 2.0-M-R12-NGFS,NGFS Phase 5-Delayed Transition,1,World,Carbon Removal|Land Use,Mt CO2/yr,2030,1450.938887528708,GW3-IIb,GW3b,GW3,ok
MESSAGEix-GLOBIOM 2.0-M-R12-NGFS,NGFS Phase 5-Delayed Transition,1,World,Carbon Removal|Land Use,Mt CO2/yr,2025,1180.7076,GW3-IIb,GW3b,GW3,ok
MESSAGEix-GLOBIOM 2.0-M-R12-NGFS,NGFS Phase 5-Delayed Transition,1,World,Carbon Removal|Land Use,Mt CO2/yr,2020,919.443,GW3-IIb,GW3b,GW3,ok
MESSAGEix-GLOBIOM 2.0-M-R12-NGFS,NGFS Phase 5-Delayed Transition,1,World,Carbon Removal|Land Use,Mt CO2/yr,2045,3330.007352332419,GW3-IIb,GW3b,GW3,ok
MESSAGEix-GLOBIOM 2.0-M-R12-NGFS,NGFS Phase 5-Delayed Transition,1,World,Emissions|CO2,Mt CO2/yr,2100,2.2233828434305,GW3-IIb,GW3b,GW3,ok
MESSAGEix-GLOBIOM 2.0-M-R12-NGFS,NGFS Phase 5-Delayed Transition,1,World,Emissions|CO2,Mt CO2/yr,2090,4.156632080363579,GW3-IIb,GW3b,GW3,ok
MESSAGEix-GLOBIOM 2.0-M-R12-NGFS,NGFS Phase 5-Delayed Transition,1,World,Emissions|CO2,Mt CO2/yr,2080,788.432924463506,GW3-IIb,GW3b,GW3,ok
MESSAGEix-GLOBIOM 2.0-M-R12-NGFS,NGFS Phase 5-Delayed Transition,1,World,Emissions|CO2,Mt CO2/yr,2070,4006.485070977891,GW3-IIb,GW3b,GW3,ok
MESSAGEix-GLOBIOM 2.0-M-R12-NGFS,NGFS Phase 5-Delayed Transition,1,World,Emissions|CO2,Mt CO2/yr,2060,7882.102173934411,GW3-IIb,GW3b,GW3,ok
MESSAGEix-GLOBIOM 2.0-M-R12-NGFS,NGFS Phase 5-Delayed Transition,1,World,Emissions|CO2,Mt CO2/yr,2055,10642.3242367077,GW3-IIb,GW3b,GW3,ok
MESSAGEix-GLOBIOM 2.0-M-R12-NGFS,NGFS Phase 5-Delayed Transition,1,World,Emissions|CO2,Mt CO2/yr,2050,15126.73549749923,GW3-IIb,GW3b,GW3,ok
MESSAGEix-GLOBIOM 2.0-M-R12-NGFS,NGFS Phase 5-Delayed Transition,1,World,Emissions|CO2,Mt CO2/yr,2045,20650.03274117358,GW3-IIb,GW3b,GW3,ok
MESSAGEix-GLOBIOM 2.0-M-R12-NGFS,NGFS Phase 5-Delayed Transition,1,World,Emissions|CO2,Mt CO2/yr,2035,34345.97152567447,GW3-IIb,GW3b,GW3,ok
MESSAGEix-GLOBIOM 2.0-M-R12-NGFS,NGFS Phase 5-Delayed Transition,1,World,Emissions|CO2,Mt CO2/yr,2030,41368.49410200681,GW3-IIb,GW3b,GW3,ok
MESSAGEix-GLOBIOM 2.0-M-R12-NGFS,NGFS Phase 5-Delayed Transition,1,World,Emissions|CO2,Mt CO2/yr,2025,41550.16870265797,GW3-IIb,GW3b,GW3,ok
MESSAGEix-GLOBIOM 2.0-M-R12-NGFS,NGFS Phase 5-Delayed Transition,1,World,Emissions|CO2,Mt CO2/yr,2020,44751.08876115071,GW3-IIb,GW3b,GW3,ok
MESSAGEix-GLOBIOM 2.0-M-R12-NGFS,NGFS Phase 5-Delayed Transition,1,World,Emissions|CO2,Mt CO2/yr,2040,27254.6428278098,GW3-IIb,GW3b,GW3,ok
MESSAGEix-GLOBIOM 2.0-M-R12-NGFS,NGFS Phase 5-Delayed Transition,1,World,Final Energy,EJ/yr,2100,580.0427916116273,GW3-IIb,GW3b,GW3,ok
MESSAGEix-GLOBIOM 2.0-M-R12-NGFS,NGFS Phase 5-Delayed Transition,1,World,Final Energy,EJ/yr,2090,545.5028664865679,GW3-IIb,GW3b,GW3,ok
MESSAGEix-GLOBIOM 2.0-M-R12-NGFS,NGFS Phase 5-Delayed Transition,1,World,Final Energy,EJ/yr,2080,509.2943575638122,GW3-IIb,GW3b,GW3,ok
MESSAGEix-GLOBIOM 2.0-M-R12-NGFS,NGFS Phase 5-Delayed Transition,1,World,Final Energy,EJ/yr,2070,480.1065969434957,GW3-IIb,GW3b,GW3,ok
MESSAGEix-GLOBIOM 2.0-M-R12-NGFS,NGFS Phase 5-Delayed Transition,1,World,Final Energy,EJ/yr,2060,452.4859381779136,GW3-IIb,GW3b,GW3,ok
MESSAGEix-GLOBIOM 2.0-M-R12-NGFS,NGFS Phase 5-Delayed Transition,1,World,Final Energy,EJ/yr,2055,442.141530250577,GW3-IIb,GW3b,GW3,ok
MESSAGEix-GLOBIOM 2.0-M-R12-NGFS,NGFS Phase 5-Delayed Transition,1,World,Final Energy,EJ/yr,2050,438.244730425683,GW3-IIb,GW3b,GW3,ok
MESSAGEix-GLOBIOM 2.0-M-R12-NGFS,NGFS Phase 5-Delayed Transition,1,World,Final Energy,EJ/yr,2045,438.1288294696607,GW3-IIb,GW3b,GW3,ok
MESSAGEix-GLOBIOM 2.0-M-R12-NGFS,NGFS Phase 5-Delayed Transition,1,World,Final Energy,EJ/yr,2035,452.6070816565513,GW3-IIb,GW3b,GW3,ok
MESSAGEix-GLOBIOM 2.0-M-R12-NGFS,NGFS Phase 5-Delayed Transition,1,World,Final Energy,EJ/yr,2030,457.4558230107113,GW3-IIb,GW3b,GW3,ok
MESSAGEix-GLOBIOM 2.0-M-R12-NGFS,NGFS Phase 5-Delayed Transition,1,World,Final Energy,EJ/yr,2025,443.8541597471166,GW3-IIb,GW3b,GW3,ok
MESSAGEix-GLOBIOM 2.0-M-R12-NGFS,NGFS Phase 5-Delayed Transition,1,World,Final Energy,EJ/yr,2020,411.9207508509696,GW3-IIb,GW3b,GW3,ok
MESSAGEix-GLOBIOM 2.0-M-R12-NGFS,NGFS Phase 5-Delayed Transition,1,World,Final Energy,EJ/yr,2040,442.7720507863381,GW3-IIb,GW3b,GW3,ok
MESSAGEix-GLOBIOM 2.0-M-R12-NGFS,NGFS Phase 5-Delayed Transition,1,World,Final Energy|Electricity,EJ/yr,2050,171.2586441133137,GW3-IIb,GW3b,GW3,ok
MESSAGEix-GLOBIOM 2.0-M-R12-NGFS,NGFS Phase 5-Delayed Transition,1,World,Final Energy|Electricity,EJ/yr,2090,276.8335674503019,GW3-IIb,GW3b,GW3,ok
MESSAGEix-GLOBIOM 2.0-M-R12-NGFS,NGFS Phase 5-Delayed Transition,1,World,Final Energy|Electricity,EJ/yr,2080,254.2139177731158,GW3-IIb,GW3b,GW3,ok
MESSAGEix-GLOBIOM 2.0-M-R12-NGFS,NGFS Phase 5-Delayed Transition,1,World,Final Energy|Electricity,EJ/yr,2070,232.1333402343643,GW3-IIb,GW3b,GW3,ok
MESSAGEix-GLOBIOM 2.0-M-R12-NGFS,NGFS Phase 5-Delayed Transition,1,World,Final Energy|Electricity,EJ/yr,2060,204.6736122951049,GW3-IIb,GW3b,GW3,ok
MESSAGEix-GLOBIOM 2.0-M-R12-NGFS,NGFS Phase 5-Delayed Transition,1,World,Final Energy|Electricity,EJ/yr,2055,188.7417578927999,GW3-IIb,GW3b,GW3,ok
MESSAGEix-GLOBIOM 2.0-M-R12-NGFS,NGFS Phase 5-Delayed Transition,1,World,Final Energy|Electricity,EJ/yr,2045,152.1121977945689,GW3-IIb,GW3b,GW3,ok
MESSAGEix-GLOBIOM 2.0-M-R12-NGFS,NGFS Phase 5-Delayed Transition,1,World,Final Energy|Electricity,EJ/yr,2100,296.3449053394438,GW3-IIb,GW3b,GW3,ok
MESSAGEix-GLOBIOM 2.0-M-R12-NGFS,NGFS Phase 5-Delayed Transition,1,World,Final Energy|Electricity,EJ/yr,2035,118.098032730596,GW3-IIb,GW3b,GW3,ok
MESSAGEix-GLOBIOM 2.0-M-R12-NGFS,NGFS Phase 5-Delayed Transition,1,World,Final Energy|Electricity,EJ/yr,2040,132.7939240396727,GW3-IIb,GW3b,GW3,ok
MESSAGEix-GLOBIOM 2.0-M-R12-NGFS,NGFS Phase 5-Delayed Transition,1,World,Final Energy|Electricity,EJ/yr,2025,95.9232916966174,GW3-IIb,GW3b,GW3,ok
MESSAGEix-GLOBIOM 2.0-M-R12-NGFS,NGFS Phase 5-Delayed Transition,1,World,Final Energy|Electricity,EJ/yr,2030,106.3841723546821,GW3-IIb,GW3b,GW3,ok
MESSAGEix-GLOBIOM 2.0-M-R12-NGFS,NGFS Phase 5-Delayed Transition,1,World,Final Energy|Electricity,EJ/yr,2020,81.89456669468369,GW3-IIb,GW3b,GW3,ok
MESSAGEix-GLOBIOM 2.0-M-R12-NGFS,NGFS Phase 5-Delayed Transition,1,World,Food Availability|Crops [per capita],kcal/cap/day,2100,1498.73450376074,GW3-IIb,GW3b,GW3,ok
MESSAGEix-GLOBIOM 2.0-M-R12-NGFS,NGFS Phase 5-Delayed Transition,1,World,Food Availability|Crops [per capita],kcal/cap/day,2090,1494.92784208995,GW3-IIb,GW3b,GW3,ok
MESSAGEix-GLOBIOM 2.0-M-R12-NGFS,NGFS Phase 5-Delayed Transition,1,World,Food Availability|Crops [per capita],kcal/cap/day,2080,1487.79848112706,GW3-IIb,GW3b,GW3,ok
MESSAGEix-GLOBIOM 2.0-M-R12-NGFS,NGFS Phase 5-Delayed Transition,1,World,Food Availability|Crops [per capita],kcal/cap/day,2070,1485.030427046314,GW3-IIb,GW3b,GW3,ok
MESSAGEix-GLOBIOM 2.0-M-R12-NGFS,NGFS Phase 5-Delayed Transition,1,World,Food Availability|Crops [per capita],kcal/cap/day,2060,1481.445899153992,GW3-IIb,GW3b,GW3,ok
MESSAGEix-GLOBIOM 2.0-M-R12-NGFS,NGFS Phase 5-Delayed Transition,1,World,Food Availability|Crops [per capita],kcal/cap/day,2055,1479.265397453181,GW3-IIb,GW3b,GW3,ok
MESSAGEix-GLOBIOM 2.0-M-R12-NGFS,NGFS Phase 5-Delayed Transition,1,World,Food Availability|Crops [per capita],kcal/cap/day,2050,1477.324269258007,GW3-IIb,GW3b,GW3,ok
MESSAGEix-GLOBIOM 2.0-M-R12-NGFS,NGFS Phase 5-Delayed Transition,1,World,Food Availability|Crops [per capita],kcal/cap/day,2040,1477.92179804642,GW3-IIb,GW3b,GW3,ok
MESSAGEix-GLOBIOM 2.0-M-R12-NGFS,NGFS Phase 5-Delayed Transition,1,World,Food Availability|Crops [per capita],kcal/cap/day,2035,1477.611753715818,GW3-IIb,GW3b,GW3,ok
MESSAGEix-GLOBIOM 2.0-M-R12-NGFS,NGFS Phase 5-Delayed Transition,1,World,Food Availability|Crops [per capita],kcal/cap/day,2030,1476.81560769837,GW3-IIb,GW3b,GW3,ok
MESSAGEix-GLOBIOM 2.0-M-R12-NGFS,NGFS Phase 5-Delayed Transition,1,World,Food Availability|Crops [per capita],kcal/cap/day,2025,1470.031426455954,GW3-IIb,GW3b,GW3,ok
MESSAGEix-GLOBIOM 2.0-M-R12-NGFS,NGFS Phase 5-Delayed Transition,1,World,Food Availability|Crops [per capita],kcal/cap/day,2020,1463.390198539079,GW3-IIb,GW3b,GW3,ok
MESSAGEix-GLOBIOM 2.0-M-R12-NGFS,NGFS Phase 5-Delayed Transition,1,World,Food Availability|Crops [per capita],kcal/cap/day,2045,1477.215183994869,GW3-IIb,GW3b,GW3,ok
MESSAGEix-GLOBIOM 2.0-M-R12-NGFS,NGFS Phase 5-Delayed Transition,1,World,Food Availability|Livestock [per capita],kcal/cap/day,2100,507.3560513681326,GW3-IIb,GW3b,GW3,ok
MESSAGEix-GLOBIOM 2.0-M-R12-NGFS,NGFS Phase 5-Delayed Transition,1,World,Food Availability|Livestock [per capita],kcal/cap/day,2090,494.7574036822779,GW3-IIb,GW3b,GW3,ok
MESSAGEix-GLOBIOM 2.0-M-R12-NGFS,NGFS Phase 5-Delayed Transition,1,World,Food Availability|Livestock [per capita],kcal/cap/day,2080,483.1049277090288,GW3-IIb,GW3b,GW3,ok
MESSAGEix-GLOBIOM 2.0-M-R12-NGFS,NGFS Phase 5-Delayed Transition,1,World,Food Availability|Livestock [per capita],kcal/cap/day,2070,478.3483322077745,GW3-IIb,GW3b,GW3,ok
MESSAGEix-GLOBIOM 2.0-M-R12-NGFS,NGFS Phase 5-Delayed Transition,1,World,Food Availability|Livestock [per capita],kcal/cap/day,2060,471.9440560258347,GW3-IIb,GW3b,GW3,ok
MESSAGEix-GLOBIOM 2.0-M-R12-NGFS,NGFS Phase 5-Delayed Transition,1,World,Food Availability|Livestock [per capita],kcal/cap/day,2050,466.999724911088,GW3-IIb,GW3b,GW3,ok
MESSAGEix-GLOBIOM 2.0-M-R12-NGFS,NGFS Phase 5-Delayed Transition,1,World,Food Availability|Livestock [per capita],kcal/cap/day,2055,469.5206534214236,GW3-IIb,GW3b,GW3,ok
MESSAGEix-GLOBIOM 2.0-M-R12-NGFS,NGFS Phase 5-Delayed Transition,1,World,Food Availability|Livestock [per capita],kcal/cap/day,2045,464.8139866854814,GW3-IIb,GW3b,GW3,ok
MESSAGEix-GLOBIOM 2.0-M-R12-NGFS,NGFS Phase 5-Delayed Transition,1,World,Food Availability|Livestock [per capita],kcal/cap/day,2035,458.9412083552677,GW3-IIb,GW3b,GW3,ok
MESSAGEix-GLOBIOM 2.0-M-R12-NGFS,NGFS Phase 5-Delayed Transition,1,World,Food Availability|Livestock [per capita],kcal/cap/day,2030,454.3808335465897,GW3-IIb,GW3b,GW3,ok
MESSAGEix-GLOBIOM 2.0-M-R12-NGFS,NGFS Phase 5-Delayed Transition,1,World,Food Availability|Livestock [per capita],kcal/cap/day,2025,444.0882963699156,GW3-IIb,GW3b,GW3,ok
MESSAGEix-GLOBIOM 2.0-M-R12-NGFS,NGFS Phase 5-Delayed Transition,1,World,Food Availability|Livestock [per capita],kcal/cap/day,2020,433.3515182277227,GW3-IIb,GW3b,GW3,ok
MESSAGEix-GLOBIOM 2.0-M-R12-NGFS,NGFS Phase 5-Delayed Transition,1,World,Food Availability|Livestock [per capita],kcal/cap/day,2040,462.6980092630982,GW3-IIb,GW3b,GW3,ok
MESSAGEix-GLOBIOM 2.0-M-R12-NGFS,NGFS Phase 5-Delayed Transition,1,World,GDP|MER,billion USD_2010/yr,2100,632995.4793078452,GW3-IIb,GW3b,GW3,ok
MESSAGEix-GLOBIOM 2.0-M-R12-NGFS,NGFS Phase 5-Delayed Transition,1,World,GDP|MER,billion USD_2010/yr,2090,531996.6305754585,GW3-IIb,GW3b,GW3,ok
MESSAGEix-GLOBIOM 2.0-M-R12-NGFS,NGFS Phase 5-Delayed Transition,1,World,GDP|MER,billion USD_2010/yr,2080,440152.6698938991,GW3-IIb,GW3b,GW3,ok
MESSAGEix-GLOBIOM 2.0-M-R12-NGFS,NGFS Phase 5-Delayed Transition,1,World,GDP|MER,billion USD_2010/yr,2070,357999.9268626315,GW3-IIb,GW3b,GW3,ok
MESSAGEix-GLOBIOM 2.0-M-R12-NGFS,NGFS Phase 5-Delayed Transition,1,World,GDP|MER,billion USD_2010/yr,2060,283150.6288016422,GW3-IIb,GW3b,GW3,ok
MESSAGEix-GLOBIOM 2.0-M-R12-NGFS,NGFS Phase 5-Delayed Transition,1,World,GDP|MER,billion USD_2010/yr,2055,249820.953478186,GW3-IIb,GW3b,GW3,ok
MESSAGEix-GLOBIOM 2.0-M-R12-NGFS,NGFS Phase 5-Delayed Transition,1,World,GDP|MER,billion USD_2010/yr,2050,220412.8628306577,GW3-IIb,GW3b,GW3,ok
MESSAGEix-GLOBIOM 2.0-M-R12-NGFS,NGFS Phase 5-Delayed Transition,1,World,GDP|MER,billion USD_2010/yr,2045,192325.8429363177,GW3-IIb,GW3b,GW3,ok
MESSAGEix-GLOBIOM 2.0-M-R12-NGFS,NGFS Phase 5-Delayed Transition,1,World,GDP|MER,billion USD_2010/yr,2035,143371.5311186739,GW3-IIb,GW3b,GW3,ok
MESSAGEix-GLOBIOM 2.0-M-R12-NGFS,NGFS Phase 5-Delayed Transition,1,World,GDP|MER,billion USD_2010/yr,2040,167328.3116777914,GW3-IIb,GW3b,GW3,ok
MESSAGEix-GLOBIOM 2.0-M-R12-NGFS,NGFS Phase 5-Delayed Transition,1,World,GDP|MER,billion USD_2010/yr,2025,98880.76696223563,GW3-IIb,GW3b,GW3,ok
MESSAGEix-GLOBIOM 2.0-M-R12-NGFS,NGFS Phase 5-Delayed Transition,1,World,GDP|MER,billion USD_2010/yr,2030,121508.7059445846,GW3-IIb,GW3b,GW3,ok
MESSAGEix-GLOBIOM 2.0-M-R12-NGFS,NGFS Phase 5-Delayed Transition,1,World,GDP|MER,billion USD_2010/yr,2020,71023.82956538288,GW3-IIb,GW3b,GW3,ok
MESSAGEix-GLOBIOM 2.0-M-R12-NGFS,NGFS Phase 5-Delayed Transition,1,World,Investment|Energy Supply,billion USD_2010/yr,2055,1921.558781358642,GW3-IIb,GW3b,GW3,ok
MESSAGEix-GLOBIOM 2.0-M-R12-NGFS,NGFS Phase 5-Delayed Transition,1,World,Investment|Energy Supply,billion USD_2010/yr,2100,2450.133812732813,GW3-IIb,GW3b,GW3,ok
MESSAGEix-GLOBIOM 2.0-M-R12-NGFS,NGFS Phase 5-Delayed Transition,1,World,Investment|Energy Supply,billion USD_2010/yr,2090,2118.870718189723,GW3-IIb,GW3b,GW3,ok
MESSAGEix-GLOBIOM 2.0-M-R12-NGFS,NGFS Phase 5-Delayed Transition,1,World,Investment|Energy Supply,billion USD_2010/yr,2080,2347.439989376999,GW3-IIb,GW3b,GW3,ok
MESSAGEix-GLOBIOM 2.0-M-R12-NGFS,NGFS Phase 5-Delayed Transition,1,World,Investment|Energy Supply,billion USD_2010/yr,2070,1687.466193661671,GW3-IIb,GW3b,GW3,ok
MESSAGEix-GLOBIOM 2.0-M-R12-NGFS,NGFS Phase 5-Delayed Transition,1,World,Investment|Energy Supply,billion USD_2010/yr,2060,1688.4361511068,GW3-IIb,GW3b,GW3,ok
MESSAGEix-GLOBIOM 2.0-M-R12-NGFS,NGFS Phase 5-Delayed Transition,1,World,Investment|Energy Supply,billion USD_2010/yr,2050,2060.774535551215,GW3-IIb,GW3b,GW3,ok
MESSAGEix-GLOBIOM 2.0-M-R12-NGFS,NGFS Phase 5-Delayed Transition,1,World,Investment|Energy Supply,billion USD_2010/yr,2040,1829.571614415149,GW3-IIb,GW3b,GW3,ok
MESSAGEix-GLOBIOM 2.0-M-R12-NGFS,NGFS Phase 5-Delayed Transition,1,World,Investment|Energy Supply,billion USD_2010/yr,2035,1554.647996866191,GW3-IIb,GW3b,GW3,ok
MESSAGEix-GLOBIOM 2.0-M-R12-NGFS,NGFS Phase 5-Delayed Transition,1,World,Investment|Energy Supply,billion USD_2010/yr,2030,1342.972308302226,GW3-IIb,GW3b,GW3,ok
MESSAGEix-GLOBIOM 2.0-M-R12-NGFS,NGFS Phase 5-Delayed Transition,1,World,Investment|Energy Supply,billion USD_2010/yr,2025,1401.691664901536,GW3-IIb,GW3b,GW3,ok
MESSAGEix-GLOBIOM 2.0-M-R12-NGFS,NGFS Phase 5-Delayed Transition,1,World,Investment|Energy Supply,billion USD_2010/yr,2020,1775.923583542412,GW3-IIb,GW3b,GW3,ok
MESSAGEix-GLOBIOM 2.0-M-R12-NGFS,NGFS Phase 5-Delayed Transition,1,World,Investment|Energy Supply,billion USD_2010/yr,2045,2036.319210388024,GW3-IIb,GW3b,GW3,ok
MESSAGEix-GLOBIOM 2.0-M-R12-NGFS,NGFS Phase 5-Delayed Transition,1,World,Land Cover,million ha,2050,12947.1548,GW3-IIb,GW3b,GW3,ok
MESSAGEix-GLOBIOM 2.0-M-R12-NGFS,NGFS Phase 5-Delayed Transition,1,World,Land Cover,million ha,2090,12947.1548,GW3-IIb,GW3b,GW3,ok
MESSAGEix-GLOBIOM 2.0-M-R12-NGFS,NGFS Phase 5-Delayed Transition,1,World,Land Cover,million ha,2080,12947.1548,GW3-IIb,GW3b,GW3,ok
MESSAGEix-GLOBIOM 2.0-M-R12-NGFS,NGFS Phase 5-Delayed Transition,1,World,Land Cover,million ha,2070,12947.1548,GW3-IIb,GW3b,GW3,ok
MESSAGEix-GLOBIOM 2.0-M-R12-NGFS,NGFS Phase 5-Delayed Transition,1,World,Land Cover,million ha,2060,12947.1548,GW3-IIb,GW3b,GW3,ok
MESSAGEix-GLOBIOM 2.0-M-R12-NGFS,NGFS Phase 5-Delayed Transition,1,World,Land Cover,million ha,2055,12947.1548,GW3-IIb,GW3b,GW3,ok
MESSAGEix-GLOBIOM 2.0-M-R12-NGFS,NGFS Phase 5-Delayed Transition,1,World,Land Cover,million ha,2045,12947.1548,GW3-IIb,GW3b,GW3,ok
MESSAGEix-GLOBIOM 2.0-M-R12-NGFS,NGFS Phase 5-Delayed Transition,1,World,Land Cover,million ha,2100,12947.1548,GW3-IIb,GW3b,GW3,ok
MESSAGEix-GLOBIOM 2.0-M-R12-NGFS,NGFS Phase 5-Delayed Transition,1,World,Land Cover,million ha,2035,12947.1548,GW3-IIb,GW3b,GW3,ok
MESSAGEix-GLOBIOM 2.0-M-R12-NGFS,NGFS Phase 5-Delayed Transition,1,World,Land Cover,million ha,2040,12947.1548,GW3-IIb,GW3b,GW3,ok
MESSAGEix-GLOBIOM 2.0-M-R12-NGFS,NGFS Phase 5-Delayed Transition,1,World,Land Cover,million ha,2025,12947.1548,GW3-IIb,GW3b,GW3,ok
MESSAGEix-GLOBIOM 2.0-M-R12-NGFS,NGFS Phase 5-Delayed Transition,1,World,Land Cover,million ha,2030,12947.1548,GW3-IIb,GW3b,GW3,ok
MESSAGEix-GLOBIOM 2.0-M-R12-NGFS,NGFS Phase 5-Delayed Transition,1,World,Land Cover,million ha,2020,12947.1548,GW3-IIb,GW3b,GW3,ok
MESSAGEix-GLOBIOM 2.0-M-R12-NGFS,NGFS Phase 5-Delayed Transition,1,World,Land Cover|Forest,million ha,2090,4391.447830022846,GW3-IIb,GW3b,GW3,ok
MESSAGEix-GLOBIOM 2.0-M-R12-NGFS,NGFS Phase 5-Delayed Transition,1,World,Land Cover|Forest,million ha,2080,4337.246442004572,GW3-IIb,GW3b,GW3,ok
MESSAGEix-GLOBIOM 2.0-M-R12-NGFS,NGFS Phase 5-Delayed Transition,1,World,Land Cover|Forest,million ha,2070,4275.297316231146,GW3-IIb,GW3b,GW3,ok
MESSAGEix-GLOBIOM 2.0-M-R12-NGFS,NGFS Phase 5-Delayed Transition,1,World,Land Cover|Forest,million ha,2060,4201.302452919418,GW3-IIb,GW3b,GW3,ok
MESSAGEix-GLOBIOM 2.0-M-R12-NGFS,NGFS Phase 5-Delayed Transition,1,World,Land Cover|Forest,million ha,2055,4158.023175463827,GW3-IIb,GW3b,GW3,ok
MESSAGEix-GLOBIOM 2.0-M-R12-NGFS,NGFS Phase 5-Delayed Transition,1,World,Land Cover|Forest,million ha,2050,4114.487411205881,GW3-IIb,GW3b,GW3,ok
MESSAGEix-GLOBIOM 2.0-M-R12-NGFS,NGFS Phase 5-Delayed Transition,1,World,Land Cover|Forest,million ha,2045,4067.665780200676,GW3-IIb,GW3b,GW3,ok
MESSAGEix-GLOBIOM 2.0-M-R12-NGFS,NGFS Phase 5-Delayed Transition,1,World,Land Cover|Forest,million ha,2100,4436.751918171604,GW3-IIb,GW3b,GW3,ok
MESSAGEix-GLOBIOM 2.0-M-R12-NGFS,NGFS Phase 5-Delayed Transition,1,World,Land Cover|Forest,million ha,2035,3976.726683360433,GW3-IIb,GW3b,GW3,ok
MESSAGEix-GLOBIOM 2.0-M-R12-NGFS,NGFS Phase 5-Delayed Transition,1,World,Land Cover|Forest,million ha,2030,3939.694426987676,GW3-IIb,GW3b,GW3,ok
MESSAGEix-GLOBIOM 2.0-M-R12-NGFS,NGFS Phase 5-Delayed Transition,1,World,Land Cover|Forest,million ha,2025,3933.7534,GW3-IIb,GW3b,GW3,ok
MESSAGEix-GLOBIOM 2.0-M-R12-NGFS,NGFS Phase 5-Delayed Transition,1,World,Land Cover|Forest,million ha,2020,3927.3915,GW3-IIb,GW3b,GW3,ok
MESSAGEix-GLOBIOM 2.0-M-R12-NGFS,NGFS Phase 5-Delayed Transition,1,World,Land Cover|Forest,million ha,2040,4023.527946379859,GW3-IIb,GW3b,GW3,ok
MESSAGEix-GLOBIOM 2.0-M-R12-NGFS,NGFS Phase 5-Delayed Transition,1,World,Population,million,2100,9883.143,GW3-IIb,GW3b,GW3,ok
MESSAGEix-GLOBIOM 2.0-M-R12-NGFS,NGFS Phase 5-Delayed Transition,1,World,Population,million,2090,10050.9005,GW3-IIb,GW3b,GW3,ok
MESSAGEix-GLOBIOM 2.0-M-R12-NGFS,NGFS Phase 5-Delayed Transition,1,World,Population,million,2080,10128.2265,GW3-IIb,GW3b,GW3,ok
MESSAGEix-GLOBIOM 2.0-M-R12-NGFS,NGFS Phase 5-Delayed Transition,1,World,Population,million,2070,10086.5138,GW3-IIb,GW3b,GW3,ok
MESSAGEix-GLOBIOM 2.0-M-R12-NGFS,NGFS Phase 5-Delayed Transition,1,World,Population,million,2060,9913.6024,GW3-IIb,GW3b,GW3,ok
MESSAGEix-GLOBIOM 2.0-M-R12-NGFS,NGFS Phase 5-Delayed Transition,1,World,Population,million,2050,9591.9855,GW3-IIb,GW3b,GW3,ok
MESSAGEix-GLOBIOM 2.0-M-R12-NGFS,NGFS Phase 5-Delayed Transition,1,World,Population,million,2055,9772.4397,GW3-IIb,GW3b,GW3,ok
MESSAGEix-GLOBIOM 2.0-M-R12-NGFS,NGFS Phase 5-Delayed Transition,1,World,Population,million,2035,8815.2475,GW3-IIb,GW3b,GW3,ok
MESSAGEix-GLOBIOM 2.0-M-R12-NGFS,NGFS Phase 5-Delayed Transition,1,World,Population,million,2030,8494.901600000001,GW3-IIb,GW3b,GW3,ok
MESSAGEix-GLOBIOM 2.0-M-R12-NGFS,NGFS Phase 5-Delayed Transition,1,World,Population,million,2025,8149.981299999999,GW3-IIb,GW3b,GW3,ok
MESSAGEix-GLOBIOM 2.0-M-R12-NGFS,NGFS Phase 5-Delayed Transition,1,World,Population,million,2020,7803.267699999999,GW3-IIb,GW3b,GW3,ok
MESSAGEix-GLOBIOM 2.0-M-R12-NGFS,NGFS Phase 5-Delayed Transition,1,World,Population,million,2040,9108.7536,GW3-IIb,GW3b,GW3,ok
MESSAGEix-GLOBIOM 2.0-M-R12-NGFS,NGFS Phase 5-Delayed Transition,1,World,Population,million,2045,9369.3335,GW3-IIb,GW3b,GW3,ok
MESSAGEix-GLOBIOM 2.0-M-R12-NGFS,NGFS Phase 5-Delayed Transition,1,World,Price|Secondary Energy|Electricity,USD_2010/GJ,2100,13.70464643186369,GW3-IIb,GW3b,GW3,ok
MESSAGEix-GLOBIOM 2.0-M-R12-NGFS,NGFS Phase 5-Delayed Transition,1,World,Price|Secondary Energy|Electricity,USD_2010/GJ,2090,13.74863171425765,GW3-IIb,GW3b,GW3,ok
MESSAGEix-GLOBIOM 2.0-M-R12-NGFS,NGFS Phase 5-Delayed Transition,1,World,Price|Secondary Energy|Electricity,USD_2010/GJ,2080,13.31782590795032,GW3-IIb,GW3b,GW3,ok
MESSAGEix-GLOBIOM 2.0-M-R12-NGFS,NGFS Phase 5-Delayed Transition,1,World,Price|Secondary Energy|Electricity,USD_2010/GJ,2070,14.96143471758458,GW3-IIb,GW3b,GW3,ok
MESSAGEix-GLOBIOM 2.0-M-R12-NGFS,NGFS Phase 5-Delayed Transition,1,World,Price|Secondary Energy|Electricity,USD_2010/GJ,2060,14.11434020252304,GW3-IIb,GW3b,GW3,ok
MESSAGEix-GLOBIOM 2.0-M-R12-NGFS,NGFS Phase 5-Delayed Transition,1,World,Price|Secondary Energy|Electricity,USD_2010/GJ,2055,15.51017490143719,GW3-IIb,GW3b,GW3,ok
MESSAGEix-GLOBIOM 2.0-M-R12-NGFS,NGFS Phase 5-Delayed Transition,1,World,Price|Secondary Energy|Electricity,USD_2010/GJ,2050,14.48838943854345,GW3-IIb,GW3b,GW3,ok
MESSAGEix-GLOBIOM 2.0-M-R12-NGFS,NGFS Phase 5-Delayed Transition,1,World,Price|Secondary Energy|Electricity,USD_2010/GJ,2040,12.69440865690205,GW3-IIb,GW3b,GW3,ok
MESSAGEix-GLOBIOM 2.0-M-R12-NGFS,NGFS Phase 5-Delayed Transition,1,World,Price|Secondary Energy|Electricity,USD_2010/GJ,2035,10.12049185957164,GW3-IIb,GW3b,GW3,ok
MESSAGEix-GLOBIOM 2.0-M-R12-NGFS,NGFS Phase 5-Delayed Transition,1,World,Price|Secondary Energy|Electricity,USD_2010/GJ,2030,8.146554601087185,GW3-IIb,GW3b,GW3,ok
MESSAGEix-GLOBIOM 2.0-M-R12-NGFS,NGFS Phase 5-Delayed Transition,1,World,Price|Secondary Energy|Electricity,USD_2010/GJ,2025,4.90362466744973,GW3-IIb,GW3b,GW3,ok
MESSAGEix-GLOBIOM 2.0-M-R12-NGFS,NGFS Phase 5-Delayed Transition,1,World,Price|Secondary Energy|Electricity,USD_2010/GJ,2020,10.82453631270296,GW3-IIb,GW3b,GW3,ok
MESSAGEix-GLOBIOM 2.0-M-R12-NGFS,NGFS Phase 5-Delayed Transition,1,World,Price|Secondary Energy|Electricity,USD_2010/GJ,2045,14.891196959122,GW3-IIb,GW3b,GW3,ok
MESSAGEix-GLOBIOM 2.0-M-R12-NGFS,NGFS Phase 5-Delayed Transition,1,World,Primary Energy|Biomass,EJ/yr,2090,91.88345077777826,GW3-IIb,GW3b,GW3,ok
MESSAGEix-GLOBIOM 2.0-M-R12-NGFS,NGFS Phase 5-Delayed Transition,1,World,Primary Energy|Biomass,EJ/yr,2080,84.6046108676806,GW3-IIb,GW3b,GW3,ok
MESSAGEix-GLOBIOM 2.0-M-R12-NGFS,NGFS Phase 5-Delayed Transition,1,World,Primary Energy|Biomass,EJ/yr,2070,69.61282576197559,GW3-IIb,GW3b,GW3,ok
MESSAGEix-GLOBIOM 2.0-M-R12-NGFS,NGFS Phase 5-Delayed Transition,1,World,Primary Energy|Biomass,EJ/yr,2060,58.08736650498958,GW3-IIb,GW3b,GW3,ok
MESSAGEix-GLOBIOM 2.0-M-R12-NGFS,NGFS Phase 5-Delayed Transition,1,World,Primary Energy|Biomass,EJ/yr,2055,53.91977102466824,GW3-IIb,GW3b,GW3,ok
MESSAGEix-GLOBIOM 2.0-M-R12-NGFS,NGFS Phase 5-Delayed Transition,1,World,Primary Energy|Biomass,EJ/yr,2050,51.82261586067247,GW3-IIb,GW3b,GW3,ok
MESSAGEix-GLOBIOM 2.0-M-R12-NGFS,NGFS Phase 5-Delayed Transition,1,World,Primary Energy|Biomass,EJ/yr,2045,52.7273489741488,GW3-IIb,GW3b,GW3,ok
MESSAGEix-GLOBIOM 2.0-M-R12-NGFS,NGFS Phase 5-Delayed Transition,1,World,Primary Energy|Biomass,EJ/yr,2100,97.4793146199475,GW3-IIb,GW3b,GW3,ok
MESSAGEix-GLOBIOM 2.0-M-R12-NGFS,NGFS Phase 5-Delayed Transition,1,World,Primary Energy|Biomass,EJ/yr,2035,55.979621740597,GW3-IIb,GW3b,GW3,ok
MESSAGEix-GLOBIOM 2.0-M-R12-NGFS,NGFS Phase 5-Delayed Transition,1,World,Primary Energy|Biomass,EJ/yr,2030,57.89345259748342,GW3-IIb,GW3b,GW3,ok
MESSAGEix-GLOBIOM 2.0-M-R12-NGFS,NGFS Phase 5-Delayed Transition,1,World,Primary Energy|Biomass,EJ/yr,2025,54.46316922693649,GW3-IIb,GW3b,GW3,ok
MESSAGEix-GLOBIOM 2.0-M-R12-NGFS,NGFS Phase 5-Delayed Transition,1,World,Primary Energy|Biomass,EJ/yr,2020,61.42716812118417,GW3-IIb,GW3b,GW3,ok
MESSAGEix-GLOBIOM 2.0-M-R12-NGFS,NGFS Phase 5-Delayed Transition,1,World,Primary Energy|Biomass,EJ/yr,2040,54.1246601581945,GW3-IIb,GW3b,GW3,ok
MESSAGEix-GLOBIOM 2.0-M-R12-NGFS,NGFS Phase 5-Delayed Transition,1,World,Primary Energy|Coal,EJ/yr,2090,9.26596474954627,GW3-IIb,GW3b,GW3,ok
MESSAGEix-GLOBIOM 2.0-M-R12-NGFS,NGFS Phase 5-Delayed Transition,1,World,Primary Energy|Coal,EJ/yr,2080,12.34599974702428,GW3-IIb,GW3b,GW3,ok
MESSAGEix-GLOBIOM 2.0-M-R12-NGFS,NGFS Phase 5-Delayed Transition,1,World,Primary Energy|Coal,EJ/yr,2070,17.7914285158212,GW3-IIb,GW3b,GW3,ok
MESSAGEix-GLOBIOM 2.0-M-R12-NGFS,NGFS Phase 5-Delayed Transition,1,World,Primary Energy|Coal,EJ/yr,2060,28.82860010500771,GW3-IIb,GW3b,GW3,ok
MESSAGEix-GLOBIOM 2.0-M-R12-NGFS,NGFS Phase 5-Delayed Transition,1,World,Primary Energy|Coal,EJ/yr,2055,36.8721897657046,GW3-IIb,GW3b,GW3,ok
MESSAGEix-GLOBIOM 2.0-M-R12-NGFS,NGFS Phase 5-Delayed Transition,1,World,Primary Energy|Coal,EJ/yr,2050,47.86752574553632,GW3-IIb,GW3b,GW3,ok
MESSAGEix-GLOBIOM 2.0-M-R12-NGFS,NGFS Phase 5-Delayed Transition,1,World,Primary Energy|Coal,EJ/yr,2045,63.11273876845635,GW3-IIb,GW3b,GW3,ok
MESSAGEix-GLOBIOM 2.0-M-R12-NGFS,NGFS Phase 5-Delayed Transition,1,World,Primary Energy|Coal,EJ/yr,2100,7.203742897143638,GW3-IIb,GW3b,GW3,ok
MESSAGEix-GLOBIOM 2.0-M-R12-NGFS,NGFS Phase 5-Delayed Transition,1,World,Primary Energy|Coal,EJ/yr,2035,116.6473197748914,GW3-IIb,GW3b,GW3,ok
MESSAGEix-GLOBIOM 2.0-M-R12-NGFS,NGFS Phase 5-Delayed Transition,1,World,Primary Energy|Coal,EJ/yr,2030,157.441323551307,GW3-IIb,GW3b,GW3,ok
MESSAGEix-GLOBIOM 2.0-M-R12-NGFS,NGFS Phase 5-Delayed Transition,1,World,Primary Energy|Coal,EJ/yr,2025,151.7683799908838,GW3-IIb,GW3b,GW3,ok
MESSAGEix-GLOBIOM 2.0-M-R12-NGFS,NGFS Phase 5-Delayed Transition,1,World,Primary Energy|Coal,EJ/yr,2020,162.572361686753,GW3-IIb,GW3b,GW3,ok
MESSAGEix-GLOBIOM 2.0-M-R12-NGFS,NGFS Phase 5-Delayed Transition,1,World,Primary Energy|Coal,EJ/yr,2040,85.43247489277691,GW3-IIb,GW3b,GW3,ok
MESSAGEix-GLOBIOM 2.0-M-R12-NGFS,NGFS Phase 5-Delayed Transition,1,World,Primary Energy|Fossil|w/ CCS,EJ/yr,2055,10.45955484141122,GW3-IIb,GW3b,GW3,ok
MESSAGEix-GLOBIOM 2.0-M-R12-NGFS,NGFS Phase 5-Delayed Transition,1,World,Primary Energy|Fossil|w/ CCS,EJ/yr,2100,0.0,GW3-IIb,GW3b,GW3,ok
MESSAGEix-GLOBIOM 2.0-M-R12-NGFS,NGFS Phase 5-Delayed Transition,1,World,Primary Energy|Fossil|w/ CCS,EJ/yr,2090,0.004365686953769,GW3-IIb,GW3b,GW3,ok
MESSAGEix-GLOBIOM 2.0-M-R12-NGFS,NGFS Phase 5-Delayed Transition,1,World,Primary Energy|Fossil|w/ CCS,EJ/yr,2080,0.0248198705555984,GW3-IIb,GW3b,GW3,ok
MESSAGEix-GLOBIOM 2.0-M-R12-NGFS,NGFS Phase 5-Delayed Transition,1,World,Primary Energy|Fossil|w/ CCS,EJ/yr,2070,0.3731955821690397,GW3-IIb,GW3b,GW3,ok
MESSAGEix-GLOBIOM 2.0-M-R12-NGFS,NGFS Phase 5-Delayed Transition,1,World,Primary Energy|Fossil|w/ CCS,EJ/yr,2060,6.578684992447668,GW3-IIb,GW3b,GW3,ok
MESSAGEix-GLOBIOM 2.0-M-R12-NGFS,NGFS Phase 5-Delayed Transition,1,World,Primary Energy|Fossil|w/ CCS,EJ/yr,2050,14.63694334317866,GW3-IIb,GW3b,GW3,ok
MESSAGEix-GLOBIOM 2.0-M-R12-NGFS,NGFS Phase 5-Delayed Transition,1,World,Primary Energy|Fossil|w/ CCS,EJ/yr,2040,9.284951195675932,GW3-IIb,GW3b,GW3,ok
MESSAGEix-GLOBIOM 2.0-M-R12-NGFS,NGFS Phase 5-Delayed Transition,1,World,Primary Energy|Fossil|w/ CCS,EJ/yr,2035,3.947500546016964,GW3-IIb,GW3b,GW3,ok
MESSAGEix-GLOBIOM 2.0-M-R12-NGFS,NGFS Phase 5-Delayed Transition,1,World,Primary Energy|Fossil|w/ CCS,EJ/yr,2030,0.0,GW3-IIb,GW3b,GW3,ok
MESSAGEix-GLOBIOM 2.0-M-R12-NGFS,NGFS Phase 5-Delayed Transition,1,World,Primary Energy|Fossil|w/ CCS,EJ/yr,2025,0.0,GW3-IIb,GW3b,GW3,ok
MESSAGEix-GLOBIOM 2.0-M-R12-NGFS,NGFS Phase 5-Delayed Transition,1,World,Primary Energy|Fossil|w/ CCS,EJ/yr,2020,0.0,GW3-IIb,GW3b,GW3,ok
MESSAGEix-GLOBIOM 2.0-M-R12-NGFS,NGFS Phase 5-Delayed Transition,1,World,Primary Energy|Fossil|w/ CCS,EJ/yr,2045,14.00967131335947,GW3-IIb,GW3b,GW3,ok
MESSAGEix-GLOBIOM 2.0-M-R12-NGFS,NGFS Phase 5-Delayed Transition,1,World,Primary Energy|Fossil|w/o CCS,EJ/yr,2050,215.0103571367808,GW3-IIb,GW3b,GW3,ok
MESSAGEix-GLOBIOM 2.0-M-R12-NGFS,NGFS Phase 5-Delayed Transition,1,World,Primary Energy|Fossil|w/o CCS,EJ/yr,2090,90.51668213469392,GW3-IIb,GW3b,GW3,ok
MESSAGEix-GLOBIOM 2.0-M-R12-NGFS,NGFS Phase 5-Delayed Transition,1,World,Primary Energy|Fossil|w/o CCS,EJ/yr,2080,91.87177413241308,GW3-IIb,GW3b,GW3,ok
MESSAGEix-GLOBIOM 2.0-M-R12-NGFS,NGFS Phase 5-Delayed Transition,1,World,Primary Energy|Fossil|w/o CCS,EJ/yr,2070,129.3582950067728,GW3-IIb,GW3b,GW3,ok
MESSAGEix-GLOBIOM 2.0-M-R12-NGFS,NGFS Phase 5-Delayed Transition,1,World,Primary Energy|Fossil|w/o CCS,EJ/yr,2060,152.1204011370414,GW3-IIb,GW3b,GW3,ok
MESSAGEix-GLOBIOM 2.0-M-R12-NGFS,NGFS Phase 5-Delayed Transition,1,World,Primary Energy|Fossil|w/o CCS,EJ/yr,2055,171.9847116062449,GW3-IIb,GW3b,GW3,ok
MESSAGEix-GLOBIOM 2.0-M-R12-NGFS,NGFS Phase 5-Delayed Transition,1,World,Primary Energy|Fossil|w/o CCS,EJ/yr,2045,271.8827010273622,GW3-IIb,GW3b,GW3,ok
MESSAGEix-GLOBIOM 2.0-M-R12-NGFS,NGFS Phase 5-Delayed Transition,1,World,Primary Energy|Fossil|w/o CCS,EJ/yr,2100,94.82026029539296,GW3-IIb,GW3b,GW3,ok
MESSAGEix-GLOBIOM 2.0-M-R12-NGFS,NGFS Phase 5-Delayed Transition,1,World,Primary Energy|Fossil|w/o CCS,EJ/yr,2035,403.8310235867456,GW3-IIb,GW3b,GW3,ok
MESSAGEix-GLOBIOM 2.0-M-R12-NGFS,NGFS Phase 5-Delayed Transition,1,World,Primary Energy|Fossil|w/o CCS,EJ/yr,2030,463.2753998261975,GW3-IIb,GW3b,GW3,ok
MESSAGEix-GLOBIOM 2.0-M-R12-NGFS,NGFS Phase 5-Delayed Transition,1,World,Primary Energy|Fossil|w/o CCS,EJ/yr,2025,461.2352520753996,GW3-IIb,GW3b,GW3,ok
MESSAGEix-GLOBIOM 2.0-M-R12-NGFS,NGFS Phase 5-Delayed Transition,1,World,Primary Energy|Fossil|w/o CCS,EJ/yr,2020,491.7327735695509,GW3-IIb,GW3b,GW3,ok
MESSAGEix-GLOBIOM 2.0-M-R12-NGFS,NGFS Phase 5-Delayed Transition,1,World,Primary Energy|Fossil|w/o CCS,EJ/yr,2040,338.1311247596951,GW3-IIb,GW3b,GW3,ok
MESSAGEix-GLOBIOM 2.0-M-R12-NGFS,NGFS Phase 5-Delayed Transition,1,World,Primary Energy|Gas,EJ/yr,2100,76.8801040789359,GW3-IIb,GW3b,GW3,ok
MESSAGEix-GLOBIOM 2.0-M-R12-NGFS,NGFS Phase 5-Delayed Transition,1,World,Primary Energy|Gas,EJ/yr,2090,70.3732582671039,GW3-IIb,GW3b,GW3,ok
MESSAGEix-GLOBIOM 2.0-M-R12-NGFS,NGFS Phase 5-Delayed Transition,1,World,Primary Energy|Gas,EJ/yr,2080,66.88821015145993,GW3-IIb,GW3b,GW3,ok
MESSAGEix-GLOBIOM 2.0-M-R12-NGFS,NGFS Phase 5-Delayed Transition,1,World,Primary Energy|Gas,EJ/yr,2070,92.6664681028726,GW3-IIb,GW3b,GW3,ok
MESSAGEix-GLOBIOM 2.0-M-R12-NGFS,NGFS Phase 5-Delayed Transition,1,World,Primary Energy|Gas,EJ/yr,2060,95.09876612843163,GW3-IIb,GW3b,GW3,ok
MESSAGEix-GLOBIOM 2.0-M-R12-NGFS,NGFS Phase 5-Delayed Transition,1,World,Primary Energy|Gas,EJ/yr,2055,101.0204356633276,GW3-IIb,GW3b,GW3,ok
MESSAGEix-GLOBIOM 2.0-M-R12-NGFS,NGFS Phase 5-Delayed Transition,1,World,Primary Energy|Gas,EJ/yr,2050,124.6020728084368,GW3-IIb,GW3b,GW3,ok
MESSAGEix-GLOBIOM 2.0-M-R12-NGFS,NGFS Phase 5-Delayed Transition,1,World,Primary Energy|Gas,EJ/yr,2040,166.4599979346282,GW3-IIb,GW3b,GW3,ok
MESSAGEix-GLOBIOM 2.0-M-R12-NGFS,NGFS Phase 5-Delayed Transition,1,World,Primary Energy|Gas,EJ/yr,2035,171.0954638124121,GW3-IIb,GW3b,GW3,ok
MESSAGEix-GLOBIOM 2.0-M-R12-NGFS,NGFS Phase 5-Delayed Transition,1,World,Primary Energy|Gas,EJ/yr,2030,165.0887689659591,GW3-IIb,GW3b,GW3,ok
MESSAGEix-GLOBIOM 2.0-M-R12-NGFS,NGFS Phase 5-Delayed Transition,1,World,Primary Energy|Gas,EJ/yr,2025,155.436640676272,GW3-IIb,GW3b,GW3,ok
MESSAGEix-GLOBIOM 2.0-M-R12-NGFS,NGFS Phase 5-Delayed Transition,1,World,Primary Energy|Gas,EJ/yr,2020,144.612345826642,GW3-IIb,GW3b,GW3,ok
MESSAGEix-GLOBIOM 2.0-M-R12-NGFS,NGFS Phase 5-Delayed Transition,1,World,Primary Energy|Gas,EJ/yr,2045,148.8921661900472,GW3-IIb,GW3b,GW3,ok
MESSAGEix-GLOBIOM 2.0-M-R12-NGFS,NGFS Phase 5-Delayed Transition,1,World,Primary Energy|Non-Biomass Renewables,EJ/yr,2055,240.4395225250295,GW3-IIb,GW3b,GW3,ok
MESSAGEix-GLOBIOM 2.0-M-R12-NGFS,NGFS Phase 5-Delayed Transition,1,World,Primary Energy|Non-Biomass Renewables,EJ/yr,2100,461.8843900937193,GW3-IIb,GW3b,GW3,ok
MESSAGEix-GLOBIOM 2.0-M-R12-NGFS,NGFS Phase 5-Delayed Transition,1,World,Primary Energy|Non-Biomass Renewables,EJ/yr,2090,428.6885759877223,GW3-IIb,GW3b,GW3,ok
MESSAGEix-GLOBIOM 2.0-M-R12-NGFS,NGFS Phase 5-Delayed Transition,1,World,Primary Energy|Non-Biomass Renewables,EJ/yr,2080,389.0278698260022,GW3-IIb,GW3b,GW3,ok
MESSAGEix-GLOBIOM 2.0-M-R12-NGFS,NGFS Phase 5-Delayed Transition,1,World,Primary Energy|Non-Biomass Renewables,EJ/yr,2070,322.6897980624958,GW3-IIb,GW3b,GW3,ok
MESSAGEix-GLOBIOM 2.0-M-R12-NGFS,NGFS Phase 5-Delayed Transition,1,World,Primary Energy|Non-Biomass Renewables,EJ/yr,2060,270.5089719365337,GW3-IIb,GW3b,GW3,ok
MESSAGEix-GLOBIOM 2.0-M-R12-NGFS,NGFS Phase 5-Delayed Transition,1,World,Primary Energy|Non-Biomass Renewables,EJ/yr,2050,198.7630690235782,GW3-IIb,GW3b,GW3,ok
MESSAGEix-GLOBIOM 2.0-M-R12-NGFS,NGFS Phase 5-Delayed Transition,1,World,Primary Energy|Non-Biomass Renewables,EJ/yr,2020,26.18471998282024,GW3-IIb,GW3b,GW3,ok
MESSAGEix-GLOBIOM 2.0-M-R12-NGFS,NGFS Phase 5-Delayed Transition,1,World,Primary Energy|Non-Biomass Renewables,EJ/yr,2040,110.4354130227825,GW3-IIb,GW3b,GW3,ok
MESSAGEix-GLOBIOM 2.0-M-R12-NGFS,NGFS Phase 5-Delayed Transition,1,World,Primary Energy|Non-Biomass Renewables,EJ/yr,2035,77.33703985029945,GW3-IIb,GW3b,GW3,ok
MESSAGEix-GLOBIOM 2.0-M-R12-NGFS,NGFS Phase 5-Delayed Transition,1,World,Primary Energy|Non-Biomass Renewables,EJ/yr,2030,51.18246808270521,GW3-IIb,GW3b,GW3,ok
MESSAGEix-GLOBIOM 2.0-M-R12-NGFS,NGFS Phase 5-Delayed Transition,1,World,Primary Energy|Non-Biomass Renewables,EJ/yr,2025,43.1836360517359,GW3-IIb,GW3b,GW3,ok
MESSAGEix-GLOBIOM 2.0-M-R12-NGFS,NGFS Phase 5-Delayed Transition,1,World,Primary Energy|Non-Biomass Renewables,EJ/yr,2045,154.7227518443491,GW3-IIb,GW3b,GW3,ok
MESSAGEix-GLOBIOM 2.0-M-R12-NGFS,NGFS Phase 5-Delayed Transition,1,World,Primary Energy|Nuclear,EJ/yr,2050,5.748587432509538,GW3-IIb,GW3b,GW3,ok
MESSAGEix-GLOBIOM 2.0-M-R12-NGFS,NGFS Phase 5-Delayed Transition,1,World,Primary Energy|Nuclear,EJ/yr,2090,3.00405488785949,GW3-IIb,GW3b,GW3,ok
MESSAGEix-GLOBIOM 2.0-M-R12-NGFS,NGFS Phase 5-Delayed Transition,1,World,Primary Energy|Nuclear,EJ/yr,2080,3.742969743378948,GW3-IIb,GW3b,GW3,ok
MESSAGEix-GLOBIOM 2.0-M-R12-NGFS,NGFS Phase 5-Delayed Transition,1,World,Primary Energy|Nuclear,EJ/yr,2070,4.306516766033413,GW3-IIb,GW3b,GW3,ok
MESSAGEix-GLOBIOM 2.0-M-R12-NGFS,NGFS Phase 5-Delayed Transition,1,World,Primary Energy|Nuclear,EJ/yr,2060,5.019652605332625,GW3-IIb,GW3b,GW3,ok
MESSAGEix-GLOBIOM 2.0-M-R12-NGFS,NGFS Phase 5-Delayed Transition,1,World,Primary Energy|Nuclear,EJ/yr,2055,5.444064356831403,GW3-IIb,GW3b,GW3,ok
MESSAGEix-GLOBIOM 2.0-M-R12-NGFS,NGFS Phase 5-Delayed Transition,1,World,Primary Energy|Nuclear,EJ/yr,2045,7.313417331238306,GW3-IIb,GW3b,GW3,ok
MESSAGEix-GLOBIOM 2.0-M-R12-NGFS,NGFS Phase 5-Delayed Transition,1,World,Primary Energy|Nuclear,EJ/yr,2100,2.047352802751399,GW3-IIb,GW3b,GW3,ok
MESSAGEix-GLOBIOM 2.0-M-R12-NGFS,NGFS Phase 5-Delayed Transition,1,World,Primary Energy|Nuclear,EJ/yr,2035,10.40586005787699,GW3-IIb,GW3b,GW3,ok
MESSAGEix-GLOBIOM 2.0-M-R12-NGFS,NGFS Phase 5-Delayed Transition,1,World,Primary Energy|Nuclear,EJ/yr,2030,10.60776771239863,GW3-IIb,GW3b,GW3,ok
MESSAGEix-GLOBIOM 2.0-M-R12-NGFS,NGFS Phase 5-Delayed Transition,1,World,Primary Energy|Nuclear,EJ/yr,2025,10.61346491477024,GW3-IIb,GW3b,GW3,ok
MESSAGEix-GLOBIOM 2.0-M-R12-NGFS,NGFS Phase 5-Delayed Transition,1,World,Primary Energy|Nuclear,EJ/yr,2020,9.625285883815,GW3-IIb,GW3b,GW3,ok
MESSAGEix-GLOBIOM 2.0-M-R12-NGFS,NGFS Phase 5-Delayed Transition,1,World,Primary Energy|Nuclear,EJ/yr,2040,9.545098229958764,GW3-IIb,GW3b,GW3,ok
MESSAGEix-GLOBIOM 2.0-M-R12-NGFS,NGFS Phase 5-Delayed Transition,1,World,Primary Energy|Oil,EJ/yr,2090,10.8818248049975,GW3-IIb,GW3b,GW3,ok
MESSAGEix-GLOBIOM 2.0-M-R12-NGFS,NGFS Phase 5-Delayed Transition,1,World,Primary Energy|Oil,EJ/yr,2080,12.66238410448447,GW3-IIb,GW3b,GW3,ok
MESSAGEix-GLOBIOM 2.0-M-R12-NGFS,NGFS Phase 5-Delayed Transition,1,World,Primary Energy|Oil,EJ/yr,2070,19.27359397024809,GW3-IIb,GW3b,GW3,ok
MESSAGEix-GLOBIOM 2.0-M-R12-NGFS,NGFS Phase 5-Delayed Transition,1,World,Primary Energy|Oil,EJ/yr,2060,34.7717198960497,GW3-IIb,GW3b,GW3,ok
MESSAGEix-GLOBIOM 2.0-M-R12-NGFS,NGFS Phase 5-Delayed Transition,1,World,Primary Energy|Oil,EJ/yr,2055,44.55164101862388,GW3-IIb,GW3b,GW3,ok
MESSAGEix-GLOBIOM 2.0-M-R12-NGFS,NGFS Phase 5-Delayed Transition,1,World,Primary Energy|Oil,EJ/yr,2050,57.17770192598639,GW3-IIb,GW3b,GW3,ok
MESSAGEix-GLOBIOM 2.0-M-R12-NGFS,NGFS Phase 5-Delayed Transition,1,World,Primary Energy|Oil,EJ/yr,2100,10.73641331931343,GW3-IIb,GW3b,GW3,ok
MESSAGEix-GLOBIOM 2.0-M-R12-NGFS,NGFS Phase 5-Delayed Transition,1,World,Primary Energy|Oil,EJ/yr,2045,73.88746738221816,GW3-IIb,GW3b,GW3,ok
MESSAGEix-GLOBIOM 2.0-M-R12-NGFS,NGFS Phase 5-Delayed Transition,1,World,Primary Energy|Oil,EJ/yr,2035,120.0357405454591,GW3-IIb,GW3b,GW3,ok
MESSAGEix-GLOBIOM 2.0-M-R12-NGFS,NGFS Phase 5-Delayed Transition,1,World,Primary Energy|Oil,EJ/yr,2030,140.7453073089314,GW3-IIb,GW3b,GW3,ok
MESSAGEix-GLOBIOM 2.0-M-R12-NGFS,NGFS Phase 5-Delayed Transition,1,World,Primary Energy|Oil,EJ/yr,2025,154.0302314082438,GW3-IIb,GW3b,GW3,ok
MESSAGEix-GLOBIOM 2.0-M-R12-NGFS,NGFS Phase 5-Delayed Transition,1,World,Primary Energy|Oil,EJ/yr,2020,184.548066056156,GW3-IIb,GW3b,GW3,ok
MESSAGEix-GLOBIOM 2.0-M-R12-NGFS,NGFS Phase 5-Delayed Transition,1,World,Primary Energy|Oil,EJ/yr,2040,95.5236031279659,GW3-IIb,GW3b,GW3,ok
MESSAGEix-GLOBIOM 2.0-M-R12-NGFS,NGFS Phase 5-Low Demand,1,World,Capacity|Electricity|Solar|PV,GW,2090,8230.774482499572,GW2-II,GW2a,GW2,ok
MESSAGEix-GLOBIOM 2.0-M-R12-NGFS,NGFS Phase 5-Low Demand,1,World,Capacity|Electricity|Solar|PV,GW,2080,8642.356382333799,GW2-II,GW2a,GW2,ok
MESSAGEix-GLOBIOM 2.0-M-R12-NGFS,NGFS Phase 5-Low Demand,1,World,Capacity|Electricity|Solar|PV,GW,2070,9401.733395875002,GW2-II,GW2a,GW2,ok
MESSAGEix-GLOBIOM 2.0-M-R12-NGFS,NGFS Phase 5-Low Demand,1,World,Capacity|Electricity|Solar|PV,GW,2060,9259.026392949443,GW2-II,GW2a,GW2,ok
MESSAGEix-GLOBIOM 2.0-M-R12-NGFS,NGFS Phase 5-Low Demand,1,World,Capacity|Electricity|Solar|PV,GW,2055,8902.941725375858,GW2-II,GW2a,GW2,ok
MESSAGEix-GLOBIOM 2.0-M-R12-NGFS,NGFS Phase 5-Low Demand,1,World,Capacity|Electricity|Solar|PV,GW,2050,8353.935563787287,GW2-II,GW2a,GW2,ok
MESSAGEix-GLOBIOM 2.0-M-R12-NGFS,NGFS Phase 5-Low Demand,1,World,Capacity|Electricity|Solar|PV,GW,2045,7354.019259842619,GW2-II,GW2a,GW2,ok
MESSAGEix-GLOBIOM 2.0-M-R12-NGFS,NGFS Phase 5-Low Demand,1,World,Capacity|Electricity|Solar|PV,GW,2100,8055.268613793272,GW2-II,GW2a,GW2,ok
MESSAGEix-GLOBIOM 2.0-M-R12-NGFS,NGFS Phase 5-Low Demand,1,World,Capacity|Electricity|Solar|PV,GW,2035,4942.926469519876,GW2-II,GW2a,GW2,ok
MESSAGEix-GLOBIOM 2.0-M-R12-NGFS,NGFS Phase 5-Low Demand,1,World,Capacity|Electricity|Solar|PV,GW,2030,3355.408456590855,GW2-II,GW2a,GW2,ok
MESSAGEix-GLOBIOM 2.0-M-R12-NGFS,NGFS Phase 5-Low Demand,1,World,Capacity|Electricity|Solar|PV,GW,2025,2243.301316420393,GW2-II,GW2a,GW2,ok
MESSAGEix-GLOBIOM 2.0-M-R12-NGFS,NGFS Phase 5-Low Demand,1,World,Capacity|Electricity|Solar|PV,GW,2020,768.3420349881794,GW2-II,GW2a,GW2,ok
MESSAGEix-GLOBIOM 2.0-M-R12-NGFS,NGFS Phase 5-Low Demand,1,World,Capacity|Electricity|Solar|PV,GW,2040,6130.589401159259,GW2-II,GW2a,GW2,ok
MESSAGEix-GLOBIOM 2.0-M-R12-NGFS,NGFS Phase 5-Low Demand,1,World,Capacity|Electricity|Wind,GW,2100,5301.819684602165,GW2-II,GW2a,GW2,ok
MESSAGEix-GLOBIOM 2.0-M-R12-NGFS,NGFS Phase 5-Low Demand,1,World,Capacity|Electricity|Wind,GW,2090,5584.954425502724,GW2-II,GW2a,GW2,ok
MESSAGEix-GLOBIOM 2.0-M-R12-NGFS,NGFS Phase 5-Low Demand,1,World,Capacity|Electricity|Wind,GW,2080,6072.564128363036,GW2-II,GW2a,GW2,ok
MESSAGEix-GLOBIOM 2.0-M-R12-NGFS,NGFS Phase 5-Low Demand,1,World,Capacity|Electricity|Wind,GW,2070,6977.184854279716,GW2-II,GW2a,GW2,ok
MESSAGEix-GLOBIOM 2.0-M-R12-NGFS,NGFS Phase 5-Low Demand,1,World,Capacity|Electricity|Wind,GW,2060,6219.618678622957,GW2-II,GW2a,GW2,ok
MESSAGEix-GLOBIOM 2.0-M-R12-NGFS,NGFS Phase 5-Low Demand,1,World,Capacity|Electricity|Wind,GW,2055,5919.20492986432,GW2-II,GW2a,GW2,ok
MESSAGEix-GLOBIOM 2.0-M-R12-NGFS,NGFS Phase 5-Low Demand,1,World,Capacity|Electricity|Wind,GW,2050,5317.705878503594,GW2-II,GW2a,GW2,ok
MESSAGEix-GLOBIOM 2.0-M-R12-NGFS,NGFS Phase 5-Low Demand,1,World,Capacity|Electricity|Wind,GW,2045,4819.996144181248,GW2-II,GW2a,GW2,ok
MESSAGEix-GLOBIOM 2.0-M-R12-NGFS,NGFS Phase 5-Low Demand,1,World,Capacity|Electricity|Wind,GW,2035,2742.016469544119,GW2-II,GW2a,GW2,ok
MESSAGEix-GLOBIOM 2.0-M-R12-NGFS,NGFS Phase 5-Low Demand,1,World,Capacity|Electricity|Wind,GW,2030,1697.586876465088,GW2-II,GW2a,GW2,ok
MESSAGEix-GLOBIOM 2.0-M-R12-NGFS,NGFS Phase 5-Low Demand,1,World,Capacity|Electricity|Wind,GW,2025,1226.883769758736,GW2-II,GW2a,GW2,ok
MESSAGEix-GLOBIOM 2.0-M-R12-NGFS,NGFS Phase 5-Low Demand,1,World,Capacity|Electricity|Wind,GW,2020,722.9094420215255,GW2-II,GW2a,GW2,ok
MESSAGEix-GLOBIOM 2.0-M-R12-NGFS,NGFS Phase 5-Low Demand,1,World,Capacity|Electricity|Wind,GW,2040,3784.350652739652,GW2-II,GW2a,GW2,ok
MESSAGEix-GLOBIOM 2.0-M-R12-NGFS,NGFS Phase 5-Low Demand,1,World,Carbon Capture|Geological Storage|Biomass,Mt CO2/yr,2090,1574.816307100187,GW2-II,GW2a,GW2,ok
MESSAGEix-GLOBIOM 2.0-M-R12-NGFS,NGFS Phase 5-Low Demand,1,World,Carbon Capture|Geological Storage|Biomass,Mt CO2/yr,2080,1571.2350009582,GW2-II,GW2a,GW2,ok
MESSAGEix-GLOBIOM 2.0-M-R12-NGFS,NGFS Phase 5-Low Demand,1,World,Carbon Capture|Geological Storage|Biomass,Mt CO2/yr,2070,1546.063289443019,GW2-II,GW2a,GW2,ok
MESSAGEix-GLOBIOM 2.0-M-R12-NGFS,NGFS Phase 5-Low Demand,1,World,Carbon Capture|Geological Storage|Biomass,Mt CO2/yr,2060,1414.689500525281,GW2-II,GW2a,GW2,ok
MESSAGEix-GLOBIOM 2.0-M-R12-NGFS,NGFS Phase 5-Low Demand,1,World,Carbon Capture|Geological Storage|Biomass,Mt CO2/yr,2055,1286.333870300554,GW2-II,GW2a,GW2,ok
MESSAGEix-GLOBIOM 2.0-M-R12-NGFS,NGFS Phase 5-Low Demand,1,World,Carbon Capture|Geological Storage|Biomass,Mt CO2/yr,2050,947.736000460478,GW2-II,GW2a,GW2,ok
MESSAGEix-GLOBIOM 2.0-M-R12-NGFS,NGFS Phase 5-Low Demand,1,World,Carbon Capture|Geological Storage|Biomass,Mt CO2/yr,2045,584.9781832522547,GW2-II,GW2a,GW2,ok
MESSAGEix-GLOBIOM 2.0-M-R12-NGFS,NGFS Phase 5-Low Demand,1,World,Carbon Capture|Geological Storage|Biomass,Mt CO2/yr,2100,1575.524264637095,GW2-II,GW2a,GW2,ok
MESSAGEix-GLOBIOM 2.0-M-R12-NGFS,NGFS Phase 5-Low Demand,1,World,Carbon Capture|Geological Storage|Biomass,Mt CO2/yr,2035,155.080659375266,GW2-II,GW2a,GW2,ok
MESSAGEix-GLOBIOM 2.0-M-R12-NGFS,NGFS Phase 5-Low Demand,1,World,Carbon Capture|Geological Storage|Biomass,Mt CO2/yr,2030,53.82759620995614,GW2-II,GW2a,GW2,ok
MESSAGEix-GLOBIOM 2.0-M-R12-NGFS,NGFS Phase 5-Low Demand,1,World,Carbon Capture|Geological Storage|Biomass,Mt CO2/yr,2025,0.0,GW2-II,GW2a,GW2,ok
MESSAGEix-GLOBIOM 2.0-M-R12-NGFS,NGFS Phase 5-Low Demand,1,World,Carbon Capture|Geological Storage|Biomass,Mt CO2/yr,2020,0.0,GW2-II,GW2a,GW2,ok
MESSAGEix-GLOBIOM 2.0-M-R12-NGFS,NGFS Phase 5-Low Demand,1,World,Carbon Capture|Geological Storage|Biomass,Mt CO2/yr,2040,329.7433100105187,GW2-II,GW2a,GW2,ok
MESSAGEix-GLOBIOM 2.0-M-R12-NGFS,NGFS Phase 5-Low Demand,1,World,Carbon Removal|Land Use,Mt CO2/yr,2100,5888.027753505473,GW2-II,GW2a,GW2,ok
MESSAGEix-GLOBIOM 2.0-M-R12-NGFS,NGFS Phase 5-Low Demand,1,World,Carbon Removal|Land Use,Mt CO2/yr,2090,6258.614293625997,GW2-II,GW2a,GW2,ok
MESSAGEix-GLOBIOM 2.0-M-R12-NGFS,NGFS Phase 5-Low Demand,1,World,Carbon Removal|Land Use,Mt CO2/yr,2080,6470.957669941488,GW2-II,GW2a,GW2,ok
MESSAGEix-GLOBIOM 2.0-M-R12-NGFS,NGFS Phase 5-Low Demand,1,World,Carbon Removal|Land Use,Mt CO2/yr,2070,6222.240056665481,GW2-II,GW2a,GW2,ok
MESSAGEix-GLOBIOM 2.0-M-R12-NGFS,NGFS Phase 5-Low Demand,1,World,Carbon Removal|Land Use,Mt CO2/yr,2060,5345.407641324087,GW2-II,GW2a,GW2,ok
MESSAGEix-GLOBIOM 2.0-M-R12-NGFS,NGFS Phase 5-Low Demand,1,World,Carbon Removal|Land Use,Mt CO2/yr,2055,4788.550780770358,GW2-II,GW2a,GW2,ok
MESSAGEix-GLOBIOM 2.0-M-R12-NGFS,NGFS Phase 5-Low Demand,1,World,Carbon Removal|Land Use,Mt CO2/yr,2050,4219.432034796022,GW2-II,GW2a,GW2,ok
MESSAGEix-GLOBIOM 2.0-M-R12-NGFS,NGFS Phase 5-Low Demand,1,World,Carbon Removal|Land Use,Mt CO2/yr,2045,3628.23237945892,GW2-II,GW2a,GW2,ok
MESSAGEix-GLOBIOM 2.0-M-R12-NGFS,NGFS Phase 5-Low Demand,1,World,Carbon Removal|Land Use,Mt CO2/yr,2040,3028.285885334614,GW2-II,GW2a,GW2,ok
MESSAGEix-GLOBIOM 2.0-M-R12-NGFS,NGFS Phase 5-Low Demand,1,World,Carbon Removal|Land Use,Mt CO2/yr,2035,2396.372614549247,GW2-II,GW2a,GW2,ok
MESSAGEix-GLOBIOM 2.0-M-R12-NGFS,NGFS Phase 5-Low Demand,1,World,Carbon Removal|Land Use,Mt CO2/yr,2030,1770.786513898646,GW2-II,GW2a,GW2,ok
MESSAGEix-GLOBIOM 2.0-M-R12-NGFS,NGFS Phase 5-Low Demand,1,World,Carbon Removal|Land Use,Mt CO2/yr,2025,1180.7076,GW2-II,GW2a,GW2,ok
MESSAGEix-GLOBIOM 2.0-M-R12-NGFS,NGFS Phase 5-Low Demand,1,World,Carbon Removal|Land Use,Mt CO2/yr,2020,919.443,GW2-II,GW2a,GW2,ok
MESSAGEix-GLOBIOM 2.0-M-R12-NGFS,NGFS Phase 5-Low Demand,1,World,Emissions|CO2,Mt CO2/yr,2050,5188.381488868259,GW2-II,GW2a,GW2,ok
MESSAGEix-GLOBIOM 2.0-M-R12-NGFS,NGFS Phase 5-Low Demand,1,World,Emissions|CO2,Mt CO2/yr,2090,-2482.94338421152,GW2-II,GW2a,GW2,ok
MESSAGEix-GLOBIOM 2.0-M-R12-NGFS,NGFS Phase 5-Low Demand,1,World,Emissions|CO2,Mt CO2/yr,2080,-2518.277655126344,GW2-II,GW2a,GW2,ok
MESSAGEix-GLOBIOM 2.0-M-R12-NGFS,NGFS Phase 5-Low Demand,1,World,Emissions|CO2,Mt CO2/yr,2070,-2688.261801040696,GW2-II,GW2a,GW2,ok
MESSAGEix-GLOBIOM 2.0-M-R12-NGFS,NGFS Phase 5-Low Demand,1,World,Emissions|CO2,Mt CO2/yr,2060,-16.38462779636461,GW2-II,GW2a,GW2,ok
MESSAGEix-GLOBIOM 2.0-M-R12-NGFS,NGFS Phase 5-Low Demand,1,World,Emissions|CO2,Mt CO2/yr,2055,2227.05431397362,GW2-II,GW2a,GW2,ok
MESSAGEix-GLOBIOM 2.0-M-R12-NGFS,NGFS Phase 5-Low Demand,1,World,Emissions|CO2,Mt CO2/yr,2045,9111.36565619603,GW2-II,GW2a,GW2,ok
MESSAGEix-GLOBIOM 2.0-M-R12-NGFS,NGFS Phase 5-Low Demand,1,World,Emissions|CO2,Mt CO2/yr,2100,-2432.847677185567,GW2-II,GW2a,GW2,ok
MESSAGEix-GLOBIOM 2.0-M-R12-NGFS,NGFS Phase 5-Low Demand,1,World,Emissions|CO2,Mt CO2/yr,2035,21548.82471553913,GW2-II,GW2a,GW2,ok
MESSAGEix-GLOBIOM 2.0-M-R12-NGFS,NGFS Phase 5-Low Demand,1,World,Emissions|CO2,Mt CO2/yr,2040,14402.15561378093,GW2-II,GW2a,GW2,ok
MESSAGEix-GLOBIOM 2.0-M-R12-NGFS,NGFS Phase 5-Low Demand,1,World,Emissions|CO2,Mt CO2/yr,2025,41555.34680179472,GW2-II,GW2a,GW2,ok
MESSAGEix-GLOBIOM 2.0-M-R12-NGFS,NGFS Phase 5-Low Demand,1,World,Emissions|CO2,Mt CO2/yr,2030,30342.32802104017,GW2-II,GW2a,GW2,ok
MESSAGEix-GLOBIOM 2.0-M-R12-NGFS,NGFS Phase 5-Low Demand,1,World,Emissions|CO2,Mt CO2/yr,2020,44751.08876115071,GW2-II,GW2a,GW2,ok
MESSAGEix-GLOBIOM 2.0-M-R12-NGFS,NGFS Phase 5-Low Demand,1,World,Final Energy,EJ/yr,2100,255.2260866761735,GW2-II,GW2a,GW2,ok
MESSAGEix-GLOBIOM 2.0-M-R12-NGFS,NGFS Phase 5-Low Demand,1,World,Final Energy,EJ/yr,2090,259.2105295354056,GW2-II,GW2a,GW2,ok
MESSAGEix-GLOBIOM 2.0-M-R12-NGFS,NGFS Phase 5-Low Demand,1,World,Final Energy,EJ/yr,2080,263.0122296939881,GW2-II,GW2a,GW2,ok
MESSAGEix-GLOBIOM 2.0-M-R12-NGFS,NGFS Phase 5-Low Demand,1,World,Final Energy,EJ/yr,2070,266.7203141911166,GW2-II,GW2a,GW2,ok
MESSAGEix-GLOBIOM 2.0-M-R12-NGFS,NGFS Phase 5-Low Demand,1,World,Final Energy,EJ/yr,2060,272.4069378200912,GW2-II,GW2a,GW2,ok
MESSAGEix-GLOBIOM 2.0-M-R12-NGFS,NGFS Phase 5-Low Demand,1,World,Final Energy,EJ/yr,2055,276.7521360472977,GW2-II,GW2a,GW2,ok
MESSAGEix-GLOBIOM 2.0-M-R12-NGFS,NGFS Phase 5-Low Demand,1,World,Final Energy,EJ/yr,2050,286.5463913973956,GW2-II,GW2a,GW2,ok
MESSAGEix-GLOBIOM 2.0-M-R12-NGFS,NGFS Phase 5-Low Demand,1,World,Final Energy,EJ/yr,2045,308.0197514192519,GW2-II,GW2a,GW2,ok
MESSAGEix-GLOBIOM 2.0-M-R12-NGFS,NGFS Phase 5-Low Demand,1,World,Final Energy,EJ/yr,2035,364.1346914254103,GW2-II,GW2a,GW2,ok
MESSAGEix-GLOBIOM 2.0-M-R12-NGFS,NGFS Phase 5-Low Demand,1,World,Final Energy,EJ/yr,2030,394.6641837329817,GW2-II,GW2a,GW2,ok
MESSAGEix-GLOBIOM 2.0-M-R12-NGFS,NGFS Phase 5-Low Demand,1,World,Final Energy,EJ/yr,2025,443.8794908700044,GW2-II,GW2a,GW2,ok
MESSAGEix-GLOBIOM 2.0-M-R12-NGFS,NGFS Phase 5-Low Demand,1,World,Final Energy,EJ/yr,2020,411.9207508509696,GW2-II,GW2a,GW2,ok
MESSAGEix-GLOBIOM 2.0-M-R12-NGFS,NGFS Phase 5-Low Demand,1,World,Final Energy,EJ/yr,2040,331.6243954511521,GW2-II,GW2a,GW2,ok
MESSAGEix-GLOBIOM 2.0-M-R12-NGFS,NGFS Phase 5-Low Demand,1,World,Final Energy|Electricity,EJ/yr,2050,115.595040723542,GW2-II,GW2a,GW2,ok
MESSAGEix-GLOBIOM 2.0-M-R12-NGFS,NGFS Phase 5-Low Demand,1,World,Final Energy|Electricity,EJ/yr,2090,121.8643355017068,GW2-II,GW2a,GW2,ok
MESSAGEix-GLOBIOM 2.0-M-R12-NGFS,NGFS Phase 5-Low Demand,1,World,Final Energy|Electricity,EJ/yr,2080,123.644225857037,GW2-II,GW2a,GW2,ok
MESSAGEix-GLOBIOM 2.0-M-R12-NGFS,NGFS Phase 5-Low Demand,1,World,Final Energy|Electricity,EJ/yr,2100,119.9424224263061,GW2-II,GW2a,GW2,ok
MESSAGEix-GLOBIOM 2.0-M-R12-NGFS,NGFS Phase 5-Low Demand,1,World,Final Energy|Electricity,EJ/yr,2060,123.6975287236675,GW2-II,GW2a,GW2,ok
MESSAGEix-GLOBIOM 2.0-M-R12-NGFS,NGFS Phase 5-Low Demand,1,World,Final Energy|Electricity,EJ/yr,2055,120.9854946694418,GW2-II,GW2a,GW2,ok
MESSAGEix-GLOBIOM 2.0-M-R12-NGFS,NGFS Phase 5-Low Demand,1,World,Final Energy|Electricity,EJ/yr,2045,111.2912370098686,GW2-II,GW2a,GW2,ok
MESSAGEix-GLOBIOM 2.0-M-R12-NGFS,NGFS Phase 5-Low Demand,1,World,Final Energy|Electricity,EJ/yr,2070,124.8855063363562,GW2-II,GW2a,GW2,ok
MESSAGEix-GLOBIOM 2.0-M-R12-NGFS,NGFS Phase 5-Low Demand,1,World,Final Energy|Electricity,EJ/yr,2035,102.4766362820897,GW2-II,GW2a,GW2,ok
MESSAGEix-GLOBIOM 2.0-M-R12-NGFS,NGFS Phase 5-Low Demand,1,World,Final Energy|Electricity,EJ/yr,2030,96.75512061929984,GW2-II,GW2a,GW2,ok
MESSAGEix-GLOBIOM 2.0-M-R12-NGFS,NGFS Phase 5-Low Demand,1,World,Final Energy|Electricity,EJ/yr,2025,95.89823414691692,GW2-II,GW2a,GW2,ok
MESSAGEix-GLOBIOM 2.0-M-R12-NGFS,NGFS Phase 5-Low Demand,1,World,Final Energy|Electricity,EJ/yr,2020,81.89456669468369,GW2-II,GW2a,GW2,ok
MESSAGEix-GLOBIOM 2.0-M-R12-NGFS,NGFS Phase 5-Low Demand,1,World,Final Energy|Electricity,EJ/yr,2040,106.9227609841054,GW2-II,GW2a,GW2,ok
MESSAGEix-GLOBIOM 2.0-M-R12-NGFS,NGFS Phase 5-Low Demand,1,World,Food Availability|Crops [per capita],kcal/cap/day,2090,1496.930946600368,GW2-II,GW2a,GW2,ok
MESSAGEix-GLOBIOM 2.0-M-R12-NGFS,NGFS Phase 5-Low Demand,1,World,Food Availability|Crops [per capita],kcal/cap/day,2080,1482.262762712248,GW2-II,GW2a,GW2,ok
MESSAGEix-GLOBIOM 2.0-M-R12-NGFS,NGFS Phase 5-Low Demand,1,World,Food Availability|Crops [per capita],kcal/cap/day,2070,1473.535341724065,GW2-II,GW2a,GW2,ok
MESSAGEix-GLOBIOM 2.0-M-R12-NGFS,NGFS Phase 5-Low Demand,1,World,Food Availability|Crops [per capita],kcal/cap/day,2060,1468.744344822391,GW2-II,GW2a,GW2,ok
MESSAGEix-GLOBIOM 2.0-M-R12-NGFS,NGFS Phase 5-Low Demand,1,World,Food Availability|Crops [per capita],kcal/cap/day,2055,1464.72587061623,GW2-II,GW2a,GW2,ok
MESSAGEix-GLOBIOM 2.0-M-R12-NGFS,NGFS Phase 5-Low Demand,1,World,Food Availability|Crops [per capita],kcal/cap/day,2050,1461.805056135788,GW2-II,GW2a,GW2,ok
MESSAGEix-GLOBIOM 2.0-M-R12-NGFS,NGFS Phase 5-Low Demand,1,World,Food Availability|Crops [per capita],kcal/cap/day,2045,1463.669264176995,GW2-II,GW2a,GW2,ok
MESSAGEix-GLOBIOM 2.0-M-R12-NGFS,NGFS Phase 5-Low Demand,1,World,Food Availability|Crops [per capita],kcal/cap/day,2100,1506.575280244995,GW2-II,GW2a,GW2,ok
MESSAGEix-GLOBIOM 2.0-M-R12-NGFS,NGFS Phase 5-Low Demand,1,World,Food Availability|Crops [per capita],kcal/cap/day,2035,1468.745144301872,GW2-II,GW2a,GW2,ok
MESSAGEix-GLOBIOM 2.0-M-R12-NGFS,NGFS Phase 5-Low Demand,1,World,Food Availability|Crops [per capita],kcal/cap/day,2030,1470.957289800691,GW2-II,GW2a,GW2,ok
MESSAGEix-GLOBIOM 2.0-M-R12-NGFS,NGFS Phase 5-Low Demand,1,World,Food Availability|Crops [per capita],kcal/cap/day,2025,1470.031426455954,GW2-II,GW2a,GW2,ok
MESSAGEix-GLOBIOM 2.0-M-R12-NGFS,NGFS Phase 5-Low Demand,1,World,Food Availability|Crops [per capita],kcal/cap/day,2020,1463.390198539079,GW2-II,GW2a,GW2,ok
MESSAGEix-GLOBIOM 2.0-M-R12-NGFS,NGFS Phase 5-Low Demand,1,World,Food Availability|Crops [per capita],kcal/cap/day,2040,1466.010626312689,GW2-II,GW2a,GW2,ok
MESSAGEix-GLOBIOM 2.0-M-R12-NGFS,NGFS Phase 5-Low Demand,1,World,Food Availability|Livestock [per capita],kcal/cap/day,2100,521.3622683525801,GW2-II,GW2a,GW2,ok
MESSAGEix-GLOBIOM 2.0-M-R12-NGFS,NGFS Phase 5-Low Demand,1,World,Food Availability|Livestock [per capita],kcal/cap/day,2090,499.3633125569149,GW2-II,GW2a,GW2,ok
MESSAGEix-GLOBIOM 2.0-M-R12-NGFS,NGFS Phase 5-Low Demand,1,World,Food Availability|Livestock [per capita],kcal/cap/day,2080,473.3004668369377,GW2-II,GW2a,GW2,ok
MESSAGEix-GLOBIOM 2.0-M-R12-NGFS,NGFS Phase 5-Low Demand,1,World,Food Availability|Livestock [per capita],kcal/cap/day,2070,458.8671332626749,GW2-II,GW2a,GW2,ok
MESSAGEix-GLOBIOM 2.0-M-R12-NGFS,NGFS Phase 5-Low Demand,1,World,Food Availability|Livestock [per capita],kcal/cap/day,2060,452.3408517511432,GW2-II,GW2a,GW2,ok
MESSAGEix-GLOBIOM 2.0-M-R12-NGFS,NGFS Phase 5-Low Demand,1,World,Food Availability|Livestock [per capita],kcal/cap/day,2055,451.208982691664,GW2-II,GW2a,GW2,ok
MESSAGEix-GLOBIOM 2.0-M-R12-NGFS,NGFS Phase 5-Low Demand,1,World,Food Availability|Livestock [per capita],kcal/cap/day,2050,450.3841705413394,GW2-II,GW2a,GW2,ok
MESSAGEix-GLOBIOM 2.0-M-R12-NGFS,NGFS Phase 5-Low Demand,1,World,Food Availability|Livestock [per capita],kcal/cap/day,2045,451.0098619405172,GW2-II,GW2a,GW2,ok
MESSAGEix-GLOBIOM 2.0-M-R12-NGFS,NGFS Phase 5-Low Demand,1,World,Food Availability|Livestock [per capita],kcal/cap/day,2035,450.7863403597224,GW2-II,GW2a,GW2,ok
MESSAGEix-GLOBIOM 2.0-M-R12-NGFS,NGFS Phase 5-Low Demand,1,World,Food Availability|Livestock [per capita],kcal/cap/day,2030,449.1576088512002,GW2-II,GW2a,GW2,ok
MESSAGEix-GLOBIOM 2.0-M-R12-NGFS,NGFS Phase 5-Low Demand,1,World,Food Availability|Livestock [per capita],kcal/cap/day,2025,444.0882963699156,GW2-II,GW2a,GW2,ok
MESSAGEix-GLOBIOM 2.0-M-R12-NGFS,NGFS Phase 5-Low Demand,1,World,Food Availability|Livestock [per capita],kcal/cap/day,2020,433.3515182277227,GW2-II,GW2a,GW2,ok
MESSAGEix-GLOBIOM 2.0-M-R12-NGFS,NGFS Phase 5-Low Demand,1,World,Food Availability|Livestock [per capita],kcal/cap/day,2040,451.4609269009291,GW2-II,GW2a,GW2,ok
MESSAGEix-GLOBIOM 2.0-M-R12-NGFS,NGFS Phase 5-Low Demand,1,World,GDP|MER,billion USD_2010/yr,2100,635579.0596709474,GW2-II,GW2a,GW2,ok
MESSAGEix-GLOBIOM 2.0-M-R12-NGFS,NGFS Phase 5-Low Demand,1,World,GDP|MER,billion USD_2010/yr,2090,534576.0446004967,GW2-II,GW2a,GW2,ok
MESSAGEix-GLOBIOM 2.0-M-R12-NGFS,NGFS Phase 5-Low Demand,1,World,GDP|MER,billion USD_2010/yr,2080,442670.4112118249,GW2-II,GW2a,GW2,ok
MESSAGEix-GLOBIOM 2.0-M-R12-NGFS,NGFS Phase 5-Low Demand,1,World,GDP|MER,billion USD_2010/yr,2070,360088.8951752877,GW2-II,GW2a,GW2,ok
MESSAGEix-GLOBIOM 2.0-M-R12-NGFS,NGFS Phase 5-Low Demand,1,World,GDP|MER,billion USD_2010/yr,2060,284798.1431653701,GW2-II,GW2a,GW2,ok
MESSAGEix-GLOBIOM 2.0-M-R12-NGFS,NGFS Phase 5-Low Demand,1,World,GDP|MER,billion USD_2010/yr,2055,251242.5215511108,GW2-II,GW2a,GW2,ok
MESSAGEix-GLOBIOM 2.0-M-R12-NGFS,NGFS Phase 5-Low Demand,1,World,GDP|MER,billion USD_2010/yr,2050,221619.9731798517,GW2-II,GW2a,GW2,ok
MESSAGEix-GLOBIOM 2.0-M-R12-NGFS,NGFS Phase 5-Low Demand,1,World,GDP|MER,billion USD_2010/yr,2045,193276.076378201,GW2-II,GW2a,GW2,ok
MESSAGEix-GLOBIOM 2.0-M-R12-NGFS,NGFS Phase 5-Low Demand,1,World,GDP|MER,billion USD_2010/yr,2035,143739.3290007624,GW2-II,GW2a,GW2,ok
MESSAGEix-GLOBIOM 2.0-M-R12-NGFS,NGFS Phase 5-Low Demand,1,World,GDP|MER,billion USD_2010/yr,2030,121531.3466817169,GW2-II,GW2a,GW2,ok
MESSAGEix-GLOBIOM 2.0-M-R12-NGFS,NGFS Phase 5-Low Demand,1,World,GDP|MER,billion USD_2010/yr,2025,98880.76696224349,GW2-II,GW2a,GW2,ok
MESSAGEix-GLOBIOM 2.0-M-R12-NGFS,NGFS Phase 5-Low Demand,1,World,GDP|MER,billion USD_2010/yr,2020,71023.82956538288,GW2-II,GW2a,GW2,ok
MESSAGEix-GLOBIOM 2.0-M-R12-NGFS,NGFS Phase 5-Low Demand,1,World,GDP|MER,billion USD_2010/yr,2040,168022.2926219624,GW2-II,GW2a,GW2,ok
MESSAGEix-GLOBIOM 2.0-M-R12-NGFS,NGFS Phase 5-Low Demand,1,World,Investment|Energy Supply,billion USD_2010/yr,2090,861.1532564020356,GW2-II,GW2a,GW2,ok
MESSAGEix-GLOBIOM 2.0-M-R12-NGFS,NGFS Phase 5-Low Demand,1,World,Investment|Energy Supply,billion USD_2010/yr,2080,869.1593937903895,GW2-II,GW2a,GW2,ok
MESSAGEix-GLOBIOM 2.0-M-R12-NGFS,NGFS Phase 5-Low Demand,1,World,Investment|Energy Supply,billion USD_2010/yr,2070,867.0786577146297,GW2-II,GW2a,GW2,ok
MESSAGEix-GLOBIOM 2.0-M-R12-NGFS,NGFS Phase 5-Low Demand,1,World,Investment|Energy Supply,billion USD_2010/yr,2060,882.4837234550882,GW2-II,GW2a,GW2,ok
MESSAGEix-GLOBIOM 2.0-M-R12-NGFS,NGFS Phase 5-Low Demand,1,World,Investment|Energy Supply,billion USD_2010/yr,2055,1021.28003007206,GW2-II,GW2a,GW2,ok
MESSAGEix-GLOBIOM 2.0-M-R12-NGFS,NGFS Phase 5-Low Demand,1,World,Investment|Energy Supply,billion USD_2010/yr,2050,1029.168975474571,GW2-II,GW2a,GW2,ok
MESSAGEix-GLOBIOM 2.0-M-R12-NGFS,NGFS Phase 5-Low Demand,1,World,Investment|Energy Supply,billion USD_2010/yr,2045,1263.297140532518,GW2-II,GW2a,GW2,ok
MESSAGEix-GLOBIOM 2.0-M-R12-NGFS,NGFS Phase 5-Low Demand,1,World,Investment|Energy Supply,billion USD_2010/yr,2100,1057.361391541292,GW2-II,GW2a,GW2,ok
MESSAGEix-GLOBIOM 2.0-M-R12-NGFS,NGFS Phase 5-Low Demand,1,World,Investment|Energy Supply,billion USD_2010/yr,2035,1446.682256596003,GW2-II,GW2a,GW2,ok
MESSAGEix-GLOBIOM 2.0-M-R12-NGFS,NGFS Phase 5-Low Demand,1,World,Investment|Energy Supply,billion USD_2010/yr,2030,1346.452956909749,GW2-II,GW2a,GW2,ok
MESSAGEix-GLOBIOM 2.0-M-R12-NGFS,NGFS Phase 5-Low Demand,1,World,Investment|Energy Supply,billion USD_2010/yr,2025,1402.081934141961,GW2-II,GW2a,GW2,ok
MESSAGEix-GLOBIOM 2.0-M-R12-NGFS,NGFS Phase 5-Low Demand,1,World,Investment|Energy Supply,billion USD_2010/yr,2020,1775.923583542412,GW2-II,GW2a,GW2,ok
MESSAGEix-GLOBIOM 2.0-M-R12-NGFS,NGFS Phase 5-Low Demand,1,World,Investment|Energy Supply,billion USD_2010/yr,2040,1239.778268934474,GW2-II,GW2a,GW2,ok
MESSAGEix-GLOBIOM 2.0-M-R12-NGFS,NGFS Phase 5-Low Demand,1,World,Land Cover,million ha,2055,12947.1548,GW2-II,GW2a,GW2,ok
MESSAGEix-GLOBIOM 2.0-M-R12-NGFS,NGFS Phase 5-Low Demand,1,World,Land Cover,million ha,2100,12947.1548,GW2-II,GW2a,GW2,ok
MESSAGEix-GLOBIOM 2.0-M-R12-NGFS,NGFS Phase 5-Low Demand,1,World,Land Cover,million ha,2090,12947.1548,GW2-II,GW2a,GW2,ok
MESSAGEix-GLOBIOM 2.0-M-R12-NGFS,NGFS Phase 5-Low Demand,1,World,Land Cover,million ha,2080,12947.1548,GW2-II,GW2a,GW2,ok
MESSAGEix-GLOBIOM 2.0-M-R12-NGFS,NGFS Phase 5-Low Demand,1,World,Land Cover,million ha,2070,12947.1548,GW2-II,GW2a,GW2,ok
MESSAGEix-GLOBIOM 2.0-M-R12-NGFS,NGFS Phase 5-Low Demand,1,World,Land Cover,million ha,2060,12947.1548,GW2-II,GW2a,GW2,ok
MESSAGEix-GLOBIOM 2.0-M-R12-NGFS,NGFS Phase 5-Low Demand,1,World,Land Cover,million ha,2050,12947.1548,GW2-II,GW2a,GW2,ok
MESSAGEix-GLOBIOM 2.0-M-R12-NGFS,NGFS Phase 5-Low Demand,1,World,Land Cover,million ha,2040,12947.1548,GW2-II,GW2a,GW2,ok
MESSAGEix-GLOBIOM 2.0-M-R12-NGFS,NGFS Phase 5-Low Demand,1,World,Land Cover,million ha,2035,12947.1548,GW2-II,GW2a,GW2,ok
MESSAGEix-GLOBIOM 2.0-M-R12-NGFS,NGFS Phase 5-Low Demand,1,World,Land Cover,million ha,2030,12947.1548,GW2-II,GW2a,GW2,ok
MESSAGEix-GLOBIOM 2.0-M-R12-NGFS,NGFS Phase 5-Low Demand,1,World,Land Cover,million ha,2025,12947.1548,GW2-II,GW2a,GW2,ok
MESSAGEix-GLOBIOM 2.0-M-R12-NGFS,NGFS Phase 5-Low Demand,1,World,Land Cover,million ha,2020,12947.1548,GW2-II,GW2a,GW2,ok
MESSAGEix-GLOBIOM 2.0-M-R12-NGFS,NGFS Phase 5-Low Demand,1,World,Land Cover,million ha,2045,12947.1548,GW2-II,GW2a,GW2,ok
MESSAGEix-GLOBIOM 2.0-M-R12-NGFS,NGFS Phase 5-Low Demand,1,World,Land Cover|Forest,million ha,2100,4335.745559094927,GW2-II,GW2a,GW2,ok
MESSAGEix-GLOBIOM 2.0-M-R12-NGFS,NGFS Phase 5-Low Demand,1,World,Land Cover|Forest,million ha,2090,4334.068597776886,GW2-II,GW2a,GW2,ok
MESSAGEix-GLOBIOM 2.0-M-R12-NGFS,NGFS Phase 5-Low Demand,1,World,Land Cover|Forest,million ha,2080,4345.293858620737,GW2-II,GW2a,GW2,ok
MESSAGEix-GLOBIOM 2.0-M-R12-NGFS,NGFS Phase 5-Low Demand,1,World,Land Cover|Forest,million ha,2070,4345.896785776127,GW2-II,GW2a,GW2,ok
MESSAGEix-GLOBIOM 2.0-M-R12-NGFS,NGFS Phase 5-Low Demand,1,World,Land Cover|Forest,million ha,2060,4284.668150599237,GW2-II,GW2a,GW2,ok
MESSAGEix-GLOBIOM 2.0-M-R12-NGFS,NGFS Phase 5-Low Demand,1,World,Land Cover|Forest,million ha,2055,4234.075126503635,GW2-II,GW2a,GW2,ok
MESSAGEix-GLOBIOM 2.0-M-R12-NGFS,NGFS Phase 5-Low Demand,1,World,Land Cover|Forest,million ha,2050,4182.918854326807,GW2-II,GW2a,GW2,ok
MESSAGEix-GLOBIOM 2.0-M-R12-NGFS,NGFS Phase 5-Low Demand,1,World,Land Cover|Forest,million ha,2045,4124.789699013008,GW2-II,GW2a,GW2,ok
MESSAGEix-GLOBIOM 2.0-M-R12-NGFS,NGFS Phase 5-Low Demand,1,World,Land Cover|Forest,million ha,2035,4012.66357944229,GW2-II,GW2a,GW2,ok
MESSAGEix-GLOBIOM 2.0-M-R12-NGFS,NGFS Phase 5-Low Demand,1,World,Land Cover|Forest,million ha,2030,3964.863827799084,GW2-II,GW2a,GW2,ok
MESSAGEix-GLOBIOM 2.0-M-R12-NGFS,NGFS Phase 5-Low Demand,1,World,Land Cover|Forest,million ha,2025,3933.7534,GW2-II,GW2a,GW2,ok
MESSAGEix-GLOBIOM 2.0-M-R12-NGFS,NGFS Phase 5-Low Demand,1,World,Land Cover|Forest,million ha,2020,3927.3915,GW2-II,GW2a,GW2,ok
MESSAGEix-GLOBIOM 2.0-M-R12-NGFS,NGFS Phase 5-Low Demand,1,World,Land Cover|Forest,million ha,2040,4069.923587922891,GW2-II,GW2a,GW2,ok
MESSAGEix-GLOBIOM 2.0-M-R12-NGFS,NGFS Phase 5-Low Demand,1,World,Population,million,2100,9883.143,GW2-II,GW2a,GW2,ok
MESSAGEix-GLOBIOM 2.0-M-R12-NGFS,NGFS Phase 5-Low Demand,1,World,Population,million,2090,10050.9005,GW2-II,GW2a,GW2,ok
MESSAGEix-GLOBIOM 2.0-M-R12-NGFS,NGFS Phase 5-Low Demand,1,World,Population,million,2080,10128.2265,GW2-II,GW2a,GW2,ok
MESSAGEix-GLOBIOM 2.0-M-R12-NGFS,NGFS Phase 5-Low Demand,1,World,Population,million,2070,10086.5138,GW2-II,GW2a,GW2,ok
MESSAGEix-GLOBIOM 2.0-M-R12-NGFS,NGFS Phase 5-Low Demand,1,World,Population,million,2060,9913.6024,GW2-II,GW2a,GW2,ok
MESSAGEix-GLOBIOM 2.0-M-R12-NGFS,NGFS Phase 5-Low Demand,1,World,Population,million,2055,9772.4397,GW2-II,GW2a,GW2,ok
MESSAGEix-GLOBIOM 2.0-M-R12-NGFS,NGFS Phase 5-Low Demand,1,World,Population,million,2050,9591.9855,GW2-II,GW2a,GW2,ok
MESSAGEix-GLOBIOM 2.0-M-R12-NGFS,NGFS Phase 5-Low Demand,1,World,Population,million,2045,9369.3335,GW2-II,GW2a,GW2,ok
MESSAGEix-GLOBIOM 2.0-M-R12-NGFS,NGFS Phase 5-Low Demand,1,World,Population,million,2035,8815.2475,GW2-II,GW2a,GW2,ok
MESSAGEix-GLOBIOM 2.0-M-R12-NGFS,NGFS Phase 5-Low Demand,1,World,Population,million,2030,8494.901600000001,GW2-II,GW2a,GW2,ok
MESSAGEix-GLOBIOM 2.0-M-R12-NGFS,NGFS Phase 5-Low Demand,1,World,Population,million,2025,8149.981299999999,GW2-II,GW2a,GW2,ok
MESSAGEix-GLOBIOM 2.0-M-R12-NGFS,NGFS Phase 5-Low Demand,1,World,Population,million,2020,7803.267699999999,GW2-II,GW2a,GW2,ok
MESSAGEix-GLOBIOM 2.0-M-R12-NGFS,NGFS Phase 5-Low Demand,1,World,Population,million,2040,9108.7536,GW2-II,GW2a,GW2,ok
MESSAGEix-GLOBIOM 2.0-M-R12-NGFS,NGFS Phase 5-Low Demand,1,World,Price|Secondary Energy|Electricity,USD_2010/GJ,2055,14.17080760278176,GW2-II,GW2a,GW2,ok
MESSAGEix-GLOBIOM 2.0-M-R12-NGFS,NGFS Phase 5-Low Demand,1,World,Price|Secondary Energy|Electricity,USD_2010/GJ,2100,10.44773071161383,GW2-II,GW2a,GW2,ok
MESSAGEix-GLOBIOM 2.0-M-R12-NGFS,NGFS Phase 5-Low Demand,1,World,Price|Secondary Energy|Electricity,USD_2010/GJ,2090,10.60551465450317,GW2-II,GW2a,GW2,ok
MESSAGEix-GLOBIOM 2.0-M-R12-NGFS,NGFS Phase 5-Low Demand,1,World,Price|Secondary Energy|Electricity,USD_2010/GJ,2080,11.20903570419472,GW2-II,GW2a,GW2,ok
MESSAGEix-GLOBIOM 2.0-M-R12-NGFS,NGFS Phase 5-Low Demand,1,World,Price|Secondary Energy|Electricity,USD_2010/GJ,2070,12.5904419972812,GW2-II,GW2a,GW2,ok
MESSAGEix-GLOBIOM 2.0-M-R12-NGFS,NGFS Phase 5-Low Demand,1,World,Price|Secondary Energy|Electricity,USD_2010/GJ,2060,12.28959049449979,GW2-II,GW2a,GW2,ok
MESSAGEix-GLOBIOM 2.0-M-R12-NGFS,NGFS Phase 5-Low Demand,1,World,Price|Secondary Energy|Electricity,USD_2010/GJ,2050,13.96306144572449,GW2-II,GW2a,GW2,ok
MESSAGEix-GLOBIOM 2.0-M-R12-NGFS,NGFS Phase 5-Low Demand,1,World,Price|Secondary Energy|Electricity,USD_2010/GJ,2040,14.98026266929737,GW2-II,GW2a,GW2,ok
MESSAGEix-GLOBIOM 2.0-M-R12-NGFS,NGFS Phase 5-Low Demand,1,World,Price|Secondary Energy|Electricity,USD_2010/GJ,2035,14.33324792413674,GW2-II,GW2a,GW2,ok
MESSAGEix-GLOBIOM 2.0-M-R12-NGFS,NGFS Phase 5-Low Demand,1,World,Price|Secondary Energy|Electricity,USD_2010/GJ,2030,9.914851002222225,GW2-II,GW2a,GW2,ok
MESSAGEix-GLOBIOM 2.0-M-R12-NGFS,NGFS Phase 5-Low Demand,1,World,Price|Secondary Energy|Electricity,USD_2010/GJ,2025,4.916033611379877,GW2-II,GW2a,GW2,ok
MESSAGEix-GLOBIOM 2.0-M-R12-NGFS,NGFS Phase 5-Low Demand,1,World,Price|Secondary Energy|Electricity,USD_2010/GJ,2020,10.82453631270296,GW2-II,GW2a,GW2,ok
MESSAGEix-GLOBIOM 2.0-M-R12-NGFS,NGFS Phase 5-Low Demand,1,World,Price|Secondary Energy|Electricity,USD_2010/GJ,2045,14.78601121185974,GW2-II,GW2a,GW2,ok
MESSAGEix-GLOBIOM 2.0-M-R12-NGFS,NGFS Phase 5-Low Demand,1,World,Primary Energy|Biomass,EJ/yr,2090,57.8816605948581,GW2-II,GW2a,GW2,ok
MESSAGEix-GLOBIOM 2.0-M-R12-NGFS,NGFS Phase 5-Low Demand,1,World,Primary Energy|Biomass,EJ/yr,2050,51.71754957625532,GW2-II,GW2a,GW2,ok
MESSAGEix-GLOBIOM 2.0-M-R12-NGFS,NGFS Phase 5-Low Demand,1,World,Primary Energy|Biomass,EJ/yr,2080,64.30957945525438,GW2-II,GW2a,GW2,ok
MESSAGEix-GLOBIOM 2.0-M-R12-NGFS,NGFS Phase 5-Low Demand,1,World,Primary Energy|Biomass,EJ/yr,2070,62.50629706431896,GW2-II,GW2a,GW2,ok
MESSAGEix-GLOBIOM 2.0-M-R12-NGFS,NGFS Phase 5-Low Demand,1,World,Primary Energy|Biomass,EJ/yr,2060,57.1343055820803,GW2-II,GW2a,GW2,ok
MESSAGEix-GLOBIOM 2.0-M-R12-NGFS,NGFS Phase 5-Low Demand,1,World,Primary Energy|Biomass,EJ/yr,2100,52.61146193651565,GW2-II,GW2a,GW2,ok
MESSAGEix-GLOBIOM 2.0-M-R12-NGFS,NGFS Phase 5-Low Demand,1,World,Primary Energy|Biomass,EJ/yr,2055,53.77274940034253,GW2-II,GW2a,GW2,ok
MESSAGEix-GLOBIOM 2.0-M-R12-NGFS,NGFS Phase 5-Low Demand,1,World,Primary Energy|Biomass,EJ/yr,2035,56.01050210728,GW2-II,GW2a,GW2,ok
MESSAGEix-GLOBIOM 2.0-M-R12-NGFS,NGFS Phase 5-Low Demand,1,World,Primary Energy|Biomass,EJ/yr,2040,54.03733254431641,GW2-II,GW2a,GW2,ok
MESSAGEix-GLOBIOM 2.0-M-R12-NGFS,NGFS Phase 5-Low Demand,1,World,Primary Energy|Biomass,EJ/yr,2045,52.62761078686572,GW2-II,GW2a,GW2,ok
MESSAGEix-GLOBIOM 2.0-M-R12-NGFS,NGFS Phase 5-Low Demand,1,World,Primary Energy|Biomass,EJ/yr,2025,54.46602391376437,GW2-II,GW2a,GW2,ok
MESSAGEix-GLOBIOM 2.0-M-R12-NGFS,NGFS Phase 5-Low Demand,1,World,Primary Energy|Biomass,EJ/yr,2020,61.42716812118417,GW2-II,GW2a,GW2,ok
MESSAGEix-GLOBIOM 2.0-M-R12-NGFS,NGFS Phase 5-Low Demand,1,World,Primary Energy|Biomass,EJ/yr,2030,56.60990534544781,GW2-II,GW2a,GW2,ok
MESSAGEix-GLOBIOM 2.0-M-R12-NGFS,NGFS Phase 5-Low Demand,1,World,Primary Energy|Coal,EJ/yr,2100,6.396907276858665,GW2-II,GW2a,GW2,ok
MESSAGEix-GLOBIOM 2.0-M-R12-NGFS,NGFS Phase 5-Low Demand,1,World,Primary Energy|Coal,EJ/yr,2090,8.13414172141083,GW2-II,GW2a,GW2,ok
MESSAGEix-GLOBIOM 2.0-M-R12-NGFS,NGFS Phase 5-Low Demand,1,World,Primary Energy|Coal,EJ/yr,2080,11.44940778617499,GW2-II,GW2a,GW2,ok
MESSAGEix-GLOBIOM 2.0-M-R12-NGFS,NGFS Phase 5-Low Demand,1,World,Primary Energy|Coal,EJ/yr,2070,13.95295414912789,GW2-II,GW2a,GW2,ok
MESSAGEix-GLOBIOM 2.0-M-R12-NGFS,NGFS Phase 5-Low Demand,1,World,Primary Energy|Coal,EJ/yr,2060,17.67447772909746,GW2-II,GW2a,GW2,ok
MESSAGEix-GLOBIOM 2.0-M-R12-NGFS,NGFS Phase 5-Low Demand,1,World,Primary Energy|Coal,EJ/yr,2050,28.8384189511722,GW2-II,GW2a,GW2,ok
MESSAGEix-GLOBIOM 2.0-M-R12-NGFS,NGFS Phase 5-Low Demand,1,World,Primary Energy|Coal,EJ/yr,2055,22.34766399345152,GW2-II,GW2a,GW2,ok
MESSAGEix-GLOBIOM 2.0-M-R12-NGFS,NGFS Phase 5-Low Demand,1,World,Primary Energy|Coal,EJ/yr,2035,73.93717684884825,GW2-II,GW2a,GW2,ok
MESSAGEix-GLOBIOM 2.0-M-R12-NGFS,NGFS Phase 5-Low Demand,1,World,Primary Energy|Coal,EJ/yr,2030,104.7396645732124,GW2-II,GW2a,GW2,ok
MESSAGEix-GLOBIOM 2.0-M-R12-NGFS,NGFS Phase 5-Low Demand,1,World,Primary Energy|Coal,EJ/yr,2025,151.8118155942684,GW2-II,GW2a,GW2,ok
MESSAGEix-GLOBIOM 2.0-M-R12-NGFS,NGFS Phase 5-Low Demand,1,World,Primary Energy|Coal,EJ/yr,2020,162.572361686753,GW2-II,GW2a,GW2,ok
MESSAGEix-GLOBIOM 2.0-M-R12-NGFS,NGFS Phase 5-Low Demand,1,World,Primary Energy|Coal,EJ/yr,2040,52.5533512989995,GW2-II,GW2a,GW2,ok
MESSAGEix-GLOBIOM 2.0-M-R12-NGFS,NGFS Phase 5-Low Demand,1,World,Primary Energy|Coal,EJ/yr,2045,37.31141112899438,GW2-II,GW2a,GW2,ok
MESSAGEix-GLOBIOM 2.0-M-R12-NGFS,NGFS Phase 5-Low Demand,1,World,Primary Energy|Fossil|w/ CCS,EJ/yr,2100,0.0,GW2-II,GW2a,GW2,ok
MESSAGEix-GLOBIOM 2.0-M-R12-NGFS,NGFS Phase 5-Low Demand,1,World,Primary Energy|Fossil|w/ CCS,EJ/yr,2090,0.0,GW2-II,GW2a,GW2,ok
MESSAGEix-GLOBIOM 2.0-M-R12-NGFS,NGFS Phase 5-Low Demand,1,World,Primary Energy|Fossil|w/ CCS,EJ/yr,2080,0.0,GW2-II,GW2a,GW2,ok
MESSAGEix-GLOBIOM 2.0-M-R12-NGFS,NGFS Phase 5-Low Demand,1,World,Primary Energy|Fossil|w/ CCS,EJ/yr,2070,0.0,GW2-II,GW2a,GW2,ok
MESSAGEix-GLOBIOM 2.0-M-R12-NGFS,NGFS Phase 5-Low Demand,1,World,Primary Energy|Fossil|w/ CCS,EJ/yr,2060,0.9377258553700776,GW2-II,GW2a,GW2,ok
MESSAGEix-GLOBIOM 2.0-M-R12-NGFS,NGFS Phase 5-Low Demand,1,World,Primary Energy|Fossil|w/ CCS,EJ/yr,2055,2.786197412622522,GW2-II,GW2a,GW2,ok
MESSAGEix-GLOBIOM 2.0-M-R12-NGFS,NGFS Phase 5-Low Demand,1,World,Primary Energy|Fossil|w/ CCS,EJ/yr,2050,8.506467462743988,GW2-II,GW2a,GW2,ok
MESSAGEix-GLOBIOM 2.0-M-R12-NGFS,NGFS Phase 5-Low Demand,1,World,Primary Energy|Fossil|w/ CCS,EJ/yr,2045,13.64862630389087,GW2-II,GW2a,GW2,ok
MESSAGEix-GLOBIOM 2.0-M-R12-NGFS,NGFS Phase 5-Low Demand,1,World,Primary Energy|Fossil|w/ CCS,EJ/yr,2035,14.70703074306864,GW2-II,GW2a,GW2,ok
MESSAGEix-GLOBIOM 2.0-M-R12-NGFS,NGFS Phase 5-Low Demand,1,World,Primary Energy|Fossil|w/ CCS,EJ/yr,2030,7.471722245693275,GW2-II,GW2a,GW2,ok
MESSAGEix-GLOBIOM 2.0-M-R12-NGFS,NGFS Phase 5-Low Demand,1,World,Primary Energy|Fossil|w/ CCS,EJ/yr,2025,0.0,GW2-II,GW2a,GW2,ok
MESSAGEix-GLOBIOM 2.0-M-R12-NGFS,NGFS Phase 5-Low Demand,1,World,Primary Energy|Fossil|w/ CCS,EJ/yr,2020,0.0,GW2-II,GW2a,GW2,ok
MESSAGEix-GLOBIOM 2.0-M-R12-NGFS,NGFS Phase 5-Low Demand,1,World,Primary Energy|Fossil|w/ CCS,EJ/yr,2040,17.21606156912365,GW2-II,GW2a,GW2,ok
MESSAGEix-GLOBIOM 2.0-M-R12-NGFS,NGFS Phase 5-Low Demand,1,World,Primary Energy|Fossil|w/o CCS,EJ/yr,2050,95.27425677052553,GW2-II,GW2a,GW2,ok
MESSAGEix-GLOBIOM 2.0-M-R12-NGFS,NGFS Phase 5-Low Demand,1,World,Primary Energy|Fossil|w/o CCS,EJ/yr,2090,62.34896961940935,GW2-II,GW2a,GW2,ok
MESSAGEix-GLOBIOM 2.0-M-R12-NGFS,NGFS Phase 5-Low Demand,1,World,Primary Energy|Fossil|w/o CCS,EJ/yr,2080,57.07644505410462,GW2-II,GW2a,GW2,ok
MESSAGEix-GLOBIOM 2.0-M-R12-NGFS,NGFS Phase 5-Low Demand,1,World,Primary Energy|Fossil|w/o CCS,EJ/yr,2070,46.79937083901584,GW2-II,GW2a,GW2,ok
MESSAGEix-GLOBIOM 2.0-M-R12-NGFS,NGFS Phase 5-Low Demand,1,World,Primary Energy|Fossil|w/o CCS,EJ/yr,2060,64.04937649678587,GW2-II,GW2a,GW2,ok
MESSAGEix-GLOBIOM 2.0-M-R12-NGFS,NGFS Phase 5-Low Demand,1,World,Primary Energy|Fossil|w/o CCS,EJ/yr,2055,75.78088514024394,GW2-II,GW2a,GW2,ok
MESSAGEix-GLOBIOM 2.0-M-R12-NGFS,NGFS Phase 5-Low Demand,1,World,Primary Energy|Fossil|w/o CCS,EJ/yr,2045,126.137823989315,GW2-II,GW2a,GW2,ok
MESSAGEix-GLOBIOM 2.0-M-R12-NGFS,NGFS Phase 5-Low Demand,1,World,Primary Energy|Fossil|w/o CCS,EJ/yr,2100,62.94111739570619,GW2-II,GW2a,GW2,ok
MESSAGEix-GLOBIOM 2.0-M-R12-NGFS,NGFS Phase 5-Low Demand,1,World,Primary Energy|Fossil|w/o CCS,EJ/yr,2035,245.5076885180067,GW2-II,GW2a,GW2,ok
MESSAGEix-GLOBIOM 2.0-M-R12-NGFS,NGFS Phase 5-Low Demand,1,World,Primary Energy|Fossil|w/o CCS,EJ/yr,2040,174.908198279516,GW2-II,GW2a,GW2,ok
MESSAGEix-GLOBIOM 2.0-M-R12-NGFS,NGFS Phase 5-Low Demand,1,World,Primary Energy|Fossil|w/o CCS,EJ/yr,2025,461.3133055049302,GW2-II,GW2a,GW2,ok
MESSAGEix-GLOBIOM 2.0-M-R12-NGFS,NGFS Phase 5-Low Demand,1,World,Primary Energy|Fossil|w/o CCS,EJ/yr,2030,337.4528931966678,GW2-II,GW2a,GW2,ok
MESSAGEix-GLOBIOM 2.0-M-R12-NGFS,NGFS Phase 5-Low Demand,1,World,Primary Energy|Fossil|w/o CCS,EJ/yr,2020,491.7327735695509,GW2-II,GW2a,GW2,ok
MESSAGEix-GLOBIOM 2.0-M-R12-NGFS,NGFS Phase 5-Low Demand,1,World,Primary Energy|Gas,EJ/yr,2100,53.39950144194323,GW2-II,GW2a,GW2,ok
MESSAGEix-GLOBIOM 2.0-M-R12-NGFS,NGFS Phase 5-Low Demand,1,World,Primary Energy|Gas,EJ/yr,2090,49.31227968441831,GW2-II,GW2a,GW2,ok
MESSAGEix-GLOBIOM 2.0-M-R12-NGFS,NGFS Phase 5-Low Demand,1,World,Primary Energy|Gas,EJ/yr,2080,38.50754665249529,GW2-II,GW2a,GW2,ok
MESSAGEix-GLOBIOM 2.0-M-R12-NGFS,NGFS Phase 5-Low Demand,1,World,Primary Energy|Gas,EJ/yr,2070,25.26784937790103,GW2-II,GW2a,GW2,ok
MESSAGEix-GLOBIOM 2.0-M-R12-NGFS,NGFS Phase 5-Low Demand,1,World,Primary Energy|Gas,EJ/yr,2060,29.9927708851825,GW2-II,GW2a,GW2,ok
MESSAGEix-GLOBIOM 2.0-M-R12-NGFS,NGFS Phase 5-Low Demand,1,World,Primary Energy|Gas,EJ/yr,2050,41.95783426163051,GW2-II,GW2a,GW2,ok
MESSAGEix-GLOBIOM 2.0-M-R12-NGFS,NGFS Phase 5-Low Demand,1,World,Primary Energy|Gas,EJ/yr,2055,33.1720154343858,GW2-II,GW2a,GW2,ok
MESSAGEix-GLOBIOM 2.0-M-R12-NGFS,NGFS Phase 5-Low Demand,1,World,Primary Energy|Gas,EJ/yr,2035,93.41952817723671,GW2-II,GW2a,GW2,ok
MESSAGEix-GLOBIOM 2.0-M-R12-NGFS,NGFS Phase 5-Low Demand,1,World,Primary Energy|Gas,EJ/yr,2030,119.9577425750542,GW2-II,GW2a,GW2,ok
MESSAGEix-GLOBIOM 2.0-M-R12-NGFS,NGFS Phase 5-Low Demand,1,World,Primary Energy|Gas,EJ/yr,2025,155.5381768711416,GW2-II,GW2a,GW2,ok
MESSAGEix-GLOBIOM 2.0-M-R12-NGFS,NGFS Phase 5-Low Demand,1,World,Primary Energy|Gas,EJ/yr,2020,144.612345826642,GW2-II,GW2a,GW2,ok
MESSAGEix-GLOBIOM 2.0-M-R12-NGFS,NGFS Phase 5-Low Demand,1,World,Primary Energy|Gas,EJ/yr,2040,71.71111900489885,GW2-II,GW2a,GW2,ok
MESSAGEix-GLOBIOM 2.0-M-R12-NGFS,NGFS Phase 5-Low Demand,1,World,Primary Energy|Gas,EJ/yr,2045,54.47218399488156,GW2-II,GW2a,GW2,ok
MESSAGEix-GLOBIOM 2.0-M-R12-NGFS,NGFS Phase 5-Low Demand,1,World,Primary Energy|Non-Biomass Renewables,EJ/yr,2050,150.9897759857574,GW2-II,GW2a,GW2,ok
MESSAGEix-GLOBIOM 2.0-M-R12-NGFS,NGFS Phase 5-Low Demand,1,World,Primary Energy|Non-Biomass Renewables,EJ/yr,2090,163.9746578857864,GW2-II,GW2a,GW2,ok
MESSAGEix-GLOBIOM 2.0-M-R12-NGFS,NGFS Phase 5-Low Demand,1,World,Primary Energy|Non-Biomass Renewables,EJ/yr,2080,169.3424504078468,GW2-II,GW2a,GW2,ok
MESSAGEix-GLOBIOM 2.0-M-R12-NGFS,NGFS Phase 5-Low Demand,1,World,Primary Energy|Non-Biomass Renewables,EJ/yr,2070,181.1230604441491,GW2-II,GW2a,GW2,ok
MESSAGEix-GLOBIOM 2.0-M-R12-NGFS,NGFS Phase 5-Low Demand,1,World,Primary Energy|Non-Biomass Renewables,EJ/yr,2060,169.5078638730399,GW2-II,GW2a,GW2,ok
MESSAGEix-GLOBIOM 2.0-M-R12-NGFS,NGFS Phase 5-Low Demand,1,World,Primary Energy|Non-Biomass Renewables,EJ/yr,2055,162.6200774331298,GW2-II,GW2a,GW2,ok
MESSAGEix-GLOBIOM 2.0-M-R12-NGFS,NGFS Phase 5-Low Demand,1,World,Primary Energy|Non-Biomass Renewables,EJ/yr,2045,139.8521115536257,GW2-II,GW2a,GW2,ok
MESSAGEix-GLOBIOM 2.0-M-R12-NGFS,NGFS Phase 5-Low Demand,1,World,Primary Energy|Non-Biomass Renewables,EJ/yr,2100,161.9275994555939,GW2-II,GW2a,GW2,ok
MESSAGEix-GLOBIOM 2.0-M-R12-NGFS,NGFS Phase 5-Low Demand,1,World,Primary Energy|Non-Biomass Renewables,EJ/yr,2035,95.24084609643018,GW2-II,GW2a,GW2,ok
MESSAGEix-GLOBIOM 2.0-M-R12-NGFS,NGFS Phase 5-Low Demand,1,World,Primary Energy|Non-Biomass Renewables,EJ/yr,2040,118.8115435957797,GW2-II,GW2a,GW2,ok
MESSAGEix-GLOBIOM 2.0-M-R12-NGFS,NGFS Phase 5-Low Demand,1,World,Primary Energy|Non-Biomass Renewables,EJ/yr,2025,43.18393179127461,GW2-II,GW2a,GW2,ok
MESSAGEix-GLOBIOM 2.0-M-R12-NGFS,NGFS Phase 5-Low Demand,1,World,Primary Energy|Non-Biomass Renewables,EJ/yr,2030,65.75882843143025,GW2-II,GW2a,GW2,ok
MESSAGEix-GLOBIOM 2.0-M-R12-NGFS,NGFS Phase 5-Low Demand,1,World,Primary Energy|Non-Biomass Renewables,EJ/yr,2020,26.18471998282024,GW2-II,GW2a,GW2,ok
MESSAGEix-GLOBIOM 2.0-M-R12-NGFS,NGFS Phase 5-Low Demand,1,World,Primary Energy|Nuclear,EJ/yr,2100,0.114095626950627,GW2-II,GW2a,GW2,ok
MESSAGEix-GLOBIOM 2.0-M-R12-NGFS,NGFS Phase 5-Low Demand,1,World,Primary Energy|Nuclear,EJ/yr,2090,0.369605109450627,GW2-II,GW2a,GW2,ok
MESSAGEix-GLOBIOM 2.0-M-R12-NGFS,NGFS Phase 5-Low Demand,1,World,Primary Energy|Nuclear,EJ/yr,2080,1.281725115605092,GW2-II,GW2a,GW2,ok
MESSAGEix-GLOBIOM 2.0-M-R12-NGFS,NGFS Phase 5-Low Demand,1,World,Primary Energy|Nuclear,EJ/yr,2070,2.49942861980893,GW2-II,GW2a,GW2,ok
MESSAGEix-GLOBIOM 2.0-M-R12-NGFS,NGFS Phase 5-Low Demand,1,World,Primary Energy|Nuclear,EJ/yr,2060,4.007126881708929,GW2-II,GW2a,GW2,ok
MESSAGEix-GLOBIOM 2.0-M-R12-NGFS,NGFS Phase 5-Low Demand,1,World,Primary Energy|Nuclear,EJ/yr,2050,5.365461954108929,GW2-II,GW2a,GW2,ok
MESSAGEix-GLOBIOM 2.0-M-R12-NGFS,NGFS Phase 5-Low Demand,1,World,Primary Energy|Nuclear,EJ/yr,2055,4.59385824750893,GW2-II,GW2a,GW2,ok
MESSAGEix-GLOBIOM 2.0-M-R12-NGFS,NGFS Phase 5-Low Demand,1,World,Primary Energy|Nuclear,EJ/yr,2035,10.79098657384694,GW2-II,GW2a,GW2,ok
MESSAGEix-GLOBIOM 2.0-M-R12-NGFS,NGFS Phase 5-Low Demand,1,World,Primary Energy|Nuclear,EJ/yr,2030,11.47594768209496,GW2-II,GW2a,GW2,ok
MESSAGEix-GLOBIOM 2.0-M-R12-NGFS,NGFS Phase 5-Low Demand,1,World,Primary Energy|Nuclear,EJ/yr,2025,10.61692208617698,GW2-II,GW2a,GW2,ok
MESSAGEix-GLOBIOM 2.0-M-R12-NGFS,NGFS Phase 5-Low Demand,1,World,Primary Energy|Nuclear,EJ/yr,2020,9.625285883815,GW2-II,GW2a,GW2,ok
MESSAGEix-GLOBIOM 2.0-M-R12-NGFS,NGFS Phase 5-Low Demand,1,World,Primary Energy|Nuclear,EJ/yr,2040,9.63323902050893,GW2-II,GW2a,GW2,ok
MESSAGEix-GLOBIOM 2.0-M-R12-NGFS,NGFS Phase 5-Low Demand,1,World,Primary Energy|Nuclear,EJ/yr,2045,7.265170402908929,GW2-II,GW2a,GW2,ok
MESSAGEix-GLOBIOM 2.0-M-R12-NGFS,NGFS Phase 5-Low Demand,1,World,Primary Energy|Oil,EJ/yr,2100,3.144708676904291,GW2-II,GW2a,GW2,ok
MESSAGEix-GLOBIOM 2.0-M-R12-NGFS,NGFS Phase 5-Low Demand,1,World,Primary Energy|Oil,EJ/yr,2090,4.902548213580209,GW2-II,GW2a,GW2,ok
MESSAGEix-GLOBIOM 2.0-M-R12-NGFS,NGFS Phase 5-Low Demand,1,World,Primary Energy|Oil,EJ/yr,2080,7.119490615434347,GW2-II,GW2a,GW2,ok
MESSAGEix-GLOBIOM 2.0-M-R12-NGFS,NGFS Phase 5-Low Demand,1,World,Primary Energy|Oil,EJ/yr,2070,7.578567311986924,GW2-II,GW2a,GW2,ok
MESSAGEix-GLOBIOM 2.0-M-R12-NGFS,NGFS Phase 5-Low Demand,1,World,Primary Energy|Oil,EJ/yr,2060,17.31985373787598,GW2-II,GW2a,GW2,ok
MESSAGEix-GLOBIOM 2.0-M-R12-NGFS,NGFS Phase 5-Low Demand,1,World,Primary Energy|Oil,EJ/yr,2055,23.04740312502914,GW2-II,GW2a,GW2,ok
MESSAGEix-GLOBIOM 2.0-M-R12-NGFS,NGFS Phase 5-Low Demand,1,World,Primary Energy|Oil,EJ/yr,2050,32.98447102046679,GW2-II,GW2a,GW2,ok
MESSAGEix-GLOBIOM 2.0-M-R12-NGFS,NGFS Phase 5-Low Demand,1,World,Primary Energy|Oil,EJ/yr,2045,48.00285516932993,GW2-II,GW2a,GW2,ok
MESSAGEix-GLOBIOM 2.0-M-R12-NGFS,NGFS Phase 5-Low Demand,1,World,Primary Energy|Oil,EJ/yr,2035,92.85801423499034,GW2-II,GW2a,GW2,ok
MESSAGEix-GLOBIOM 2.0-M-R12-NGFS,NGFS Phase 5-Low Demand,1,World,Primary Energy|Oil,EJ/yr,2030,120.2272082940945,GW2-II,GW2a,GW2,ok
MESSAGEix-GLOBIOM 2.0-M-R12-NGFS,NGFS Phase 5-Low Demand,1,World,Primary Energy|Oil,EJ/yr,2025,153.9633130395201,GW2-II,GW2a,GW2,ok
MESSAGEix-GLOBIOM 2.0-M-R12-NGFS,NGFS Phase 5-Low Demand,1,World,Primary Energy|Oil,EJ/yr,2020,184.548066056156,GW2-II,GW2a,GW2,ok
MESSAGEix-GLOBIOM 2.0-M-R12-NGFS,NGFS Phase 5-Low Demand,1,World,Primary Energy|Oil,EJ/yr,2040,67.85978954474129,GW2-II,GW2a,GW2,ok
MESSAGEix-GLOBIOM 2.0-M-R12-NGFS,NGFS Phase 5-Nationally Determined Contributions (NDCs),1,World,Capacity|Electricity|Solar|PV,GW,2050,9145.793891279602,GW4-IIc,GW4,GW4,ok
MESSAGEix-GLOBIOM 2.0-M-R12-NGFS,NGFS Phase 5-Nationally Determined Contributions (NDCs),1,World,Capacity|Electricity|Solar|PV,GW,2090,24020.62951556354,GW4-IIc,GW4,GW4,ok
MESSAGEix-GLOBIOM 2.0-M-R12-NGFS,NGFS Phase 5-Nationally Determined Contributions (NDCs),1,World,Capacity|Electricity|Solar|PV,GW,2080,20173.98250105667,GW4-IIc,GW4,GW4,ok
MESSAGEix-GLOBIOM 2.0-M-R12-NGFS,NGFS Phase 5-Nationally Determined Contributions (NDCs),1,World,Capacity|Electricity|Solar|PV,GW,2070,15396.15378028298,GW4-IIc,GW4,GW4,ok
MESSAGEix-GLOBIOM 2.0-M-R12-NGFS,NGFS Phase 5-Nationally Determined Contributions (NDCs),1,World,Capacity|Electricity|Solar|PV,GW,2060,12394.85517520518,GW4-IIc,GW4,GW4,ok
MESSAGEix-GLOBIOM 2.0-M-R12-NGFS,NGFS Phase 5-Nationally Determined Contributions (NDCs),1,World,Capacity|Electricity|Solar|PV,GW,2055,11179.48608898303,GW4-IIc,GW4,GW4,ok
MESSAGEix-GLOBIOM 2.0-M-R12-NGFS,NGFS Phase 5-Nationally Determined Contributions (NDCs),1,World,Capacity|Electricity|Solar|PV,GW,2045,6714.329380499144,GW4-IIc,GW4,GW4,ok
MESSAGEix-GLOBIOM 2.0-M-R12-NGFS,NGFS Phase 5-Nationally Determined Contributions (NDCs),1,World,Capacity|Electricity|Solar|PV,GW,2100,25349.09747467864,GW4-IIc,GW4,GW4,ok
MESSAGEix-GLOBIOM 2.0-M-R12-NGFS,NGFS Phase 5-Nationally Determined Contributions (NDCs),1,World,Capacity|Electricity|Solar|PV,GW,2035,3629.125075405981,GW4-IIc,GW4,GW4,ok
MESSAGEix-GLOBIOM 2.0-M-R12-NGFS,NGFS Phase 5-Nationally Determined Contributions (NDCs),1,World,Capacity|Electricity|Solar|PV,GW,2040,4835.741989242477,GW4-IIc,GW4,GW4,ok
MESSAGEix-GLOBIOM 2.0-M-R12-NGFS,NGFS Phase 5-Nationally Determined Contributions (NDCs),1,World,Capacity|Electricity|Solar|PV,GW,2025,2243.301316420393,GW4-IIc,GW4,GW4,ok
MESSAGEix-GLOBIOM 2.0-M-R12-NGFS,NGFS Phase 5-Nationally Determined Contributions (NDCs),1,World,Capacity|Electricity|Solar|PV,GW,2030,2632.700323897124,GW4-IIc,GW4,GW4,ok
MESSAGEix-GLOBIOM 2.0-M-R12-NGFS,NGFS Phase 5-Nationally Determined Contributions (NDCs),1,World,Capacity|Electricity|Solar|PV,GW,2020,768.3420349881794,GW4-IIc,GW4,GW4,ok
MESSAGEix-GLOBIOM 2.0-M-R12-NGFS,NGFS Phase 5-Nationally Determined Contributions (NDCs),1,World,Capacity|Electricity|Wind,GW,2100,15376.10329472989,GW4-IIc,GW4,GW4,ok
MESSAGEix-GLOBIOM 2.0-M-R12-NGFS,NGFS Phase 5-Nationally Determined Contributions (NDCs),1,World,Capacity|Electricity|Wind,GW,2090,14344.34897919964,GW4-IIc,GW4,GW4,ok
MESSAGEix-GLOBIOM 2.0-M-R12-NGFS,NGFS Phase 5-Nationally Determined Contributions (NDCs),1,World,Capacity|Electricity|Wind,GW,2080,12633.0191022454,GW4-IIc,GW4,GW4,ok
MESSAGEix-GLOBIOM 2.0-M-R12-NGFS,NGFS Phase 5-Nationally Determined Contributions (NDCs),1,World,Capacity|Electricity|Wind,GW,2070,10130.49501605929,GW4-IIc,GW4,GW4,ok
MESSAGEix-GLOBIOM 2.0-M-R12-NGFS,NGFS Phase 5-Nationally Determined Contributions (NDCs),1,World,Capacity|Electricity|Wind,GW,2060,7726.65946585422,GW4-IIc,GW4,GW4,ok
MESSAGEix-GLOBIOM 2.0-M-R12-NGFS,NGFS Phase 5-Nationally Determined Contributions (NDCs),1,World,Capacity|Electricity|Wind,GW,2050,5311.72556196505,GW4-IIc,GW4,GW4,ok
MESSAGEix-GLOBIOM 2.0-M-R12-NGFS,NGFS Phase 5-Nationally Determined Contributions (NDCs),1,World,Capacity|Electricity|Wind,GW,2055,6605.183183685014,GW4-IIc,GW4,GW4,ok
MESSAGEix-GLOBIOM 2.0-M-R12-NGFS,NGFS Phase 5-Nationally Determined Contributions (NDCs),1,World,Capacity|Electricity|Wind,GW,2035,1832.661787236491,GW4-IIc,GW4,GW4,ok
MESSAGEix-GLOBIOM 2.0-M-R12-NGFS,NGFS Phase 5-Nationally Determined Contributions (NDCs),1,World,Capacity|Electricity|Wind,GW,2030,1293.765501635754,GW4-IIc,GW4,GW4,ok
MESSAGEix-GLOBIOM 2.0-M-R12-NGFS,NGFS Phase 5-Nationally Determined Contributions (NDCs),1,World,Capacity|Electricity|Wind,GW,2025,1226.883769758736,GW4-IIc,GW4,GW4,ok
MESSAGEix-GLOBIOM 2.0-M-R12-NGFS,NGFS Phase 5-Nationally Determined Contributions (NDCs),1,World,Capacity|Electricity|Wind,GW,2020,722.9094420215255,GW4-IIc,GW4,GW4,ok
MESSAGEix-GLOBIOM 2.0-M-R12-NGFS,NGFS Phase 5-Nationally Determined Contributions (NDCs),1,World,Capacity|Electricity|Wind,GW,2040,2707.595293495986,GW4-IIc,GW4,GW4,ok
MESSAGEix-GLOBIOM 2.0-M-R12-NGFS,NGFS Phase 5-Nationally Determined Contributions (NDCs),1,World,Capacity|Electricity|Wind,GW,2045,3799.117410627875,GW4-IIc,GW4,GW4,ok
MESSAGEix-GLOBIOM 2.0-M-R12-NGFS,NGFS Phase 5-Nationally Determined Contributions (NDCs),1,World,Carbon Capture|Geological Storage|Biomass,Mt CO2/yr,2055,213.7519941766005,GW4-IIc,GW4,GW4,ok
MESSAGEix-GLOBIOM 2.0-M-R12-NGFS,NGFS Phase 5-Nationally Determined Contributions (NDCs),1,World,Carbon Capture|Geological Storage|Biomass,Mt CO2/yr,2100,231.6400561130478,GW4-IIc,GW4,GW4,ok
MESSAGEix-GLOBIOM 2.0-M-R12-NGFS,NGFS Phase 5-Nationally Determined Contributions (NDCs),1,World,Carbon Capture|Geological Storage|Biomass,Mt CO2/yr,2090,168.4969028523494,GW4-IIc,GW4,GW4,ok
MESSAGEix-GLOBIOM 2.0-M-R12-NGFS,NGFS Phase 5-Nationally Determined Contributions (NDCs),1,World,Carbon Capture|Geological Storage|Biomass,Mt CO2/yr,2080,167.7987559960671,GW4-IIc,GW4,GW4,ok
MESSAGEix-GLOBIOM 2.0-M-R12-NGFS,NGFS Phase 5-Nationally Determined Contributions (NDCs),1,World,Carbon Capture|Geological Storage|Biomass,Mt CO2/yr,2070,238.7299166749094,GW4-IIc,GW4,GW4,ok
MESSAGEix-GLOBIOM 2.0-M-R12-NGFS,NGFS Phase 5-Nationally Determined Contributions (NDCs),1,World,Carbon Capture|Geological Storage|Biomass,Mt CO2/yr,2060,269.7413512004215,GW4-IIc,GW4,GW4,ok
MESSAGEix-GLOBIOM 2.0-M-R12-NGFS,NGFS Phase 5-Nationally Determined Contributions (NDCs),1,World,Carbon Capture|Geological Storage|Biomass,Mt CO2/yr,2045,98.33688590697716,GW4-IIc,GW4,GW4,ok
MESSAGEix-GLOBIOM 2.0-M-R12-NGFS,NGFS Phase 5-Nationally Determined Contributions (NDCs),1,World,Carbon Capture|Geological Storage|Biomass,Mt CO2/yr,2050,148.0506199923987,GW4-IIc,GW4,GW4,ok
MESSAGEix-GLOBIOM 2.0-M-R12-NGFS,NGFS Phase 5-Nationally Determined Contributions (NDCs),1,World,Carbon Capture|Geological Storage|Biomass,Mt CO2/yr,2040,50.02649047626242,GW4-IIc,GW4,GW4,ok
MESSAGEix-GLOBIOM 2.0-M-R12-NGFS,NGFS Phase 5-Nationally Determined Contributions (NDCs),1,World,Carbon Capture|Geological Storage|Biomass,Mt CO2/yr,2035,19.48110558426295,GW4-IIc,GW4,GW4,ok
MESSAGEix-GLOBIOM 2.0-M-R12-NGFS,NGFS Phase 5-Nationally Determined Contributions (NDCs),1,World,Carbon Capture|Geological Storage|Biomass,Mt CO2/yr,2030,1.3017855675,GW4-IIc,GW4,GW4,ok
MESSAGEix-GLOBIOM 2.0-M-R12-NGFS,NGFS Phase 5-Nationally Determined Contributions (NDCs),1,World,Carbon Capture|Geological Storage|Biomass,Mt CO2/yr,2025,0.0,GW4-IIc,GW4,GW4,ok
MESSAGEix-GLOBIOM 2.0-M-R12-NGFS,NGFS Phase 5-Nationally Determined Contributions (NDCs),1,World,Carbon Capture|Geological Storage|Biomass,Mt CO2/yr,2020,0.0,GW4-IIc,GW4,GW4,ok
MESSAGEix-GLOBIOM 2.0-M-R12-NGFS,NGFS Phase 5-Nationally Determined Contributions (NDCs),1,World,Carbon Removal|Land Use,Mt CO2/yr,2055,4337.520400103812,GW4-IIc,GW4,GW4,ok
MESSAGEix-GLOBIOM 2.0-M-R12-NGFS,NGFS Phase 5-Nationally Determined Contributions (NDCs),1,World,Carbon Removal|Land Use,Mt CO2/yr,2100,5652.802602174364,GW4-IIc,GW4,GW4,ok
MESSAGEix-GLOBIOM 2.0-M-R12-NGFS,NGFS Phase 5-Nationally Determined Contributions (NDCs),1,World,Carbon Removal|Land Use,Mt CO2/yr,2090,5863.332514786139,GW4-IIc,GW4,GW4,ok
MESSAGEix-GLOBIOM 2.0-M-R12-NGFS,NGFS Phase 5-Nationally Determined Contributions (NDCs),1,World,Carbon Removal|Land Use,Mt CO2/yr,2080,5815.215015649497,GW4-IIc,GW4,GW4,ok
MESSAGEix-GLOBIOM 2.0-M-R12-NGFS,NGFS Phase 5-Nationally Determined Contributions (NDCs),1,World,Carbon Removal|Land Use,Mt CO2/yr,2070,5484.195393350784,GW4-IIc,GW4,GW4,ok
MESSAGEix-GLOBIOM 2.0-M-R12-NGFS,NGFS Phase 5-Nationally Determined Contributions (NDCs),1,World,Carbon Removal|Land Use,Mt CO2/yr,2060,4792.09031913051,GW4-IIc,GW4,GW4,ok
MESSAGEix-GLOBIOM 2.0-M-R12-NGFS,NGFS Phase 5-Nationally Determined Contributions (NDCs),1,World,Carbon Removal|Land Use,Mt CO2/yr,2050,3866.480074396624,GW4-IIc,GW4,GW4,ok
MESSAGEix-GLOBIOM 2.0-M-R12-NGFS,NGFS Phase 5-Nationally Determined Contributions (NDCs),1,World,Carbon Removal|Land Use,Mt CO2/yr,2040,2862.271968488058,GW4-IIc,GW4,GW4,ok
MESSAGEix-GLOBIOM 2.0-M-R12-NGFS,NGFS Phase 5-Nationally Determined Contributions (NDCs),1,World,Carbon Removal|Land Use,Mt CO2/yr,2035,2248.685404965185,GW4-IIc,GW4,GW4,ok
MESSAGEix-GLOBIOM 2.0-M-R12-NGFS,NGFS Phase 5-Nationally Determined Contributions (NDCs),1,World,Carbon Removal|Land Use,Mt CO2/yr,2030,1641.084162056844,GW4-IIc,GW4,GW4,ok
MESSAGEix-GLOBIOM 2.0-M-R12-NGFS,NGFS Phase 5-Nationally Determined Contributions (NDCs),1,World,Carbon Removal|Land Use,Mt CO2/yr,2025,1180.7076,GW4-IIc,GW4,GW4,ok
MESSAGEix-GLOBIOM 2.0-M-R12-NGFS,NGFS Phase 5-Nationally Determined Contributions (NDCs),1,World,Carbon Removal|Land Use,Mt CO2/yr,2020,919.443,GW4-IIc,GW4,GW4,ok
MESSAGEix-GLOBIOM 2.0-M-R12-NGFS,NGFS Phase 5-Nationally Determined Contributions (NDCs),1,World,Carbon Removal|Land Use,Mt CO2/yr,2045,3380.475348037204,GW4-IIc,GW4,GW4,ok
MESSAGEix-GLOBIOM 2.0-M-R12-NGFS,NGFS Phase 5-Nationally Determined Contributions (NDCs),1,World,Emissions|CO2,Mt CO2/yr,2100,9310.473668522263,GW4-IIc,GW4,GW4,ok
MESSAGEix-GLOBIOM 2.0-M-R12-NGFS,NGFS Phase 5-Nationally Determined Contributions (NDCs),1,World,Emissions|CO2,Mt CO2/yr,2090,9243.16206106148,GW4-IIc,GW4,GW4,ok
MESSAGEix-GLOBIOM 2.0-M-R12-NGFS,NGFS Phase 5-Nationally Determined Contributions (NDCs),1,World,Emissions|CO2,Mt CO2/yr,2080,10780.88016551233,GW4-IIc,GW4,GW4,ok
MESSAGEix-GLOBIOM 2.0-M-R12-NGFS,NGFS Phase 5-Nationally Determined Contributions (NDCs),1,World,Emissions|CO2,Mt CO2/yr,2070,13136.41518262619,GW4-IIc,GW4,GW4,ok
MESSAGEix-GLOBIOM 2.0-M-R12-NGFS,NGFS Phase 5-Nationally Determined Contributions (NDCs),1,World,Emissions|CO2,Mt CO2/yr,2060,16453.24743568533,GW4-IIc,GW4,GW4,ok
MESSAGEix-GLOBIOM 2.0-M-R12-NGFS,NGFS Phase 5-Nationally Determined Contributions (NDCs),1,World,Emissions|CO2,Mt CO2/yr,2055,18335.6553698378,GW4-IIc,GW4,GW4,ok
MESSAGEix-GLOBIOM 2.0-M-R12-NGFS,NGFS Phase 5-Nationally Determined Contributions (NDCs),1,World,Emissions|CO2,Mt CO2/yr,2050,21632.48077891387,GW4-IIc,GW4,GW4,ok
MESSAGEix-GLOBIOM 2.0-M-R12-NGFS,NGFS Phase 5-Nationally Determined Contributions (NDCs),1,World,Emissions|CO2,Mt CO2/yr,2045,25897.85223462849,GW4-IIc,GW4,GW4,ok
MESSAGEix-GLOBIOM 2.0-M-R12-NGFS,NGFS Phase 5-Nationally Determined Contributions (NDCs),1,World,Emissions|CO2,Mt CO2/yr,2035,35429.516309258,GW4-IIc,GW4,GW4,ok
MESSAGEix-GLOBIOM 2.0-M-R12-NGFS,NGFS Phase 5-Nationally Determined Contributions (NDCs),1,World,Emissions|CO2,Mt CO2/yr,2030,39417.03596271498,GW4-IIc,GW4,GW4,ok
MESSAGEix-GLOBIOM 2.0-M-R12-NGFS,NGFS Phase 5-Nationally Determined Contributions (NDCs),1,World,Emissions|CO2,Mt CO2/yr,2025,41555.34680179472,GW4-IIc,GW4,GW4,ok
MESSAGEix-GLOBIOM 2.0-M-R12-NGFS,NGFS Phase 5-Nationally Determined Contributions (NDCs),1,World,Emissions|CO2,Mt CO2/yr,2020,44751.08876115071,GW4-IIc,GW4,GW4,ok
MESSAGEix-GLOBIOM 2.0-M-R12-NGFS,NGFS Phase 5-Nationally Determined Contributions (NDCs),1,World,Emissions|CO2,Mt CO2/yr,2040,30050.03601908894,GW4-IIc,GW4,GW4,ok
MESSAGEix-GLOBIOM 2.0-M-R12-NGFS,NGFS Phase 5-Nationally Determined Contributions (NDCs),1,World,Final Energy,EJ/yr,2100,605.7533999529178,GW4-IIc,GW4,GW4,ok
MESSAGEix-GLOBIOM 2.0-M-R12-NGFS,NGFS Phase 5-Nationally Determined Contributions (NDCs),1,World,Final Energy,EJ/yr,2090,572.2641111672152,GW4-IIc,GW4,GW4,ok
MESSAGEix-GLOBIOM 2.0-M-R12-NGFS,NGFS Phase 5-Nationally Determined Contributions (NDCs),1,World,Final Energy,EJ/yr,2080,536.4610199726997,GW4-IIc,GW4,GW4,ok
MESSAGEix-GLOBIOM 2.0-M-R12-NGFS,NGFS Phase 5-Nationally Determined Contributions (NDCs),1,World,Final Energy,EJ/yr,2070,501.5113860312923,GW4-IIc,GW4,GW4,ok
MESSAGEix-GLOBIOM 2.0-M-R12-NGFS,NGFS Phase 5-Nationally Determined Contributions (NDCs),1,World,Final Energy,EJ/yr,2060,474.5785476245852,GW4-IIc,GW4,GW4,ok
MESSAGEix-GLOBIOM 2.0-M-R12-NGFS,NGFS Phase 5-Nationally Determined Contributions (NDCs),1,World,Final Energy,EJ/yr,2055,460.794832591974,GW4-IIc,GW4,GW4,ok
MESSAGEix-GLOBIOM 2.0-M-R12-NGFS,NGFS Phase 5-Nationally Determined Contributions (NDCs),1,World,Final Energy,EJ/yr,2050,454.9059440516435,GW4-IIc,GW4,GW4,ok
MESSAGEix-GLOBIOM 2.0-M-R12-NGFS,NGFS Phase 5-Nationally Determined Contributions (NDCs),1,World,Final Energy,EJ/yr,2045,450.4001561057971,GW4-IIc,GW4,GW4,ok
MESSAGEix-GLOBIOM 2.0-M-R12-NGFS,NGFS Phase 5-Nationally Determined Contributions (NDCs),1,World,Final Energy,EJ/yr,2035,453.0271417637676,GW4-IIc,GW4,GW4,ok
MESSAGEix-GLOBIOM 2.0-M-R12-NGFS,NGFS Phase 5-Nationally Determined Contributions (NDCs),1,World,Final Energy,EJ/yr,2030,449.1615495439672,GW4-IIc,GW4,GW4,ok
MESSAGEix-GLOBIOM 2.0-M-R12-NGFS,NGFS Phase 5-Nationally Determined Contributions (NDCs),1,World,Final Energy,EJ/yr,2025,443.8794908700044,GW4-IIc,GW4,GW4,ok
MESSAGEix-GLOBIOM 2.0-M-R12-NGFS,NGFS Phase 5-Nationally Determined Contributions (NDCs),1,World,Final Energy,EJ/yr,2020,411.9207508509696,GW4-IIc,GW4,GW4,ok
MESSAGEix-GLOBIOM 2.0-M-R12-NGFS,NGFS Phase 5-Nationally Determined Contributions (NDCs),1,World,Final Energy,EJ/yr,2040,449.6733291462682,GW4-IIc,GW4,GW4,ok
MESSAGEix-GLOBIOM 2.0-M-R12-NGFS,NGFS Phase 5-Nationally Determined Contributions (NDCs),1,World,Final Energy|Electricity,EJ/yr,2050,167.4007436010973,GW4-IIc,GW4,GW4,ok
MESSAGEix-GLOBIOM 2.0-M-R12-NGFS,NGFS Phase 5-Nationally Determined Contributions (NDCs),1,World,Final Energy|Electricity,EJ/yr,2090,277.190607554584,GW4-IIc,GW4,GW4,ok
MESSAGEix-GLOBIOM 2.0-M-R12-NGFS,NGFS Phase 5-Nationally Determined Contributions (NDCs),1,World,Final Energy|Electricity,EJ/yr,2080,254.3940935855514,GW4-IIc,GW4,GW4,ok
MESSAGEix-GLOBIOM 2.0-M-R12-NGFS,NGFS Phase 5-Nationally Determined Contributions (NDCs),1,World,Final Energy|Electricity,EJ/yr,2070,229.2249652136631,GW4-IIc,GW4,GW4,ok
MESSAGEix-GLOBIOM 2.0-M-R12-NGFS,NGFS Phase 5-Nationally Determined Contributions (NDCs),1,World,Final Energy|Electricity,EJ/yr,2060,200.7856126130281,GW4-IIc,GW4,GW4,ok
MESSAGEix-GLOBIOM 2.0-M-R12-NGFS,NGFS Phase 5-Nationally Determined Contributions (NDCs),1,World,Final Energy|Electricity,EJ/yr,2055,185.399966742021,GW4-IIc,GW4,GW4,ok
MESSAGEix-GLOBIOM 2.0-M-R12-NGFS,NGFS Phase 5-Nationally Determined Contributions (NDCs),1,World,Final Energy|Electricity,EJ/yr,2045,148.8381742160195,GW4-IIc,GW4,GW4,ok
MESSAGEix-GLOBIOM 2.0-M-R12-NGFS,NGFS Phase 5-Nationally Determined Contributions (NDCs),1,World,Final Energy|Electricity,EJ/yr,2100,295.8063965800462,GW4-IIc,GW4,GW4,ok
MESSAGEix-GLOBIOM 2.0-M-R12-NGFS,NGFS Phase 5-Nationally Determined Contributions (NDCs),1,World,Final Energy|Electricity,EJ/yr,2035,118.9015298449293,GW4-IIc,GW4,GW4,ok
MESSAGEix-GLOBIOM 2.0-M-R12-NGFS,NGFS Phase 5-Nationally Determined Contributions (NDCs),1,World,Final Energy|Electricity,EJ/yr,2040,131.9888965203811,GW4-IIc,GW4,GW4,ok
MESSAGEix-GLOBIOM 2.0-M-R12-NGFS,NGFS Phase 5-Nationally Determined Contributions (NDCs),1,World,Final Energy|Electricity,EJ/yr,2025,95.89823414691692,GW4-IIc,GW4,GW4,ok
MESSAGEix-GLOBIOM 2.0-M-R12-NGFS,NGFS Phase 5-Nationally Determined Contributions (NDCs),1,World,Final Energy|Electricity,EJ/yr,2030,106.7521652426223,GW4-IIc,GW4,GW4,ok
MESSAGEix-GLOBIOM 2.0-M-R12-NGFS,NGFS Phase 5-Nationally Determined Contributions (NDCs),1,World,Final Energy|Electricity,EJ/yr,2020,81.89456669468369,GW4-IIc,GW4,GW4,ok
MESSAGEix-GLOBIOM 2.0-M-R12-NGFS,NGFS Phase 5-Nationally Determined Contributions (NDCs),1,World,Food Availability|Crops [per capita],kcal/cap/day,2090,1507.041000310703,GW4-IIc,GW4,GW4,ok
MESSAGEix-GLOBIOM 2.0-M-R12-NGFS,NGFS Phase 5-Nationally Determined Contributions (NDCs),1,World,Food Availability|Crops [per capita],kcal/cap/day,2080,1500.963944862828,GW4-IIc,GW4,GW4,ok
MESSAGEix-GLOBIOM 2.0-M-R12-NGFS,NGFS Phase 5-Nationally Determined Contributions (NDCs),1,World,Food Availability|Crops [per capita],kcal/cap/day,2070,1497.520103110554,GW4-IIc,GW4,GW4,ok
MESSAGEix-GLOBIOM 2.0-M-R12-NGFS,NGFS Phase 5-Nationally Determined Contributions (NDCs),1,World,Food Availability|Crops [per capita],kcal/cap/day,2060,1492.726479345464,GW4-IIc,GW4,GW4,ok
MESSAGEix-GLOBIOM 2.0-M-R12-NGFS,NGFS Phase 5-Nationally Determined Contributions (NDCs),1,World,Food Availability|Crops [per capita],kcal/cap/day,2055,1488.808397418319,GW4-IIc,GW4,GW4,ok
MESSAGEix-GLOBIOM 2.0-M-R12-NGFS,NGFS Phase 5-Nationally Determined Contributions (NDCs),1,World,Food Availability|Crops [per capita],kcal/cap/day,2050,1485.509620018464,GW4-IIc,GW4,GW4,ok
MESSAGEix-GLOBIOM 2.0-M-R12-NGFS,NGFS Phase 5-Nationally Determined Contributions (NDCs),1,World,Food Availability|Crops [per capita],kcal/cap/day,2045,1482.824469900344,GW4-IIc,GW4,GW4,ok
MESSAGEix-GLOBIOM 2.0-M-R12-NGFS,NGFS Phase 5-Nationally Determined Contributions (NDCs),1,World,Food Availability|Crops [per capita],kcal/cap/day,2100,1513.416977508246,GW4-IIc,GW4,GW4,ok
MESSAGEix-GLOBIOM 2.0-M-R12-NGFS,NGFS Phase 5-Nationally Determined Contributions (NDCs),1,World,Food Availability|Crops [per capita],kcal/cap/day,2035,1478.593154994127,GW4-IIc,GW4,GW4,ok
MESSAGEix-GLOBIOM 2.0-M-R12-NGFS,NGFS Phase 5-Nationally Determined Contributions (NDCs),1,World,Food Availability|Crops [per capita],kcal/cap/day,2030,1476.389948954781,GW4-IIc,GW4,GW4,ok
MESSAGEix-GLOBIOM 2.0-M-R12-NGFS,NGFS Phase 5-Nationally Determined Contributions (NDCs),1,World,Food Availability|Crops [per capita],kcal/cap/day,2025,1470.031426455954,GW4-IIc,GW4,GW4,ok
MESSAGEix-GLOBIOM 2.0-M-R12-NGFS,NGFS Phase 5-Nationally Determined Contributions (NDCs),1,World,Food Availability|Crops [per capita],kcal/cap/day,2020,1463.390198539079,GW4-IIc,GW4,GW4,ok
MESSAGEix-GLOBIOM 2.0-M-R12-NGFS,NGFS Phase 5-Nationally Determined Contributions (NDCs),1,World,Food Availability|Crops [per capita],kcal/cap/day,2040,1480.536551808183,GW4-IIc,GW4,GW4,ok
MESSAGEix-GLOBIOM 2.0-M-R12-NGFS,NGFS Phase 5-Nationally Determined Contributions (NDCs),1,World,Food Availability|Livestock [per capita],kcal/cap/day,2100,535.9801354468965,GW4-IIc,GW4,GW4,ok
MESSAGEix-GLOBIOM 2.0-M-R12-NGFS,NGFS Phase 5-Nationally Determined Contributions (NDCs),1,World,Food Availability|Livestock [per capita],kcal/cap/day,2090,520.1734020049595,GW4-IIc,GW4,GW4,ok
MESSAGEix-GLOBIOM 2.0-M-R12-NGFS,NGFS Phase 5-Nationally Determined Contributions (NDCs),1,World,Food Availability|Livestock [per capita],kcal/cap/day,2080,506.5669046809234,GW4-IIc,GW4,GW4,ok
MESSAGEix-GLOBIOM 2.0-M-R12-NGFS,NGFS Phase 5-Nationally Determined Contributions (NDCs),1,World,Food Availability|Livestock [per capita],kcal/cap/day,2070,494.6695734948524,GW4-IIc,GW4,GW4,ok
MESSAGEix-GLOBIOM 2.0-M-R12-NGFS,NGFS Phase 5-Nationally Determined Contributions (NDCs),1,World,Food Availability|Livestock [per capita],kcal/cap/day,2060,484.8389510686879,GW4-IIc,GW4,GW4,ok
MESSAGEix-GLOBIOM 2.0-M-R12-NGFS,NGFS Phase 5-Nationally Determined Contributions (NDCs),1,World,Food Availability|Livestock [per capita],kcal/cap/day,2055,480.1157475317,GW4-IIc,GW4,GW4,ok
MESSAGEix-GLOBIOM 2.0-M-R12-NGFS,NGFS Phase 5-Nationally Determined Contributions (NDCs),1,World,Food Availability|Livestock [per capita],kcal/cap/day,2050,475.2655004247134,GW4-IIc,GW4,GW4,ok
MESSAGEix-GLOBIOM 2.0-M-R12-NGFS,NGFS Phase 5-Nationally Determined Contributions (NDCs),1,World,Food Availability|Livestock [per capita],kcal/cap/day,2040,465.7641779054733,GW4-IIc,GW4,GW4,ok
MESSAGEix-GLOBIOM 2.0-M-R12-NGFS,NGFS Phase 5-Nationally Determined Contributions (NDCs),1,World,Food Availability|Livestock [per capita],kcal/cap/day,2035,460.0386391562651,GW4-IIc,GW4,GW4,ok
MESSAGEix-GLOBIOM 2.0-M-R12-NGFS,NGFS Phase 5-Nationally Determined Contributions (NDCs),1,World,Food Availability|Livestock [per capita],kcal/cap/day,2030,453.9422632578931,GW4-IIc,GW4,GW4,ok
MESSAGEix-GLOBIOM 2.0-M-R12-NGFS,NGFS Phase 5-Nationally Determined Contributions (NDCs),1,World,Food Availability|Livestock [per capita],kcal/cap/day,2025,444.0882963699156,GW4-IIc,GW4,GW4,ok
MESSAGEix-GLOBIOM 2.0-M-R12-NGFS,NGFS Phase 5-Nationally Determined Contributions (NDCs),1,World,Food Availability|Livestock [per capita],kcal/cap/day,2020,433.3515182277227,GW4-IIc,GW4,GW4,ok
MESSAGEix-GLOBIOM 2.0-M-R12-NGFS,NGFS Phase 5-Nationally Determined Contributions (NDCs),1,World,Food Availability|Livestock [per capita],kcal/cap/day,2045,470.4496120315189,GW4-IIc,GW4,GW4,ok
MESSAGEix-GLOBIOM 2.0-M-R12-NGFS,NGFS Phase 5-Nationally Determined Contributions (NDCs),1,World,GDP|MER,billion USD_2010/yr,2100,634189.890366906,GW4-IIc,GW4,GW4,ok
MESSAGEix-GLOBIOM 2.0-M-R12-NGFS,NGFS Phase 5-Nationally Determined Contributions (NDCs),1,World,GDP|MER,billion USD_2010/yr,2090,533190.5678385491,GW4-IIc,GW4,GW4,ok
MESSAGEix-GLOBIOM 2.0-M-R12-NGFS,NGFS Phase 5-Nationally Determined Contributions (NDCs),1,World,GDP|MER,billion USD_2010/yr,2080,441343.1970811285,GW4-IIc,GW4,GW4,ok
MESSAGEix-GLOBIOM 2.0-M-R12-NGFS,NGFS Phase 5-Nationally Determined Contributions (NDCs),1,World,GDP|MER,billion USD_2010/yr,2070,358885.0130412026,GW4-IIc,GW4,GW4,ok
MESSAGEix-GLOBIOM 2.0-M-R12-NGFS,NGFS Phase 5-Nationally Determined Contributions (NDCs),1,World,GDP|MER,billion USD_2010/yr,2060,283777.1771466059,GW4-IIc,GW4,GW4,ok
MESSAGEix-GLOBIOM 2.0-M-R12-NGFS,NGFS Phase 5-Nationally Determined Contributions (NDCs),1,World,GDP|MER,billion USD_2010/yr,2055,250327.9138123291,GW4-IIc,GW4,GW4,ok
MESSAGEix-GLOBIOM 2.0-M-R12-NGFS,NGFS Phase 5-Nationally Determined Contributions (NDCs),1,World,GDP|MER,billion USD_2010/yr,2050,220819.4715161792,GW4-IIc,GW4,GW4,ok
MESSAGEix-GLOBIOM 2.0-M-R12-NGFS,NGFS Phase 5-Nationally Determined Contributions (NDCs),1,World,GDP|MER,billion USD_2010/yr,2045,192603.8804509795,GW4-IIc,GW4,GW4,ok
MESSAGEix-GLOBIOM 2.0-M-R12-NGFS,NGFS Phase 5-Nationally Determined Contributions (NDCs),1,World,GDP|MER,billion USD_2010/yr,2035,143405.6201227263,GW4-IIc,GW4,GW4,ok
MESSAGEix-GLOBIOM 2.0-M-R12-NGFS,NGFS Phase 5-Nationally Determined Contributions (NDCs),1,World,GDP|MER,billion USD_2010/yr,2030,121435.3164647561,GW4-IIc,GW4,GW4,ok
MESSAGEix-GLOBIOM 2.0-M-R12-NGFS,NGFS Phase 5-Nationally Determined Contributions (NDCs),1,World,GDP|MER,billion USD_2010/yr,2025,98880.76696224349,GW4-IIc,GW4,GW4,ok
MESSAGEix-GLOBIOM 2.0-M-R12-NGFS,NGFS Phase 5-Nationally Determined Contributions (NDCs),1,World,GDP|MER,billion USD_2010/yr,2020,71023.82956538288,GW4-IIc,GW4,GW4,ok
MESSAGEix-GLOBIOM 2.0-M-R12-NGFS,NGFS Phase 5-Nationally Determined Contributions (NDCs),1,World,GDP|MER,billion USD_2010/yr,2040,167498.3250790181,GW4-IIc,GW4,GW4,ok
MESSAGEix-GLOBIOM 2.0-M-R12-NGFS,NGFS Phase 5-Nationally Determined Contributions (NDCs),1,World,Investment|Energy Supply,billion USD_2010/yr,2100,2374.150101950395,GW4-IIc,GW4,GW4,ok
MESSAGEix-GLOBIOM 2.0-M-R12-NGFS,NGFS Phase 5-Nationally Determined Contributions (NDCs),1,World,Investment|Energy Supply,billion USD_2010/yr,2090,2208.949021090155,GW4-IIc,GW4,GW4,ok
MESSAGEix-GLOBIOM 2.0-M-R12-NGFS,NGFS Phase 5-Nationally Determined Contributions (NDCs),1,World,Investment|Energy Supply,billion USD_2010/yr,2080,2150.344171590526,GW4-IIc,GW4,GW4,ok
MESSAGEix-GLOBIOM 2.0-M-R12-NGFS,NGFS Phase 5-Nationally Determined Contributions (NDCs),1,World,Investment|Energy Supply,billion USD_2010/yr,2070,1737.880644902318,GW4-IIc,GW4,GW4,ok
MESSAGEix-GLOBIOM 2.0-M-R12-NGFS,NGFS Phase 5-Nationally Determined Contributions (NDCs),1,World,Investment|Energy Supply,billion USD_2010/yr,2060,1704.707904845443,GW4-IIc,GW4,GW4,ok
MESSAGEix-GLOBIOM 2.0-M-R12-NGFS,NGFS Phase 5-Nationally Determined Contributions (NDCs),1,World,Investment|Energy Supply,billion USD_2010/yr,2050,1959.500543885984,GW4-IIc,GW4,GW4,ok
MESSAGEix-GLOBIOM 2.0-M-R12-NGFS,NGFS Phase 5-Nationally Determined Contributions (NDCs),1,World,Investment|Energy Supply,billion USD_2010/yr,2045,1811.275104068328,GW4-IIc,GW4,GW4,ok
MESSAGEix-GLOBIOM 2.0-M-R12-NGFS,NGFS Phase 5-Nationally Determined Contributions (NDCs),1,World,Investment|Energy Supply,billion USD_2010/yr,2055,1838.564978083655,GW4-IIc,GW4,GW4,ok
MESSAGEix-GLOBIOM 2.0-M-R12-NGFS,NGFS Phase 5-Nationally Determined Contributions (NDCs),1,World,Investment|Energy Supply,billion USD_2010/yr,2035,1481.366098198754,GW4-IIc,GW4,GW4,ok
MESSAGEix-GLOBIOM 2.0-M-R12-NGFS,NGFS Phase 5-Nationally Determined Contributions (NDCs),1,World,Investment|Energy Supply,billion USD_2010/yr,2030,1366.527456904381,GW4-IIc,GW4,GW4,ok
MESSAGEix-GLOBIOM 2.0-M-R12-NGFS,NGFS Phase 5-Nationally Determined Contributions (NDCs),1,World,Investment|Energy Supply,billion USD_2010/yr,2025,1402.081934141961,GW4-IIc,GW4,GW4,ok
MESSAGEix-GLOBIOM 2.0-M-R12-NGFS,NGFS Phase 5-Nationally Determined Contributions (NDCs),1,World,Investment|Energy Supply,billion USD_2010/yr,2020,1775.923583542412,GW4-IIc,GW4,GW4,ok
MESSAGEix-GLOBIOM 2.0-M-R12-NGFS,NGFS Phase 5-Nationally Determined Contributions (NDCs),1,World,Investment|Energy Supply,billion USD_2010/yr,2040,1692.847495091839,GW4-IIc,GW4,GW4,ok
MESSAGEix-GLOBIOM 2.0-M-R12-NGFS,NGFS Phase 5-Nationally Determined Contributions (NDCs),1,World,Land Cover,million ha,2100,12947.1548,GW4-IIc,GW4,GW4,ok
MESSAGEix-GLOBIOM 2.0-M-R12-NGFS,NGFS Phase 5-Nationally Determined Contributions (NDCs),1,World,Land Cover,million ha,2090,12947.1548,GW4-IIc,GW4,GW4,ok
MESSAGEix-GLOBIOM 2.0-M-R12-NGFS,NGFS Phase 5-Nationally Determined Contributions (NDCs),1,World,Land Cover,million ha,2080,12947.1548,GW4-IIc,GW4,GW4,ok
MESSAGEix-GLOBIOM 2.0-M-R12-NGFS,NGFS Phase 5-Nationally Determined Contributions (NDCs),1,World,Land Cover,million ha,2070,12947.1548,GW4-IIc,GW4,GW4,ok
MESSAGEix-GLOBIOM 2.0-M-R12-NGFS,NGFS Phase 5-Nationally Determined Contributions (NDCs),1,World,Land Cover,million ha,2060,12947.1548,GW4-IIc,GW4,GW4,ok
MESSAGEix-GLOBIOM 2.0-M-R12-NGFS,NGFS Phase 5-Nationally Determined Contributions (NDCs),1,World,Land Cover,million ha,2055,12947.1548,GW4-IIc,GW4,GW4,ok
MESSAGEix-GLOBIOM 2.0-M-R12-NGFS,NGFS Phase 5-Nationally Determined Contributions (NDCs),1,World,Land Cover,million ha,2050,12947.1548,GW4-IIc,GW4,GW4,ok
MESSAGEix-GLOBIOM 2.0-M-R12-NGFS,NGFS Phase 5-Nationally Determined Contributions (NDCs),1,World,Land Cover,million ha,2045,12947.1548,GW4-IIc,GW4,GW4,ok
MESSAGEix-GLOBIOM 2.0-M-R12-NGFS,NGFS Phase 5-Nationally Determined Contributions (NDCs),1,World,Land Cover,million ha,2035,12947.1548,GW4-IIc,GW4,GW4,ok
MESSAGEix-GLOBIOM 2.0-M-R12-NGFS,NGFS Phase 5-Nationally Determined Contributions (NDCs),1,World,Land Cover,million ha,2030,12947.1548,GW4-IIc,GW4,GW4,ok
MESSAGEix-GLOBIOM 2.0-M-R12-NGFS,NGFS Phase 5-Nationally Determined Contributions (NDCs),1,World,Land Cover,million ha,2025,12947.1548,GW4-IIc,GW4,GW4,ok
MESSAGEix-GLOBIOM 2.0-M-R12-NGFS,NGFS Phase 5-Nationally Determined Contributions (NDCs),1,World,Land Cover,million ha,2020,12947.1548,GW4-IIc,GW4,GW4,ok
MESSAGEix-GLOBIOM 2.0-M-R12-NGFS,NGFS Phase 5-Nationally Determined Contributions (NDCs),1,World,Land Cover,million ha,2040,12947.1548,GW4-IIc,GW4,GW4,ok
MESSAGEix-GLOBIOM 2.0-M-R12-NGFS,NGFS Phase 5-Nationally Determined Contributions (NDCs),1,World,Land Cover|Forest,million ha,2100,4290.977201371464,GW4-IIc,GW4,GW4,ok
MESSAGEix-GLOBIOM 2.0-M-R12-NGFS,NGFS Phase 5-Nationally Determined Contributions (NDCs),1,World,Land Cover|Forest,million ha,2090,4275.630610573884,GW4-IIc,GW4,GW4,ok
MESSAGEix-GLOBIOM 2.0-M-R12-NGFS,NGFS Phase 5-Nationally Determined Contributions (NDCs),1,World,Land Cover|Forest,million ha,2080,4254.993124657453,GW4-IIc,GW4,GW4,ok
MESSAGEix-GLOBIOM 2.0-M-R12-NGFS,NGFS Phase 5-Nationally Determined Contributions (NDCs),1,World,Land Cover|Forest,million ha,2070,4215.140111476638,GW4-IIc,GW4,GW4,ok
MESSAGEix-GLOBIOM 2.0-M-R12-NGFS,NGFS Phase 5-Nationally Determined Contributions (NDCs),1,World,Land Cover|Forest,million ha,2060,4155.135748429196,GW4-IIc,GW4,GW4,ok
MESSAGEix-GLOBIOM 2.0-M-R12-NGFS,NGFS Phase 5-Nationally Determined Contributions (NDCs),1,World,Land Cover|Forest,million ha,2055,4121.384790523562,GW4-IIc,GW4,GW4,ok
MESSAGEix-GLOBIOM 2.0-M-R12-NGFS,NGFS Phase 5-Nationally Determined Contributions (NDCs),1,World,Land Cover|Forest,million ha,2045,4050.710137685667,GW4-IIc,GW4,GW4,ok
MESSAGEix-GLOBIOM 2.0-M-R12-NGFS,NGFS Phase 5-Nationally Determined Contributions (NDCs),1,World,Land Cover|Forest,million ha,2050,4087.371526166891,GW4-IIc,GW4,GW4,ok
MESSAGEix-GLOBIOM 2.0-M-R12-NGFS,NGFS Phase 5-Nationally Determined Contributions (NDCs),1,World,Land Cover|Forest,million ha,2035,3975.086090415989,GW4-IIc,GW4,GW4,ok
MESSAGEix-GLOBIOM 2.0-M-R12-NGFS,NGFS Phase 5-Nationally Determined Contributions (NDCs),1,World,Land Cover|Forest,million ha,2030,3943.987652364219,GW4-IIc,GW4,GW4,ok
MESSAGEix-GLOBIOM 2.0-M-R12-NGFS,NGFS Phase 5-Nationally Determined Contributions (NDCs),1,World,Land Cover|Forest,million ha,2025,3933.7534,GW4-IIc,GW4,GW4,ok
MESSAGEix-GLOBIOM 2.0-M-R12-NGFS,NGFS Phase 5-Nationally Determined Contributions (NDCs),1,World,Land Cover|Forest,million ha,2020,3927.3915,GW4-IIc,GW4,GW4,ok
MESSAGEix-GLOBIOM 2.0-M-R12-NGFS,NGFS Phase 5-Nationally Determined Contributions (NDCs),1,World,Land Cover|Forest,million ha,2040,4015.819370383773,GW4-IIc,GW4,GW4,ok
MESSAGEix-GLOBIOM 2.0-M-R12-NGFS,NGFS Phase 5-Nationally Determined Contributions (NDCs),1,World,Population,million,2050,9591.9855,GW4-IIc,GW4,GW4,ok
MESSAGEix-GLOBIOM 2.0-M-R12-NGFS,NGFS Phase 5-Nationally Determined Contributions (NDCs),1,World,Population,million,2100,9883.143,GW4-IIc,GW4,GW4,ok
MESSAGEix-GLOBIOM 2.0-M-R12-NGFS,NGFS Phase 5-Nationally Determined Contributions (NDCs),1,World,Population,million,2090,10050.9005,GW4-IIc,GW4,GW4,ok
MESSAGEix-GLOBIOM 2.0-M-R12-NGFS,NGFS Phase 5-Nationally Determined Contributions (NDCs),1,World,Population,million,2080,10128.2265,GW4-IIc,GW4,GW4,ok
MESSAGEix-GLOBIOM 2.0-M-R12-NGFS,NGFS Phase 5-Nationally Determined Contributions (NDCs),1,World,Population,million,2060,9913.6024,GW4-IIc,GW4,GW4,ok
MESSAGEix-GLOBIOM 2.0-M-R12-NGFS,NGFS Phase 5-Nationally Determined Contributions (NDCs),1,World,Population,million,2055,9772.4397,GW4-IIc,GW4,GW4,ok
MESSAGEix-GLOBIOM 2.0-M-R12-NGFS,NGFS Phase 5-Nationally Determined Contributions (NDCs),1,World,Population,million,2045,9369.3335,GW4-IIc,GW4,GW4,ok
MESSAGEix-GLOBIOM 2.0-M-R12-NGFS,NGFS Phase 5-Nationally Determined Contributions (NDCs),1,World,Population,million,2070,10086.5138,GW4-IIc,GW4,GW4,ok
MESSAGEix-GLOBIOM 2.0-M-R12-NGFS,NGFS Phase 5-Nationally Determined Contributions (NDCs),1,World,Population,million,2035,8815.2475,GW4-IIc,GW4,GW4,ok
MESSAGEix-GLOBIOM 2.0-M-R12-NGFS,NGFS Phase 5-Nationally Determined Contributions (NDCs),1,World,Population,million,2030,8494.901600000001,GW4-IIc,GW4,GW4,ok
MESSAGEix-GLOBIOM 2.0-M-R12-NGFS,NGFS Phase 5-Nationally Determined Contributions (NDCs),1,World,Population,million,2025,8149.981299999999,GW4-IIc,GW4,GW4,ok
MESSAGEix-GLOBIOM 2.0-M-R12-NGFS,NGFS Phase 5-Nationally Determined Contributions (NDCs),1,World,Population,million,2040,9108.7536,GW4-IIc,GW4,GW4,ok
MESSAGEix-GLOBIOM 2.0-M-R12-NGFS,NGFS Phase 5-Nationally Determined Contributions (NDCs),1,World,Population,million,2020,7803.267699999999,GW4-IIc,GW4,GW4,ok
MESSAGEix-GLOBIOM 2.0-M-R12-NGFS,NGFS Phase 5-Nationally Determined Contributions (NDCs),1,World,Price|Secondary Energy|Electricity,USD_2010/GJ,2100,12.43697908967043,GW4-IIc,GW4,GW4,ok
MESSAGEix-GLOBIOM 2.0-M-R12-NGFS,NGFS Phase 5-Nationally Determined Contributions (NDCs),1,World,Price|Secondary Energy|Electricity,USD_2010/GJ,2090,12.51165041518866,GW4-IIc,GW4,GW4,ok
MESSAGEix-GLOBIOM 2.0-M-R12-NGFS,NGFS Phase 5-Nationally Determined Contributions (NDCs),1,World,Price|Secondary Energy|Electricity,USD_2010/GJ,2080,12.66767651860377,GW4-IIc,GW4,GW4,ok
MESSAGEix-GLOBIOM 2.0-M-R12-NGFS,NGFS Phase 5-Nationally Determined Contributions (NDCs),1,World,Price|Secondary Energy|Electricity,USD_2010/GJ,2060,12.52099961225908,GW4-IIc,GW4,GW4,ok
MESSAGEix-GLOBIOM 2.0-M-R12-NGFS,NGFS Phase 5-Nationally Determined Contributions (NDCs),1,World,Price|Secondary Energy|Electricity,USD_2010/GJ,2055,12.64554242209651,GW4-IIc,GW4,GW4,ok
MESSAGEix-GLOBIOM 2.0-M-R12-NGFS,NGFS Phase 5-Nationally Determined Contributions (NDCs),1,World,Price|Secondary Energy|Electricity,USD_2010/GJ,2050,12.13576671334674,GW4-IIc,GW4,GW4,ok
MESSAGEix-GLOBIOM 2.0-M-R12-NGFS,NGFS Phase 5-Nationally Determined Contributions (NDCs),1,World,Price|Secondary Energy|Electricity,USD_2010/GJ,2045,11.54766848601808,GW4-IIc,GW4,GW4,ok
MESSAGEix-GLOBIOM 2.0-M-R12-NGFS,NGFS Phase 5-Nationally Determined Contributions (NDCs),1,World,Price|Secondary Energy|Electricity,USD_2010/GJ,2070,12.87509581336908,GW4-IIc,GW4,GW4,ok
MESSAGEix-GLOBIOM 2.0-M-R12-NGFS,NGFS Phase 5-Nationally Determined Contributions (NDCs),1,World,Price|Secondary Energy|Electricity,USD_2010/GJ,2035,10.12577523967257,GW4-IIc,GW4,GW4,ok
MESSAGEix-GLOBIOM 2.0-M-R12-NGFS,NGFS Phase 5-Nationally Determined Contributions (NDCs),1,World,Price|Secondary Energy|Electricity,USD_2010/GJ,2030,7.611245858002702,GW4-IIc,GW4,GW4,ok
MESSAGEix-GLOBIOM 2.0-M-R12-NGFS,NGFS Phase 5-Nationally Determined Contributions (NDCs),1,World,Price|Secondary Energy|Electricity,USD_2010/GJ,2025,4.916033611379877,GW4-IIc,GW4,GW4,ok
MESSAGEix-GLOBIOM 2.0-M-R12-NGFS,NGFS Phase 5-Nationally Determined Contributions (NDCs),1,World,Price|Secondary Energy|Electricity,USD_2010/GJ,2020,10.82453631270296,GW4-IIc,GW4,GW4,ok
MESSAGEix-GLOBIOM 2.0-M-R12-NGFS,NGFS Phase 5-Nationally Determined Contributions (NDCs),1,World,Price|Secondary Energy|Electricity,USD_2010/GJ,2040,10.88800425195074,GW4-IIc,GW4,GW4,ok
MESSAGEix-GLOBIOM 2.0-M-R12-NGFS,NGFS Phase 5-Nationally Determined Contributions (NDCs),1,World,Primary Energy|Biomass,EJ/yr,2100,57.00726173655642,GW4-IIc,GW4,GW4,ok
MESSAGEix-GLOBIOM 2.0-M-R12-NGFS,NGFS Phase 5-Nationally Determined Contributions (NDCs),1,World,Primary Energy|Biomass,EJ/yr,2090,50.64007310985282,GW4-IIc,GW4,GW4,ok
MESSAGEix-GLOBIOM 2.0-M-R12-NGFS,NGFS Phase 5-Nationally Determined Contributions (NDCs),1,World,Primary Energy|Biomass,EJ/yr,2080,44.23417910267031,GW4-IIc,GW4,GW4,ok
MESSAGEix-GLOBIOM 2.0-M-R12-NGFS,NGFS Phase 5-Nationally Determined Contributions (NDCs),1,World,Primary Energy|Biomass,EJ/yr,2070,42.61301978615595,GW4-IIc,GW4,GW4,ok
MESSAGEix-GLOBIOM 2.0-M-R12-NGFS,NGFS Phase 5-Nationally Determined Contributions (NDCs),1,World,Primary Energy|Biomass,EJ/yr,2060,46.04079446502789,GW4-IIc,GW4,GW4,ok
MESSAGEix-GLOBIOM 2.0-M-R12-NGFS,NGFS Phase 5-Nationally Determined Contributions (NDCs),1,World,Primary Energy|Biomass,EJ/yr,2055,48.024053223299,GW4-IIc,GW4,GW4,ok
MESSAGEix-GLOBIOM 2.0-M-R12-NGFS,NGFS Phase 5-Nationally Determined Contributions (NDCs),1,World,Primary Energy|Biomass,EJ/yr,2050,50.00919561805038,GW4-IIc,GW4,GW4,ok
MESSAGEix-GLOBIOM 2.0-M-R12-NGFS,NGFS Phase 5-Nationally Determined Contributions (NDCs),1,World,Primary Energy|Biomass,EJ/yr,2040,53.91030915001633,GW4-IIc,GW4,GW4,ok
MESSAGEix-GLOBIOM 2.0-M-R12-NGFS,NGFS Phase 5-Nationally Determined Contributions (NDCs),1,World,Primary Energy|Biomass,EJ/yr,2035,55.95655747722156,GW4-IIc,GW4,GW4,ok
MESSAGEix-GLOBIOM 2.0-M-R12-NGFS,NGFS Phase 5-Nationally Determined Contributions (NDCs),1,World,Primary Energy|Biomass,EJ/yr,2030,57.87880361648565,GW4-IIc,GW4,GW4,ok
MESSAGEix-GLOBIOM 2.0-M-R12-NGFS,NGFS Phase 5-Nationally Determined Contributions (NDCs),1,World,Primary Energy|Biomass,EJ/yr,2025,54.46602391376437,GW4-IIc,GW4,GW4,ok
MESSAGEix-GLOBIOM 2.0-M-R12-NGFS,NGFS Phase 5-Nationally Determined Contributions (NDCs),1,World,Primary Energy|Biomass,EJ/yr,2020,61.42716812118417,GW4-IIc,GW4,GW4,ok
MESSAGEix-GLOBIOM 2.0-M-R12-NGFS,NGFS Phase 5-Nationally Determined Contributions (NDCs),1,World,Primary Energy|Biomass,EJ/yr,2045,51.95330425321207,GW4-IIc,GW4,GW4,ok
MESSAGEix-GLOBIOM 2.0-M-R12-NGFS,NGFS Phase 5-Nationally Determined Contributions (NDCs),1,World,Primary Energy|Coal,EJ/yr,2055,44.4390803230631,GW4-IIc,GW4,GW4,ok
MESSAGEix-GLOBIOM 2.0-M-R12-NGFS,NGFS Phase 5-Nationally Determined Contributions (NDCs),1,World,Primary Energy|Coal,EJ/yr,2100,9.202694524354484,GW4-IIc,GW4,GW4,ok
MESSAGEix-GLOBIOM 2.0-M-R12-NGFS,NGFS Phase 5-Nationally Determined Contributions (NDCs),1,World,Primary Energy|Coal,EJ/yr,2090,11.90138029338417,GW4-IIc,GW4,GW4,ok
MESSAGEix-GLOBIOM 2.0-M-R12-NGFS,NGFS Phase 5-Nationally Determined Contributions (NDCs),1,World,Primary Energy|Coal,EJ/yr,2080,16.13475780073865,GW4-IIc,GW4,GW4,ok
MESSAGEix-GLOBIOM 2.0-M-R12-NGFS,NGFS Phase 5-Nationally Determined Contributions (NDCs),1,World,Primary Energy|Coal,EJ/yr,2070,21.72487987956144,GW4-IIc,GW4,GW4,ok
MESSAGEix-GLOBIOM 2.0-M-R12-NGFS,NGFS Phase 5-Nationally Determined Contributions (NDCs),1,World,Primary Energy|Coal,EJ/yr,2060,34.27302394762781,GW4-IIc,GW4,GW4,ok
MESSAGEix-GLOBIOM 2.0-M-R12-NGFS,NGFS Phase 5-Nationally Determined Contributions (NDCs),1,World,Primary Energy|Coal,EJ/yr,2050,58.05318022019282,GW4-IIc,GW4,GW4,ok
MESSAGEix-GLOBIOM 2.0-M-R12-NGFS,NGFS Phase 5-Nationally Determined Contributions (NDCs),1,World,Primary Energy|Coal,EJ/yr,2045,75.06018902598908,GW4-IIc,GW4,GW4,ok
MESSAGEix-GLOBIOM 2.0-M-R12-NGFS,NGFS Phase 5-Nationally Determined Contributions (NDCs),1,World,Primary Energy|Coal,EJ/yr,2040,97.81745344140792,GW4-IIc,GW4,GW4,ok
MESSAGEix-GLOBIOM 2.0-M-R12-NGFS,NGFS Phase 5-Nationally Determined Contributions (NDCs),1,World,Primary Energy|Coal,EJ/yr,2035,127.8472260059291,GW4-IIc,GW4,GW4,ok
MESSAGEix-GLOBIOM 2.0-M-R12-NGFS,NGFS Phase 5-Nationally Determined Contributions (NDCs),1,World,Primary Energy|Coal,EJ/yr,2030,149.9689548516623,GW4-IIc,GW4,GW4,ok
MESSAGEix-GLOBIOM 2.0-M-R12-NGFS,NGFS Phase 5-Nationally Determined Contributions (NDCs),1,World,Primary Energy|Coal,EJ/yr,2025,151.8118155942684,GW4-IIc,GW4,GW4,ok
MESSAGEix-GLOBIOM 2.0-M-R12-NGFS,NGFS Phase 5-Nationally Determined Contributions (NDCs),1,World,Primary Energy|Coal,EJ/yr,2020,162.572361686753,GW4-IIc,GW4,GW4,ok
MESSAGEix-GLOBIOM 2.0-M-R12-NGFS,NGFS Phase 5-Nationally Determined Contributions (NDCs),1,World,Primary Energy|Fossil|w/ CCS,EJ/yr,2100,9.590562556727315,GW4-IIc,GW4,GW4,ok
MESSAGEix-GLOBIOM 2.0-M-R12-NGFS,NGFS Phase 5-Nationally Determined Contributions (NDCs),1,World,Primary Energy|Fossil|w/ CCS,EJ/yr,2090,10.81436657590193,GW4-IIc,GW4,GW4,ok
MESSAGEix-GLOBIOM 2.0-M-R12-NGFS,NGFS Phase 5-Nationally Determined Contributions (NDCs),1,World,Primary Energy|Fossil|w/ CCS,EJ/yr,2080,12.18040490872408,GW4-IIc,GW4,GW4,ok
MESSAGEix-GLOBIOM 2.0-M-R12-NGFS,NGFS Phase 5-Nationally Determined Contributions (NDCs),1,World,Primary Energy|Fossil|w/ CCS,EJ/yr,2070,13.5983040975422,GW4-IIc,GW4,GW4,ok
MESSAGEix-GLOBIOM 2.0-M-R12-NGFS,NGFS Phase 5-Nationally Determined Contributions (NDCs),1,World,Primary Energy|Fossil|w/ CCS,EJ/yr,2060,10.19106146604545,GW4-IIc,GW4,GW4,ok
MESSAGEix-GLOBIOM 2.0-M-R12-NGFS,NGFS Phase 5-Nationally Determined Contributions (NDCs),1,World,Primary Energy|Fossil|w/ CCS,EJ/yr,2050,6.4591816043071,GW4-IIc,GW4,GW4,ok
MESSAGEix-GLOBIOM 2.0-M-R12-NGFS,NGFS Phase 5-Nationally Determined Contributions (NDCs),1,World,Primary Energy|Fossil|w/ CCS,EJ/yr,2045,3.960290983685135,GW4-IIc,GW4,GW4,ok
MESSAGEix-GLOBIOM 2.0-M-R12-NGFS,NGFS Phase 5-Nationally Determined Contributions (NDCs),1,World,Primary Energy|Fossil|w/ CCS,EJ/yr,2055,9.021244627497776,GW4-IIc,GW4,GW4,ok
MESSAGEix-GLOBIOM 2.0-M-R12-NGFS,NGFS Phase 5-Nationally Determined Contributions (NDCs),1,World,Primary Energy|Fossil|w/ CCS,EJ/yr,2035,0.9943932339821252,GW4-IIc,GW4,GW4,ok
MESSAGEix-GLOBIOM 2.0-M-R12-NGFS,NGFS Phase 5-Nationally Determined Contributions (NDCs),1,World,Primary Energy|Fossil|w/ CCS,EJ/yr,2030,0.1732081077223918,GW4-IIc,GW4,GW4,ok
MESSAGEix-GLOBIOM 2.0-M-R12-NGFS,NGFS Phase 5-Nationally Determined Contributions (NDCs),1,World,Primary Energy|Fossil|w/ CCS,EJ/yr,2025,0.0,GW4-IIc,GW4,GW4,ok
MESSAGEix-GLOBIOM 2.0-M-R12-NGFS,NGFS Phase 5-Nationally Determined Contributions (NDCs),1,World,Primary Energy|Fossil|w/ CCS,EJ/yr,2020,0.0,GW4-IIc,GW4,GW4,ok
MESSAGEix-GLOBIOM 2.0-M-R12-NGFS,NGFS Phase 5-Nationally Determined Contributions (NDCs),1,World,Primary Energy|Fossil|w/ CCS,EJ/yr,2040,2.084683408509761,GW4-IIc,GW4,GW4,ok
MESSAGEix-GLOBIOM 2.0-M-R12-NGFS,NGFS Phase 5-Nationally Determined Contributions (NDCs),1,World,Primary Energy|Fossil|w/o CCS,EJ/yr,2055,276.1086592427441,GW4-IIc,GW4,GW4,ok
MESSAGEix-GLOBIOM 2.0-M-R12-NGFS,NGFS Phase 5-Nationally Determined Contributions (NDCs),1,World,Primary Energy|Fossil|w/o CCS,EJ/yr,2100,224.3626296278462,GW4-IIc,GW4,GW4,ok
MESSAGEix-GLOBIOM 2.0-M-R12-NGFS,NGFS Phase 5-Nationally Determined Contributions (NDCs),1,World,Primary Energy|Fossil|w/o CCS,EJ/yr,2090,216.9166486800971,GW4-IIc,GW4,GW4,ok
MESSAGEix-GLOBIOM 2.0-M-R12-NGFS,NGFS Phase 5-Nationally Determined Contributions (NDCs),1,World,Primary Energy|Fossil|w/o CCS,EJ/yr,2080,226.513385666227,GW4-IIc,GW4,GW4,ok
MESSAGEix-GLOBIOM 2.0-M-R12-NGFS,NGFS Phase 5-Nationally Determined Contributions (NDCs),1,World,Primary Energy|Fossil|w/o CCS,EJ/yr,2070,246.5806552842251,GW4-IIc,GW4,GW4,ok
MESSAGEix-GLOBIOM 2.0-M-R12-NGFS,NGFS Phase 5-Nationally Determined Contributions (NDCs),1,World,Primary Energy|Fossil|w/o CCS,EJ/yr,2060,268.9150989709411,GW4-IIc,GW4,GW4,ok
MESSAGEix-GLOBIOM 2.0-M-R12-NGFS,NGFS Phase 5-Nationally Determined Contributions (NDCs),1,World,Primary Energy|Fossil|w/o CCS,EJ/yr,2050,302.3981854898749,GW4-IIc,GW4,GW4,ok
MESSAGEix-GLOBIOM 2.0-M-R12-NGFS,NGFS Phase 5-Nationally Determined Contributions (NDCs),1,World,Primary Energy|Fossil|w/o CCS,EJ/yr,2040,375.4530467578564,GW4-IIc,GW4,GW4,ok
MESSAGEix-GLOBIOM 2.0-M-R12-NGFS,NGFS Phase 5-Nationally Determined Contributions (NDCs),1,World,Primary Energy|Fossil|w/o CCS,EJ/yr,2035,417.0424234223967,GW4-IIc,GW4,GW4,ok
MESSAGEix-GLOBIOM 2.0-M-R12-NGFS,NGFS Phase 5-Nationally Determined Contributions (NDCs),1,World,Primary Energy|Fossil|w/o CCS,EJ/yr,2030,443.0525871537012,GW4-IIc,GW4,GW4,ok
MESSAGEix-GLOBIOM 2.0-M-R12-NGFS,NGFS Phase 5-Nationally Determined Contributions (NDCs),1,World,Primary Energy|Fossil|w/o CCS,EJ/yr,2025,461.3133055049302,GW4-IIc,GW4,GW4,ok
MESSAGEix-GLOBIOM 2.0-M-R12-NGFS,NGFS Phase 5-Nationally Determined Contributions (NDCs),1,World,Primary Energy|Fossil|w/o CCS,EJ/yr,2020,491.7327735695509,GW4-IIc,GW4,GW4,ok
MESSAGEix-GLOBIOM 2.0-M-R12-NGFS,NGFS Phase 5-Nationally Determined Contributions (NDCs),1,World,Primary Energy|Fossil|w/o CCS,EJ/yr,2045,342.8503869917402,GW4-IIc,GW4,GW4,ok
MESSAGEix-GLOBIOM 2.0-M-R12-NGFS,NGFS Phase 5-Nationally Determined Contributions (NDCs),1,World,Primary Energy|Gas,EJ/yr,2050,177.4680019881694,GW4-IIc,GW4,GW4,ok
MESSAGEix-GLOBIOM 2.0-M-R12-NGFS,NGFS Phase 5-Nationally Determined Contributions (NDCs),1,World,Primary Energy|Gas,EJ/yr,2090,170.9703742084472,GW4-IIc,GW4,GW4,ok
MESSAGEix-GLOBIOM 2.0-M-R12-NGFS,NGFS Phase 5-Nationally Determined Contributions (NDCs),1,World,Primary Energy|Gas,EJ/yr,2080,165.7772793686769,GW4-IIc,GW4,GW4,ok
MESSAGEix-GLOBIOM 2.0-M-R12-NGFS,NGFS Phase 5-Nationally Determined Contributions (NDCs),1,World,Primary Energy|Gas,EJ/yr,2070,178.3772881078795,GW4-IIc,GW4,GW4,ok
MESSAGEix-GLOBIOM 2.0-M-R12-NGFS,NGFS Phase 5-Nationally Determined Contributions (NDCs),1,World,Primary Energy|Gas,EJ/yr,2060,182.6225029259999,GW4-IIc,GW4,GW4,ok
MESSAGEix-GLOBIOM 2.0-M-R12-NGFS,NGFS Phase 5-Nationally Determined Contributions (NDCs),1,World,Primary Energy|Gas,EJ/yr,2055,177.4520371334841,GW4-IIc,GW4,GW4,ok
MESSAGEix-GLOBIOM 2.0-M-R12-NGFS,NGFS Phase 5-Nationally Determined Contributions (NDCs),1,World,Primary Energy|Gas,EJ/yr,2045,185.357202283176,GW4-IIc,GW4,GW4,ok
MESSAGEix-GLOBIOM 2.0-M-R12-NGFS,NGFS Phase 5-Nationally Determined Contributions (NDCs),1,World,Primary Energy|Gas,EJ/yr,2100,190.1108840078403,GW4-IIc,GW4,GW4,ok
MESSAGEix-GLOBIOM 2.0-M-R12-NGFS,NGFS Phase 5-Nationally Determined Contributions (NDCs),1,World,Primary Energy|Gas,EJ/yr,2035,170.4681321246666,GW4-IIc,GW4,GW4,ok
MESSAGEix-GLOBIOM 2.0-M-R12-NGFS,NGFS Phase 5-Nationally Determined Contributions (NDCs),1,World,Primary Energy|Gas,EJ/yr,2030,159.4940532811615,GW4-IIc,GW4,GW4,ok
MESSAGEix-GLOBIOM 2.0-M-R12-NGFS,NGFS Phase 5-Nationally Determined Contributions (NDCs),1,World,Primary Energy|Gas,EJ/yr,2025,155.5381768711416,GW4-IIc,GW4,GW4,ok
MESSAGEix-GLOBIOM 2.0-M-R12-NGFS,NGFS Phase 5-Nationally Determined Contributions (NDCs),1,World,Primary Energy|Gas,EJ/yr,2020,144.612345826642,GW4-IIc,GW4,GW4,ok
MESSAGEix-GLOBIOM 2.0-M-R12-NGFS,NGFS Phase 5-Nationally Determined Contributions (NDCs),1,World,Primary Energy|Gas,EJ/yr,2040,179.3469618438368,GW4-IIc,GW4,GW4,ok
MESSAGEix-GLOBIOM 2.0-M-R12-NGFS,NGFS Phase 5-Nationally Determined Contributions (NDCs),1,World,Primary Energy|Non-Biomass Renewables,EJ/yr,2100,388.676842882364,GW4-IIc,GW4,GW4,ok
MESSAGEix-GLOBIOM 2.0-M-R12-NGFS,NGFS Phase 5-Nationally Determined Contributions (NDCs),1,World,Primary Energy|Non-Biomass Renewables,EJ/yr,2090,360.8837236943498,GW4-IIc,GW4,GW4,ok
MESSAGEix-GLOBIOM 2.0-M-R12-NGFS,NGFS Phase 5-Nationally Determined Contributions (NDCs),1,World,Primary Energy|Non-Biomass Renewables,EJ/yr,2080,316.7801395819201,GW4-IIc,GW4,GW4,ok
MESSAGEix-GLOBIOM 2.0-M-R12-NGFS,NGFS Phase 5-Nationally Determined Contributions (NDCs),1,World,Primary Energy|Non-Biomass Renewables,EJ/yr,2070,261.3375639934409,GW4-IIc,GW4,GW4,ok
MESSAGEix-GLOBIOM 2.0-M-R12-NGFS,NGFS Phase 5-Nationally Determined Contributions (NDCs),1,World,Primary Energy|Non-Biomass Renewables,EJ/yr,2060,211.8266720770385,GW4-IIc,GW4,GW4,ok
MESSAGEix-GLOBIOM 2.0-M-R12-NGFS,NGFS Phase 5-Nationally Determined Contributions (NDCs),1,World,Primary Energy|Non-Biomass Renewables,EJ/yr,2050,161.7670074947758,GW4-IIc,GW4,GW4,ok
MESSAGEix-GLOBIOM 2.0-M-R12-NGFS,NGFS Phase 5-Nationally Determined Contributions (NDCs),1,World,Primary Energy|Non-Biomass Renewables,EJ/yr,2045,127.9835610353136,GW4-IIc,GW4,GW4,ok
MESSAGEix-GLOBIOM 2.0-M-R12-NGFS,NGFS Phase 5-Nationally Determined Contributions (NDCs),1,World,Primary Energy|Non-Biomass Renewables,EJ/yr,2055,190.4720233709477,GW4-IIc,GW4,GW4,ok
MESSAGEix-GLOBIOM 2.0-M-R12-NGFS,NGFS Phase 5-Nationally Determined Contributions (NDCs),1,World,Primary Energy|Non-Biomass Renewables,EJ/yr,2035,75.58535847065059,GW4-IIc,GW4,GW4,ok
MESSAGEix-GLOBIOM 2.0-M-R12-NGFS,NGFS Phase 5-Nationally Determined Contributions (NDCs),1,World,Primary Energy|Non-Biomass Renewables,EJ/yr,2030,54.83666500220822,GW4-IIc,GW4,GW4,ok
MESSAGEix-GLOBIOM 2.0-M-R12-NGFS,NGFS Phase 5-Nationally Determined Contributions (NDCs),1,World,Primary Energy|Non-Biomass Renewables,EJ/yr,2025,43.18393179127461,GW4-IIc,GW4,GW4,ok
MESSAGEix-GLOBIOM 2.0-M-R12-NGFS,NGFS Phase 5-Nationally Determined Contributions (NDCs),1,World,Primary Energy|Non-Biomass Renewables,EJ/yr,2020,26.18471998282024,GW4-IIc,GW4,GW4,ok
MESSAGEix-GLOBIOM 2.0-M-R12-NGFS,NGFS Phase 5-Nationally Determined Contributions (NDCs),1,World,Primary Energy|Non-Biomass Renewables,EJ/yr,2040,100.4007685158048,GW4-IIc,GW4,GW4,ok
MESSAGEix-GLOBIOM 2.0-M-R12-NGFS,NGFS Phase 5-Nationally Determined Contributions (NDCs),1,World,Primary Energy|Nuclear,EJ/yr,2050,5.365461954108929,GW4-IIc,GW4,GW4,ok
MESSAGEix-GLOBIOM 2.0-M-R12-NGFS,NGFS Phase 5-Nationally Determined Contributions (NDCs),1,World,Primary Energy|Nuclear,EJ/yr,2100,0.114095626950627,GW4-IIc,GW4,GW4,ok
MESSAGEix-GLOBIOM 2.0-M-R12-NGFS,NGFS Phase 5-Nationally Determined Contributions (NDCs),1,World,Primary Energy|Nuclear,EJ/yr,2090,0.369605109450627,GW4-IIc,GW4,GW4,ok
MESSAGEix-GLOBIOM 2.0-M-R12-NGFS,NGFS Phase 5-Nationally Determined Contributions (NDCs),1,World,Primary Energy|Nuclear,EJ/yr,2080,1.281725115605092,GW4-IIc,GW4,GW4,ok
MESSAGEix-GLOBIOM 2.0-M-R12-NGFS,NGFS Phase 5-Nationally Determined Contributions (NDCs),1,World,Primary Energy|Nuclear,EJ/yr,2070,2.49942861980893,GW4-IIc,GW4,GW4,ok
MESSAGEix-GLOBIOM 2.0-M-R12-NGFS,NGFS Phase 5-Nationally Determined Contributions (NDCs),1,World,Primary Energy|Nuclear,EJ/yr,2060,4.007126881708929,GW4-IIc,GW4,GW4,ok
MESSAGEix-GLOBIOM 2.0-M-R12-NGFS,NGFS Phase 5-Nationally Determined Contributions (NDCs),1,World,Primary Energy|Nuclear,EJ/yr,2045,7.265170402908929,GW4-IIc,GW4,GW4,ok
MESSAGEix-GLOBIOM 2.0-M-R12-NGFS,NGFS Phase 5-Nationally Determined Contributions (NDCs),1,World,Primary Energy|Nuclear,EJ/yr,2055,4.59385824750893,GW4-IIc,GW4,GW4,ok
MESSAGEix-GLOBIOM 2.0-M-R12-NGFS,NGFS Phase 5-Nationally Determined Contributions (NDCs),1,World,Primary Energy|Nuclear,EJ/yr,2035,10.71670376831079,GW4-IIc,GW4,GW4,ok
MESSAGEix-GLOBIOM 2.0-M-R12-NGFS,NGFS Phase 5-Nationally Determined Contributions (NDCs),1,World,Primary Energy|Nuclear,EJ/yr,2030,11.24413139453496,GW4-IIc,GW4,GW4,ok
MESSAGEix-GLOBIOM 2.0-M-R12-NGFS,NGFS Phase 5-Nationally Determined Contributions (NDCs),1,World,Primary Energy|Nuclear,EJ/yr,2025,10.61692208617698,GW4-IIc,GW4,GW4,ok
MESSAGEix-GLOBIOM 2.0-M-R12-NGFS,NGFS Phase 5-Nationally Determined Contributions (NDCs),1,World,Primary Energy|Nuclear,EJ/yr,2020,9.625285883815,GW4-IIc,GW4,GW4,ok
MESSAGEix-GLOBIOM 2.0-M-R12-NGFS,NGFS Phase 5-Nationally Determined Contributions (NDCs),1,World,Primary Energy|Nuclear,EJ/yr,2040,9.63323902050893,GW4-IIc,GW4,GW4,ok
MESSAGEix-GLOBIOM 2.0-M-R12-NGFS,NGFS Phase 5-Nationally Determined Contributions (NDCs),1,World,Primary Energy|Oil,EJ/yr,2055,63.23878641369465,GW4-IIc,GW4,GW4,ok
MESSAGEix-GLOBIOM 2.0-M-R12-NGFS,NGFS Phase 5-Nationally Determined Contributions (NDCs),1,World,Primary Energy|Oil,EJ/yr,2100,34.63961365237873,GW4-IIc,GW4,GW4,ok
MESSAGEix-GLOBIOM 2.0-M-R12-NGFS,NGFS Phase 5-Nationally Determined Contributions (NDCs),1,World,Primary Energy|Oil,EJ/yr,2090,44.85926075416771,GW4-IIc,GW4,GW4,ok
MESSAGEix-GLOBIOM 2.0-M-R12-NGFS,NGFS Phase 5-Nationally Determined Contributions (NDCs),1,World,Primary Energy|Oil,EJ/yr,2080,56.78175340553551,GW4-IIc,GW4,GW4,ok
MESSAGEix-GLOBIOM 2.0-M-R12-NGFS,NGFS Phase 5-Nationally Determined Contributions (NDCs),1,World,Primary Energy|Oil,EJ/yr,2070,60.07679139432645,GW4-IIc,GW4,GW4,ok
MESSAGEix-GLOBIOM 2.0-M-R12-NGFS,NGFS Phase 5-Nationally Determined Contributions (NDCs),1,World,Primary Energy|Oil,EJ/yr,2060,62.21063356335893,GW4-IIc,GW4,GW4,ok
MESSAGEix-GLOBIOM 2.0-M-R12-NGFS,NGFS Phase 5-Nationally Determined Contributions (NDCs),1,World,Primary Energy|Oil,EJ/yr,2050,73.33618488581979,GW4-IIc,GW4,GW4,ok
MESSAGEix-GLOBIOM 2.0-M-R12-NGFS,NGFS Phase 5-Nationally Determined Contributions (NDCs),1,World,Primary Energy|Oil,EJ/yr,2020,184.548066056156,GW4-IIc,GW4,GW4,ok
MESSAGEix-GLOBIOM 2.0-M-R12-NGFS,NGFS Phase 5-Nationally Determined Contributions (NDCs),1,World,Primary Energy|Oil,EJ/yr,2040,100.3733148811214,GW4-IIc,GW4,GW4,ok
MESSAGEix-GLOBIOM 2.0-M-R12-NGFS,NGFS Phase 5-Nationally Determined Contributions (NDCs),1,World,Primary Energy|Oil,EJ/yr,2035,119.7214585257831,GW4-IIc,GW4,GW4,ok
MESSAGEix-GLOBIOM 2.0-M-R12-NGFS,NGFS Phase 5-Nationally Determined Contributions (NDCs),1,World,Primary Energy|Oil,EJ/yr,2030,133.7627871285998,GW4-IIc,GW4,GW4,ok
MESSAGEix-GLOBIOM 2.0-M-R12-NGFS,NGFS Phase 5-Nationally Determined Contributions (NDCs),1,World,Primary Energy|Oil,EJ/yr,2025,153.9633130395201,GW4-IIc,GW4,GW4,ok
MESSAGEix-GLOBIOM 2.0-M-R12-NGFS,NGFS Phase 5-Nationally Determined Contributions (NDCs),1,World,Primary Energy|Oil,EJ/yr,2045,86.39328666626021,GW4-IIc,GW4,GW4,ok
MESSAGEix-GLOBIOM 2.0-M-R12-NGFS,NGFS Phase 5-Net-Zero 2050,1,World,Capacity|Electricity|Solar|PV,GW,2050,14324.82907367931,GW2-I,GW2a,GW2,ok
MESSAGEix-GLOBIOM 2.0-M-R12-NGFS,NGFS Phase 5-Net-Zero 2050,1,World,Capacity|Electricity|Solar|PV,GW,2090,26800.6975293886,GW2-I,GW2a,GW2,ok
MESSAGEix-GLOBIOM 2.0-M-R12-NGFS,NGFS Phase 5-Net-Zero 2050,1,World,Capacity|Electricity|Solar|PV,GW,2080,24727.56974634006,GW2-I,GW2a,GW2,ok
MESSAGEix-GLOBIOM 2.0-M-R12-NGFS,NGFS Phase 5-Net-Zero 2050,1,World,Capacity|Electricity|Solar|PV,GW,2070,23120.85720644634,GW2-I,GW2a,GW2,ok
MESSAGEix-GLOBIOM 2.0-M-R12-NGFS,NGFS Phase 5-Net-Zero 2050,1,World,Capacity|Electricity|Solar|PV,GW,2060,19725.12281223608,GW2-I,GW2a,GW2,ok
MESSAGEix-GLOBIOM 2.0-M-R12-NGFS,NGFS Phase 5-Net-Zero 2050,1,World,Capacity|Electricity|Solar|PV,GW,2055,16783.06292854189,GW2-I,GW2a,GW2,ok
MESSAGEix-GLOBIOM 2.0-M-R12-NGFS,NGFS Phase 5-Net-Zero 2050,1,World,Capacity|Electricity|Solar|PV,GW,2045,11910.8111066114,GW2-I,GW2a,GW2,ok
MESSAGEix-GLOBIOM 2.0-M-R12-NGFS,NGFS Phase 5-Net-Zero 2050,1,World,Capacity|Electricity|Solar|PV,GW,2100,29606.95876822516,GW2-I,GW2a,GW2,ok
MESSAGEix-GLOBIOM 2.0-M-R12-NGFS,NGFS Phase 5-Net-Zero 2050,1,World,Capacity|Electricity|Solar|PV,GW,2035,7359.494299131765,GW2-I,GW2a,GW2,ok
MESSAGEix-GLOBIOM 2.0-M-R12-NGFS,NGFS Phase 5-Net-Zero 2050,1,World,Capacity|Electricity|Solar|PV,GW,2040,9836.746686252118,GW2-I,GW2a,GW2,ok
MESSAGEix-GLOBIOM 2.0-M-R12-NGFS,NGFS Phase 5-Net-Zero 2050,1,World,Capacity|Electricity|Solar|PV,GW,2025,2243.301316420393,GW2-I,GW2a,GW2,ok
MESSAGEix-GLOBIOM 2.0-M-R12-NGFS,NGFS Phase 5-Net-Zero 2050,1,World,Capacity|Electricity|Solar|PV,GW,2030,4871.377734968546,GW2-I,GW2a,GW2,ok
MESSAGEix-GLOBIOM 2.0-M-R12-NGFS,NGFS Phase 5-Net-Zero 2050,1,World,Capacity|Electricity|Solar|PV,GW,2020,768.3420349881794,GW2-I,GW2a,GW2,ok
MESSAGEix-GLOBIOM 2.0-M-R12-NGFS,NGFS Phase 5-Net-Zero 2050,1,World,Capacity|Electricity|Wind,GW,2100,20057.43174590644,GW2-I,GW2a,GW2,ok
MESSAGEix-GLOBIOM 2.0-M-R12-NGFS,NGFS Phase 5-Net-Zero 2050,1,World,Capacity|Electricity|Wind,GW,2090,18749.32549839611,GW2-I,GW2a,GW2,ok
MESSAGEix-GLOBIOM 2.0-M-R12-NGFS,NGFS Phase 5-Net-Zero 2050,1,World,Capacity|Electricity|Wind,GW,2080,17173.83566065697,GW2-I,GW2a,GW2,ok
MESSAGEix-GLOBIOM 2.0-M-R12-NGFS,NGFS Phase 5-Net-Zero 2050,1,World,Capacity|Electricity|Wind,GW,2070,16187.69062588407,GW2-I,GW2a,GW2,ok
MESSAGEix-GLOBIOM 2.0-M-R12-NGFS,NGFS Phase 5-Net-Zero 2050,1,World,Capacity|Electricity|Wind,GW,2060,13865.01820255562,GW2-I,GW2a,GW2,ok
MESSAGEix-GLOBIOM 2.0-M-R12-NGFS,NGFS Phase 5-Net-Zero 2050,1,World,Capacity|Electricity|Wind,GW,2050,10627.03332303017,GW2-I,GW2a,GW2,ok
MESSAGEix-GLOBIOM 2.0-M-R12-NGFS,NGFS Phase 5-Net-Zero 2050,1,World,Capacity|Electricity|Wind,GW,2055,12348.52410787252,GW2-I,GW2a,GW2,ok
MESSAGEix-GLOBIOM 2.0-M-R12-NGFS,NGFS Phase 5-Net-Zero 2050,1,World,Capacity|Electricity|Wind,GW,2035,4916.095611314997,GW2-I,GW2a,GW2,ok
MESSAGEix-GLOBIOM 2.0-M-R12-NGFS,NGFS Phase 5-Net-Zero 2050,1,World,Capacity|Electricity|Wind,GW,2030,2595.967114061779,GW2-I,GW2a,GW2,ok
MESSAGEix-GLOBIOM 2.0-M-R12-NGFS,NGFS Phase 5-Net-Zero 2050,1,World,Capacity|Electricity|Wind,GW,2025,1226.883769758736,GW2-I,GW2a,GW2,ok
MESSAGEix-GLOBIOM 2.0-M-R12-NGFS,NGFS Phase 5-Net-Zero 2050,1,World,Capacity|Electricity|Wind,GW,2020,722.9094420215255,GW2-I,GW2a,GW2,ok
MESSAGEix-GLOBIOM 2.0-M-R12-NGFS,NGFS Phase 5-Net-Zero 2050,1,World,Capacity|Electricity|Wind,GW,2040,7045.388967492279,GW2-I,GW2a,GW2,ok
MESSAGEix-GLOBIOM 2.0-M-R12-NGFS,NGFS Phase 5-Net-Zero 2050,1,World,Capacity|Electricity|Wind,GW,2045,8873.572937460283,GW2-I,GW2a,GW2,ok
MESSAGEix-GLOBIOM 2.0-M-R12-NGFS,NGFS Phase 5-Net-Zero 2050,1,World,Carbon Capture|Geological Storage|Biomass,Mt CO2/yr,2055,1382.267484370627,GW2-I,GW2a,GW2,ok
MESSAGEix-GLOBIOM 2.0-M-R12-NGFS,NGFS Phase 5-Net-Zero 2050,1,World,Carbon Capture|Geological Storage|Biomass,Mt CO2/yr,2100,1542.739690121165,GW2-I,GW2a,GW2,ok
MESSAGEix-GLOBIOM 2.0-M-R12-NGFS,NGFS Phase 5-Net-Zero 2050,1,World,Carbon Capture|Geological Storage|Biomass,Mt CO2/yr,2090,1543.617372916498,GW2-I,GW2a,GW2,ok
MESSAGEix-GLOBIOM 2.0-M-R12-NGFS,NGFS Phase 5-Net-Zero 2050,1,World,Carbon Capture|Geological Storage|Biomass,Mt CO2/yr,2080,1544.681605036981,GW2-I,GW2a,GW2,ok
MESSAGEix-GLOBIOM 2.0-M-R12-NGFS,NGFS Phase 5-Net-Zero 2050,1,World,Carbon Capture|Geological Storage|Biomass,Mt CO2/yr,2070,1541.4395965345,GW2-I,GW2a,GW2,ok
MESSAGEix-GLOBIOM 2.0-M-R12-NGFS,NGFS Phase 5-Net-Zero 2050,1,World,Carbon Capture|Geological Storage|Biomass,Mt CO2/yr,2060,1413.664130698577,GW2-I,GW2a,GW2,ok
MESSAGEix-GLOBIOM 2.0-M-R12-NGFS,NGFS Phase 5-Net-Zero 2050,1,World,Carbon Capture|Geological Storage|Biomass,Mt CO2/yr,2045,635.3513815609256,GW2-I,GW2a,GW2,ok
MESSAGEix-GLOBIOM 2.0-M-R12-NGFS,NGFS Phase 5-Net-Zero 2050,1,World,Carbon Capture|Geological Storage|Biomass,Mt CO2/yr,2050,1071.540704333951,GW2-I,GW2a,GW2,ok
MESSAGEix-GLOBIOM 2.0-M-R12-NGFS,NGFS Phase 5-Net-Zero 2050,1,World,Carbon Capture|Geological Storage|Biomass,Mt CO2/yr,2040,326.1362718404184,GW2-I,GW2a,GW2,ok
MESSAGEix-GLOBIOM 2.0-M-R12-NGFS,NGFS Phase 5-Net-Zero 2050,1,World,Carbon Capture|Geological Storage|Biomass,Mt CO2/yr,2035,152.3422194301077,GW2-I,GW2a,GW2,ok
MESSAGEix-GLOBIOM 2.0-M-R12-NGFS,NGFS Phase 5-Net-Zero 2050,1,World,Carbon Capture|Geological Storage|Biomass,Mt CO2/yr,2030,56.00466565247765,GW2-I,GW2a,GW2,ok
MESSAGEix-GLOBIOM 2.0-M-R12-NGFS,NGFS Phase 5-Net-Zero 2050,1,World,Carbon Capture|Geological Storage|Biomass,Mt CO2/yr,2025,0.0,GW2-I,GW2a,GW2,ok
MESSAGEix-GLOBIOM 2.0-M-R12-NGFS,NGFS Phase 5-Net-Zero 2050,1,World,Carbon Capture|Geological Storage|Biomass,Mt CO2/yr,2020,0.0,GW2-I,GW2a,GW2,ok
MESSAGEix-GLOBIOM 2.0-M-R12-NGFS,NGFS Phase 5-Net-Zero 2050,1,World,Carbon Removal|Land Use,Mt CO2/yr,2055,5163.199100982437,GW2-I,GW2a,GW2,ok
MESSAGEix-GLOBIOM 2.0-M-R12-NGFS,NGFS Phase 5-Net-Zero 2050,1,World,Carbon Removal|Land Use,Mt CO2/yr,2100,6803.134835344777,GW2-I,GW2a,GW2,ok
MESSAGEix-GLOBIOM 2.0-M-R12-NGFS,NGFS Phase 5-Net-Zero 2050,1,World,Carbon Removal|Land Use,Mt CO2/yr,2090,7117.767194029115,GW2-I,GW2a,GW2,ok
MESSAGEix-GLOBIOM 2.0-M-R12-NGFS,NGFS Phase 5-Net-Zero 2050,1,World,Carbon Removal|Land Use,Mt CO2/yr,2080,7171.104136938068,GW2-I,GW2a,GW2,ok
MESSAGEix-GLOBIOM 2.0-M-R12-NGFS,NGFS Phase 5-Net-Zero 2050,1,World,Carbon Removal|Land Use,Mt CO2/yr,2070,6818.60524515874,GW2-I,GW2a,GW2,ok
MESSAGEix-GLOBIOM 2.0-M-R12-NGFS,NGFS Phase 5-Net-Zero 2050,1,World,Carbon Removal|Land Use,Mt CO2/yr,2060,5764.587007908172,GW2-I,GW2a,GW2,ok
MESSAGEix-GLOBIOM 2.0-M-R12-NGFS,NGFS Phase 5-Net-Zero 2050,1,World,Carbon Removal|Land Use,Mt CO2/yr,2050,4546.202046537,GW2-I,GW2a,GW2,ok
MESSAGEix-GLOBIOM 2.0-M-R12-NGFS,NGFS Phase 5-Net-Zero 2050,1,World,Carbon Removal|Land Use,Mt CO2/yr,2040,3145.783013871575,GW2-I,GW2a,GW2,ok
MESSAGEix-GLOBIOM 2.0-M-R12-NGFS,NGFS Phase 5-Net-Zero 2050,1,World,Carbon Removal|Land Use,Mt CO2/yr,2035,2451.218055782683,GW2-I,GW2a,GW2,ok
MESSAGEix-GLOBIOM 2.0-M-R12-NGFS,NGFS Phase 5-Net-Zero 2050,1,World,Carbon Removal|Land Use,Mt CO2/yr,2030,1782.649562959656,GW2-I,GW2a,GW2,ok
MESSAGEix-GLOBIOM 2.0-M-R12-NGFS,NGFS Phase 5-Net-Zero 2050,1,World,Carbon Removal|Land Use,Mt CO2/yr,2025,1180.7076,GW2-I,GW2a,GW2,ok
MESSAGEix-GLOBIOM 2.0-M-R12-NGFS,NGFS Phase 5-Net-Zero 2050,1,World,Carbon Removal|Land Use,Mt CO2/yr,2020,919.443,GW2-I,GW2a,GW2,ok
MESSAGEix-GLOBIOM 2.0-M-R12-NGFS,NGFS Phase 5-Net-Zero 2050,1,World,Carbon Removal|Land Use,Mt CO2/yr,2045,3845.466353300912,GW2-I,GW2a,GW2,ok
MESSAGEix-GLOBIOM 2.0-M-R12-NGFS,NGFS Phase 5-Net-Zero 2050,1,World,Emissions|CO2,Mt CO2/yr,2100,-2384.68502677507,GW2-I,GW2a,GW2,ok
MESSAGEix-GLOBIOM 2.0-M-R12-NGFS,NGFS Phase 5-Net-Zero 2050,1,World,Emissions|CO2,Mt CO2/yr,2090,-2409.849821336691,GW2-I,GW2a,GW2,ok
MESSAGEix-GLOBIOM 2.0-M-R12-NGFS,NGFS Phase 5-Net-Zero 2050,1,World,Emissions|CO2,Mt CO2/yr,2080,-2880.332493754727,GW2-I,GW2a,GW2,ok
MESSAGEix-GLOBIOM 2.0-M-R12-NGFS,NGFS Phase 5-Net-Zero 2050,1,World,Emissions|CO2,Mt CO2/yr,2070,-2490.620771492354,GW2-I,GW2a,GW2,ok
MESSAGEix-GLOBIOM 2.0-M-R12-NGFS,NGFS Phase 5-Net-Zero 2050,1,World,Emissions|CO2,Mt CO2/yr,2060,117.7823969194105,GW2-I,GW2a,GW2,ok
MESSAGEix-GLOBIOM 2.0-M-R12-NGFS,NGFS Phase 5-Net-Zero 2050,1,World,Emissions|CO2,Mt CO2/yr,2055,1848.216936185549,GW2-I,GW2a,GW2,ok
MESSAGEix-GLOBIOM 2.0-M-R12-NGFS,NGFS Phase 5-Net-Zero 2050,1,World,Emissions|CO2,Mt CO2/yr,2050,5574.092511627743,GW2-I,GW2a,GW2,ok
MESSAGEix-GLOBIOM 2.0-M-R12-NGFS,NGFS Phase 5-Net-Zero 2050,1,World,Emissions|CO2,Mt CO2/yr,2045,9354.653512463026,GW2-I,GW2a,GW2,ok
MESSAGEix-GLOBIOM 2.0-M-R12-NGFS,NGFS Phase 5-Net-Zero 2050,1,World,Emissions|CO2,Mt CO2/yr,2035,20409.12999443971,GW2-I,GW2a,GW2,ok
MESSAGEix-GLOBIOM 2.0-M-R12-NGFS,NGFS Phase 5-Net-Zero 2050,1,World,Emissions|CO2,Mt CO2/yr,2030,29291.1258939694,GW2-I,GW2a,GW2,ok
MESSAGEix-GLOBIOM 2.0-M-R12-NGFS,NGFS Phase 5-Net-Zero 2050,1,World,Emissions|CO2,Mt CO2/yr,2025,41555.34680179472,GW2-I,GW2a,GW2,ok
MESSAGEix-GLOBIOM 2.0-M-R12-NGFS,NGFS Phase 5-Net-Zero 2050,1,World,Emissions|CO2,Mt CO2/yr,2020,44751.08876115071,GW2-I,GW2a,GW2,ok
MESSAGEix-GLOBIOM 2.0-M-R12-NGFS,NGFS Phase 5-Net-Zero 2050,1,World,Emissions|CO2,Mt CO2/yr,2040,13978.73180748634,GW2-I,GW2a,GW2,ok
MESSAGEix-GLOBIOM 2.0-M-R12-NGFS,NGFS Phase 5-Net-Zero 2050,1,World,Final Energy,EJ/yr,2100,558.4273541731272,GW2-I,GW2a,GW2,ok
MESSAGEix-GLOBIOM 2.0-M-R12-NGFS,NGFS Phase 5-Net-Zero 2050,1,World,Final Energy,EJ/yr,2090,524.2796680483061,GW2-I,GW2a,GW2,ok
MESSAGEix-GLOBIOM 2.0-M-R12-NGFS,NGFS Phase 5-Net-Zero 2050,1,World,Final Energy,EJ/yr,2080,483.3835861688702,GW2-I,GW2a,GW2,ok
MESSAGEix-GLOBIOM 2.0-M-R12-NGFS,NGFS Phase 5-Net-Zero 2050,1,World,Final Energy,EJ/yr,2070,442.1595788717258,GW2-I,GW2a,GW2,ok
MESSAGEix-GLOBIOM 2.0-M-R12-NGFS,NGFS Phase 5-Net-Zero 2050,1,World,Final Energy,EJ/yr,2060,414.032813181967,GW2-I,GW2a,GW2,ok
MESSAGEix-GLOBIOM 2.0-M-R12-NGFS,NGFS Phase 5-Net-Zero 2050,1,World,Final Energy,EJ/yr,2055,402.0163362139341,GW2-I,GW2a,GW2,ok
MESSAGEix-GLOBIOM 2.0-M-R12-NGFS,NGFS Phase 5-Net-Zero 2050,1,World,Final Energy,EJ/yr,2050,393.7806714234947,GW2-I,GW2a,GW2,ok
MESSAGEix-GLOBIOM 2.0-M-R12-NGFS,NGFS Phase 5-Net-Zero 2050,1,World,Final Energy,EJ/yr,2045,391.5498126620236,GW2-I,GW2a,GW2,ok
MESSAGEix-GLOBIOM 2.0-M-R12-NGFS,NGFS Phase 5-Net-Zero 2050,1,World,Final Energy,EJ/yr,2035,404.6515538048834,GW2-I,GW2a,GW2,ok
MESSAGEix-GLOBIOM 2.0-M-R12-NGFS,NGFS Phase 5-Net-Zero 2050,1,World,Final Energy,EJ/yr,2030,419.3463271718869,GW2-I,GW2a,GW2,ok
MESSAGEix-GLOBIOM 2.0-M-R12-NGFS,NGFS Phase 5-Net-Zero 2050,1,World,Final Energy,EJ/yr,2025,443.8794908700044,GW2-I,GW2a,GW2,ok
MESSAGEix-GLOBIOM 2.0-M-R12-NGFS,NGFS Phase 5-Net-Zero 2050,1,World,Final Energy,EJ/yr,2020,411.9207508509696,GW2-I,GW2a,GW2,ok
MESSAGEix-GLOBIOM 2.0-M-R12-NGFS,NGFS Phase 5-Net-Zero 2050,1,World,Final Energy,EJ/yr,2040,395.6068992815113,GW2-I,GW2a,GW2,ok
MESSAGEix-GLOBIOM 2.0-M-R12-NGFS,NGFS Phase 5-Net-Zero 2050,1,World,Final Energy|Electricity,EJ/yr,2050,175.3492423765683,GW2-I,GW2a,GW2,ok
MESSAGEix-GLOBIOM 2.0-M-R12-NGFS,NGFS Phase 5-Net-Zero 2050,1,World,Final Energy|Electricity,EJ/yr,2090,274.322510496966,GW2-I,GW2a,GW2,ok
MESSAGEix-GLOBIOM 2.0-M-R12-NGFS,NGFS Phase 5-Net-Zero 2050,1,World,Final Energy|Electricity,EJ/yr,2080,251.2438779894497,GW2-I,GW2a,GW2,ok
MESSAGEix-GLOBIOM 2.0-M-R12-NGFS,NGFS Phase 5-Net-Zero 2050,1,World,Final Energy|Electricity,EJ/yr,2070,226.7756319779307,GW2-I,GW2a,GW2,ok
MESSAGEix-GLOBIOM 2.0-M-R12-NGFS,NGFS Phase 5-Net-Zero 2050,1,World,Final Energy|Electricity,EJ/yr,2060,202.9355996601652,GW2-I,GW2a,GW2,ok
MESSAGEix-GLOBIOM 2.0-M-R12-NGFS,NGFS Phase 5-Net-Zero 2050,1,World,Final Energy|Electricity,EJ/yr,2055,189.6077686534694,GW2-I,GW2a,GW2,ok
MESSAGEix-GLOBIOM 2.0-M-R12-NGFS,NGFS Phase 5-Net-Zero 2050,1,World,Final Energy|Electricity,EJ/yr,2045,157.3670468521898,GW2-I,GW2a,GW2,ok
MESSAGEix-GLOBIOM 2.0-M-R12-NGFS,NGFS Phase 5-Net-Zero 2050,1,World,Final Energy|Electricity,EJ/yr,2100,292.457897392383,GW2-I,GW2a,GW2,ok
MESSAGEix-GLOBIOM 2.0-M-R12-NGFS,NGFS Phase 5-Net-Zero 2050,1,World,Final Energy|Electricity,EJ/yr,2035,120.8989902876191,GW2-I,GW2a,GW2,ok
MESSAGEix-GLOBIOM 2.0-M-R12-NGFS,NGFS Phase 5-Net-Zero 2050,1,World,Final Energy|Electricity,EJ/yr,2040,138.1649253665473,GW2-I,GW2a,GW2,ok
MESSAGEix-GLOBIOM 2.0-M-R12-NGFS,NGFS Phase 5-Net-Zero 2050,1,World,Final Energy|Electricity,EJ/yr,2025,95.89823414691692,GW2-I,GW2a,GW2,ok
MESSAGEix-GLOBIOM 2.0-M-R12-NGFS,NGFS Phase 5-Net-Zero 2050,1,World,Final Energy|Electricity,EJ/yr,2030,105.9431163231495,GW2-I,GW2a,GW2,ok
MESSAGEix-GLOBIOM 2.0-M-R12-NGFS,NGFS Phase 5-Net-Zero 2050,1,World,Final Energy|Electricity,EJ/yr,2020,81.89456669468369,GW2-I,GW2a,GW2,ok
MESSAGEix-GLOBIOM 2.0-M-R12-NGFS,NGFS Phase 5-Net-Zero 2050,1,World,Food Availability|Crops [per capita],kcal/cap/day,2090,1478.952777370144,GW2-I,GW2a,GW2,ok
MESSAGEix-GLOBIOM 2.0-M-R12-NGFS,NGFS Phase 5-Net-Zero 2050,1,World,Food Availability|Crops [per capita],kcal/cap/day,2080,1461.431823444466,GW2-I,GW2a,GW2,ok
MESSAGEix-GLOBIOM 2.0-M-R12-NGFS,NGFS Phase 5-Net-Zero 2050,1,World,Food Availability|Crops [per capita],kcal/cap/day,2070,1446.808947935583,GW2-I,GW2a,GW2,ok
MESSAGEix-GLOBIOM 2.0-M-R12-NGFS,NGFS Phase 5-Net-Zero 2050,1,World,Food Availability|Crops [per capita],kcal/cap/day,2060,1444.384895362611,GW2-I,GW2a,GW2,ok
MESSAGEix-GLOBIOM 2.0-M-R12-NGFS,NGFS Phase 5-Net-Zero 2050,1,World,Food Availability|Crops [per capita],kcal/cap/day,2055,1445.003325222688,GW2-I,GW2a,GW2,ok
MESSAGEix-GLOBIOM 2.0-M-R12-NGFS,NGFS Phase 5-Net-Zero 2050,1,World,Food Availability|Crops [per capita],kcal/cap/day,2050,1445.896879823352,GW2-I,GW2a,GW2,ok
MESSAGEix-GLOBIOM 2.0-M-R12-NGFS,NGFS Phase 5-Net-Zero 2050,1,World,Food Availability|Crops [per capita],kcal/cap/day,2045,1446.975563430839,GW2-I,GW2a,GW2,ok
MESSAGEix-GLOBIOM 2.0-M-R12-NGFS,NGFS Phase 5-Net-Zero 2050,1,World,Food Availability|Crops [per capita],kcal/cap/day,2100,1488.521231233881,GW2-I,GW2a,GW2,ok
MESSAGEix-GLOBIOM 2.0-M-R12-NGFS,NGFS Phase 5-Net-Zero 2050,1,World,Food Availability|Crops [per capita],kcal/cap/day,2035,1458.176361790776,GW2-I,GW2a,GW2,ok
MESSAGEix-GLOBIOM 2.0-M-R12-NGFS,NGFS Phase 5-Net-Zero 2050,1,World,Food Availability|Crops [per capita],kcal/cap/day,2030,1465.321830848658,GW2-I,GW2a,GW2,ok
MESSAGEix-GLOBIOM 2.0-M-R12-NGFS,NGFS Phase 5-Net-Zero 2050,1,World,Food Availability|Crops [per capita],kcal/cap/day,2025,1470.031426455954,GW2-I,GW2a,GW2,ok
MESSAGEix-GLOBIOM 2.0-M-R12-NGFS,NGFS Phase 5-Net-Zero 2050,1,World,Food Availability|Crops [per capita],kcal/cap/day,2020,1463.390198539079,GW2-I,GW2a,GW2,ok
MESSAGEix-GLOBIOM 2.0-M-R12-NGFS,NGFS Phase 5-Net-Zero 2050,1,World,Food Availability|Crops [per capita],kcal/cap/day,2040,1450.962735063665,GW2-I,GW2a,GW2,ok
MESSAGEix-GLOBIOM 2.0-M-R12-NGFS,NGFS Phase 5-Net-Zero 2050,1,World,Food Availability|Livestock [per capita],kcal/cap/day,2100,486.2849298087985,GW2-I,GW2a,GW2,ok
MESSAGEix-GLOBIOM 2.0-M-R12-NGFS,NGFS Phase 5-Net-Zero 2050,1,World,Food Availability|Livestock [per capita],kcal/cap/day,2090,466.6626112852402,GW2-I,GW2a,GW2,ok
MESSAGEix-GLOBIOM 2.0-M-R12-NGFS,NGFS Phase 5-Net-Zero 2050,1,World,Food Availability|Livestock [per capita],kcal/cap/day,2080,440.0836380710653,GW2-I,GW2a,GW2,ok
MESSAGEix-GLOBIOM 2.0-M-R12-NGFS,NGFS Phase 5-Net-Zero 2050,1,World,Food Availability|Livestock [per capita],kcal/cap/day,2070,423.2881036079527,GW2-I,GW2a,GW2,ok
MESSAGEix-GLOBIOM 2.0-M-R12-NGFS,NGFS Phase 5-Net-Zero 2050,1,World,Food Availability|Livestock [per capita],kcal/cap/day,2060,421.3960343609377,GW2-I,GW2a,GW2,ok
MESSAGEix-GLOBIOM 2.0-M-R12-NGFS,NGFS Phase 5-Net-Zero 2050,1,World,Food Availability|Livestock [per capita],kcal/cap/day,2055,424.9036069240173,GW2-I,GW2a,GW2,ok
MESSAGEix-GLOBIOM 2.0-M-R12-NGFS,NGFS Phase 5-Net-Zero 2050,1,World,Food Availability|Livestock [per capita],kcal/cap/day,2050,428.5006585959189,GW2-I,GW2a,GW2,ok
MESSAGEix-GLOBIOM 2.0-M-R12-NGFS,NGFS Phase 5-Net-Zero 2050,1,World,Food Availability|Livestock [per capita],kcal/cap/day,2040,437.7269479584886,GW2-I,GW2a,GW2,ok
MESSAGEix-GLOBIOM 2.0-M-R12-NGFS,NGFS Phase 5-Net-Zero 2050,1,World,Food Availability|Livestock [per capita],kcal/cap/day,2035,442.6318990370115,GW2-I,GW2a,GW2,ok
MESSAGEix-GLOBIOM 2.0-M-R12-NGFS,NGFS Phase 5-Net-Zero 2050,1,World,Food Availability|Livestock [per capita],kcal/cap/day,2030,445.9512332516755,GW2-I,GW2a,GW2,ok
MESSAGEix-GLOBIOM 2.0-M-R12-NGFS,NGFS Phase 5-Net-Zero 2050,1,World,Food Availability|Livestock [per capita],kcal/cap/day,2025,444.0882963699156,GW2-I,GW2a,GW2,ok
MESSAGEix-GLOBIOM 2.0-M-R12-NGFS,NGFS Phase 5-Net-Zero 2050,1,World,Food Availability|Livestock [per capita],kcal/cap/day,2020,433.3515182277227,GW2-I,GW2a,GW2,ok
MESSAGEix-GLOBIOM 2.0-M-R12-NGFS,NGFS Phase 5-Net-Zero 2050,1,World,Food Availability|Livestock [per capita],kcal/cap/day,2045,432.5690077683795,GW2-I,GW2a,GW2,ok
MESSAGEix-GLOBIOM 2.0-M-R12-NGFS,NGFS Phase 5-Net-Zero 2050,1,World,GDP|MER,billion USD_2010/yr,2100,632312.7652159164,GW2-I,GW2a,GW2,ok
MESSAGEix-GLOBIOM 2.0-M-R12-NGFS,NGFS Phase 5-Net-Zero 2050,1,World,GDP|MER,billion USD_2010/yr,2090,531223.1241078407,GW2-I,GW2a,GW2,ok
MESSAGEix-GLOBIOM 2.0-M-R12-NGFS,NGFS Phase 5-Net-Zero 2050,1,World,GDP|MER,billion USD_2010/yr,2080,439038.2444686261,GW2-I,GW2a,GW2,ok
MESSAGEix-GLOBIOM 2.0-M-R12-NGFS,NGFS Phase 5-Net-Zero 2050,1,World,GDP|MER,billion USD_2010/yr,2070,356271.3330292136,GW2-I,GW2a,GW2,ok
MESSAGEix-GLOBIOM 2.0-M-R12-NGFS,NGFS Phase 5-Net-Zero 2050,1,World,GDP|MER,billion USD_2010/yr,2060,281379.2165864242,GW2-I,GW2a,GW2,ok
MESSAGEix-GLOBIOM 2.0-M-R12-NGFS,NGFS Phase 5-Net-Zero 2050,1,World,GDP|MER,billion USD_2010/yr,2055,248154.9514163201,GW2-I,GW2a,GW2,ok
MESSAGEix-GLOBIOM 2.0-M-R12-NGFS,NGFS Phase 5-Net-Zero 2050,1,World,GDP|MER,billion USD_2010/yr,2050,218821.8919938427,GW2-I,GW2a,GW2,ok
MESSAGEix-GLOBIOM 2.0-M-R12-NGFS,NGFS Phase 5-Net-Zero 2050,1,World,GDP|MER,billion USD_2010/yr,2045,190830.0785149352,GW2-I,GW2a,GW2,ok
MESSAGEix-GLOBIOM 2.0-M-R12-NGFS,NGFS Phase 5-Net-Zero 2050,1,World,GDP|MER,billion USD_2010/yr,2035,142205.0427705559,GW2-I,GW2a,GW2,ok
MESSAGEix-GLOBIOM 2.0-M-R12-NGFS,NGFS Phase 5-Net-Zero 2050,1,World,GDP|MER,billion USD_2010/yr,2030,120637.3009163032,GW2-I,GW2a,GW2,ok
MESSAGEix-GLOBIOM 2.0-M-R12-NGFS,NGFS Phase 5-Net-Zero 2050,1,World,GDP|MER,billion USD_2010/yr,2025,98880.76696224349,GW2-I,GW2a,GW2,ok
MESSAGEix-GLOBIOM 2.0-M-R12-NGFS,NGFS Phase 5-Net-Zero 2050,1,World,GDP|MER,billion USD_2010/yr,2020,71023.82956538288,GW2-I,GW2a,GW2,ok
MESSAGEix-GLOBIOM 2.0-M-R12-NGFS,NGFS Phase 5-Net-Zero 2050,1,World,GDP|MER,billion USD_2010/yr,2040,165976.5548374781,GW2-I,GW2a,GW2,ok
MESSAGEix-GLOBIOM 2.0-M-R12-NGFS,NGFS Phase 5-Net-Zero 2050,1,World,Investment|Energy Supply,billion USD_2010/yr,2100,2850.77218413731,GW2-I,GW2a,GW2,ok
MESSAGEix-GLOBIOM 2.0-M-R12-NGFS,NGFS Phase 5-Net-Zero 2050,1,World,Investment|Energy Supply,billion USD_2010/yr,2090,2184.194882593722,GW2-I,GW2a,GW2,ok
MESSAGEix-GLOBIOM 2.0-M-R12-NGFS,NGFS Phase 5-Net-Zero 2050,1,World,Investment|Energy Supply,billion USD_2010/yr,2080,1966.747205178575,GW2-I,GW2a,GW2,ok
MESSAGEix-GLOBIOM 2.0-M-R12-NGFS,NGFS Phase 5-Net-Zero 2050,1,World,Investment|Energy Supply,billion USD_2010/yr,2070,1894.238543085917,GW2-I,GW2a,GW2,ok
MESSAGEix-GLOBIOM 2.0-M-R12-NGFS,NGFS Phase 5-Net-Zero 2050,1,World,Investment|Energy Supply,billion USD_2010/yr,2060,2070.414223668712,GW2-I,GW2a,GW2,ok
MESSAGEix-GLOBIOM 2.0-M-R12-NGFS,NGFS Phase 5-Net-Zero 2050,1,World,Investment|Energy Supply,billion USD_2010/yr,2050,1796.476311028212,GW2-I,GW2a,GW2,ok
MESSAGEix-GLOBIOM 2.0-M-R12-NGFS,NGFS Phase 5-Net-Zero 2050,1,World,Investment|Energy Supply,billion USD_2010/yr,2045,1809.546133994932,GW2-I,GW2a,GW2,ok
MESSAGEix-GLOBIOM 2.0-M-R12-NGFS,NGFS Phase 5-Net-Zero 2050,1,World,Investment|Energy Supply,billion USD_2010/yr,2055,1836.42069014833,GW2-I,GW2a,GW2,ok
MESSAGEix-GLOBIOM 2.0-M-R12-NGFS,NGFS Phase 5-Net-Zero 2050,1,World,Investment|Energy Supply,billion USD_2010/yr,2035,2088.435397979327,GW2-I,GW2a,GW2,ok
MESSAGEix-GLOBIOM 2.0-M-R12-NGFS,NGFS Phase 5-Net-Zero 2050,1,World,Investment|Energy Supply,billion USD_2010/yr,2030,2189.7214848606,GW2-I,GW2a,GW2,ok
MESSAGEix-GLOBIOM 2.0-M-R12-NGFS,NGFS Phase 5-Net-Zero 2050,1,World,Investment|Energy Supply,billion USD_2010/yr,2025,1402.081934141961,GW2-I,GW2a,GW2,ok
MESSAGEix-GLOBIOM 2.0-M-R12-NGFS,NGFS Phase 5-Net-Zero 2050,1,World,Investment|Energy Supply,billion USD_2010/yr,2020,1775.923583542412,GW2-I,GW2a,GW2,ok
MESSAGEix-GLOBIOM 2.0-M-R12-NGFS,NGFS Phase 5-Net-Zero 2050,1,World,Investment|Energy Supply,billion USD_2010/yr,2040,1970.061506203424,GW2-I,GW2a,GW2,ok
MESSAGEix-GLOBIOM 2.0-M-R12-NGFS,NGFS Phase 5-Net-Zero 2050,1,World,Land Cover,million ha,2100,12947.1548,GW2-I,GW2a,GW2,ok
MESSAGEix-GLOBIOM 2.0-M-R12-NGFS,NGFS Phase 5-Net-Zero 2050,1,World,Land Cover,million ha,2090,12947.1548,GW2-I,GW2a,GW2,ok
MESSAGEix-GLOBIOM 2.0-M-R12-NGFS,NGFS Phase 5-Net-Zero 2050,1,World,Land Cover,million ha,2080,12947.1548,GW2-I,GW2a,GW2,ok
MESSAGEix-GLOBIOM 2.0-M-R12-NGFS,NGFS Phase 5-Net-Zero 2050,1,World,Land Cover,million ha,2070,12947.1548,GW2-I,GW2a,GW2,ok
MESSAGEix-GLOBIOM 2.0-M-R12-NGFS,NGFS Phase 5-Net-Zero 2050,1,World,Land Cover,million ha,2060,12947.1548,GW2-I,GW2a,GW2,ok
MESSAGEix-GLOBIOM 2.0-M-R12-NGFS,NGFS Phase 5-Net-Zero 2050,1,World,Land Cover,million ha,2055,12947.1548,GW2-I,GW2a,GW2,ok
MESSAGEix-GLOBIOM 2.0-M-R12-NGFS,NGFS Phase 5-Net-Zero 2050,1,World,Land Cover,million ha,2050,12947.1548,GW2-I,GW2a,GW2,ok
MESSAGEix-GLOBIOM 2.0-M-R12-NGFS,NGFS Phase 5-Net-Zero 2050,1,World,Land Cover,million ha,2045,12947.1548,GW2-I,GW2a,GW2,ok
MESSAGEix-GLOBIOM 2.0-M-R12-NGFS,NGFS Phase 5-Net-Zero 2050,1,World,Land Cover,million ha,2035,12947.1548,GW2-I,GW2a,GW2,ok
MESSAGEix-GLOBIOM 2.0-M-R12-NGFS,NGFS Phase 5-Net-Zero 2050,1,World,Land Cover,million ha,2030,12947.1548,GW2-I,GW2a,GW2,ok
MESSAGEix-GLOBIOM 2.0-M-R12-NGFS,NGFS Phase 5-Net-Zero 2050,1,World,Land Cover,million ha,2025,12947.1548,GW2-I,GW2a,GW2,ok
MESSAGEix-GLOBIOM 2.0-M-R12-NGFS,NGFS Phase 5-Net-Zero 2050,1,World,Land Cover,million ha,2020,12947.1548,GW2-I,GW2a,GW2,ok
MESSAGEix-GLOBIOM 2.0-M-R12-NGFS,NGFS Phase 5-Net-Zero 2050,1,World,Land Cover,million ha,2040,12947.1548,GW2-I,GW2a,GW2,ok
MESSAGEix-GLOBIOM 2.0-M-R12-NGFS,NGFS Phase 5-Net-Zero 2050,1,World,Land Cover|Forest,million ha,2100,4476.093794058286,GW2-I,GW2a,GW2,ok
MESSAGEix-GLOBIOM 2.0-M-R12-NGFS,NGFS Phase 5-Net-Zero 2050,1,World,Land Cover|Forest,million ha,2090,4455.510589724043,GW2-I,GW2a,GW2,ok
MESSAGEix-GLOBIOM 2.0-M-R12-NGFS,NGFS Phase 5-Net-Zero 2050,1,World,Land Cover|Forest,million ha,2080,4439.815857509048,GW2-I,GW2a,GW2,ok
MESSAGEix-GLOBIOM 2.0-M-R12-NGFS,NGFS Phase 5-Net-Zero 2050,1,World,Land Cover|Forest,million ha,2070,4418.89643075781,GW2-I,GW2a,GW2,ok
MESSAGEix-GLOBIOM 2.0-M-R12-NGFS,NGFS Phase 5-Net-Zero 2050,1,World,Land Cover|Forest,million ha,2060,4325.840414057742,GW2-I,GW2a,GW2,ok
MESSAGEix-GLOBIOM 2.0-M-R12-NGFS,NGFS Phase 5-Net-Zero 2050,1,World,Land Cover|Forest,million ha,2055,4271.124450073698,GW2-I,GW2a,GW2,ok
MESSAGEix-GLOBIOM 2.0-M-R12-NGFS,NGFS Phase 5-Net-Zero 2050,1,World,Land Cover|Forest,million ha,2045,4155.990503081759,GW2-I,GW2a,GW2,ok
MESSAGEix-GLOBIOM 2.0-M-R12-NGFS,NGFS Phase 5-Net-Zero 2050,1,World,Land Cover|Forest,million ha,2050,4216.564597498543,GW2-I,GW2a,GW2,ok
MESSAGEix-GLOBIOM 2.0-M-R12-NGFS,NGFS Phase 5-Net-Zero 2050,1,World,Land Cover|Forest,million ha,2035,4028.567186894621,GW2-I,GW2a,GW2,ok
MESSAGEix-GLOBIOM 2.0-M-R12-NGFS,NGFS Phase 5-Net-Zero 2050,1,World,Land Cover|Forest,million ha,2030,3972.035830022594,GW2-I,GW2a,GW2,ok
MESSAGEix-GLOBIOM 2.0-M-R12-NGFS,NGFS Phase 5-Net-Zero 2050,1,World,Land Cover|Forest,million ha,2025,3933.7534,GW2-I,GW2a,GW2,ok
MESSAGEix-GLOBIOM 2.0-M-R12-NGFS,NGFS Phase 5-Net-Zero 2050,1,World,Land Cover|Forest,million ha,2020,3927.3915,GW2-I,GW2a,GW2,ok
MESSAGEix-GLOBIOM 2.0-M-R12-NGFS,NGFS Phase 5-Net-Zero 2050,1,World,Land Cover|Forest,million ha,2040,4095.100157243861,GW2-I,GW2a,GW2,ok
MESSAGEix-GLOBIOM 2.0-M-R12-NGFS,NGFS Phase 5-Net-Zero 2050,1,World,Population,million,2050,9591.9855,GW2-I,GW2a,GW2,ok
MESSAGEix-GLOBIOM 2.0-M-R12-NGFS,NGFS Phase 5-Net-Zero 2050,1,World,Population,million,2100,9883.143,GW2-I,GW2a,GW2,ok
MESSAGEix-GLOBIOM 2.0-M-R12-NGFS,NGFS Phase 5-Net-Zero 2050,1,World,Population,million,2090,10050.9005,GW2-I,GW2a,GW2,ok
MESSAGEix-GLOBIOM 2.0-M-R12-NGFS,NGFS Phase 5-Net-Zero 2050,1,World,Population,million,2080,10128.2265,GW2-I,GW2a,GW2,ok
MESSAGEix-GLOBIOM 2.0-M-R12-NGFS,NGFS Phase 5-Net-Zero 2050,1,World,Population,million,2060,9913.6024,GW2-I,GW2a,GW2,ok
MESSAGEix-GLOBIOM 2.0-M-R12-NGFS,NGFS Phase 5-Net-Zero 2050,1,World,Population,million,2055,9772.4397,GW2-I,GW2a,GW2,ok
MESSAGEix-GLOBIOM 2.0-M-R12-NGFS,NGFS Phase 5-Net-Zero 2050,1,World,Population,million,2045,9369.3335,GW2-I,GW2a,GW2,ok
MESSAGEix-GLOBIOM 2.0-M-R12-NGFS,NGFS Phase 5-Net-Zero 2050,1,World,Population,million,2070,10086.5138,GW2-I,GW2a,GW2,ok
MESSAGEix-GLOBIOM 2.0-M-R12-NGFS,NGFS Phase 5-Net-Zero 2050,1,World,Population,million,2035,8815.2475,GW2-I,GW2a,GW2,ok
MESSAGEix-GLOBIOM 2.0-M-R12-NGFS,NGFS Phase 5-Net-Zero 2050,1,World,Population,million,2030,8494.901600000001,GW2-I,GW2a,GW2,ok
MESSAGEix-GLOBIOM 2.0-M-R12-NGFS,NGFS Phase 5-Net-Zero 2050,1,World,Population,million,2025,8149.981299999999,GW2-I,GW2a,GW2,ok
MESSAGEix-GLOBIOM 2.0-M-R12-NGFS,NGFS Phase 5-Net-Zero 2050,1,World,Population,million,2040,9108.7536,GW2-I,GW2a,GW2,ok
MESSAGEix-GLOBIOM 2.0-M-R12-NGFS,NGFS Phase 5-Net-Zero 2050,1,World,Population,million,2020,7803.267699999999,GW2-I,GW2a,GW2,ok
MESSAGEix-GLOBIOM 2.0-M-R12-NGFS,NGFS Phase 5-Net-Zero 2050,1,World,Price|Secondary Energy|Electricity,USD_2010/GJ,2100,13.63474395335301,GW2-I,GW2a,GW2,ok
MESSAGEix-GLOBIOM 2.0-M-R12-NGFS,NGFS Phase 5-Net-Zero 2050,1,World,Price|Secondary Energy|Electricity,USD_2010/GJ,2090,13.28233260665434,GW2-I,GW2a,GW2,ok
MESSAGEix-GLOBIOM 2.0-M-R12-NGFS,NGFS Phase 5-Net-Zero 2050,1,World,Price|Secondary Energy|Electricity,USD_2010/GJ,2080,14.72497271903885,GW2-I,GW2a,GW2,ok
MESSAGEix-GLOBIOM 2.0-M-R12-NGFS,NGFS Phase 5-Net-Zero 2050,1,World,Price|Secondary Energy|Electricity,USD_2010/GJ,2060,15.79707913281793,GW2-I,GW2a,GW2,ok
MESSAGEix-GLOBIOM 2.0-M-R12-NGFS,NGFS Phase 5-Net-Zero 2050,1,World,Price|Secondary Energy|Electricity,USD_2010/GJ,2055,16.98261432394911,GW2-I,GW2a,GW2,ok
MESSAGEix-GLOBIOM 2.0-M-R12-NGFS,NGFS Phase 5-Net-Zero 2050,1,World,Price|Secondary Energy|Electricity,USD_2010/GJ,2050,15.51766070408905,GW2-I,GW2a,GW2,ok
MESSAGEix-GLOBIOM 2.0-M-R12-NGFS,NGFS Phase 5-Net-Zero 2050,1,World,Price|Secondary Energy|Electricity,USD_2010/GJ,2045,16.86467981507061,GW2-I,GW2a,GW2,ok
MESSAGEix-GLOBIOM 2.0-M-R12-NGFS,NGFS Phase 5-Net-Zero 2050,1,World,Price|Secondary Energy|Electricity,USD_2010/GJ,2070,15.7222449426849,GW2-I,GW2a,GW2,ok
MESSAGEix-GLOBIOM 2.0-M-R12-NGFS,NGFS Phase 5-Net-Zero 2050,1,World,Price|Secondary Energy|Electricity,USD_2010/GJ,2035,19.77717224101036,GW2-I,GW2a,GW2,ok
MESSAGEix-GLOBIOM 2.0-M-R12-NGFS,NGFS Phase 5-Net-Zero 2050,1,World,Price|Secondary Energy|Electricity,USD_2010/GJ,2030,12.33900546826704,GW2-I,GW2a,GW2,ok
MESSAGEix-GLOBIOM 2.0-M-R12-NGFS,NGFS Phase 5-Net-Zero 2050,1,World,Price|Secondary Energy|Electricity,USD_2010/GJ,2025,4.916033611379877,GW2-I,GW2a,GW2,ok
MESSAGEix-GLOBIOM 2.0-M-R12-NGFS,NGFS Phase 5-Net-Zero 2050,1,World,Price|Secondary Energy|Electricity,USD_2010/GJ,2020,10.82453631270296,GW2-I,GW2a,GW2,ok
MESSAGEix-GLOBIOM 2.0-M-R12-NGFS,NGFS Phase 5-Net-Zero 2050,1,World,Price|Secondary Energy|Electricity,USD_2010/GJ,2040,17.86590785808446,GW2-I,GW2a,GW2,ok
MESSAGEix-GLOBIOM 2.0-M-R12-NGFS,NGFS Phase 5-Net-Zero 2050,1,World,Primary Energy|Biomass,EJ/yr,2100,110.7269672577492,GW2-I,GW2a,GW2,ok
MESSAGEix-GLOBIOM 2.0-M-R12-NGFS,NGFS Phase 5-Net-Zero 2050,1,World,Primary Energy|Biomass,EJ/yr,2090,106.5150851434257,GW2-I,GW2a,GW2,ok
MESSAGEix-GLOBIOM 2.0-M-R12-NGFS,NGFS Phase 5-Net-Zero 2050,1,World,Primary Energy|Biomass,EJ/yr,2080,105.5893384587682,GW2-I,GW2a,GW2,ok
MESSAGEix-GLOBIOM 2.0-M-R12-NGFS,NGFS Phase 5-Net-Zero 2050,1,World,Primary Energy|Biomass,EJ/yr,2070,98.7549747685874,GW2-I,GW2a,GW2,ok
MESSAGEix-GLOBIOM 2.0-M-R12-NGFS,NGFS Phase 5-Net-Zero 2050,1,World,Primary Energy|Biomass,EJ/yr,2060,84.94264581401666,GW2-I,GW2a,GW2,ok
MESSAGEix-GLOBIOM 2.0-M-R12-NGFS,NGFS Phase 5-Net-Zero 2050,1,World,Primary Energy|Biomass,EJ/yr,2055,77.14376265602887,GW2-I,GW2a,GW2,ok
MESSAGEix-GLOBIOM 2.0-M-R12-NGFS,NGFS Phase 5-Net-Zero 2050,1,World,Primary Energy|Biomass,EJ/yr,2050,69.22542947736004,GW2-I,GW2a,GW2,ok
MESSAGEix-GLOBIOM 2.0-M-R12-NGFS,NGFS Phase 5-Net-Zero 2050,1,World,Primary Energy|Biomass,EJ/yr,2040,57.7697945376906,GW2-I,GW2a,GW2,ok
MESSAGEix-GLOBIOM 2.0-M-R12-NGFS,NGFS Phase 5-Net-Zero 2050,1,World,Primary Energy|Biomass,EJ/yr,2035,57.58599097330847,GW2-I,GW2a,GW2,ok
MESSAGEix-GLOBIOM 2.0-M-R12-NGFS,NGFS Phase 5-Net-Zero 2050,1,World,Primary Energy|Biomass,EJ/yr,2030,58.15248624308448,GW2-I,GW2a,GW2,ok
MESSAGEix-GLOBIOM 2.0-M-R12-NGFS,NGFS Phase 5-Net-Zero 2050,1,World,Primary Energy|Biomass,EJ/yr,2025,54.46602391376437,GW2-I,GW2a,GW2,ok
MESSAGEix-GLOBIOM 2.0-M-R12-NGFS,NGFS Phase 5-Net-Zero 2050,1,World,Primary Energy|Biomass,EJ/yr,2020,61.42716812118417,GW2-I,GW2a,GW2,ok
MESSAGEix-GLOBIOM 2.0-M-R12-NGFS,NGFS Phase 5-Net-Zero 2050,1,World,Primary Energy|Biomass,EJ/yr,2045,62.39174609870484,GW2-I,GW2a,GW2,ok
MESSAGEix-GLOBIOM 2.0-M-R12-NGFS,NGFS Phase 5-Net-Zero 2050,1,World,Primary Energy|Coal,EJ/yr,2055,23.47192867106458,GW2-I,GW2a,GW2,ok
MESSAGEix-GLOBIOM 2.0-M-R12-NGFS,NGFS Phase 5-Net-Zero 2050,1,World,Primary Energy|Coal,EJ/yr,2100,10.21920643787602,GW2-I,GW2a,GW2,ok
MESSAGEix-GLOBIOM 2.0-M-R12-NGFS,NGFS Phase 5-Net-Zero 2050,1,World,Primary Energy|Coal,EJ/yr,2090,12.02827218776395,GW2-I,GW2a,GW2,ok
MESSAGEix-GLOBIOM 2.0-M-R12-NGFS,NGFS Phase 5-Net-Zero 2050,1,World,Primary Energy|Coal,EJ/yr,2080,15.90517424937098,GW2-I,GW2a,GW2,ok
MESSAGEix-GLOBIOM 2.0-M-R12-NGFS,NGFS Phase 5-Net-Zero 2050,1,World,Primary Energy|Coal,EJ/yr,2070,15.08112764419156,GW2-I,GW2a,GW2,ok
MESSAGEix-GLOBIOM 2.0-M-R12-NGFS,NGFS Phase 5-Net-Zero 2050,1,World,Primary Energy|Coal,EJ/yr,2060,19.36569860757859,GW2-I,GW2a,GW2,ok
MESSAGEix-GLOBIOM 2.0-M-R12-NGFS,NGFS Phase 5-Net-Zero 2050,1,World,Primary Energy|Coal,EJ/yr,2050,29.55459398112716,GW2-I,GW2a,GW2,ok
MESSAGEix-GLOBIOM 2.0-M-R12-NGFS,NGFS Phase 5-Net-Zero 2050,1,World,Primary Energy|Coal,EJ/yr,2045,38.29826199076867,GW2-I,GW2a,GW2,ok
MESSAGEix-GLOBIOM 2.0-M-R12-NGFS,NGFS Phase 5-Net-Zero 2050,1,World,Primary Energy|Coal,EJ/yr,2040,52.32184397763854,GW2-I,GW2a,GW2,ok
MESSAGEix-GLOBIOM 2.0-M-R12-NGFS,NGFS Phase 5-Net-Zero 2050,1,World,Primary Energy|Coal,EJ/yr,2035,73.62451127037492,GW2-I,GW2a,GW2,ok
MESSAGEix-GLOBIOM 2.0-M-R12-NGFS,NGFS Phase 5-Net-Zero 2050,1,World,Primary Energy|Coal,EJ/yr,2030,104.7605685338242,GW2-I,GW2a,GW2,ok
MESSAGEix-GLOBIOM 2.0-M-R12-NGFS,NGFS Phase 5-Net-Zero 2050,1,World,Primary Energy|Coal,EJ/yr,2025,151.8118155942684,GW2-I,GW2a,GW2,ok
MESSAGEix-GLOBIOM 2.0-M-R12-NGFS,NGFS Phase 5-Net-Zero 2050,1,World,Primary Energy|Coal,EJ/yr,2020,162.572361686753,GW2-I,GW2a,GW2,ok
MESSAGEix-GLOBIOM 2.0-M-R12-NGFS,NGFS Phase 5-Net-Zero 2050,1,World,Primary Energy|Fossil|w/ CCS,EJ/yr,2100,0.0,GW2-I,GW2a,GW2,ok
MESSAGEix-GLOBIOM 2.0-M-R12-NGFS,NGFS Phase 5-Net-Zero 2050,1,World,Primary Energy|Fossil|w/ CCS,EJ/yr,2090,0.0,GW2-I,GW2a,GW2,ok
MESSAGEix-GLOBIOM 2.0-M-R12-NGFS,NGFS Phase 5-Net-Zero 2050,1,World,Primary Energy|Fossil|w/ CCS,EJ/yr,2080,0.0,GW2-I,GW2a,GW2,ok
MESSAGEix-GLOBIOM 2.0-M-R12-NGFS,NGFS Phase 5-Net-Zero 2050,1,World,Primary Energy|Fossil|w/ CCS,EJ/yr,2070,0.0,GW2-I,GW2a,GW2,ok
MESSAGEix-GLOBIOM 2.0-M-R12-NGFS,NGFS Phase 5-Net-Zero 2050,1,World,Primary Energy|Fossil|w/ CCS,EJ/yr,2060,0.0859506346262797,GW2-I,GW2a,GW2,ok
MESSAGEix-GLOBIOM 2.0-M-R12-NGFS,NGFS Phase 5-Net-Zero 2050,1,World,Primary Energy|Fossil|w/ CCS,EJ/yr,2050,5.40597536835411,GW2-I,GW2a,GW2,ok
MESSAGEix-GLOBIOM 2.0-M-R12-NGFS,NGFS Phase 5-Net-Zero 2050,1,World,Primary Energy|Fossil|w/ CCS,EJ/yr,2045,10.85541487013048,GW2-I,GW2a,GW2,ok
MESSAGEix-GLOBIOM 2.0-M-R12-NGFS,NGFS Phase 5-Net-Zero 2050,1,World,Primary Energy|Fossil|w/ CCS,EJ/yr,2055,1.125924486238129,GW2-I,GW2a,GW2,ok
MESSAGEix-GLOBIOM 2.0-M-R12-NGFS,NGFS Phase 5-Net-Zero 2050,1,World,Primary Energy|Fossil|w/ CCS,EJ/yr,2035,18.0393358560565,GW2-I,GW2a,GW2,ok
MESSAGEix-GLOBIOM 2.0-M-R12-NGFS,NGFS Phase 5-Net-Zero 2050,1,World,Primary Energy|Fossil|w/ CCS,EJ/yr,2030,13.34486533852835,GW2-I,GW2a,GW2,ok
MESSAGEix-GLOBIOM 2.0-M-R12-NGFS,NGFS Phase 5-Net-Zero 2050,1,World,Primary Energy|Fossil|w/ CCS,EJ/yr,2025,0.0,GW2-I,GW2a,GW2,ok
MESSAGEix-GLOBIOM 2.0-M-R12-NGFS,NGFS Phase 5-Net-Zero 2050,1,World,Primary Energy|Fossil|w/ CCS,EJ/yr,2020,0.0,GW2-I,GW2a,GW2,ok
MESSAGEix-GLOBIOM 2.0-M-R12-NGFS,NGFS Phase 5-Net-Zero 2050,1,World,Primary Energy|Fossil|w/ CCS,EJ/yr,2040,14.87780834792222,GW2-I,GW2a,GW2,ok
MESSAGEix-GLOBIOM 2.0-M-R12-NGFS,NGFS Phase 5-Net-Zero 2050,1,World,Primary Energy|Fossil|w/o CCS,EJ/yr,2055,81.76260940348674,GW2-I,GW2a,GW2,ok
MESSAGEix-GLOBIOM 2.0-M-R12-NGFS,NGFS Phase 5-Net-Zero 2050,1,World,Primary Energy|Fossil|w/o CCS,EJ/yr,2100,65.43350710335292,GW2-I,GW2a,GW2,ok
MESSAGEix-GLOBIOM 2.0-M-R12-NGFS,NGFS Phase 5-Net-Zero 2050,1,World,Primary Energy|Fossil|w/o CCS,EJ/yr,2090,64.96861730216881,GW2-I,GW2a,GW2,ok
MESSAGEix-GLOBIOM 2.0-M-R12-NGFS,NGFS Phase 5-Net-Zero 2050,1,World,Primary Energy|Fossil|w/o CCS,EJ/yr,2080,58.92879197913909,GW2-I,GW2a,GW2,ok
MESSAGEix-GLOBIOM 2.0-M-R12-NGFS,NGFS Phase 5-Net-Zero 2050,1,World,Primary Energy|Fossil|w/o CCS,EJ/yr,2070,46.78420511050656,GW2-I,GW2a,GW2,ok
MESSAGEix-GLOBIOM 2.0-M-R12-NGFS,NGFS Phase 5-Net-Zero 2050,1,World,Primary Energy|Fossil|w/o CCS,EJ/yr,2060,65.89816834043717,GW2-I,GW2a,GW2,ok
MESSAGEix-GLOBIOM 2.0-M-R12-NGFS,NGFS Phase 5-Net-Zero 2050,1,World,Primary Energy|Fossil|w/o CCS,EJ/yr,2050,103.2370463961408,GW2-I,GW2a,GW2,ok
MESSAGEix-GLOBIOM 2.0-M-R12-NGFS,NGFS Phase 5-Net-Zero 2050,1,World,Primary Energy|Fossil|w/o CCS,EJ/yr,2040,172.1881823265795,GW2-I,GW2a,GW2,ok
MESSAGEix-GLOBIOM 2.0-M-R12-NGFS,NGFS Phase 5-Net-Zero 2050,1,World,Primary Energy|Fossil|w/o CCS,EJ/yr,2035,232.9061651240935,GW2-I,GW2a,GW2,ok
MESSAGEix-GLOBIOM 2.0-M-R12-NGFS,NGFS Phase 5-Net-Zero 2050,1,World,Primary Energy|Fossil|w/o CCS,EJ/yr,2030,325.6731958544703,GW2-I,GW2a,GW2,ok
MESSAGEix-GLOBIOM 2.0-M-R12-NGFS,NGFS Phase 5-Net-Zero 2050,1,World,Primary Energy|Fossil|w/o CCS,EJ/yr,2025,461.3133055049302,GW2-I,GW2a,GW2,ok
MESSAGEix-GLOBIOM 2.0-M-R12-NGFS,NGFS Phase 5-Net-Zero 2050,1,World,Primary Energy|Fossil|w/o CCS,EJ/yr,2020,491.7327735695509,GW2-I,GW2a,GW2,ok
MESSAGEix-GLOBIOM 2.0-M-R12-NGFS,NGFS Phase 5-Net-Zero 2050,1,World,Primary Energy|Fossil|w/o CCS,EJ/yr,2045,132.7247379992906,GW2-I,GW2a,GW2,ok
MESSAGEix-GLOBIOM 2.0-M-R12-NGFS,NGFS Phase 5-Net-Zero 2050,1,World,Primary Energy|Gas,EJ/yr,2050,46.66112826530343,GW2-I,GW2a,GW2,ok
MESSAGEix-GLOBIOM 2.0-M-R12-NGFS,NGFS Phase 5-Net-Zero 2050,1,World,Primary Energy|Gas,EJ/yr,2090,46.42340862108014,GW2-I,GW2a,GW2,ok
MESSAGEix-GLOBIOM 2.0-M-R12-NGFS,NGFS Phase 5-Net-Zero 2050,1,World,Primary Energy|Gas,EJ/yr,2080,35.43471576710421,GW2-I,GW2a,GW2,ok
MESSAGEix-GLOBIOM 2.0-M-R12-NGFS,NGFS Phase 5-Net-Zero 2050,1,World,Primary Energy|Gas,EJ/yr,2070,24.33724737289546,GW2-I,GW2a,GW2,ok
MESSAGEix-GLOBIOM 2.0-M-R12-NGFS,NGFS Phase 5-Net-Zero 2050,1,World,Primary Energy|Gas,EJ/yr,2060,31.50703968144018,GW2-I,GW2a,GW2,ok
MESSAGEix-GLOBIOM 2.0-M-R12-NGFS,NGFS Phase 5-Net-Zero 2050,1,World,Primary Energy|Gas,EJ/yr,2055,36.6560591642561,GW2-I,GW2a,GW2,ok
MESSAGEix-GLOBIOM 2.0-M-R12-NGFS,NGFS Phase 5-Net-Zero 2050,1,World,Primary Energy|Gas,EJ/yr,2045,59.08248358249953,GW2-I,GW2a,GW2,ok
MESSAGEix-GLOBIOM 2.0-M-R12-NGFS,NGFS Phase 5-Net-Zero 2050,1,World,Primary Energy|Gas,EJ/yr,2100,48.74381868821393,GW2-I,GW2a,GW2,ok
MESSAGEix-GLOBIOM 2.0-M-R12-NGFS,NGFS Phase 5-Net-Zero 2050,1,World,Primary Energy|Gas,EJ/yr,2035,92.0315371859508,GW2-I,GW2a,GW2,ok
MESSAGEix-GLOBIOM 2.0-M-R12-NGFS,NGFS Phase 5-Net-Zero 2050,1,World,Primary Energy|Gas,EJ/yr,2030,119.8139937514394,GW2-I,GW2a,GW2,ok
MESSAGEix-GLOBIOM 2.0-M-R12-NGFS,NGFS Phase 5-Net-Zero 2050,1,World,Primary Energy|Gas,EJ/yr,2025,155.5381768711416,GW2-I,GW2a,GW2,ok
MESSAGEix-GLOBIOM 2.0-M-R12-NGFS,NGFS Phase 5-Net-Zero 2050,1,World,Primary Energy|Gas,EJ/yr,2020,144.612345826642,GW2-I,GW2a,GW2,ok
MESSAGEix-GLOBIOM 2.0-M-R12-NGFS,NGFS Phase 5-Net-Zero 2050,1,World,Primary Energy|Gas,EJ/yr,2040,71.7177082415498,GW2-I,GW2a,GW2,ok
MESSAGEix-GLOBIOM 2.0-M-R12-NGFS,NGFS Phase 5-Net-Zero 2050,1,World,Primary Energy|Non-Biomass Renewables,EJ/yr,2100,471.1918852007154,GW2-I,GW2a,GW2,ok
MESSAGEix-GLOBIOM 2.0-M-R12-NGFS,NGFS Phase 5-Net-Zero 2050,1,World,Primary Energy|Non-Biomass Renewables,EJ/yr,2090,435.065283170767,GW2-I,GW2a,GW2,ok
MESSAGEix-GLOBIOM 2.0-M-R12-NGFS,NGFS Phase 5-Net-Zero 2050,1,World,Primary Energy|Non-Biomass Renewables,EJ/yr,2080,396.1827690346927,GW2-I,GW2a,GW2,ok
MESSAGEix-GLOBIOM 2.0-M-R12-NGFS,NGFS Phase 5-Net-Zero 2050,1,World,Primary Energy|Non-Biomass Renewables,EJ/yr,2070,363.5298618134786,GW2-I,GW2a,GW2,ok
MESSAGEix-GLOBIOM 2.0-M-R12-NGFS,NGFS Phase 5-Net-Zero 2050,1,World,Primary Energy|Non-Biomass Renewables,EJ/yr,2060,312.880760628763,GW2-I,GW2a,GW2,ok
MESSAGEix-GLOBIOM 2.0-M-R12-NGFS,NGFS Phase 5-Net-Zero 2050,1,World,Primary Energy|Non-Biomass Renewables,EJ/yr,2050,246.687269986369,GW2-I,GW2a,GW2,ok
MESSAGEix-GLOBIOM 2.0-M-R12-NGFS,NGFS Phase 5-Net-Zero 2050,1,World,Primary Energy|Non-Biomass Renewables,EJ/yr,2045,212.8027770146288,GW2-I,GW2a,GW2,ok
MESSAGEix-GLOBIOM 2.0-M-R12-NGFS,NGFS Phase 5-Net-Zero 2050,1,World,Primary Energy|Non-Biomass Renewables,EJ/yr,2055,281.500567925885,GW2-I,GW2a,GW2,ok
MESSAGEix-GLOBIOM 2.0-M-R12-NGFS,NGFS Phase 5-Net-Zero 2050,1,World,Primary Energy|Non-Biomass Renewables,EJ/yr,2035,136.3738157080577,GW2-I,GW2a,GW2,ok
MESSAGEix-GLOBIOM 2.0-M-R12-NGFS,NGFS Phase 5-Net-Zero 2050,1,World,Primary Energy|Non-Biomass Renewables,EJ/yr,2030,88.12940316660966,GW2-I,GW2a,GW2,ok
MESSAGEix-GLOBIOM 2.0-M-R12-NGFS,NGFS Phase 5-Net-Zero 2050,1,World,Primary Energy|Non-Biomass Renewables,EJ/yr,2025,43.18393179127461,GW2-I,GW2a,GW2,ok
MESSAGEix-GLOBIOM 2.0-M-R12-NGFS,NGFS Phase 5-Net-Zero 2050,1,World,Primary Energy|Non-Biomass Renewables,EJ/yr,2020,26.18471998282024,GW2-I,GW2a,GW2,ok
MESSAGEix-GLOBIOM 2.0-M-R12-NGFS,NGFS Phase 5-Net-Zero 2050,1,World,Primary Energy|Non-Biomass Renewables,EJ/yr,2040,178.6719356044092,GW2-I,GW2a,GW2,ok
MESSAGEix-GLOBIOM 2.0-M-R12-NGFS,NGFS Phase 5-Net-Zero 2050,1,World,Primary Energy|Nuclear,EJ/yr,2050,7.195028912098564,GW2-I,GW2a,GW2,ok
MESSAGEix-GLOBIOM 2.0-M-R12-NGFS,NGFS Phase 5-Net-Zero 2050,1,World,Primary Energy|Nuclear,EJ/yr,2100,0.236703241898547,GW2-I,GW2a,GW2,ok
MESSAGEix-GLOBIOM 2.0-M-R12-NGFS,NGFS Phase 5-Net-Zero 2050,1,World,Primary Energy|Nuclear,EJ/yr,2090,1.418900055321111,GW2-I,GW2a,GW2,ok
MESSAGEix-GLOBIOM 2.0-M-R12-NGFS,NGFS Phase 5-Net-Zero 2050,1,World,Primary Energy|Nuclear,EJ/yr,2080,3.470858673592363,GW2-I,GW2a,GW2,ok
MESSAGEix-GLOBIOM 2.0-M-R12-NGFS,NGFS Phase 5-Net-Zero 2050,1,World,Primary Energy|Nuclear,EJ/yr,2070,4.990663460654389,GW2-I,GW2a,GW2,ok
MESSAGEix-GLOBIOM 2.0-M-R12-NGFS,NGFS Phase 5-Net-Zero 2050,1,World,Primary Energy|Nuclear,EJ/yr,2060,6.420967594222403,GW2-I,GW2a,GW2,ok
MESSAGEix-GLOBIOM 2.0-M-R12-NGFS,NGFS Phase 5-Net-Zero 2050,1,World,Primary Energy|Nuclear,EJ/yr,2045,8.543008570238246,GW2-I,GW2a,GW2,ok
MESSAGEix-GLOBIOM 2.0-M-R12-NGFS,NGFS Phase 5-Net-Zero 2050,1,World,Primary Energy|Nuclear,EJ/yr,2055,6.857627641119382,GW2-I,GW2a,GW2,ok
MESSAGEix-GLOBIOM 2.0-M-R12-NGFS,NGFS Phase 5-Net-Zero 2050,1,World,Primary Energy|Nuclear,EJ/yr,2035,11.20670884632964,GW2-I,GW2a,GW2,ok
MESSAGEix-GLOBIOM 2.0-M-R12-NGFS,NGFS Phase 5-Net-Zero 2050,1,World,Primary Energy|Nuclear,EJ/yr,2030,11.65374159405336,GW2-I,GW2a,GW2,ok
MESSAGEix-GLOBIOM 2.0-M-R12-NGFS,NGFS Phase 5-Net-Zero 2050,1,World,Primary Energy|Nuclear,EJ/yr,2025,10.61692208617698,GW2-I,GW2a,GW2,ok
MESSAGEix-GLOBIOM 2.0-M-R12-NGFS,NGFS Phase 5-Net-Zero 2050,1,World,Primary Energy|Nuclear,EJ/yr,2020,9.625285883815,GW2-I,GW2a,GW2,ok
MESSAGEix-GLOBIOM 2.0-M-R12-NGFS,NGFS Phase 5-Net-Zero 2050,1,World,Primary Energy|Nuclear,EJ/yr,2040,10.5335773098288,GW2-I,GW2a,GW2,ok
MESSAGEix-GLOBIOM 2.0-M-R12-NGFS,NGFS Phase 5-Net-Zero 2050,1,World,Primary Energy|Oil,EJ/yr,2055,22.76054605440419,GW2-I,GW2a,GW2,ok
MESSAGEix-GLOBIOM 2.0-M-R12-NGFS,NGFS Phase 5-Net-Zero 2050,1,World,Primary Energy|Oil,EJ/yr,2100,6.470481977262971,GW2-I,GW2a,GW2,ok
MESSAGEix-GLOBIOM 2.0-M-R12-NGFS,NGFS Phase 5-Net-Zero 2050,1,World,Primary Energy|Oil,EJ/yr,2090,6.516936493324718,GW2-I,GW2a,GW2,ok
MESSAGEix-GLOBIOM 2.0-M-R12-NGFS,NGFS Phase 5-Net-Zero 2050,1,World,Primary Energy|Oil,EJ/yr,2080,7.588901962663907,GW2-I,GW2a,GW2,ok
MESSAGEix-GLOBIOM 2.0-M-R12-NGFS,NGFS Phase 5-Net-Zero 2050,1,World,Primary Energy|Oil,EJ/yr,2070,7.365830093419534,GW2-I,GW2a,GW2,ok
MESSAGEix-GLOBIOM 2.0-M-R12-NGFS,NGFS Phase 5-Net-Zero 2050,1,World,Primary Energy|Oil,EJ/yr,2060,15.11138068604466,GW2-I,GW2a,GW2,ok
MESSAGEix-GLOBIOM 2.0-M-R12-NGFS,NGFS Phase 5-Net-Zero 2050,1,World,Primary Energy|Oil,EJ/yr,2050,32.42729951806427,GW2-I,GW2a,GW2,ok
MESSAGEix-GLOBIOM 2.0-M-R12-NGFS,NGFS Phase 5-Net-Zero 2050,1,World,Primary Energy|Oil,EJ/yr,2020,184.548066056156,GW2-I,GW2a,GW2,ok
MESSAGEix-GLOBIOM 2.0-M-R12-NGFS,NGFS Phase 5-Net-Zero 2050,1,World,Primary Energy|Oil,EJ/yr,2040,63.02643845531341,GW2-I,GW2a,GW2,ok
MESSAGEix-GLOBIOM 2.0-M-R12-NGFS,NGFS Phase 5-Net-Zero 2050,1,World,Primary Energy|Oil,EJ/yr,2035,85.28945252382432,GW2-I,GW2a,GW2,ok
MESSAGEix-GLOBIOM 2.0-M-R12-NGFS,NGFS Phase 5-Net-Zero 2050,1,World,Primary Energy|Oil,EJ/yr,2030,114.443498907735,GW2-I,GW2a,GW2,ok
MESSAGEix-GLOBIOM 2.0-M-R12-NGFS,NGFS Phase 5-Net-Zero 2050,1,World,Primary Energy|Oil,EJ/yr,2025,153.9633130395201,GW2-I,GW2a,GW2,ok
MESSAGEix-GLOBIOM 2.0-M-R12-NGFS,NGFS Phase 5-Net-Zero 2050,1,World,Primary Energy|Oil,EJ/yr,2045,46.19940729615291,GW2-I,GW2a,GW2,ok
REMIND-MAgPIE 3.2.0-4.8.0,RESCUE-End-of-Century-Budget-1150,1,World,Capacity|Electricity|Solar|PV,GW,2100,80313.3721778,GW4-IIa,GW4,GW4,ok
REMIND-MAgPIE 3.2.0-4.8.0,RESCUE-End-of-Century-Budget-1150,1,World,Capacity|Electricity|Solar|PV,GW,2090,71990.79681629999,GW4-IIa,GW4,GW4,ok
REMIND-MAgPIE 3.2.0-4.8.0,RESCUE-End-of-Century-Budget-1150,1,World,Capacity|Electricity|Solar|PV,GW,2080,63584.1612162,GW4-IIa,GW4,GW4,ok
REMIND-MAgPIE 3.2.0-4.8.0,RESCUE-End-of-Century-Budget-1150,1,World,Capacity|Electricity|Solar|PV,GW,2070,51314.77976139999,GW4-IIa,GW4,GW4,ok
REMIND-MAgPIE 3.2.0-4.8.0,RESCUE-End-of-Century-Budget-1150,1,World,Capacity|Electricity|Solar|PV,GW,2060,38072.51,GW4-IIa,GW4,GW4,ok
REMIND-MAgPIE 3.2.0-4.8.0,RESCUE-End-of-Century-Budget-1150,1,World,Capacity|Electricity|Solar|PV,GW,2055,28402.2575676,GW4-IIa,GW4,GW4,ok
REMIND-MAgPIE 3.2.0-4.8.0,RESCUE-End-of-Century-Budget-1150,1,World,Capacity|Electricity|Solar|PV,GW,2050,22669.6915262,GW4-IIa,GW4,GW4,ok
REMIND-MAgPIE 3.2.0-4.8.0,RESCUE-End-of-Century-Budget-1150,1,World,Capacity|Electricity|Solar|PV,GW,2045,17289.3614537,GW4-IIa,GW4,GW4,ok
REMIND-MAgPIE 3.2.0-4.8.0,RESCUE-End-of-Century-Budget-1150,1,World,Capacity|Electricity|Solar|PV,GW,2040,12000.8221075,GW4-IIa,GW4,GW4,ok
REMIND-MAgPIE 3.2.0-4.8.0,RESCUE-End-of-Century-Budget-1150,1,World,Capacity|Electricity|Solar|PV,GW,2035,7321.4515086,GW4-IIa,GW4,GW4,ok
REMIND-MAgPIE 3.2.0-4.8.0,RESCUE-End-of-Century-Budget-1150,1,World,Capacity|Electricity|Solar|PV,GW,2030,4003.036824,GW4-IIa,GW4,GW4,ok
REMIND-MAgPIE 3.2.0-4.8.0,RESCUE-End-of-Century-Budget-1150,1,World,Capacity|Electricity|Solar|PV,GW,2025,1925.6811056,GW4-IIa,GW4,GW4,ok
REMIND-MAgPIE 3.2.0-4.8.0,RESCUE-End-of-Century-Budget-1150,1,World,Capacity|Electricity|Solar|PV,GW,2020,688.02955,GW4-IIa,GW4,GW4,ok
REMIND-MAgPIE 3.2.0-4.8.0,RESCUE-End-of-Century-Budget-1150,1,World,Capacity|Electricity|Wind,GW,2090,18752.3217333,GW4-IIa,GW4,GW4,ok
REMIND-MAgPIE 3.2.0-4.8.0,RESCUE-End-of-Century-Budget-1150,1,World,Capacity|Electricity|Wind,GW,2080,17092.48019120001,GW4-IIa,GW4,GW4,ok
REMIND-MAgPIE 3.2.0-4.8.0,RESCUE-End-of-Century-Budget-1150,1,World,Capacity|Electricity|Wind,GW,2070,14610.5230986,GW4-IIa,GW4,GW4,ok
REMIND-MAgPIE 3.2.0-4.8.0,RESCUE-End-of-Century-Budget-1150,1,World,Capacity|Electricity|Wind,GW,2060,11086.15,GW4-IIa,GW4,GW4,ok
REMIND-MAgPIE 3.2.0-4.8.0,RESCUE-End-of-Century-Budget-1150,1,World,Capacity|Electricity|Wind,GW,2055,7976.171820600001,GW4-IIa,GW4,GW4,ok
REMIND-MAgPIE 3.2.0-4.8.0,RESCUE-End-of-Century-Budget-1150,1,World,Capacity|Electricity|Wind,GW,2050,6215.3309047,GW4-IIa,GW4,GW4,ok
REMIND-MAgPIE 3.2.0-4.8.0,RESCUE-End-of-Century-Budget-1150,1,World,Capacity|Electricity|Wind,GW,2045,4700.9378695,GW4-IIa,GW4,GW4,ok
REMIND-MAgPIE 3.2.0-4.8.0,RESCUE-End-of-Century-Budget-1150,1,World,Capacity|Electricity|Wind,GW,2100,19780.6377248,GW4-IIa,GW4,GW4,ok
REMIND-MAgPIE 3.2.0-4.8.0,RESCUE-End-of-Century-Budget-1150,1,World,Capacity|Electricity|Wind,GW,2035,2401.6077208,GW4-IIa,GW4,GW4,ok
REMIND-MAgPIE 3.2.0-4.8.0,RESCUE-End-of-Century-Budget-1150,1,World,Capacity|Electricity|Wind,GW,2030,1695.5187832,GW4-IIa,GW4,GW4,ok
REMIND-MAgPIE 3.2.0-4.8.0,RESCUE-End-of-Century-Budget-1150,1,World,Capacity|Electricity|Wind,GW,2025,1175.7947516,GW4-IIa,GW4,GW4,ok
REMIND-MAgPIE 3.2.0-4.8.0,RESCUE-End-of-Century-Budget-1150,1,World,Capacity|Electricity|Wind,GW,2020,700.56327,GW4-IIa,GW4,GW4,ok
REMIND-MAgPIE 3.2.0-4.8.0,RESCUE-End-of-Century-Budget-1150,1,World,Capacity|Electricity|Wind,GW,2040,3392.7511844,GW4-IIa,GW4,GW4,ok
REMIND-MAgPIE 3.2.0-4.8.0,RESCUE-End-of-Century-Budget-1150,1,World,Carbon Capture|Geological Storage|Biomass,Mt CO2/yr,2100,9548.6192008,GW4-IIa,GW4,GW4,ok
REMIND-MAgPIE 3.2.0-4.8.0,RESCUE-End-of-Century-Budget-1150,1,World,Carbon Capture|Geological Storage|Biomass,Mt CO2/yr,2090,7280.3371043,GW4-IIa,GW4,GW4,ok
REMIND-MAgPIE 3.2.0-4.8.0,RESCUE-End-of-Century-Budget-1150,1,World,Carbon Capture|Geological Storage|Biomass,Mt CO2/yr,2080,3867.280271600001,GW4-IIa,GW4,GW4,ok
REMIND-MAgPIE 3.2.0-4.8.0,RESCUE-End-of-Century-Budget-1150,1,World,Carbon Capture|Geological Storage|Biomass,Mt CO2/yr,2070,1781.1954662,GW4-IIa,GW4,GW4,ok
REMIND-MAgPIE 3.2.0-4.8.0,RESCUE-End-of-Century-Budget-1150,1,World,Carbon Capture|Geological Storage|Biomass,Mt CO2/yr,2060,567.2505000000001,GW4-IIa,GW4,GW4,ok
REMIND-MAgPIE 3.2.0-4.8.0,RESCUE-End-of-Century-Budget-1150,1,World,Carbon Capture|Geological Storage|Biomass,Mt CO2/yr,2055,377.1471535,GW4-IIa,GW4,GW4,ok
REMIND-MAgPIE 3.2.0-4.8.0,RESCUE-End-of-Century-Budget-1150,1,World,Carbon Capture|Geological Storage|Biomass,Mt CO2/yr,2050,328.9566313999999,GW4-IIa,GW4,GW4,ok
REMIND-MAgPIE 3.2.0-4.8.0,RESCUE-End-of-Century-Budget-1150,1,World,Carbon Capture|Geological Storage|Biomass,Mt CO2/yr,2045,196.0677594,GW4-IIa,GW4,GW4,ok
REMIND-MAgPIE 3.2.0-4.8.0,RESCUE-End-of-Century-Budget-1150,1,World,Carbon Capture|Geological Storage|Biomass,Mt CO2/yr,2040,91.5922814,GW4-IIa,GW4,GW4,ok
REMIND-MAgPIE 3.2.0-4.8.0,RESCUE-End-of-Century-Budget-1150,1,World,Carbon Capture|Geological Storage|Biomass,Mt CO2/yr,2035,37.18313510000001,GW4-IIa,GW4,GW4,ok
REMIND-MAgPIE 3.2.0-4.8.0,RESCUE-End-of-Century-Budget-1150,1,World,Carbon Capture|Geological Storage|Biomass,Mt CO2/yr,2030,20.6901479,GW4-IIa,GW4,GW4,ok
REMIND-MAgPIE 3.2.0-4.8.0,RESCUE-End-of-Century-Budget-1150,1,World,Carbon Capture|Geological Storage|Biomass,Mt CO2/yr,2025,17.8477691,GW4-IIa,GW4,GW4,ok
REMIND-MAgPIE 3.2.0-4.8.0,RESCUE-End-of-Century-Budget-1150,1,World,Carbon Capture|Geological Storage|Biomass,Mt CO2/yr,2020,0.0,GW4-IIa,GW4,GW4,ok
REMIND-MAgPIE 3.2.0-4.8.0,RESCUE-End-of-Century-Budget-1150,1,World,Carbon Removal|Land Use,Mt CO2/yr,2090,1424.0871,GW4-IIa,GW4,GW4,ok
REMIND-MAgPIE 3.2.0-4.8.0,RESCUE-End-of-Century-Budget-1150,1,World,Carbon Removal|Land Use,Mt CO2/yr,2080,1204.4749,GW4-IIa,GW4,GW4,ok
REMIND-MAgPIE 3.2.0-4.8.0,RESCUE-End-of-Century-Budget-1150,1,World,Carbon Removal|Land Use,Mt CO2/yr,2070,982.1104000000001,GW4-IIa,GW4,GW4,ok
REMIND-MAgPIE 3.2.0-4.8.0,RESCUE-End-of-Century-Budget-1150,1,World,Carbon Removal|Land Use,Mt CO2/yr,2060,771.9337,GW4-IIa,GW4,GW4,ok
REMIND-MAgPIE 3.2.0-4.8.0,RESCUE-End-of-Century-Budget-1150,1,World,Carbon Removal|Land Use,Mt CO2/yr,2055,597.611,GW4-IIa,GW4,GW4,ok
REMIND-MAgPIE 3.2.0-4.8.0,RESCUE-End-of-Century-Budget-1150,1,World,Carbon Removal|Land Use,Mt CO2/yr,2050,470.5802,GW4-IIa,GW4,GW4,ok
REMIND-MAgPIE 3.2.0-4.8.0,RESCUE-End-of-Century-Budget-1150,1,World,Carbon Removal|Land Use,Mt CO2/yr,2045,390.5552,GW4-IIa,GW4,GW4,ok
REMIND-MAgPIE 3.2.0-4.8.0,RESCUE-End-of-Century-Budget-1150,1,World,Carbon Removal|Land Use,Mt CO2/yr,2100,1643.0381,GW4-IIa,GW4,GW4,ok
REMIND-MAgPIE 3.2.0-4.8.0,RESCUE-End-of-Century-Budget-1150,1,World,Carbon Removal|Land Use,Mt CO2/yr,2035,342.3642,GW4-IIa,GW4,GW4,ok
REMIND-MAgPIE 3.2.0-4.8.0,RESCUE-End-of-Century-Budget-1150,1,World,Carbon Removal|Land Use,Mt CO2/yr,2030,345.0144,GW4-IIa,GW4,GW4,ok
REMIND-MAgPIE 3.2.0-4.8.0,RESCUE-End-of-Century-Budget-1150,1,World,Carbon Removal|Land Use,Mt CO2/yr,2025,336.5319,GW4-IIa,GW4,GW4,ok
REMIND-MAgPIE 3.2.0-4.8.0,RESCUE-End-of-Century-Budget-1150,1,World,Carbon Removal|Land Use,Mt CO2/yr,2020,318.7492,GW4-IIa,GW4,GW4,ok
REMIND-MAgPIE 3.2.0-4.8.0,RESCUE-End-of-Century-Budget-1150,1,World,Carbon Removal|Land Use,Mt CO2/yr,2040,351.997,GW4-IIa,GW4,GW4,ok
REMIND-MAgPIE 3.2.0-4.8.0,RESCUE-End-of-Century-Budget-1150,1,World,Emissions|CO2,Mt CO2/yr,2050,20516.1234204,GW4-IIa,GW4,GW4,ok
REMIND-MAgPIE 3.2.0-4.8.0,RESCUE-End-of-Century-Budget-1150,1,World,Emissions|CO2,Mt CO2/yr,2090,-10078.5719931,GW4-IIa,GW4,GW4,ok
REMIND-MAgPIE 3.2.0-4.8.0,RESCUE-End-of-Century-Budget-1150,1,World,Emissions|CO2,Mt CO2/yr,2080,-1832.1485767,GW4-IIa,GW4,GW4,ok
REMIND-MAgPIE 3.2.0-4.8.0,RESCUE-End-of-Century-Budget-1150,1,World,Emissions|CO2,Mt CO2/yr,2070,4596.471722099999,GW4-IIa,GW4,GW4,ok
REMIND-MAgPIE 3.2.0-4.8.0,RESCUE-End-of-Century-Budget-1150,1,World,Emissions|CO2,Mt CO2/yr,2060,12230.44,GW4-IIa,GW4,GW4,ok
REMIND-MAgPIE 3.2.0-4.8.0,RESCUE-End-of-Century-Budget-1150,1,World,Emissions|CO2,Mt CO2/yr,2055,16284.7463216,GW4-IIa,GW4,GW4,ok
REMIND-MAgPIE 3.2.0-4.8.0,RESCUE-End-of-Century-Budget-1150,1,World,Emissions|CO2,Mt CO2/yr,2045,25263.2816233,GW4-IIa,GW4,GW4,ok
REMIND-MAgPIE 3.2.0-4.8.0,RESCUE-End-of-Century-Budget-1150,1,World,Emissions|CO2,Mt CO2/yr,2100,-18386.0950246,GW4-IIa,GW4,GW4,ok
REMIND-MAgPIE 3.2.0-4.8.0,RESCUE-End-of-Century-Budget-1150,1,World,Emissions|CO2,Mt CO2/yr,2035,39899.5417167,GW4-IIa,GW4,GW4,ok
REMIND-MAgPIE 3.2.0-4.8.0,RESCUE-End-of-Century-Budget-1150,1,World,Emissions|CO2,Mt CO2/yr,2030,44173.0846643,GW4-IIa,GW4,GW4,ok
REMIND-MAgPIE 3.2.0-4.8.0,RESCUE-End-of-Century-Budget-1150,1,World,Emissions|CO2,Mt CO2/yr,2025,41954.52423510001,GW4-IIa,GW4,GW4,ok
REMIND-MAgPIE 3.2.0-4.8.0,RESCUE-End-of-Century-Budget-1150,1,World,Emissions|CO2,Mt CO2/yr,2020,42797.7163014,GW4-IIa,GW4,GW4,ok
REMIND-MAgPIE 3.2.0-4.8.0,RESCUE-End-of-Century-Budget-1150,1,World,Emissions|CO2,Mt CO2/yr,2040,31745.60437779999,GW4-IIa,GW4,GW4,ok
REMIND-MAgPIE 3.2.0-4.8.0,RESCUE-End-of-Century-Budget-1150,1,World,Final Energy,EJ/yr,2090,557.7837287000001,GW4-IIa,GW4,GW4,ok
REMIND-MAgPIE 3.2.0-4.8.0,RESCUE-End-of-Century-Budget-1150,1,World,Final Energy,EJ/yr,2080,528.3869347,GW4-IIa,GW4,GW4,ok
REMIND-MAgPIE 3.2.0-4.8.0,RESCUE-End-of-Century-Budget-1150,1,World,Final Energy,EJ/yr,2070,501.589439,GW4-IIa,GW4,GW4,ok
REMIND-MAgPIE 3.2.0-4.8.0,RESCUE-End-of-Century-Budget-1150,1,World,Final Energy,EJ/yr,2060,491.2544,GW4-IIa,GW4,GW4,ok
REMIND-MAgPIE 3.2.0-4.8.0,RESCUE-End-of-Century-Budget-1150,1,World,Final Energy,EJ/yr,2055,477.3112093,GW4-IIa,GW4,GW4,ok
REMIND-MAgPIE 3.2.0-4.8.0,RESCUE-End-of-Century-Budget-1150,1,World,Final Energy,EJ/yr,2050,481.0304664,GW4-IIa,GW4,GW4,ok
REMIND-MAgPIE 3.2.0-4.8.0,RESCUE-End-of-Century-Budget-1150,1,World,Final Energy,EJ/yr,2045,485.5859083,GW4-IIa,GW4,GW4,ok
REMIND-MAgPIE 3.2.0-4.8.0,RESCUE-End-of-Century-Budget-1150,1,World,Final Energy,EJ/yr,2100,589.6276270999998,GW4-IIa,GW4,GW4,ok
REMIND-MAgPIE 3.2.0-4.8.0,RESCUE-End-of-Century-Budget-1150,1,World,Final Energy,EJ/yr,2035,515.7227661,GW4-IIa,GW4,GW4,ok
REMIND-MAgPIE 3.2.0-4.8.0,RESCUE-End-of-Century-Budget-1150,1,World,Final Energy,EJ/yr,2030,504.0982576999999,GW4-IIa,GW4,GW4,ok
REMIND-MAgPIE 3.2.0-4.8.0,RESCUE-End-of-Century-Budget-1150,1,World,Final Energy,EJ/yr,2025,468.0695341,GW4-IIa,GW4,GW4,ok
REMIND-MAgPIE 3.2.0-4.8.0,RESCUE-End-of-Century-Budget-1150,1,World,Final Energy,EJ/yr,2020,437.3065756999999,GW4-IIa,GW4,GW4,ok
REMIND-MAgPIE 3.2.0-4.8.0,RESCUE-End-of-Century-Budget-1150,1,World,Final Energy,EJ/yr,2040,495.4865355999999,GW4-IIa,GW4,GW4,ok
REMIND-MAgPIE 3.2.0-4.8.0,RESCUE-End-of-Century-Budget-1150,1,World,Final Energy|Electricity,EJ/yr,2090,297.5564528,GW4-IIa,GW4,GW4,ok
REMIND-MAgPIE 3.2.0-4.8.0,RESCUE-End-of-Century-Budget-1150,1,World,Final Energy|Electricity,EJ/yr,2080,270.5725855,GW4-IIa,GW4,GW4,ok
REMIND-MAgPIE 3.2.0-4.8.0,RESCUE-End-of-Century-Budget-1150,1,World,Final Energy|Electricity,EJ/yr,2070,238.9775256,GW4-IIa,GW4,GW4,ok
REMIND-MAgPIE 3.2.0-4.8.0,RESCUE-End-of-Century-Budget-1150,1,World,Final Energy|Electricity,EJ/yr,2060,212.3713,GW4-IIa,GW4,GW4,ok
REMIND-MAgPIE 3.2.0-4.8.0,RESCUE-End-of-Century-Budget-1150,1,World,Final Energy|Electricity,EJ/yr,2055,201.5981234,GW4-IIa,GW4,GW4,ok
REMIND-MAgPIE 3.2.0-4.8.0,RESCUE-End-of-Century-Budget-1150,1,World,Final Energy|Electricity,EJ/yr,2050,189.0702765,GW4-IIa,GW4,GW4,ok
REMIND-MAgPIE 3.2.0-4.8.0,RESCUE-End-of-Century-Budget-1150,1,World,Final Energy|Electricity,EJ/yr,2045,169.2332143,GW4-IIa,GW4,GW4,ok
REMIND-MAgPIE 3.2.0-4.8.0,RESCUE-End-of-Century-Budget-1150,1,World,Final Energy|Electricity,EJ/yr,2100,309.8465968,GW4-IIa,GW4,GW4,ok
REMIND-MAgPIE 3.2.0-4.8.0,RESCUE-End-of-Century-Budget-1150,1,World,Final Energy|Electricity,EJ/yr,2035,138.7673666,GW4-IIa,GW4,GW4,ok
REMIND-MAgPIE 3.2.0-4.8.0,RESCUE-End-of-Century-Budget-1150,1,World,Final Energy|Electricity,EJ/yr,2030,116.3877078,GW4-IIa,GW4,GW4,ok
REMIND-MAgPIE 3.2.0-4.8.0,RESCUE-End-of-Century-Budget-1150,1,World,Final Energy|Electricity,EJ/yr,2025,97.85741920000001,GW4-IIa,GW4,GW4,ok
REMIND-MAgPIE 3.2.0-4.8.0,RESCUE-End-of-Century-Budget-1150,1,World,Final Energy|Electricity,EJ/yr,2020,84.86722920000003,GW4-IIa,GW4,GW4,ok
REMIND-MAgPIE 3.2.0-4.8.0,RESCUE-End-of-Century-Budget-1150,1,World,Final Energy|Electricity,EJ/yr,2040,153.0673653,GW4-IIa,GW4,GW4,ok
REMIND-MAgPIE 3.2.0-4.8.0,RESCUE-End-of-Century-Budget-1150,1,World,Food Availability|Crops [per capita],kcal/cap/day,2090,1481.7738,GW4-IIa,GW4,GW4,ok
REMIND-MAgPIE 3.2.0-4.8.0,RESCUE-End-of-Century-Budget-1150,1,World,Food Availability|Crops [per capita],kcal/cap/day,2080,1502.4013,GW4-IIa,GW4,GW4,ok
REMIND-MAgPIE 3.2.0-4.8.0,RESCUE-End-of-Century-Budget-1150,1,World,Food Availability|Crops [per capita],kcal/cap/day,2070,1529.9556,GW4-IIa,GW4,GW4,ok
REMIND-MAgPIE 3.2.0-4.8.0,RESCUE-End-of-Century-Budget-1150,1,World,Food Availability|Crops [per capita],kcal/cap/day,2060,1563.7595,GW4-IIa,GW4,GW4,ok
REMIND-MAgPIE 3.2.0-4.8.0,RESCUE-End-of-Century-Budget-1150,1,World,Food Availability|Crops [per capita],kcal/cap/day,2055,1581.9304,GW4-IIa,GW4,GW4,ok
REMIND-MAgPIE 3.2.0-4.8.0,RESCUE-End-of-Century-Budget-1150,1,World,Food Availability|Crops [per capita],kcal/cap/day,2050,1600.7598,GW4-IIa,GW4,GW4,ok
REMIND-MAgPIE 3.2.0-4.8.0,RESCUE-End-of-Century-Budget-1150,1,World,Food Availability|Crops [per capita],kcal/cap/day,2045,1619.8633,GW4-IIa,GW4,GW4,ok
REMIND-MAgPIE 3.2.0-4.8.0,RESCUE-End-of-Century-Budget-1150,1,World,Food Availability|Crops [per capita],kcal/cap/day,2100,1465.3233,GW4-IIa,GW4,GW4,ok
REMIND-MAgPIE 3.2.0-4.8.0,RESCUE-End-of-Century-Budget-1150,1,World,Food Availability|Crops [per capita],kcal/cap/day,2035,1656.9086,GW4-IIa,GW4,GW4,ok
REMIND-MAgPIE 3.2.0-4.8.0,RESCUE-End-of-Century-Budget-1150,1,World,Food Availability|Crops [per capita],kcal/cap/day,2030,1675.2504,GW4-IIa,GW4,GW4,ok
REMIND-MAgPIE 3.2.0-4.8.0,RESCUE-End-of-Century-Budget-1150,1,World,Food Availability|Crops [per capita],kcal/cap/day,2025,1695.9559,GW4-IIa,GW4,GW4,ok
REMIND-MAgPIE 3.2.0-4.8.0,RESCUE-End-of-Century-Budget-1150,1,World,Food Availability|Crops [per capita],kcal/cap/day,2020,1714.7841,GW4-IIa,GW4,GW4,ok
REMIND-MAgPIE 3.2.0-4.8.0,RESCUE-End-of-Century-Budget-1150,1,World,Food Availability|Crops [per capita],kcal/cap/day,2040,1638.5453,GW4-IIa,GW4,GW4,ok
REMIND-MAgPIE 3.2.0-4.8.0,RESCUE-End-of-Century-Budget-1150,1,World,Food Availability|Livestock [per capita],kcal/cap/day,2090,792.7006,GW4-IIa,GW4,GW4,ok
REMIND-MAgPIE 3.2.0-4.8.0,RESCUE-End-of-Century-Budget-1150,1,World,Food Availability|Livestock [per capita],kcal/cap/day,2080,762.8924,GW4-IIa,GW4,GW4,ok
REMIND-MAgPIE 3.2.0-4.8.0,RESCUE-End-of-Century-Budget-1150,1,World,Food Availability|Livestock [per capita],kcal/cap/day,2070,727.98,GW4-IIa,GW4,GW4,ok
REMIND-MAgPIE 3.2.0-4.8.0,RESCUE-End-of-Century-Budget-1150,1,World,Food Availability|Livestock [per capita],kcal/cap/day,2060,690.2651999999999,GW4-IIa,GW4,GW4,ok
REMIND-MAgPIE 3.2.0-4.8.0,RESCUE-End-of-Century-Budget-1150,1,World,Food Availability|Livestock [per capita],kcal/cap/day,2055,670.3414999999999,GW4-IIa,GW4,GW4,ok
REMIND-MAgPIE 3.2.0-4.8.0,RESCUE-End-of-Century-Budget-1150,1,World,Food Availability|Livestock [per capita],kcal/cap/day,2050,650.6505999999999,GW4-IIa,GW4,GW4,ok
REMIND-MAgPIE 3.2.0-4.8.0,RESCUE-End-of-Century-Budget-1150,1,World,Food Availability|Livestock [per capita],kcal/cap/day,2045,631.2442,GW4-IIa,GW4,GW4,ok
REMIND-MAgPIE 3.2.0-4.8.0,RESCUE-End-of-Century-Budget-1150,1,World,Food Availability|Livestock [per capita],kcal/cap/day,2100,816.4963,GW4-IIa,GW4,GW4,ok
REMIND-MAgPIE 3.2.0-4.8.0,RESCUE-End-of-Century-Budget-1150,1,World,Food Availability|Livestock [per capita],kcal/cap/day,2035,591.4237,GW4-IIa,GW4,GW4,ok
REMIND-MAgPIE 3.2.0-4.8.0,RESCUE-End-of-Century-Budget-1150,1,World,Food Availability|Livestock [per capita],kcal/cap/day,2030,570.4788000000001,GW4-IIa,GW4,GW4,ok
REMIND-MAgPIE 3.2.0-4.8.0,RESCUE-End-of-Century-Budget-1150,1,World,Food Availability|Livestock [per capita],kcal/cap/day,2025,545.933,GW4-IIa,GW4,GW4,ok
REMIND-MAgPIE 3.2.0-4.8.0,RESCUE-End-of-Century-Budget-1150,1,World,Food Availability|Livestock [per capita],kcal/cap/day,2020,522.0784000000001,GW4-IIa,GW4,GW4,ok
REMIND-MAgPIE 3.2.0-4.8.0,RESCUE-End-of-Century-Budget-1150,1,World,Food Availability|Livestock [per capita],kcal/cap/day,2040,611.4604999999999,GW4-IIa,GW4,GW4,ok
REMIND-MAgPIE 3.2.0-4.8.0,RESCUE-End-of-Century-Budget-1150,1,World,GDP|MER,billion USD_2010/yr,2100,325140.749467296,GW4-IIa,GW4,GW4,ok
REMIND-MAgPIE 3.2.0-4.8.0,RESCUE-End-of-Century-Budget-1150,1,World,GDP|MER,billion USD_2010/yr,2090,279674.44801856,GW4-IIa,GW4,GW4,ok
REMIND-MAgPIE 3.2.0-4.8.0,RESCUE-End-of-Century-Budget-1150,1,World,GDP|MER,billion USD_2010/yr,2080,240763.6953764,GW4-IIa,GW4,GW4,ok
REMIND-MAgPIE 3.2.0-4.8.0,RESCUE-End-of-Century-Budget-1150,1,World,GDP|MER,billion USD_2010/yr,2070,204684.343231088,GW4-IIa,GW4,GW4,ok
REMIND-MAgPIE 3.2.0-4.8.0,RESCUE-End-of-Century-Budget-1150,1,World,GDP|MER,billion USD_2010/yr,2060,173429.872,GW4-IIa,GW4,GW4,ok
REMIND-MAgPIE 3.2.0-4.8.0,RESCUE-End-of-Century-Budget-1150,1,World,GDP|MER,billion USD_2010/yr,2055,160543.679264976,GW4-IIa,GW4,GW4,ok
REMIND-MAgPIE 3.2.0-4.8.0,RESCUE-End-of-Century-Budget-1150,1,World,GDP|MER,billion USD_2010/yr,2050,147691.482501808,GW4-IIa,GW4,GW4,ok
REMIND-MAgPIE 3.2.0-4.8.0,RESCUE-End-of-Century-Budget-1150,1,World,GDP|MER,billion USD_2010/yr,2045,135287.300128064,GW4-IIa,GW4,GW4,ok
REMIND-MAgPIE 3.2.0-4.8.0,RESCUE-End-of-Century-Budget-1150,1,World,GDP|MER,billion USD_2010/yr,2035,112520.271512656,GW4-IIa,GW4,GW4,ok
REMIND-MAgPIE 3.2.0-4.8.0,RESCUE-End-of-Century-Budget-1150,1,World,GDP|MER,billion USD_2010/yr,2030,100914.253387472,GW4-IIa,GW4,GW4,ok
REMIND-MAgPIE 3.2.0-4.8.0,RESCUE-End-of-Century-Budget-1150,1,World,GDP|MER,billion USD_2010/yr,2025,89192.88575870401,GW4-IIa,GW4,GW4,ok
REMIND-MAgPIE 3.2.0-4.8.0,RESCUE-End-of-Century-Budget-1150,1,World,GDP|MER,billion USD_2010/yr,2020,78126.446812064,GW4-IIa,GW4,GW4,ok
REMIND-MAgPIE 3.2.0-4.8.0,RESCUE-End-of-Century-Budget-1150,1,World,GDP|MER,billion USD_2010/yr,2040,123460.775210976,GW4-IIa,GW4,GW4,ok
REMIND-MAgPIE 3.2.0-4.8.0,RESCUE-End-of-Century-Budget-1150,1,World,Investment|Energy Supply,billion USD_2010/yr,2100,7178.835375488001,GW4-IIa,GW4,GW4,ok
REMIND-MAgPIE 3.2.0-4.8.0,RESCUE-End-of-Century-Budget-1150,1,World,Investment|Energy Supply,billion USD_2010/yr,2090,6412.321822592,GW4-IIa,GW4,GW4,ok
REMIND-MAgPIE 3.2.0-4.8.0,RESCUE-End-of-Century-Budget-1150,1,World,Investment|Energy Supply,billion USD_2010/yr,2080,5473.347770463999,GW4-IIa,GW4,GW4,ok
REMIND-MAgPIE 3.2.0-4.8.0,RESCUE-End-of-Century-Budget-1150,1,World,Investment|Energy Supply,billion USD_2010/yr,2070,4648.644251104001,GW4-IIa,GW4,GW4,ok
REMIND-MAgPIE 3.2.0-4.8.0,RESCUE-End-of-Century-Budget-1150,1,World,Investment|Energy Supply,billion USD_2010/yr,2060,3550.14912,GW4-IIa,GW4,GW4,ok
REMIND-MAgPIE 3.2.0-4.8.0,RESCUE-End-of-Century-Budget-1150,1,World,Investment|Energy Supply,billion USD_2010/yr,2055,3320.456293616001,GW4-IIa,GW4,GW4,ok
REMIND-MAgPIE 3.2.0-4.8.0,RESCUE-End-of-Century-Budget-1150,1,World,Investment|Energy Supply,billion USD_2010/yr,2050,3075.705808560001,GW4-IIa,GW4,GW4,ok
REMIND-MAgPIE 3.2.0-4.8.0,RESCUE-End-of-Century-Budget-1150,1,World,Investment|Energy Supply,billion USD_2010/yr,2045,2855.316884560001,GW4-IIa,GW4,GW4,ok
REMIND-MAgPIE 3.2.0-4.8.0,RESCUE-End-of-Century-Budget-1150,1,World,Investment|Energy Supply,billion USD_2010/yr,2040,2416.364604416,GW4-IIa,GW4,GW4,ok
REMIND-MAgPIE 3.2.0-4.8.0,RESCUE-End-of-Century-Budget-1150,1,World,Investment|Energy Supply,billion USD_2010/yr,2035,2518.889780064001,GW4-IIa,GW4,GW4,ok
REMIND-MAgPIE 3.2.0-4.8.0,RESCUE-End-of-Century-Budget-1150,1,World,Investment|Energy Supply,billion USD_2010/yr,2030,1917.391357840001,GW4-IIa,GW4,GW4,ok
REMIND-MAgPIE 3.2.0-4.8.0,RESCUE-End-of-Century-Budget-1150,1,World,Investment|Energy Supply,billion USD_2010/yr,2025,1631.831339936,GW4-IIa,GW4,GW4,ok
REMIND-MAgPIE 3.2.0-4.8.0,RESCUE-End-of-Century-Budget-1150,1,World,Investment|Energy Supply,billion USD_2010/yr,2020,1316.258209952,GW4-IIa,GW4,GW4,ok
REMIND-MAgPIE 3.2.0-4.8.0,RESCUE-End-of-Century-Budget-1150,1,World,Land Cover,million ha,2055,12986.3818,GW4-IIa,GW4,GW4,ok
REMIND-MAgPIE 3.2.0-4.8.0,RESCUE-End-of-Century-Budget-1150,1,World,Land Cover,million ha,2100,12986.3818,GW4-IIa,GW4,GW4,ok
REMIND-MAgPIE 3.2.0-4.8.0,RESCUE-End-of-Century-Budget-1150,1,World,Land Cover,million ha,2090,12986.3818,GW4-IIa,GW4,GW4,ok
REMIND-MAgPIE 3.2.0-4.8.0,RESCUE-End-of-Century-Budget-1150,1,World,Land Cover,million ha,2080,12986.3818,GW4-IIa,GW4,GW4,ok
REMIND-MAgPIE 3.2.0-4.8.0,RESCUE-End-of-Century-Budget-1150,1,World,Land Cover,million ha,2070,12986.3818,GW4-IIa,GW4,GW4,ok
REMIND-MAgPIE 3.2.0-4.8.0,RESCUE-End-of-Century-Budget-1150,1,World,Land Cover,million ha,2060,12986.3818,GW4-IIa,GW4,GW4,ok
REMIND-MAgPIE 3.2.0-4.8.0,RESCUE-End-of-Century-Budget-1150,1,World,Land Cover,million ha,2050,12986.3818,GW4-IIa,GW4,GW4,ok
REMIND-MAgPIE 3.2.0-4.8.0,RESCUE-End-of-Century-Budget-1150,1,World,Land Cover,million ha,2045,12986.3818,GW4-IIa,GW4,GW4,ok
REMIND-MAgPIE 3.2.0-4.8.0,RESCUE-End-of-Century-Budget-1150,1,World,Land Cover,million ha,2040,12986.3818,GW4-IIa,GW4,GW4,ok
REMIND-MAgPIE 3.2.0-4.8.0,RESCUE-End-of-Century-Budget-1150,1,World,Land Cover,million ha,2035,12986.3818,GW4-IIa,GW4,GW4,ok
REMIND-MAgPIE 3.2.0-4.8.0,RESCUE-End-of-Century-Budget-1150,1,World,Land Cover,million ha,2030,12986.3818,GW4-IIa,GW4,GW4,ok
REMIND-MAgPIE 3.2.0-4.8.0,RESCUE-End-of-Century-Budget-1150,1,World,Land Cover,million ha,2025,12986.3818,GW4-IIa,GW4,GW4,ok
REMIND-MAgPIE 3.2.0-4.8.0,RESCUE-End-of-Century-Budget-1150,1,World,Land Cover,million ha,2020,12986.3818,GW4-IIa,GW4,GW4,ok
REMIND-MAgPIE 3.2.0-4.8.0,RESCUE-End-of-Century-Budget-1150,1,World,Land Cover|Forest,million ha,2090,4142.048,GW4-IIa,GW4,GW4,ok
REMIND-MAgPIE 3.2.0-4.8.0,RESCUE-End-of-Century-Budget-1150,1,World,Land Cover|Forest,million ha,2080,4098.425,GW4-IIa,GW4,GW4,ok
REMIND-MAgPIE 3.2.0-4.8.0,RESCUE-End-of-Century-Budget-1150,1,World,Land Cover|Forest,million ha,2070,4037.0834,GW4-IIa,GW4,GW4,ok
REMIND-MAgPIE 3.2.0-4.8.0,RESCUE-End-of-Century-Budget-1150,1,World,Land Cover|Forest,million ha,2060,3972.859,GW4-IIa,GW4,GW4,ok
REMIND-MAgPIE 3.2.0-4.8.0,RESCUE-End-of-Century-Budget-1150,1,World,Land Cover|Forest,million ha,2055,3943.9456,GW4-IIa,GW4,GW4,ok
REMIND-MAgPIE 3.2.0-4.8.0,RESCUE-End-of-Century-Budget-1150,1,World,Land Cover|Forest,million ha,2050,3913.1459,GW4-IIa,GW4,GW4,ok
REMIND-MAgPIE 3.2.0-4.8.0,RESCUE-End-of-Century-Budget-1150,1,World,Land Cover|Forest,million ha,2045,3897.6014,GW4-IIa,GW4,GW4,ok
REMIND-MAgPIE 3.2.0-4.8.0,RESCUE-End-of-Century-Budget-1150,1,World,Land Cover|Forest,million ha,2100,4174.407099999999,GW4-IIa,GW4,GW4,ok
REMIND-MAgPIE 3.2.0-4.8.0,RESCUE-End-of-Century-Budget-1150,1,World,Land Cover|Forest,million ha,2035,3879.2079,GW4-IIa,GW4,GW4,ok
REMIND-MAgPIE 3.2.0-4.8.0,RESCUE-End-of-Century-Budget-1150,1,World,Land Cover|Forest,million ha,2030,3883.7781,GW4-IIa,GW4,GW4,ok
REMIND-MAgPIE 3.2.0-4.8.0,RESCUE-End-of-Century-Budget-1150,1,World,Land Cover|Forest,million ha,2025,3892.1441,GW4-IIa,GW4,GW4,ok
REMIND-MAgPIE 3.2.0-4.8.0,RESCUE-End-of-Century-Budget-1150,1,World,Land Cover|Forest,million ha,2020,3903.0742,GW4-IIa,GW4,GW4,ok
REMIND-MAgPIE 3.2.0-4.8.0,RESCUE-End-of-Century-Budget-1150,1,World,Land Cover|Forest,million ha,2040,3878.0229,GW4-IIa,GW4,GW4,ok
REMIND-MAgPIE 3.2.0-4.8.0,RESCUE-End-of-Century-Budget-1150,1,World,Population,million,2090,9558.153312100001,GW4-IIa,GW4,GW4,ok
REMIND-MAgPIE 3.2.0-4.8.0,RESCUE-End-of-Century-Budget-1150,1,World,Population,million,2080,9704.9997312,GW4-IIa,GW4,GW4,ok
REMIND-MAgPIE 3.2.0-4.8.0,RESCUE-End-of-Century-Budget-1150,1,World,Population,million,2070,9750.2188654,GW4-IIa,GW4,GW4,ok
REMIND-MAgPIE 3.2.0-4.8.0,RESCUE-End-of-Century-Budget-1150,1,World,Population,million,2060,9674.384999999998,GW4-IIa,GW4,GW4,ok
REMIND-MAgPIE 3.2.0-4.8.0,RESCUE-End-of-Century-Budget-1150,1,World,Population,million,2055,9582.6817976,GW4-IIa,GW4,GW4,ok
REMIND-MAgPIE 3.2.0-4.8.0,RESCUE-End-of-Century-Budget-1150,1,World,Population,million,2050,9449.376711599998,GW4-IIa,GW4,GW4,ok
REMIND-MAgPIE 3.2.0-4.8.0,RESCUE-End-of-Century-Budget-1150,1,World,Population,million,2045,9272.963936099999,GW4-IIa,GW4,GW4,ok
REMIND-MAgPIE 3.2.0-4.8.0,RESCUE-End-of-Century-Budget-1150,1,World,Population,million,2100,9333.856479899998,GW4-IIa,GW4,GW4,ok
REMIND-MAgPIE 3.2.0-4.8.0,RESCUE-End-of-Century-Budget-1150,1,World,Population,million,2035,8801.503446100003,GW4-IIa,GW4,GW4,ok
REMIND-MAgPIE 3.2.0-4.8.0,RESCUE-End-of-Century-Budget-1150,1,World,Population,million,2030,8510.663531,GW4-IIa,GW4,GW4,ok
REMIND-MAgPIE 3.2.0-4.8.0,RESCUE-End-of-Century-Budget-1150,1,World,Population,million,2025,8175.612958600001,GW4-IIa,GW4,GW4,ok
REMIND-MAgPIE 3.2.0-4.8.0,RESCUE-End-of-Century-Budget-1150,1,World,Population,million,2020,7824.2154039,GW4-IIa,GW4,GW4,ok
REMIND-MAgPIE 3.2.0-4.8.0,RESCUE-End-of-Century-Budget-1150,1,World,Population,million,2040,9055.894914299999,GW4-IIa,GW4,GW4,ok
REMIND-MAgPIE 3.2.0-4.8.0,RESCUE-End-of-Century-Budget-1150,1,World,Price|Secondary Energy|Electricity,USD_2010/GJ,2090,12.520848256,GW4-IIa,GW4,GW4,ok
REMIND-MAgPIE 3.2.0-4.8.0,RESCUE-End-of-Century-Budget-1150,1,World,Price|Secondary Energy|Electricity,USD_2010/GJ,2080,13.16636608,GW4-IIa,GW4,GW4,ok
REMIND-MAgPIE 3.2.0-4.8.0,RESCUE-End-of-Century-Budget-1150,1,World,Price|Secondary Energy|Electricity,USD_2010/GJ,2070,13.397934256,GW4-IIa,GW4,GW4,ok
REMIND-MAgPIE 3.2.0-4.8.0,RESCUE-End-of-Century-Budget-1150,1,World,Price|Secondary Energy|Electricity,USD_2010/GJ,2060,13.4873984,GW4-IIa,GW4,GW4,ok
REMIND-MAgPIE 3.2.0-4.8.0,RESCUE-End-of-Century-Budget-1150,1,World,Price|Secondary Energy|Electricity,USD_2010/GJ,2055,14.110891088,GW4-IIa,GW4,GW4,ok
REMIND-MAgPIE 3.2.0-4.8.0,RESCUE-End-of-Century-Budget-1150,1,World,Price|Secondary Energy|Electricity,USD_2010/GJ,2050,14.413300384,GW4-IIa,GW4,GW4,ok
REMIND-MAgPIE 3.2.0-4.8.0,RESCUE-End-of-Century-Budget-1150,1,World,Price|Secondary Energy|Electricity,USD_2010/GJ,2045,15.086004192,GW4-IIa,GW4,GW4,ok
REMIND-MAgPIE 3.2.0-4.8.0,RESCUE-End-of-Century-Budget-1150,1,World,Price|Secondary Energy|Electricity,USD_2010/GJ,2100,12.411710752,GW4-IIa,GW4,GW4,ok
REMIND-MAgPIE 3.2.0-4.8.0,RESCUE-End-of-Century-Budget-1150,1,World,Price|Secondary Energy|Electricity,USD_2010/GJ,2035,18.554441024,GW4-IIa,GW4,GW4,ok
REMIND-MAgPIE 3.2.0-4.8.0,RESCUE-End-of-Century-Budget-1150,1,World,Price|Secondary Energy|Electricity,USD_2010/GJ,2030,20.1955852,GW4-IIa,GW4,GW4,ok
REMIND-MAgPIE 3.2.0-4.8.0,RESCUE-End-of-Century-Budget-1150,1,World,Price|Secondary Energy|Electricity,USD_2010/GJ,2025,19.554011904,GW4-IIa,GW4,GW4,ok
REMIND-MAgPIE 3.2.0-4.8.0,RESCUE-End-of-Century-Budget-1150,1,World,Price|Secondary Energy|Electricity,USD_2010/GJ,2020,14.384605984,GW4-IIa,GW4,GW4,ok
REMIND-MAgPIE 3.2.0-4.8.0,RESCUE-End-of-Century-Budget-1150,1,World,Price|Secondary Energy|Electricity,USD_2010/GJ,2040,16.67473864,GW4-IIa,GW4,GW4,ok
REMIND-MAgPIE 3.2.0-4.8.0,RESCUE-End-of-Century-Budget-1150,1,World,Primary Energy|Biomass,EJ/yr,2100,239.9734441,GW4-IIa,GW4,GW4,ok
REMIND-MAgPIE 3.2.0-4.8.0,RESCUE-End-of-Century-Budget-1150,1,World,Primary Energy|Biomass,EJ/yr,2090,210.0594243,GW4-IIa,GW4,GW4,ok
REMIND-MAgPIE 3.2.0-4.8.0,RESCUE-End-of-Century-Budget-1150,1,World,Primary Energy|Biomass,EJ/yr,2080,157.0192994,GW4-IIa,GW4,GW4,ok
REMIND-MAgPIE 3.2.0-4.8.0,RESCUE-End-of-Century-Budget-1150,1,World,Primary Energy|Biomass,EJ/yr,2070,108.6411979,GW4-IIa,GW4,GW4,ok
REMIND-MAgPIE 3.2.0-4.8.0,RESCUE-End-of-Century-Budget-1150,1,World,Primary Energy|Biomass,EJ/yr,2060,76.41547,GW4-IIa,GW4,GW4,ok
REMIND-MAgPIE 3.2.0-4.8.0,RESCUE-End-of-Century-Budget-1150,1,World,Primary Energy|Biomass,EJ/yr,2055,58.6317361,GW4-IIa,GW4,GW4,ok
REMIND-MAgPIE 3.2.0-4.8.0,RESCUE-End-of-Century-Budget-1150,1,World,Primary Energy|Biomass,EJ/yr,2050,53.6160373,GW4-IIa,GW4,GW4,ok
REMIND-MAgPIE 3.2.0-4.8.0,RESCUE-End-of-Century-Budget-1150,1,World,Primary Energy|Biomass,EJ/yr,2045,52.6818154,GW4-IIa,GW4,GW4,ok
REMIND-MAgPIE 3.2.0-4.8.0,RESCUE-End-of-Century-Budget-1150,1,World,Primary Energy|Biomass,EJ/yr,2040,51.53591580000001,GW4-IIa,GW4,GW4,ok
REMIND-MAgPIE 3.2.0-4.8.0,RESCUE-End-of-Century-Budget-1150,1,World,Primary Energy|Biomass,EJ/yr,2035,52.7184396,GW4-IIa,GW4,GW4,ok
REMIND-MAgPIE 3.2.0-4.8.0,RESCUE-End-of-Century-Budget-1150,1,World,Primary Energy|Biomass,EJ/yr,2030,55.5232748,GW4-IIa,GW4,GW4,ok
REMIND-MAgPIE 3.2.0-4.8.0,RESCUE-End-of-Century-Budget-1150,1,World,Primary Energy|Biomass,EJ/yr,2025,57.18670830000001,GW4-IIa,GW4,GW4,ok
REMIND-MAgPIE 3.2.0-4.8.0,RESCUE-End-of-Century-Budget-1150,1,World,Primary Energy|Biomass,EJ/yr,2020,53.947308,GW4-IIa,GW4,GW4,ok
REMIND-MAgPIE 3.2.0-4.8.0,RESCUE-End-of-Century-Budget-1150,1,World,Primary Energy|Coal,EJ/yr,2090,4.9920387,GW4-IIa,GW4,GW4,ok
REMIND-MAgPIE 3.2.0-4.8.0,RESCUE-End-of-Century-Budget-1150,1,World,Primary Energy|Coal,EJ/yr,2080,6.5470539,GW4-IIa,GW4,GW4,ok
REMIND-MAgPIE 3.2.0-4.8.0,RESCUE-End-of-Century-Budget-1150,1,World,Primary Energy|Coal,EJ/yr,2070,8.714076299999999,GW4-IIa,GW4,GW4,ok
REMIND-MAgPIE 3.2.0-4.8.0,RESCUE-End-of-Century-Budget-1150,1,World,Primary Energy|Coal,EJ/yr,2060,19.18704,GW4-IIa,GW4,GW4,ok
REMIND-MAgPIE 3.2.0-4.8.0,RESCUE-End-of-Century-Budget-1150,1,World,Primary Energy|Coal,EJ/yr,2055,27.181846,GW4-IIa,GW4,GW4,ok
REMIND-MAgPIE 3.2.0-4.8.0,RESCUE-End-of-Century-Budget-1150,1,World,Primary Energy|Coal,EJ/yr,2050,40.5976706,GW4-IIa,GW4,GW4,ok
REMIND-MAgPIE 3.2.0-4.8.0,RESCUE-End-of-Century-Budget-1150,1,World,Primary Energy|Coal,EJ/yr,2045,62.29931080000001,GW4-IIa,GW4,GW4,ok
REMIND-MAgPIE 3.2.0-4.8.0,RESCUE-End-of-Century-Budget-1150,1,World,Primary Energy|Coal,EJ/yr,2100,3.278765,GW4-IIa,GW4,GW4,ok
REMIND-MAgPIE 3.2.0-4.8.0,RESCUE-End-of-Century-Budget-1150,1,World,Primary Energy|Coal,EJ/yr,2035,157.5571874,GW4-IIa,GW4,GW4,ok
REMIND-MAgPIE 3.2.0-4.8.0,RESCUE-End-of-Century-Budget-1150,1,World,Primary Energy|Coal,EJ/yr,2030,159.4522756,GW4-IIa,GW4,GW4,ok
REMIND-MAgPIE 3.2.0-4.8.0,RESCUE-End-of-Century-Budget-1150,1,World,Primary Energy|Coal,EJ/yr,2025,159.415866,GW4-IIa,GW4,GW4,ok
REMIND-MAgPIE 3.2.0-4.8.0,RESCUE-End-of-Century-Budget-1150,1,World,Primary Energy|Coal,EJ/yr,2020,171.5563077,GW4-IIa,GW4,GW4,ok
REMIND-MAgPIE 3.2.0-4.8.0,RESCUE-End-of-Century-Budget-1150,1,World,Primary Energy|Coal,EJ/yr,2040,101.155773,GW4-IIa,GW4,GW4,ok
REMIND-MAgPIE 3.2.0-4.8.0,RESCUE-End-of-Century-Budget-1150,1,World,Primary Energy|Fossil|w/ CCS,EJ/yr,2100,0.1001542,GW4-IIa,GW4,GW4,ok
REMIND-MAgPIE 3.2.0-4.8.0,RESCUE-End-of-Century-Budget-1150,1,World,Primary Energy|Fossil|w/ CCS,EJ/yr,2090,0.169579,GW4-IIa,GW4,GW4,ok
REMIND-MAgPIE 3.2.0-4.8.0,RESCUE-End-of-Century-Budget-1150,1,World,Primary Energy|Fossil|w/ CCS,EJ/yr,2080,0.244405,GW4-IIa,GW4,GW4,ok
REMIND-MAgPIE 3.2.0-4.8.0,RESCUE-End-of-Century-Budget-1150,1,World,Primary Energy|Fossil|w/ CCS,EJ/yr,2070,0.4136111,GW4-IIa,GW4,GW4,ok
REMIND-MAgPIE 3.2.0-4.8.0,RESCUE-End-of-Century-Budget-1150,1,World,Primary Energy|Fossil|w/ CCS,EJ/yr,2060,0.4176941,GW4-IIa,GW4,GW4,ok
REMIND-MAgPIE 3.2.0-4.8.0,RESCUE-End-of-Century-Budget-1150,1,World,Primary Energy|Fossil|w/ CCS,EJ/yr,2055,0.396389,GW4-IIa,GW4,GW4,ok
REMIND-MAgPIE 3.2.0-4.8.0,RESCUE-End-of-Century-Budget-1150,1,World,Primary Energy|Fossil|w/ CCS,EJ/yr,2050,0.3905463,GW4-IIa,GW4,GW4,ok
REMIND-MAgPIE 3.2.0-4.8.0,RESCUE-End-of-Century-Budget-1150,1,World,Primary Energy|Fossil|w/ CCS,EJ/yr,2045,0.3703102,GW4-IIa,GW4,GW4,ok
REMIND-MAgPIE 3.2.0-4.8.0,RESCUE-End-of-Century-Budget-1150,1,World,Primary Energy|Fossil|w/ CCS,EJ/yr,2035,0.2551442,GW4-IIa,GW4,GW4,ok
REMIND-MAgPIE 3.2.0-4.8.0,RESCUE-End-of-Century-Budget-1150,1,World,Primary Energy|Fossil|w/ CCS,EJ/yr,2030,0.08264250000000001,GW4-IIa,GW4,GW4,ok
REMIND-MAgPIE 3.2.0-4.8.0,RESCUE-End-of-Century-Budget-1150,1,World,Primary Energy|Fossil|w/ CCS,EJ/yr,2025,0.0167264,GW4-IIa,GW4,GW4,ok
REMIND-MAgPIE 3.2.0-4.8.0,RESCUE-End-of-Century-Budget-1150,1,World,Primary Energy|Fossil|w/ CCS,EJ/yr,2020,0.0,GW4-IIa,GW4,GW4,ok
REMIND-MAgPIE 3.2.0-4.8.0,RESCUE-End-of-Century-Budget-1150,1,World,Primary Energy|Fossil|w/ CCS,EJ/yr,2040,0.3326229,GW4-IIa,GW4,GW4,ok
REMIND-MAgPIE 3.2.0-4.8.0,RESCUE-End-of-Century-Budget-1150,1,World,Primary Energy|Fossil|w/o CCS,EJ/yr,2050,291.4492515,GW4-IIa,GW4,GW4,ok
REMIND-MAgPIE 3.2.0-4.8.0,RESCUE-End-of-Century-Budget-1150,1,World,Primary Energy|Fossil|w/o CCS,EJ/yr,2090,23.0021606,GW4-IIa,GW4,GW4,ok
REMIND-MAgPIE 3.2.0-4.8.0,RESCUE-End-of-Century-Budget-1150,1,World,Primary Energy|Fossil|w/o CCS,EJ/yr,2080,59.3321065,GW4-IIa,GW4,GW4,ok
REMIND-MAgPIE 3.2.0-4.8.0,RESCUE-End-of-Century-Budget-1150,1,World,Primary Energy|Fossil|w/o CCS,EJ/yr,2070,113.1506125,GW4-IIa,GW4,GW4,ok
REMIND-MAgPIE 3.2.0-4.8.0,RESCUE-End-of-Century-Budget-1150,1,World,Primary Energy|Fossil|w/o CCS,EJ/yr,2060,189.7401,GW4-IIa,GW4,GW4,ok
REMIND-MAgPIE 3.2.0-4.8.0,RESCUE-End-of-Century-Budget-1150,1,World,Primary Energy|Fossil|w/o CCS,EJ/yr,2055,242.2149188,GW4-IIa,GW4,GW4,ok
REMIND-MAgPIE 3.2.0-4.8.0,RESCUE-End-of-Century-Budget-1150,1,World,Primary Energy|Fossil|w/o CCS,EJ/yr,2045,349.069206,GW4-IIa,GW4,GW4,ok
REMIND-MAgPIE 3.2.0-4.8.0,RESCUE-End-of-Century-Budget-1150,1,World,Primary Energy|Fossil|w/o CCS,EJ/yr,2100,8.8811205,GW4-IIa,GW4,GW4,ok
REMIND-MAgPIE 3.2.0-4.8.0,RESCUE-End-of-Century-Budget-1150,1,World,Primary Energy|Fossil|w/o CCS,EJ/yr,2035,506.6262814,GW4-IIa,GW4,GW4,ok
REMIND-MAgPIE 3.2.0-4.8.0,RESCUE-End-of-Century-Budget-1150,1,World,Primary Energy|Fossil|w/o CCS,EJ/yr,2040,423.262638,GW4-IIa,GW4,GW4,ok
REMIND-MAgPIE 3.2.0-4.8.0,RESCUE-End-of-Century-Budget-1150,1,World,Primary Energy|Fossil|w/o CCS,EJ/yr,2025,507.9161905999999,GW4-IIa,GW4,GW4,ok
REMIND-MAgPIE 3.2.0-4.8.0,RESCUE-End-of-Century-Budget-1150,1,World,Primary Energy|Fossil|w/o CCS,EJ/yr,2030,525.1710224,GW4-IIa,GW4,GW4,ok
REMIND-MAgPIE 3.2.0-4.8.0,RESCUE-End-of-Century-Budget-1150,1,World,Primary Energy|Fossil|w/o CCS,EJ/yr,2020,500.5263259999999,GW4-IIa,GW4,GW4,ok
REMIND-MAgPIE 3.2.0-4.8.0,RESCUE-End-of-Century-Budget-1150,1,World,Primary Energy|Gas,EJ/yr,2090,13.3988344,GW4-IIa,GW4,GW4,ok
REMIND-MAgPIE 3.2.0-4.8.0,RESCUE-End-of-Century-Budget-1150,1,World,Primary Energy|Gas,EJ/yr,2080,23.0568515,GW4-IIa,GW4,GW4,ok
REMIND-MAgPIE 3.2.0-4.8.0,RESCUE-End-of-Century-Budget-1150,1,World,Primary Energy|Gas,EJ/yr,2070,38.0406395,GW4-IIa,GW4,GW4,ok
REMIND-MAgPIE 3.2.0-4.8.0,RESCUE-End-of-Century-Budget-1150,1,World,Primary Energy|Gas,EJ/yr,2060,56.51364,GW4-IIa,GW4,GW4,ok
REMIND-MAgPIE 3.2.0-4.8.0,RESCUE-End-of-Century-Budget-1150,1,World,Primary Energy|Gas,EJ/yr,2055,71.3991795,GW4-IIa,GW4,GW4,ok
REMIND-MAgPIE 3.2.0-4.8.0,RESCUE-End-of-Century-Budget-1150,1,World,Primary Energy|Gas,EJ/yr,2050,87.37248019999998,GW4-IIa,GW4,GW4,ok
REMIND-MAgPIE 3.2.0-4.8.0,RESCUE-End-of-Century-Budget-1150,1,World,Primary Energy|Gas,EJ/yr,2045,108.2508595,GW4-IIa,GW4,GW4,ok
REMIND-MAgPIE 3.2.0-4.8.0,RESCUE-End-of-Century-Budget-1150,1,World,Primary Energy|Gas,EJ/yr,2100,5.702485199999999,GW4-IIa,GW4,GW4,ok
REMIND-MAgPIE 3.2.0-4.8.0,RESCUE-End-of-Century-Budget-1150,1,World,Primary Energy|Gas,EJ/yr,2035,149.8939391,GW4-IIa,GW4,GW4,ok
REMIND-MAgPIE 3.2.0-4.8.0,RESCUE-End-of-Century-Budget-1150,1,World,Primary Energy|Gas,EJ/yr,2030,150.6493352,GW4-IIa,GW4,GW4,ok
REMIND-MAgPIE 3.2.0-4.8.0,RESCUE-End-of-Century-Budget-1150,1,World,Primary Energy|Gas,EJ/yr,2025,143.9461122,GW4-IIa,GW4,GW4,ok
REMIND-MAgPIE 3.2.0-4.8.0,RESCUE-End-of-Century-Budget-1150,1,World,Primary Energy|Gas,EJ/yr,2020,137.5615439,GW4-IIa,GW4,GW4,ok
REMIND-MAgPIE 3.2.0-4.8.0,RESCUE-End-of-Century-Budget-1150,1,World,Primary Energy|Gas,EJ/yr,2040,131.7159095,GW4-IIa,GW4,GW4,ok
REMIND-MAgPIE 3.2.0-4.8.0,RESCUE-End-of-Century-Budget-1150,1,World,Primary Energy|Non-Biomass Renewables,EJ/yr,2090,622.720326,GW4-IIa,GW4,GW4,ok
REMIND-MAgPIE 3.2.0-4.8.0,RESCUE-End-of-Century-Budget-1150,1,World,Primary Energy|Non-Biomass Renewables,EJ/yr,2080,564.720116,GW4-IIa,GW4,GW4,ok
REMIND-MAgPIE 3.2.0-4.8.0,RESCUE-End-of-Century-Budget-1150,1,World,Primary Energy|Non-Biomass Renewables,EJ/yr,2070,476.3878272,GW4-IIa,GW4,GW4,ok
REMIND-MAgPIE 3.2.0-4.8.0,RESCUE-End-of-Century-Budget-1150,1,World,Primary Energy|Non-Biomass Renewables,EJ/yr,2060,369.0218,GW4-IIa,GW4,GW4,ok
REMIND-MAgPIE 3.2.0-4.8.0,RESCUE-End-of-Century-Budget-1150,1,World,Primary Energy|Non-Biomass Renewables,EJ/yr,2055,280.4219061999999,GW4-IIa,GW4,GW4,ok
REMIND-MAgPIE 3.2.0-4.8.0,RESCUE-End-of-Century-Budget-1150,1,World,Primary Energy|Non-Biomass Renewables,EJ/yr,2050,227.0880042,GW4-IIa,GW4,GW4,ok
REMIND-MAgPIE 3.2.0-4.8.0,RESCUE-End-of-Century-Budget-1150,1,World,Primary Energy|Non-Biomass Renewables,EJ/yr,2045,178.3395032,GW4-IIa,GW4,GW4,ok
REMIND-MAgPIE 3.2.0-4.8.0,RESCUE-End-of-Century-Budget-1150,1,World,Primary Energy|Non-Biomass Renewables,EJ/yr,2100,670.8061178999999,GW4-IIa,GW4,GW4,ok
REMIND-MAgPIE 3.2.0-4.8.0,RESCUE-End-of-Century-Budget-1150,1,World,Primary Energy|Non-Biomass Renewables,EJ/yr,2035,93.1006498,GW4-IIa,GW4,GW4,ok
REMIND-MAgPIE 3.2.0-4.8.0,RESCUE-End-of-Century-Budget-1150,1,World,Primary Energy|Non-Biomass Renewables,EJ/yr,2030,63.46231320000001,GW4-IIa,GW4,GW4,ok
REMIND-MAgPIE 3.2.0-4.8.0,RESCUE-End-of-Century-Budget-1150,1,World,Primary Energy|Non-Biomass Renewables,EJ/yr,2025,42.8511349,GW4-IIa,GW4,GW4,ok
REMIND-MAgPIE 3.2.0-4.8.0,RESCUE-End-of-Century-Budget-1150,1,World,Primary Energy|Non-Biomass Renewables,EJ/yr,2020,27.689648,GW4-IIa,GW4,GW4,ok
REMIND-MAgPIE 3.2.0-4.8.0,RESCUE-End-of-Century-Budget-1150,1,World,Primary Energy|Non-Biomass Renewables,EJ/yr,2040,132.3743143,GW4-IIa,GW4,GW4,ok
REMIND-MAgPIE 3.2.0-4.8.0,RESCUE-End-of-Century-Budget-1150,1,World,Primary Energy|Nuclear,EJ/yr,2090,1.6590174,GW4-IIa,GW4,GW4,ok
REMIND-MAgPIE 3.2.0-4.8.0,RESCUE-End-of-Century-Budget-1150,1,World,Primary Energy|Nuclear,EJ/yr,2080,3.3854008,GW4-IIa,GW4,GW4,ok
REMIND-MAgPIE 3.2.0-4.8.0,RESCUE-End-of-Century-Budget-1150,1,World,Primary Energy|Nuclear,EJ/yr,2070,5.1918009,GW4-IIa,GW4,GW4,ok
REMIND-MAgPIE 3.2.0-4.8.0,RESCUE-End-of-Century-Budget-1150,1,World,Primary Energy|Nuclear,EJ/yr,2060,6.459770000000001,GW4-IIa,GW4,GW4,ok
REMIND-MAgPIE 3.2.0-4.8.0,RESCUE-End-of-Century-Budget-1150,1,World,Primary Energy|Nuclear,EJ/yr,2055,6.965876799999999,GW4-IIa,GW4,GW4,ok
REMIND-MAgPIE 3.2.0-4.8.0,RESCUE-End-of-Century-Budget-1150,1,World,Primary Energy|Nuclear,EJ/yr,2050,7.538442000000001,GW4-IIa,GW4,GW4,ok
REMIND-MAgPIE 3.2.0-4.8.0,RESCUE-End-of-Century-Budget-1150,1,World,Primary Energy|Nuclear,EJ/yr,2045,8.258763899999998,GW4-IIa,GW4,GW4,ok
REMIND-MAgPIE 3.2.0-4.8.0,RESCUE-End-of-Century-Budget-1150,1,World,Primary Energy|Nuclear,EJ/yr,2100,0.5646144000000001,GW4-IIa,GW4,GW4,ok
REMIND-MAgPIE 3.2.0-4.8.0,RESCUE-End-of-Century-Budget-1150,1,World,Primary Energy|Nuclear,EJ/yr,2035,9.7978465,GW4-IIa,GW4,GW4,ok
REMIND-MAgPIE 3.2.0-4.8.0,RESCUE-End-of-Century-Budget-1150,1,World,Primary Energy|Nuclear,EJ/yr,2030,10.0140744,GW4-IIa,GW4,GW4,ok
REMIND-MAgPIE 3.2.0-4.8.0,RESCUE-End-of-Century-Budget-1150,1,World,Primary Energy|Nuclear,EJ/yr,2025,9.9675581,GW4-IIa,GW4,GW4,ok
REMIND-MAgPIE 3.2.0-4.8.0,RESCUE-End-of-Century-Budget-1150,1,World,Primary Energy|Nuclear,EJ/yr,2020,9.4700108,GW4-IIa,GW4,GW4,ok
REMIND-MAgPIE 3.2.0-4.8.0,RESCUE-End-of-Century-Budget-1150,1,World,Primary Energy|Nuclear,EJ/yr,2040,9.124720599999998,GW4-IIa,GW4,GW4,ok
REMIND-MAgPIE 3.2.0-4.8.0,RESCUE-End-of-Century-Budget-1150,1,World,Primary Energy|Oil,EJ/yr,2100,2.450000000000001e-05,GW4-IIa,GW4,GW4,ok
REMIND-MAgPIE 3.2.0-4.8.0,RESCUE-End-of-Century-Budget-1150,1,World,Primary Energy|Oil,EJ/yr,2090,4.7808665,GW4-IIa,GW4,GW4,ok
REMIND-MAgPIE 3.2.0-4.8.0,RESCUE-End-of-Century-Budget-1150,1,World,Primary Energy|Oil,EJ/yr,2080,29.972606,GW4-IIa,GW4,GW4,ok
REMIND-MAgPIE 3.2.0-4.8.0,RESCUE-End-of-Century-Budget-1150,1,World,Primary Energy|Oil,EJ/yr,2070,66.80950779999999,GW4-IIa,GW4,GW4,ok
REMIND-MAgPIE 3.2.0-4.8.0,RESCUE-End-of-Century-Budget-1150,1,World,Primary Energy|Oil,EJ/yr,2060,114.4572,GW4-IIa,GW4,GW4,ok
REMIND-MAgPIE 3.2.0-4.8.0,RESCUE-End-of-Century-Budget-1150,1,World,Primary Energy|Oil,EJ/yr,2055,144.0302824,GW4-IIa,GW4,GW4,ok
REMIND-MAgPIE 3.2.0-4.8.0,RESCUE-End-of-Century-Budget-1150,1,World,Primary Energy|Oil,EJ/yr,2050,163.869647,GW4-IIa,GW4,GW4,ok
REMIND-MAgPIE 3.2.0-4.8.0,RESCUE-End-of-Century-Budget-1150,1,World,Primary Energy|Oil,EJ/yr,2045,178.8893458,GW4-IIa,GW4,GW4,ok
REMIND-MAgPIE 3.2.0-4.8.0,RESCUE-End-of-Century-Budget-1150,1,World,Primary Energy|Oil,EJ/yr,2035,199.4302991,GW4-IIa,GW4,GW4,ok
REMIND-MAgPIE 3.2.0-4.8.0,RESCUE-End-of-Century-Budget-1150,1,World,Primary Energy|Oil,EJ/yr,2030,215.1520541,GW4-IIa,GW4,GW4,ok
REMIND-MAgPIE 3.2.0-4.8.0,RESCUE-End-of-Century-Budget-1150,1,World,Primary Energy|Oil,EJ/yr,2025,204.5709388,GW4-IIa,GW4,GW4,ok
REMIND-MAgPIE 3.2.0-4.8.0,RESCUE-End-of-Century-Budget-1150,1,World,Primary Energy|Oil,EJ/yr,2020,191.4084744,GW4-IIa,GW4,GW4,ok
REMIND-MAgPIE 3.2.0-4.8.0,RESCUE-End-of-Century-Budget-1150,1,World,Primary Energy|Oil,EJ/yr,2040,190.7235784,GW4-IIa,GW4,GW4,ok
REMIND-MAgPIE 3.2.0-4.8.0,RESCUE-End-of-Century-Budget-1150-with-OAE,1,World,Capacity|Electricity|Solar|PV,GW,2100,87300.1022107,GW4-IIa,GW4,GW4,ok
REMIND-MAgPIE 3.2.0-4.8.0,RESCUE-End-of-Century-Budget-1150-with-OAE,1,World,Capacity|Electricity|Solar|PV,GW,2090,77433.0962287,GW4-IIa,GW4,GW4,ok
REMIND-MAgPIE 3.2.0-4.8.0,RESCUE-End-of-Century-Budget-1150-with-OAE,1,World,Capacity|Electricity|Solar|PV,GW,2080,66307.72818620001,GW4-IIa,GW4,GW4,ok
REMIND-MAgPIE 3.2.0-4.8.0,RESCUE-End-of-Century-Budget-1150-with-OAE,1,World,Capacity|Electricity|Solar|PV,GW,2070,52689.9318423,GW4-IIa,GW4,GW4,ok
REMIND-MAgPIE 3.2.0-4.8.0,RESCUE-End-of-Century-Budget-1150-with-OAE,1,World,Capacity|Electricity|Solar|PV,GW,2060,38836.95892440001,GW4-IIa,GW4,GW4,ok
REMIND-MAgPIE 3.2.0-4.8.0,RESCUE-End-of-Century-Budget-1150-with-OAE,1,World,Capacity|Electricity|Solar|PV,GW,2055,28877.5100576,GW4-IIa,GW4,GW4,ok
REMIND-MAgPIE 3.2.0-4.8.0,RESCUE-End-of-Century-Budget-1150-with-OAE,1,World,Capacity|Electricity|Solar|PV,GW,2050,22997.1550784,GW4-IIa,GW4,GW4,ok
REMIND-MAgPIE 3.2.0-4.8.0,RESCUE-End-of-Century-Budget-1150-with-OAE,1,World,Capacity|Electricity|Solar|PV,GW,2045,17497.5128322,GW4-IIa,GW4,GW4,ok
REMIND-MAgPIE 3.2.0-4.8.0,RESCUE-End-of-Century-Budget-1150-with-OAE,1,World,Capacity|Electricity|Solar|PV,GW,2040,12106.8134138,GW4-IIa,GW4,GW4,ok
REMIND-MAgPIE 3.2.0-4.8.0,RESCUE-End-of-Century-Budget-1150-with-OAE,1,World,Capacity|Electricity|Solar|PV,GW,2035,7344.600924400002,GW4-IIa,GW4,GW4,ok
REMIND-MAgPIE 3.2.0-4.8.0,RESCUE-End-of-Century-Budget-1150-with-OAE,1,World,Capacity|Electricity|Solar|PV,GW,2030,4003.036824,GW4-IIa,GW4,GW4,ok
REMIND-MAgPIE 3.2.0-4.8.0,RESCUE-End-of-Century-Budget-1150-with-OAE,1,World,Capacity|Electricity|Solar|PV,GW,2025,1925.6811056,GW4-IIa,GW4,GW4,ok
REMIND-MAgPIE 3.2.0-4.8.0,RESCUE-End-of-Century-Budget-1150-with-OAE,1,World,Capacity|Electricity|Solar|PV,GW,2020,688.02955,GW4-IIa,GW4,GW4,ok
REMIND-MAgPIE 3.2.0-4.8.0,RESCUE-End-of-Century-Budget-1150-with-OAE,1,World,Capacity|Electricity|Wind,GW,2090,19990.9842502,GW4-IIa,GW4,GW4,ok
REMIND-MAgPIE 3.2.0-4.8.0,RESCUE-End-of-Century-Budget-1150-with-OAE,1,World,Capacity|Electricity|Wind,GW,2080,17714.5380082,GW4-IIa,GW4,GW4,ok
REMIND-MAgPIE 3.2.0-4.8.0,RESCUE-End-of-Century-Budget-1150-with-OAE,1,World,Capacity|Electricity|Wind,GW,2070,14863.9311154,GW4-IIa,GW4,GW4,ok
REMIND-MAgPIE 3.2.0-4.8.0,RESCUE-End-of-Century-Budget-1150-with-OAE,1,World,Capacity|Electricity|Wind,GW,2060,11156.1357267,GW4-IIa,GW4,GW4,ok
REMIND-MAgPIE 3.2.0-4.8.0,RESCUE-End-of-Century-Budget-1150-with-OAE,1,World,Capacity|Electricity|Wind,GW,2055,7991.452356,GW4-IIa,GW4,GW4,ok
REMIND-MAgPIE 3.2.0-4.8.0,RESCUE-End-of-Century-Budget-1150-with-OAE,1,World,Capacity|Electricity|Wind,GW,2050,6207.4932061,GW4-IIa,GW4,GW4,ok
REMIND-MAgPIE 3.2.0-4.8.0,RESCUE-End-of-Century-Budget-1150-with-OAE,1,World,Capacity|Electricity|Wind,GW,2045,4683.3361129,GW4-IIa,GW4,GW4,ok
REMIND-MAgPIE 3.2.0-4.8.0,RESCUE-End-of-Century-Budget-1150-with-OAE,1,World,Capacity|Electricity|Wind,GW,2100,21137.7937639,GW4-IIa,GW4,GW4,ok
REMIND-MAgPIE 3.2.0-4.8.0,RESCUE-End-of-Century-Budget-1150-with-OAE,1,World,Capacity|Electricity|Wind,GW,2035,2395.854125,GW4-IIa,GW4,GW4,ok
REMIND-MAgPIE 3.2.0-4.8.0,RESCUE-End-of-Century-Budget-1150-with-OAE,1,World,Capacity|Electricity|Wind,GW,2030,1695.5187832,GW4-IIa,GW4,GW4,ok
REMIND-MAgPIE 3.2.0-4.8.0,RESCUE-End-of-Century-Budget-1150-with-OAE,1,World,Capacity|Electricity|Wind,GW,2025,1175.7947516,GW4-IIa,GW4,GW4,ok
REMIND-MAgPIE 3.2.0-4.8.0,RESCUE-End-of-Century-Budget-1150-with-OAE,1,World,Capacity|Electricity|Wind,GW,2020,700.56327,GW4-IIa,GW4,GW4,ok
REMIND-MAgPIE 3.2.0-4.8.0,RESCUE-End-of-Century-Budget-1150-with-OAE,1,World,Capacity|Electricity|Wind,GW,2040,3378.447048,GW4-IIa,GW4,GW4,ok
REMIND-MAgPIE 3.2.0-4.8.0,RESCUE-End-of-Century-Budget-1150-with-OAE,1,World,Carbon Capture|Geological Storage|Biomass,Mt CO2/yr,2100,8391.1890143,GW4-IIa,GW4,GW4,ok
REMIND-MAgPIE 3.2.0-4.8.0,RESCUE-End-of-Century-Budget-1150-with-OAE,1,World,Carbon Capture|Geological Storage|Biomass,Mt CO2/yr,2090,6609.563944699999,GW4-IIa,GW4,GW4,ok
REMIND-MAgPIE 3.2.0-4.8.0,RESCUE-End-of-Century-Budget-1150-with-OAE,1,World,Carbon Capture|Geological Storage|Biomass,Mt CO2/yr,2080,3418.882903,GW4-IIa,GW4,GW4,ok
REMIND-MAgPIE 3.2.0-4.8.0,RESCUE-End-of-Century-Budget-1150-with-OAE,1,World,Carbon Capture|Geological Storage|Biomass,Mt CO2/yr,2070,1478.155451,GW4-IIa,GW4,GW4,ok
REMIND-MAgPIE 3.2.0-4.8.0,RESCUE-End-of-Century-Budget-1150-with-OAE,1,World,Carbon Capture|Geological Storage|Biomass,Mt CO2/yr,2060,458.8589661,GW4-IIa,GW4,GW4,ok
REMIND-MAgPIE 3.2.0-4.8.0,RESCUE-End-of-Century-Budget-1150-with-OAE,1,World,Carbon Capture|Geological Storage|Biomass,Mt CO2/yr,2055,321.2321059999999,GW4-IIa,GW4,GW4,ok
REMIND-MAgPIE 3.2.0-4.8.0,RESCUE-End-of-Century-Budget-1150-with-OAE,1,World,Carbon Capture|Geological Storage|Biomass,Mt CO2/yr,2050,305.5338081,GW4-IIa,GW4,GW4,ok
REMIND-MAgPIE 3.2.0-4.8.0,RESCUE-End-of-Century-Budget-1150-with-OAE,1,World,Carbon Capture|Geological Storage|Biomass,Mt CO2/yr,2045,188.0508195,GW4-IIa,GW4,GW4,ok
REMIND-MAgPIE 3.2.0-4.8.0,RESCUE-End-of-Century-Budget-1150-with-OAE,1,World,Carbon Capture|Geological Storage|Biomass,Mt CO2/yr,2040,88.74625160000002,GW4-IIa,GW4,GW4,ok
REMIND-MAgPIE 3.2.0-4.8.0,RESCUE-End-of-Century-Budget-1150-with-OAE,1,World,Carbon Capture|Geological Storage|Biomass,Mt CO2/yr,2035,36.4765445,GW4-IIa,GW4,GW4,ok
REMIND-MAgPIE 3.2.0-4.8.0,RESCUE-End-of-Century-Budget-1150-with-OAE,1,World,Carbon Capture|Geological Storage|Biomass,Mt CO2/yr,2030,20.6901479,GW4-IIa,GW4,GW4,ok
REMIND-MAgPIE 3.2.0-4.8.0,RESCUE-End-of-Century-Budget-1150-with-OAE,1,World,Carbon Capture|Geological Storage|Biomass,Mt CO2/yr,2025,17.8477691,GW4-IIa,GW4,GW4,ok
REMIND-MAgPIE 3.2.0-4.8.0,RESCUE-End-of-Century-Budget-1150-with-OAE,1,World,Carbon Capture|Geological Storage|Biomass,Mt CO2/yr,2020,0.0,GW4-IIa,GW4,GW4,ok
REMIND-MAgPIE 3.2.0-4.8.0,RESCUE-End-of-Century-Budget-1150-with-OAE,1,World,Carbon Removal|Land Use,Mt CO2/yr,2090,1437.5401,GW4-IIa,GW4,GW4,ok
REMIND-MAgPIE 3.2.0-4.8.0,RESCUE-End-of-Century-Budget-1150-with-OAE,1,World,Carbon Removal|Land Use,Mt CO2/yr,2080,1206.7148,GW4-IIa,GW4,GW4,ok
REMIND-MAgPIE 3.2.0-4.8.0,RESCUE-End-of-Century-Budget-1150-with-OAE,1,World,Carbon Removal|Land Use,Mt CO2/yr,2070,970.1438999999999,GW4-IIa,GW4,GW4,ok
REMIND-MAgPIE 3.2.0-4.8.0,RESCUE-End-of-Century-Budget-1150-with-OAE,1,World,Carbon Removal|Land Use,Mt CO2/yr,2060,753.3029,GW4-IIa,GW4,GW4,ok
REMIND-MAgPIE 3.2.0-4.8.0,RESCUE-End-of-Century-Budget-1150-with-OAE,1,World,Carbon Removal|Land Use,Mt CO2/yr,2055,581.0707,GW4-IIa,GW4,GW4,ok
REMIND-MAgPIE 3.2.0-4.8.0,RESCUE-End-of-Century-Budget-1150-with-OAE,1,World,Carbon Removal|Land Use,Mt CO2/yr,2050,459.7852,GW4-IIa,GW4,GW4,ok
REMIND-MAgPIE 3.2.0-4.8.0,RESCUE-End-of-Century-Budget-1150-with-OAE,1,World,Carbon Removal|Land Use,Mt CO2/yr,2045,384.7806,GW4-IIa,GW4,GW4,ok
REMIND-MAgPIE 3.2.0-4.8.0,RESCUE-End-of-Century-Budget-1150-with-OAE,1,World,Carbon Removal|Land Use,Mt CO2/yr,2100,1654.9912,GW4-IIa,GW4,GW4,ok
REMIND-MAgPIE 3.2.0-4.8.0,RESCUE-End-of-Century-Budget-1150-with-OAE,1,World,Carbon Removal|Land Use,Mt CO2/yr,2035,341.3911,GW4-IIa,GW4,GW4,ok
REMIND-MAgPIE 3.2.0-4.8.0,RESCUE-End-of-Century-Budget-1150-with-OAE,1,World,Carbon Removal|Land Use,Mt CO2/yr,2030,344.7853,GW4-IIa,GW4,GW4,ok
REMIND-MAgPIE 3.2.0-4.8.0,RESCUE-End-of-Century-Budget-1150-with-OAE,1,World,Carbon Removal|Land Use,Mt CO2/yr,2025,336.5319,GW4-IIa,GW4,GW4,ok
REMIND-MAgPIE 3.2.0-4.8.0,RESCUE-End-of-Century-Budget-1150-with-OAE,1,World,Carbon Removal|Land Use,Mt CO2/yr,2020,318.7492,GW4-IIa,GW4,GW4,ok
REMIND-MAgPIE 3.2.0-4.8.0,RESCUE-End-of-Century-Budget-1150-with-OAE,1,World,Carbon Removal|Land Use,Mt CO2/yr,2040,349.3416999999999,GW4-IIa,GW4,GW4,ok
REMIND-MAgPIE 3.2.0-4.8.0,RESCUE-End-of-Century-Budget-1150-with-OAE,1,World,Emissions|CO2,Mt CO2/yr,2050,20702.0774374,GW4-IIa,GW4,GW4,ok
REMIND-MAgPIE 3.2.0-4.8.0,RESCUE-End-of-Century-Budget-1150-with-OAE,1,World,Emissions|CO2,Mt CO2/yr,2090,-11084.8244589,GW4-IIa,GW4,GW4,ok
REMIND-MAgPIE 3.2.0-4.8.0,RESCUE-End-of-Century-Budget-1150-with-OAE,1,World,Emissions|CO2,Mt CO2/yr,2080,-1504.8480847,GW4-IIa,GW4,GW4,ok
REMIND-MAgPIE 3.2.0-4.8.0,RESCUE-End-of-Century-Budget-1150-with-OAE,1,World,Emissions|CO2,Mt CO2/yr,2070,5042.204845699999,GW4-IIa,GW4,GW4,ok
REMIND-MAgPIE 3.2.0-4.8.0,RESCUE-End-of-Century-Budget-1150-with-OAE,1,World,Emissions|CO2,Mt CO2/yr,2060,12610.6052979,GW4-IIa,GW4,GW4,ok
REMIND-MAgPIE 3.2.0-4.8.0,RESCUE-End-of-Century-Budget-1150-with-OAE,1,World,Emissions|CO2,Mt CO2/yr,2055,16629.8432468,GW4-IIa,GW4,GW4,ok
REMIND-MAgPIE 3.2.0-4.8.0,RESCUE-End-of-Century-Budget-1150-with-OAE,1,World,Emissions|CO2,Mt CO2/yr,2045,25419.5609203,GW4-IIa,GW4,GW4,ok
REMIND-MAgPIE 3.2.0-4.8.0,RESCUE-End-of-Century-Budget-1150-with-OAE,1,World,Emissions|CO2,Mt CO2/yr,2100,-18214.0325929,GW4-IIa,GW4,GW4,ok
REMIND-MAgPIE 3.2.0-4.8.0,RESCUE-End-of-Century-Budget-1150-with-OAE,1,World,Emissions|CO2,Mt CO2/yr,2035,39956.3430278,GW4-IIa,GW4,GW4,ok
REMIND-MAgPIE 3.2.0-4.8.0,RESCUE-End-of-Century-Budget-1150-with-OAE,1,World,Emissions|CO2,Mt CO2/yr,2030,44173.0846643,GW4-IIa,GW4,GW4,ok
REMIND-MAgPIE 3.2.0-4.8.0,RESCUE-End-of-Century-Budget-1150-with-OAE,1,World,Emissions|CO2,Mt CO2/yr,2025,41954.52423510001,GW4-IIa,GW4,GW4,ok
REMIND-MAgPIE 3.2.0-4.8.0,RESCUE-End-of-Century-Budget-1150-with-OAE,1,World,Emissions|CO2,Mt CO2/yr,2020,42797.7163014,GW4-IIa,GW4,GW4,ok
REMIND-MAgPIE 3.2.0-4.8.0,RESCUE-End-of-Century-Budget-1150-with-OAE,1,World,Emissions|CO2,Mt CO2/yr,2040,31991.1699345,GW4-IIa,GW4,GW4,ok
REMIND-MAgPIE 3.2.0-4.8.0,RESCUE-End-of-Century-Budget-1150-with-OAE,1,World,Final Energy,EJ/yr,2090,574.1480325000001,GW4-IIa,GW4,GW4,ok
REMIND-MAgPIE 3.2.0-4.8.0,RESCUE-End-of-Century-Budget-1150-with-OAE,1,World,Final Energy,EJ/yr,2080,535.8885939,GW4-IIa,GW4,GW4,ok
REMIND-MAgPIE 3.2.0-4.8.0,RESCUE-End-of-Century-Budget-1150-with-OAE,1,World,Final Energy,EJ/yr,2070,504.9150243999999,GW4-IIa,GW4,GW4,ok
REMIND-MAgPIE 3.2.0-4.8.0,RESCUE-End-of-Century-Budget-1150-with-OAE,1,World,Final Energy,EJ/yr,2060,493.2436078,GW4-IIa,GW4,GW4,ok
REMIND-MAgPIE 3.2.0-4.8.0,RESCUE-End-of-Century-Budget-1150-with-OAE,1,World,Final Energy,EJ/yr,2055,479.5681044999999,GW4-IIa,GW4,GW4,ok
REMIND-MAgPIE 3.2.0-4.8.0,RESCUE-End-of-Century-Budget-1150-with-OAE,1,World,Final Energy,EJ/yr,2050,483.2194238,GW4-IIa,GW4,GW4,ok
REMIND-MAgPIE 3.2.0-4.8.0,RESCUE-End-of-Century-Budget-1150-with-OAE,1,World,Final Energy,EJ/yr,2045,487.3784795,GW4-IIa,GW4,GW4,ok
REMIND-MAgPIE 3.2.0-4.8.0,RESCUE-End-of-Century-Budget-1150-with-OAE,1,World,Final Energy,EJ/yr,2100,606.5092776,GW4-IIa,GW4,GW4,ok
REMIND-MAgPIE 3.2.0-4.8.0,RESCUE-End-of-Century-Budget-1150-with-OAE,1,World,Final Energy,EJ/yr,2035,515.8746136999999,GW4-IIa,GW4,GW4,ok
REMIND-MAgPIE 3.2.0-4.8.0,RESCUE-End-of-Century-Budget-1150-with-OAE,1,World,Final Energy,EJ/yr,2030,504.0982576999999,GW4-IIa,GW4,GW4,ok
REMIND-MAgPIE 3.2.0-4.8.0,RESCUE-End-of-Century-Budget-1150-with-OAE,1,World,Final Energy,EJ/yr,2025,468.0695341,GW4-IIa,GW4,GW4,ok
REMIND-MAgPIE 3.2.0-4.8.0,RESCUE-End-of-Century-Budget-1150-with-OAE,1,World,Final Energy,EJ/yr,2020,437.3065756999999,GW4-IIa,GW4,GW4,ok
REMIND-MAgPIE 3.2.0-4.8.0,RESCUE-End-of-Century-Budget-1150-with-OAE,1,World,Final Energy,EJ/yr,2040,496.8034221,GW4-IIa,GW4,GW4,ok
REMIND-MAgPIE 3.2.0-4.8.0,RESCUE-End-of-Century-Budget-1150-with-OAE,1,World,Final Energy|Electricity,EJ/yr,2090,298.2849184999999,GW4-IIa,GW4,GW4,ok
REMIND-MAgPIE 3.2.0-4.8.0,RESCUE-End-of-Century-Budget-1150-with-OAE,1,World,Final Energy|Electricity,EJ/yr,2080,272.0044322,GW4-IIa,GW4,GW4,ok
REMIND-MAgPIE 3.2.0-4.8.0,RESCUE-End-of-Century-Budget-1150-with-OAE,1,World,Final Energy|Electricity,EJ/yr,2070,239.450925,GW4-IIa,GW4,GW4,ok
REMIND-MAgPIE 3.2.0-4.8.0,RESCUE-End-of-Century-Budget-1150-with-OAE,1,World,Final Energy|Electricity,EJ/yr,2060,212.7083801,GW4-IIa,GW4,GW4,ok
REMIND-MAgPIE 3.2.0-4.8.0,RESCUE-End-of-Century-Budget-1150-with-OAE,1,World,Final Energy|Electricity,EJ/yr,2055,201.9948783,GW4-IIa,GW4,GW4,ok
REMIND-MAgPIE 3.2.0-4.8.0,RESCUE-End-of-Century-Budget-1150-with-OAE,1,World,Final Energy|Electricity,EJ/yr,2050,189.6562607,GW4-IIa,GW4,GW4,ok
REMIND-MAgPIE 3.2.0-4.8.0,RESCUE-End-of-Century-Budget-1150-with-OAE,1,World,Final Energy|Electricity,EJ/yr,2045,169.7352906,GW4-IIa,GW4,GW4,ok
REMIND-MAgPIE 3.2.0-4.8.0,RESCUE-End-of-Century-Budget-1150-with-OAE,1,World,Final Energy|Electricity,EJ/yr,2100,310.3305344999999,GW4-IIa,GW4,GW4,ok
REMIND-MAgPIE 3.2.0-4.8.0,RESCUE-End-of-Century-Budget-1150-with-OAE,1,World,Final Energy|Electricity,EJ/yr,2035,138.857069,GW4-IIa,GW4,GW4,ok
REMIND-MAgPIE 3.2.0-4.8.0,RESCUE-End-of-Century-Budget-1150-with-OAE,1,World,Final Energy|Electricity,EJ/yr,2030,116.3877078,GW4-IIa,GW4,GW4,ok
REMIND-MAgPIE 3.2.0-4.8.0,RESCUE-End-of-Century-Budget-1150-with-OAE,1,World,Final Energy|Electricity,EJ/yr,2025,97.85741920000001,GW4-IIa,GW4,GW4,ok
REMIND-MAgPIE 3.2.0-4.8.0,RESCUE-End-of-Century-Budget-1150-with-OAE,1,World,Final Energy|Electricity,EJ/yr,2020,84.86722920000003,GW4-IIa,GW4,GW4,ok
REMIND-MAgPIE 3.2.0-4.8.0,RESCUE-End-of-Century-Budget-1150-with-OAE,1,World,Final Energy|Electricity,EJ/yr,2040,153.3569583,GW4-IIa,GW4,GW4,ok
REMIND-MAgPIE 3.2.0-4.8.0,RESCUE-End-of-Century-Budget-1150-with-OAE,1,World,Food Availability|Crops [per capita],kcal/cap/day,2090,1481.7738,GW4-IIa,GW4,GW4,ok
REMIND-MAgPIE 3.2.0-4.8.0,RESCUE-End-of-Century-Budget-1150-with-OAE,1,World,Food Availability|Crops [per capita],kcal/cap/day,2080,1502.4013,GW4-IIa,GW4,GW4,ok
REMIND-MAgPIE 3.2.0-4.8.0,RESCUE-End-of-Century-Budget-1150-with-OAE,1,World,Food Availability|Crops [per capita],kcal/cap/day,2070,1529.9556,GW4-IIa,GW4,GW4,ok
REMIND-MAgPIE 3.2.0-4.8.0,RESCUE-End-of-Century-Budget-1150-with-OAE,1,World,Food Availability|Crops [per capita],kcal/cap/day,2060,1563.7595,GW4-IIa,GW4,GW4,ok
REMIND-MAgPIE 3.2.0-4.8.0,RESCUE-End-of-Century-Budget-1150-with-OAE,1,World,Food Availability|Crops [per capita],kcal/cap/day,2055,1581.9304,GW4-IIa,GW4,GW4,ok
REMIND-MAgPIE 3.2.0-4.8.0,RESCUE-End-of-Century-Budget-1150-with-OAE,1,World,Food Availability|Crops [per capita],kcal/cap/day,2050,1600.7598,GW4-IIa,GW4,GW4,ok
REMIND-MAgPIE 3.2.0-4.8.0,RESCUE-End-of-Century-Budget-1150-with-OAE,1,World,Food Availability|Crops [per capita],kcal/cap/day,2045,1619.8633,GW4-IIa,GW4,GW4,ok
REMIND-MAgPIE 3.2.0-4.8.0,RESCUE-End-of-Century-Budget-1150-with-OAE,1,World,Food Availability|Crops [per capita],kcal/cap/day,2100,1465.3233,GW4-IIa,GW4,GW4,ok
REMIND-MAgPIE 3.2.0-4.8.0,RESCUE-End-of-Century-Budget-1150-with-OAE,1,World,Food Availability|Crops [per capita],kcal/cap/day,2035,1656.9086,GW4-IIa,GW4,GW4,ok
REMIND-MAgPIE 3.2.0-4.8.0,RESCUE-End-of-Century-Budget-1150-with-OAE,1,World,Food Availability|Crops [per capita],kcal/cap/day,2030,1675.2504,GW4-IIa,GW4,GW4,ok
REMIND-MAgPIE 3.2.0-4.8.0,RESCUE-End-of-Century-Budget-1150-with-OAE,1,World,Food Availability|Crops [per capita],kcal/cap/day,2025,1695.9559,GW4-IIa,GW4,GW4,ok
REMIND-MAgPIE 3.2.0-4.8.0,RESCUE-End-of-Century-Budget-1150-with-OAE,1,World,Food Availability|Crops [per capita],kcal/cap/day,2020,1714.7841,GW4-IIa,GW4,GW4,ok
REMIND-MAgPIE 3.2.0-4.8.0,RESCUE-End-of-Century-Budget-1150-with-OAE,1,World,Food Availability|Crops [per capita],kcal/cap/day,2040,1638.5453,GW4-IIa,GW4,GW4,ok
REMIND-MAgPIE 3.2.0-4.8.0,RESCUE-End-of-Century-Budget-1150-with-OAE,1,World,Food Availability|Livestock [per capita],kcal/cap/day,2090,792.7006,GW4-IIa,GW4,GW4,ok
REMIND-MAgPIE 3.2.0-4.8.0,RESCUE-End-of-Century-Budget-1150-with-OAE,1,World,Food Availability|Livestock [per capita],kcal/cap/day,2080,762.8924,GW4-IIa,GW4,GW4,ok
REMIND-MAgPIE 3.2.0-4.8.0,RESCUE-End-of-Century-Budget-1150-with-OAE,1,World,Food Availability|Livestock [per capita],kcal/cap/day,2070,727.98,GW4-IIa,GW4,GW4,ok
REMIND-MAgPIE 3.2.0-4.8.0,RESCUE-End-of-Century-Budget-1150-with-OAE,1,World,Food Availability|Livestock [per capita],kcal/cap/day,2060,690.2651999999999,GW4-IIa,GW4,GW4,ok
REMIND-MAgPIE 3.2.0-4.8.0,RESCUE-End-of-Century-Budget-1150-with-OAE,1,World,Food Availability|Livestock [per capita],kcal/cap/day,2055,670.3414999999999,GW4-IIa,GW4,GW4,ok
REMIND-MAgPIE 3.2.0-4.8.0,RESCUE-End-of-Century-Budget-1150-with-OAE,1,World,Food Availability|Livestock [per capita],kcal/cap/day,2050,650.6505999999999,GW4-IIa,GW4,GW4,ok
REMIND-MAgPIE 3.2.0-4.8.0,RESCUE-End-of-Century-Budget-1150-with-OAE,1,World,Food Availability|Livestock [per capita],kcal/cap/day,2045,631.2442,GW4-IIa,GW4,GW4,ok
REMIND-MAgPIE 3.2.0-4.8.0,RESCUE-End-of-Century-Budget-1150-with-OAE,1,World,Food Availability|Livestock [per capita],kcal/cap/day,2100,816.4963,GW4-IIa,GW4,GW4,ok
REMIND-MAgPIE 3.2.0-4.8.0,RESCUE-End-of-Century-Budget-1150-with-OAE,1,World,Food Availability|Livestock [per capita],kcal/cap/day,2035,591.4237,GW4-IIa,GW4,GW4,ok
REMIND-MAgPIE 3.2.0-4.8.0,RESCUE-End-of-Century-Budget-1150-with-OAE,1,World,Food Availability|Livestock [per capita],kcal/cap/day,2030,570.4788000000001,GW4-IIa,GW4,GW4,ok
REMIND-MAgPIE 3.2.0-4.8.0,RESCUE-End-of-Century-Budget-1150-with-OAE,1,World,Food Availability|Livestock [per capita],kcal/cap/day,2025,545.933,GW4-IIa,GW4,GW4,ok
REMIND-MAgPIE 3.2.0-4.8.0,RESCUE-End-of-Century-Budget-1150-with-OAE,1,World,Food Availability|Livestock [per capita],kcal/cap/day,2020,522.0784000000001,GW4-IIa,GW4,GW4,ok
REMIND-MAgPIE 3.2.0-4.8.0,RESCUE-End-of-Century-Budget-1150-with-OAE,1,World,Food Availability|Livestock [per capita],kcal/cap/day,2040,611.4604999999999,GW4-IIa,GW4,GW4,ok
REMIND-MAgPIE 3.2.0-4.8.0,RESCUE-End-of-Century-Budget-1150-with-OAE,1,World,GDP|MER,billion USD_2010/yr,2100,325122.402827488,GW4-IIa,GW4,GW4,ok
REMIND-MAgPIE 3.2.0-4.8.0,RESCUE-End-of-Century-Budget-1150-with-OAE,1,World,GDP|MER,billion USD_2010/yr,2090,279544.000422848,GW4-IIa,GW4,GW4,ok
REMIND-MAgPIE 3.2.0-4.8.0,RESCUE-End-of-Century-Budget-1150-with-OAE,1,World,GDP|MER,billion USD_2010/yr,2080,240991.459302832,GW4-IIa,GW4,GW4,ok
REMIND-MAgPIE 3.2.0-4.8.0,RESCUE-End-of-Century-Budget-1150-with-OAE,1,World,GDP|MER,billion USD_2010/yr,2070,204895.2838282561,GW4-IIa,GW4,GW4,ok
REMIND-MAgPIE 3.2.0-4.8.0,RESCUE-End-of-Century-Budget-1150-with-OAE,1,World,GDP|MER,billion USD_2010/yr,2060,173506.623453856,GW4-IIa,GW4,GW4,ok
REMIND-MAgPIE 3.2.0-4.8.0,RESCUE-End-of-Century-Budget-1150-with-OAE,1,World,GDP|MER,billion USD_2010/yr,2055,160619.013957584,GW4-IIa,GW4,GW4,ok
REMIND-MAgPIE 3.2.0-4.8.0,RESCUE-End-of-Century-Budget-1150-with-OAE,1,World,GDP|MER,billion USD_2010/yr,2050,147760.0682411841,GW4-IIa,GW4,GW4,ok
REMIND-MAgPIE 3.2.0-4.8.0,RESCUE-End-of-Century-Budget-1150-with-OAE,1,World,GDP|MER,billion USD_2010/yr,2045,135343.402726112,GW4-IIa,GW4,GW4,ok
REMIND-MAgPIE 3.2.0-4.8.0,RESCUE-End-of-Century-Budget-1150-with-OAE,1,World,GDP|MER,billion USD_2010/yr,2035,112525.885835552,GW4-IIa,GW4,GW4,ok
REMIND-MAgPIE 3.2.0-4.8.0,RESCUE-End-of-Century-Budget-1150-with-OAE,1,World,GDP|MER,billion USD_2010/yr,2030,100914.253387472,GW4-IIa,GW4,GW4,ok
REMIND-MAgPIE 3.2.0-4.8.0,RESCUE-End-of-Century-Budget-1150-with-OAE,1,World,GDP|MER,billion USD_2010/yr,2025,89192.88575870401,GW4-IIa,GW4,GW4,ok
REMIND-MAgPIE 3.2.0-4.8.0,RESCUE-End-of-Century-Budget-1150-with-OAE,1,World,GDP|MER,billion USD_2010/yr,2020,78126.446812064,GW4-IIa,GW4,GW4,ok
REMIND-MAgPIE 3.2.0-4.8.0,RESCUE-End-of-Century-Budget-1150-with-OAE,1,World,GDP|MER,billion USD_2010/yr,2040,123485.474565264,GW4-IIa,GW4,GW4,ok
REMIND-MAgPIE 3.2.0-4.8.0,RESCUE-End-of-Century-Budget-1150-with-OAE,1,World,Investment|Energy Supply,billion USD_2010/yr,2100,7040.306401632,GW4-IIa,GW4,GW4,ok
REMIND-MAgPIE 3.2.0-4.8.0,RESCUE-End-of-Century-Budget-1150-with-OAE,1,World,Investment|Energy Supply,billion USD_2010/yr,2090,6630.586756416001,GW4-IIa,GW4,GW4,ok
REMIND-MAgPIE 3.2.0-4.8.0,RESCUE-End-of-Century-Budget-1150-with-OAE,1,World,Investment|Energy Supply,billion USD_2010/yr,2080,5634.130983711999,GW4-IIa,GW4,GW4,ok
REMIND-MAgPIE 3.2.0-4.8.0,RESCUE-End-of-Century-Budget-1150-with-OAE,1,World,Investment|Energy Supply,billion USD_2010/yr,2070,4720.679084240002,GW4-IIa,GW4,GW4,ok
REMIND-MAgPIE 3.2.0-4.8.0,RESCUE-End-of-Century-Budget-1150-with-OAE,1,World,Investment|Energy Supply,billion USD_2010/yr,2060,3590.638927456001,GW4-IIa,GW4,GW4,ok
REMIND-MAgPIE 3.2.0-4.8.0,RESCUE-End-of-Century-Budget-1150-with-OAE,1,World,Investment|Energy Supply,billion USD_2010/yr,2055,3350.011805168,GW4-IIa,GW4,GW4,ok
REMIND-MAgPIE 3.2.0-4.8.0,RESCUE-End-of-Century-Budget-1150-with-OAE,1,World,Investment|Energy Supply,billion USD_2010/yr,2050,3103.969981392,GW4-IIa,GW4,GW4,ok
REMIND-MAgPIE 3.2.0-4.8.0,RESCUE-End-of-Century-Budget-1150-with-OAE,1,World,Investment|Energy Supply,billion USD_2010/yr,2045,2878.130806768,GW4-IIa,GW4,GW4,ok
REMIND-MAgPIE 3.2.0-4.8.0,RESCUE-End-of-Century-Budget-1150-with-OAE,1,World,Investment|Energy Supply,billion USD_2010/yr,2040,2432.684936304,GW4-IIa,GW4,GW4,ok
REMIND-MAgPIE 3.2.0-4.8.0,RESCUE-End-of-Century-Budget-1150-with-OAE,1,World,Investment|Energy Supply,billion USD_2010/yr,2035,2522.388432816,GW4-IIa,GW4,GW4,ok
REMIND-MAgPIE 3.2.0-4.8.0,RESCUE-End-of-Century-Budget-1150-with-OAE,1,World,Investment|Energy Supply,billion USD_2010/yr,2030,1917.391357840001,GW4-IIa,GW4,GW4,ok
REMIND-MAgPIE 3.2.0-4.8.0,RESCUE-End-of-Century-Budget-1150-with-OAE,1,World,Investment|Energy Supply,billion USD_2010/yr,2025,1631.831339936,GW4-IIa,GW4,GW4,ok
REMIND-MAgPIE 3.2.0-4.8.0,RESCUE-End-of-Century-Budget-1150-with-OAE,1,World,Investment|Energy Supply,billion USD_2010/yr,2020,1316.258209952,GW4-IIa,GW4,GW4,ok
REMIND-MAgPIE 3.2.0-4.8.0,RESCUE-End-of-Century-Budget-1150-with-OAE,1,World,Land Cover,million ha,2055,12986.3818,GW4-IIa,GW4,GW4,ok
REMIND-MAgPIE 3.2.0-4.8.0,RESCUE-End-of-Century-Budget-1150-with-OAE,1,World,Land Cover,million ha,2100,12986.3818,GW4-IIa,GW4,GW4,ok
REMIND-MAgPIE 3.2.0-4.8.0,RESCUE-End-of-Century-Budget-1150-with-OAE,1,World,Land Cover,million ha,2090,12986.3818,GW4-IIa,GW4,GW4,ok
REMIND-MAgPIE 3.2.0-4.8.0,RESCUE-End-of-Century-Budget-1150-with-OAE,1,World,Land Cover,million ha,2080,12986.3818,GW4-IIa,GW4,GW4,ok
REMIND-MAgPIE 3.2.0-4.8.0,RESCUE-End-of-Century-Budget-1150-with-OAE,1,World,Land Cover,million ha,2070,12986.3818,GW4-IIa,GW4,GW4,ok
REMIND-MAgPIE 3.2.0-4.8.0,RESCUE-End-of-Century-Budget-1150-with-OAE,1,World,Land Cover,million ha,2060,12986.3818,GW4-IIa,GW4,GW4,ok
REMIND-MAgPIE 3.2.0-4.8.0,RESCUE-End-of-Century-Budget-1150-with-OAE,1,World,Land Cover,million ha,2050,12986.3818,GW4-IIa,GW4,GW4,ok
REMIND-MAgPIE 3.2.0-4.8.0,RESCUE-End-of-Century-Budget-1150-with-OAE,1,World,Land Cover,million ha,2045,12986.3818,GW4-IIa,GW4,GW4,ok
REMIND-MAgPIE 3.2.0-4.8.0,RESCUE-End-of-Century-Budget-1150-with-OAE,1,World,Land Cover,million ha,2040,12986.3818,GW4-IIa,GW4,GW4,ok
REMIND-MAgPIE 3.2.0-4.8.0,RESCUE-End-of-Century-Budget-1150-with-OAE,1,World,Land Cover,million ha,2035,12986.3818,GW4-IIa,GW4,GW4,ok
REMIND-MAgPIE 3.2.0-4.8.0,RESCUE-End-of-Century-Budget-1150-with-OAE,1,World,Land Cover,million ha,2030,12986.3818,GW4-IIa,GW4,GW4,ok
REMIND-MAgPIE 3.2.0-4.8.0,RESCUE-End-of-Century-Budget-1150-with-OAE,1,World,Land Cover,million ha,2025,12986.3818,GW4-IIa,GW4,GW4,ok
REMIND-MAgPIE 3.2.0-4.8.0,RESCUE-End-of-Century-Budget-1150-with-OAE,1,World,Land Cover,million ha,2020,12986.3818,GW4-IIa,GW4,GW4,ok
REMIND-MAgPIE 3.2.0-4.8.0,RESCUE-End-of-Century-Budget-1150-with-OAE,1,World,Land Cover|Forest,million ha,2090,4158.996999999999,GW4-IIa,GW4,GW4,ok
REMIND-MAgPIE 3.2.0-4.8.0,RESCUE-End-of-Century-Budget-1150-with-OAE,1,World,Land Cover|Forest,million ha,2080,4099.406,GW4-IIa,GW4,GW4,ok
REMIND-MAgPIE 3.2.0-4.8.0,RESCUE-End-of-Century-Budget-1150-with-OAE,1,World,Land Cover|Forest,million ha,2070,4042.8703,GW4-IIa,GW4,GW4,ok
REMIND-MAgPIE 3.2.0-4.8.0,RESCUE-End-of-Century-Budget-1150-with-OAE,1,World,Land Cover|Forest,million ha,2060,3965.0836,GW4-IIa,GW4,GW4,ok
REMIND-MAgPIE 3.2.0-4.8.0,RESCUE-End-of-Century-Budget-1150-with-OAE,1,World,Land Cover|Forest,million ha,2055,3943.7267,GW4-IIa,GW4,GW4,ok
REMIND-MAgPIE 3.2.0-4.8.0,RESCUE-End-of-Century-Budget-1150-with-OAE,1,World,Land Cover|Forest,million ha,2050,3908.881,GW4-IIa,GW4,GW4,ok
REMIND-MAgPIE 3.2.0-4.8.0,RESCUE-End-of-Century-Budget-1150-with-OAE,1,World,Land Cover|Forest,million ha,2045,3897.2048,GW4-IIa,GW4,GW4,ok
REMIND-MAgPIE 3.2.0-4.8.0,RESCUE-End-of-Century-Budget-1150-with-OAE,1,World,Land Cover|Forest,million ha,2100,4192.8988,GW4-IIa,GW4,GW4,ok
REMIND-MAgPIE 3.2.0-4.8.0,RESCUE-End-of-Century-Budget-1150-with-OAE,1,World,Land Cover|Forest,million ha,2035,3878.3197,GW4-IIa,GW4,GW4,ok
REMIND-MAgPIE 3.2.0-4.8.0,RESCUE-End-of-Century-Budget-1150-with-OAE,1,World,Land Cover|Forest,million ha,2030,3883.7781,GW4-IIa,GW4,GW4,ok
REMIND-MAgPIE 3.2.0-4.8.0,RESCUE-End-of-Century-Budget-1150-with-OAE,1,World,Land Cover|Forest,million ha,2025,3892.1441,GW4-IIa,GW4,GW4,ok
REMIND-MAgPIE 3.2.0-4.8.0,RESCUE-End-of-Century-Budget-1150-with-OAE,1,World,Land Cover|Forest,million ha,2020,3903.0742,GW4-IIa,GW4,GW4,ok
REMIND-MAgPIE 3.2.0-4.8.0,RESCUE-End-of-Century-Budget-1150-with-OAE,1,World,Land Cover|Forest,million ha,2040,3876.0845,GW4-IIa,GW4,GW4,ok
REMIND-MAgPIE 3.2.0-4.8.0,RESCUE-End-of-Century-Budget-1150-with-OAE,1,World,Population,million,2090,9558.153312100001,GW4-IIa,GW4,GW4,ok
REMIND-MAgPIE 3.2.0-4.8.0,RESCUE-End-of-Century-Budget-1150-with-OAE,1,World,Population,million,2080,9704.9997312,GW4-IIa,GW4,GW4,ok
REMIND-MAgPIE 3.2.0-4.8.0,RESCUE-End-of-Century-Budget-1150-with-OAE,1,World,Population,million,2070,9750.2188654,GW4-IIa,GW4,GW4,ok
REMIND-MAgPIE 3.2.0-4.8.0,RESCUE-End-of-Century-Budget-1150-with-OAE,1,World,Population,million,2060,9674.3854617,GW4-IIa,GW4,GW4,ok
REMIND-MAgPIE 3.2.0-4.8.0,RESCUE-End-of-Century-Budget-1150-with-OAE,1,World,Population,million,2055,9582.6817976,GW4-IIa,GW4,GW4,ok
REMIND-MAgPIE 3.2.0-4.8.0,RESCUE-End-of-Century-Budget-1150-with-OAE,1,World,Population,million,2050,9449.376711599998,GW4-IIa,GW4,GW4,ok
REMIND-MAgPIE 3.2.0-4.8.0,RESCUE-End-of-Century-Budget-1150-with-OAE,1,World,Population,million,2045,9272.963936099999,GW4-IIa,GW4,GW4,ok
REMIND-MAgPIE 3.2.0-4.8.0,RESCUE-End-of-Century-Budget-1150-with-OAE,1,World,Population,million,2100,9333.856479899998,GW4-IIa,GW4,GW4,ok
REMIND-MAgPIE 3.2.0-4.8.0,RESCUE-End-of-Century-Budget-1150-with-OAE,1,World,Population,million,2035,8801.503446100003,GW4-IIa,GW4,GW4,ok
REMIND-MAgPIE 3.2.0-4.8.0,RESCUE-End-of-Century-Budget-1150-with-OAE,1,World,Population,million,2030,8510.663531,GW4-IIa,GW4,GW4,ok
REMIND-MAgPIE 3.2.0-4.8.0,RESCUE-End-of-Century-Budget-1150-with-OAE,1,World,Population,million,2025,8175.612958600001,GW4-IIa,GW4,GW4,ok
REMIND-MAgPIE 3.2.0-4.8.0,RESCUE-End-of-Century-Budget-1150-with-OAE,1,World,Population,million,2020,7824.2154039,GW4-IIa,GW4,GW4,ok
REMIND-MAgPIE 3.2.0-4.8.0,RESCUE-End-of-Century-Budget-1150-with-OAE,1,World,Population,million,2040,9055.894914299999,GW4-IIa,GW4,GW4,ok
REMIND-MAgPIE 3.2.0-4.8.0,RESCUE-End-of-Century-Budget-1150-with-OAE,1,World,Price|Secondary Energy|Electricity,USD_2010/GJ,2090,12.604631424,GW4-IIa,GW4,GW4,ok
REMIND-MAgPIE 3.2.0-4.8.0,RESCUE-End-of-Century-Budget-1150-with-OAE,1,World,Price|Secondary Energy|Electricity,USD_2010/GJ,2080,13.072146864,GW4-IIa,GW4,GW4,ok
REMIND-MAgPIE 3.2.0-4.8.0,RESCUE-End-of-Century-Budget-1150-with-OAE,1,World,Price|Secondary Energy|Electricity,USD_2010/GJ,2070,13.228868464,GW4-IIa,GW4,GW4,ok
REMIND-MAgPIE 3.2.0-4.8.0,RESCUE-End-of-Century-Budget-1150-with-OAE,1,World,Price|Secondary Energy|Electricity,USD_2010/GJ,2060,13.356705264,GW4-IIa,GW4,GW4,ok
REMIND-MAgPIE 3.2.0-4.8.0,RESCUE-End-of-Century-Budget-1150-with-OAE,1,World,Price|Secondary Energy|Electricity,USD_2010/GJ,2055,13.973187984,GW4-IIa,GW4,GW4,ok
REMIND-MAgPIE 3.2.0-4.8.0,RESCUE-End-of-Century-Budget-1150-with-OAE,1,World,Price|Secondary Energy|Electricity,USD_2010/GJ,2050,14.257412624,GW4-IIa,GW4,GW4,ok
REMIND-MAgPIE 3.2.0-4.8.0,RESCUE-End-of-Century-Budget-1150-with-OAE,1,World,Price|Secondary Energy|Electricity,USD_2010/GJ,2045,14.92841392,GW4-IIa,GW4,GW4,ok
REMIND-MAgPIE 3.2.0-4.8.0,RESCUE-End-of-Century-Budget-1150-with-OAE,1,World,Price|Secondary Energy|Electricity,USD_2010/GJ,2100,12.411648368,GW4-IIa,GW4,GW4,ok
REMIND-MAgPIE 3.2.0-4.8.0,RESCUE-End-of-Century-Budget-1150-with-OAE,1,World,Price|Secondary Energy|Electricity,USD_2010/GJ,2035,18.458014624,GW4-IIa,GW4,GW4,ok
REMIND-MAgPIE 3.2.0-4.8.0,RESCUE-End-of-Century-Budget-1150-with-OAE,1,World,Price|Secondary Energy|Electricity,USD_2010/GJ,2030,20.158806192,GW4-IIa,GW4,GW4,ok
REMIND-MAgPIE 3.2.0-4.8.0,RESCUE-End-of-Century-Budget-1150-with-OAE,1,World,Price|Secondary Energy|Electricity,USD_2010/GJ,2025,19.554011904,GW4-IIa,GW4,GW4,ok
REMIND-MAgPIE 3.2.0-4.8.0,RESCUE-End-of-Century-Budget-1150-with-OAE,1,World,Price|Secondary Energy|Electricity,USD_2010/GJ,2020,14.384605984,GW4-IIa,GW4,GW4,ok
REMIND-MAgPIE 3.2.0-4.8.0,RESCUE-End-of-Century-Budget-1150-with-OAE,1,World,Price|Secondary Energy|Electricity,USD_2010/GJ,2040,16.541785568,GW4-IIa,GW4,GW4,ok
REMIND-MAgPIE 3.2.0-4.8.0,RESCUE-End-of-Century-Budget-1150-with-OAE,1,World,Primary Energy|Biomass,EJ/yr,2100,228.7551468,GW4-IIa,GW4,GW4,ok
REMIND-MAgPIE 3.2.0-4.8.0,RESCUE-End-of-Century-Budget-1150-with-OAE,1,World,Primary Energy|Biomass,EJ/yr,2090,202.3455081,GW4-IIa,GW4,GW4,ok
REMIND-MAgPIE 3.2.0-4.8.0,RESCUE-End-of-Century-Budget-1150-with-OAE,1,World,Primary Energy|Biomass,EJ/yr,2080,152.6238264,GW4-IIa,GW4,GW4,ok
REMIND-MAgPIE 3.2.0-4.8.0,RESCUE-End-of-Century-Budget-1150-with-OAE,1,World,Primary Energy|Biomass,EJ/yr,2070,105.8198788,GW4-IIa,GW4,GW4,ok
REMIND-MAgPIE 3.2.0-4.8.0,RESCUE-End-of-Century-Budget-1150-with-OAE,1,World,Primary Energy|Biomass,EJ/yr,2060,75.85947599999999,GW4-IIa,GW4,GW4,ok
REMIND-MAgPIE 3.2.0-4.8.0,RESCUE-End-of-Century-Budget-1150-with-OAE,1,World,Primary Energy|Biomass,EJ/yr,2055,58.45788729999999,GW4-IIa,GW4,GW4,ok
REMIND-MAgPIE 3.2.0-4.8.0,RESCUE-End-of-Century-Budget-1150-with-OAE,1,World,Primary Energy|Biomass,EJ/yr,2050,53.5912449,GW4-IIa,GW4,GW4,ok
REMIND-MAgPIE 3.2.0-4.8.0,RESCUE-End-of-Century-Budget-1150-with-OAE,1,World,Primary Energy|Biomass,EJ/yr,2045,52.7168248,GW4-IIa,GW4,GW4,ok
REMIND-MAgPIE 3.2.0-4.8.0,RESCUE-End-of-Century-Budget-1150-with-OAE,1,World,Primary Energy|Biomass,EJ/yr,2040,51.564488,GW4-IIa,GW4,GW4,ok
REMIND-MAgPIE 3.2.0-4.8.0,RESCUE-End-of-Century-Budget-1150-with-OAE,1,World,Primary Energy|Biomass,EJ/yr,2035,52.7337837,GW4-IIa,GW4,GW4,ok
REMIND-MAgPIE 3.2.0-4.8.0,RESCUE-End-of-Century-Budget-1150-with-OAE,1,World,Primary Energy|Biomass,EJ/yr,2030,55.5232748,GW4-IIa,GW4,GW4,ok
REMIND-MAgPIE 3.2.0-4.8.0,RESCUE-End-of-Century-Budget-1150-with-OAE,1,World,Primary Energy|Biomass,EJ/yr,2025,57.18670830000001,GW4-IIa,GW4,GW4,ok
REMIND-MAgPIE 3.2.0-4.8.0,RESCUE-End-of-Century-Budget-1150-with-OAE,1,World,Primary Energy|Biomass,EJ/yr,2020,53.947308,GW4-IIa,GW4,GW4,ok
REMIND-MAgPIE 3.2.0-4.8.0,RESCUE-End-of-Century-Budget-1150-with-OAE,1,World,Primary Energy|Coal,EJ/yr,2090,5.0903388,GW4-IIa,GW4,GW4,ok
REMIND-MAgPIE 3.2.0-4.8.0,RESCUE-End-of-Century-Budget-1150-with-OAE,1,World,Primary Energy|Coal,EJ/yr,2080,6.668404499999999,GW4-IIa,GW4,GW4,ok
REMIND-MAgPIE 3.2.0-4.8.0,RESCUE-End-of-Century-Budget-1150-with-OAE,1,World,Primary Energy|Coal,EJ/yr,2070,9.088370099999997,GW4-IIa,GW4,GW4,ok
REMIND-MAgPIE 3.2.0-4.8.0,RESCUE-End-of-Century-Budget-1150-with-OAE,1,World,Primary Energy|Coal,EJ/yr,2060,20.0652052,GW4-IIa,GW4,GW4,ok
REMIND-MAgPIE 3.2.0-4.8.0,RESCUE-End-of-Century-Budget-1150-with-OAE,1,World,Primary Energy|Coal,EJ/yr,2055,28.94164779999999,GW4-IIa,GW4,GW4,ok
REMIND-MAgPIE 3.2.0-4.8.0,RESCUE-End-of-Century-Budget-1150-with-OAE,1,World,Primary Energy|Coal,EJ/yr,2050,42.6882603,GW4-IIa,GW4,GW4,ok
REMIND-MAgPIE 3.2.0-4.8.0,RESCUE-End-of-Century-Budget-1150-with-OAE,1,World,Primary Energy|Coal,EJ/yr,2045,63.5842943,GW4-IIa,GW4,GW4,ok
REMIND-MAgPIE 3.2.0-4.8.0,RESCUE-End-of-Century-Budget-1150-with-OAE,1,World,Primary Energy|Coal,EJ/yr,2100,3.3475539,GW4-IIa,GW4,GW4,ok
REMIND-MAgPIE 3.2.0-4.8.0,RESCUE-End-of-Century-Budget-1150-with-OAE,1,World,Primary Energy|Coal,EJ/yr,2035,157.6290989,GW4-IIa,GW4,GW4,ok
REMIND-MAgPIE 3.2.0-4.8.0,RESCUE-End-of-Century-Budget-1150-with-OAE,1,World,Primary Energy|Coal,EJ/yr,2030,159.4522756,GW4-IIa,GW4,GW4,ok
REMIND-MAgPIE 3.2.0-4.8.0,RESCUE-End-of-Century-Budget-1150-with-OAE,1,World,Primary Energy|Coal,EJ/yr,2025,159.415866,GW4-IIa,GW4,GW4,ok
REMIND-MAgPIE 3.2.0-4.8.0,RESCUE-End-of-Century-Budget-1150-with-OAE,1,World,Primary Energy|Coal,EJ/yr,2020,171.5563077,GW4-IIa,GW4,GW4,ok
REMIND-MAgPIE 3.2.0-4.8.0,RESCUE-End-of-Century-Budget-1150-with-OAE,1,World,Primary Energy|Coal,EJ/yr,2040,102.2567322,GW4-IIa,GW4,GW4,ok
REMIND-MAgPIE 3.2.0-4.8.0,RESCUE-End-of-Century-Budget-1150-with-OAE,1,World,Primary Energy|Fossil|w/ CCS,EJ/yr,2100,0.1407044,GW4-IIa,GW4,GW4,ok
REMIND-MAgPIE 3.2.0-4.8.0,RESCUE-End-of-Century-Budget-1150-with-OAE,1,World,Primary Energy|Fossil|w/ CCS,EJ/yr,2090,0.2348582,GW4-IIa,GW4,GW4,ok
REMIND-MAgPIE 3.2.0-4.8.0,RESCUE-End-of-Century-Budget-1150-with-OAE,1,World,Primary Energy|Fossil|w/ CCS,EJ/yr,2080,0.3198278000000001,GW4-IIa,GW4,GW4,ok
REMIND-MAgPIE 3.2.0-4.8.0,RESCUE-End-of-Century-Budget-1150-with-OAE,1,World,Primary Energy|Fossil|w/ CCS,EJ/yr,2070,0.4911855,GW4-IIa,GW4,GW4,ok
REMIND-MAgPIE 3.2.0-4.8.0,RESCUE-End-of-Century-Budget-1150-with-OAE,1,World,Primary Energy|Fossil|w/ CCS,EJ/yr,2060,0.4447763,GW4-IIa,GW4,GW4,ok
REMIND-MAgPIE 3.2.0-4.8.0,RESCUE-End-of-Century-Budget-1150-with-OAE,1,World,Primary Energy|Fossil|w/ CCS,EJ/yr,2055,0.4051437,GW4-IIa,GW4,GW4,ok
REMIND-MAgPIE 3.2.0-4.8.0,RESCUE-End-of-Century-Budget-1150-with-OAE,1,World,Primary Energy|Fossil|w/ CCS,EJ/yr,2050,0.3917771,GW4-IIa,GW4,GW4,ok
REMIND-MAgPIE 3.2.0-4.8.0,RESCUE-End-of-Century-Budget-1150-with-OAE,1,World,Primary Energy|Fossil|w/ CCS,EJ/yr,2045,0.3700406,GW4-IIa,GW4,GW4,ok
REMIND-MAgPIE 3.2.0-4.8.0,RESCUE-End-of-Century-Budget-1150-with-OAE,1,World,Primary Energy|Fossil|w/ CCS,EJ/yr,2035,0.2551212,GW4-IIa,GW4,GW4,ok
REMIND-MAgPIE 3.2.0-4.8.0,RESCUE-End-of-Century-Budget-1150-with-OAE,1,World,Primary Energy|Fossil|w/ CCS,EJ/yr,2030,0.08264250000000001,GW4-IIa,GW4,GW4,ok
REMIND-MAgPIE 3.2.0-4.8.0,RESCUE-End-of-Century-Budget-1150-with-OAE,1,World,Primary Energy|Fossil|w/ CCS,EJ/yr,2025,0.0167264,GW4-IIa,GW4,GW4,ok
REMIND-MAgPIE 3.2.0-4.8.0,RESCUE-End-of-Century-Budget-1150-with-OAE,1,World,Primary Energy|Fossil|w/ CCS,EJ/yr,2020,0.0,GW4-IIa,GW4,GW4,ok
REMIND-MAgPIE 3.2.0-4.8.0,RESCUE-End-of-Century-Budget-1150-with-OAE,1,World,Primary Energy|Fossil|w/ CCS,EJ/yr,2040,0.3317914999999999,GW4-IIa,GW4,GW4,ok
REMIND-MAgPIE 3.2.0-4.8.0,RESCUE-End-of-Century-Budget-1150-with-OAE,1,World,Primary Energy|Fossil|w/o CCS,EJ/yr,2050,293.1632877,GW4-IIa,GW4,GW4,ok
REMIND-MAgPIE 3.2.0-4.8.0,RESCUE-End-of-Century-Budget-1150-with-OAE,1,World,Primary Energy|Fossil|w/o CCS,EJ/yr,2090,23.4269895,GW4-IIa,GW4,GW4,ok
REMIND-MAgPIE 3.2.0-4.8.0,RESCUE-End-of-Century-Budget-1150-with-OAE,1,World,Primary Energy|Fossil|w/o CCS,EJ/yr,2080,58.7401417,GW4-IIa,GW4,GW4,ok
REMIND-MAgPIE 3.2.0-4.8.0,RESCUE-End-of-Century-Budget-1150-with-OAE,1,World,Primary Energy|Fossil|w/o CCS,EJ/yr,2070,113.3855812,GW4-IIa,GW4,GW4,ok
REMIND-MAgPIE 3.2.0-4.8.0,RESCUE-End-of-Century-Budget-1150-with-OAE,1,World,Primary Energy|Fossil|w/o CCS,EJ/yr,2060,190.0695285,GW4-IIa,GW4,GW4,ok
REMIND-MAgPIE 3.2.0-4.8.0,RESCUE-End-of-Century-Budget-1150-with-OAE,1,World,Primary Energy|Fossil|w/o CCS,EJ/yr,2055,243.8896658,GW4-IIa,GW4,GW4,ok
REMIND-MAgPIE 3.2.0-4.8.0,RESCUE-End-of-Century-Budget-1150-with-OAE,1,World,Primary Energy|Fossil|w/o CCS,EJ/yr,2045,350.4903935999999,GW4-IIa,GW4,GW4,ok
REMIND-MAgPIE 3.2.0-4.8.0,RESCUE-End-of-Century-Budget-1150-with-OAE,1,World,Primary Energy|Fossil|w/o CCS,EJ/yr,2100,8.6076432,GW4-IIa,GW4,GW4,ok
REMIND-MAgPIE 3.2.0-4.8.0,RESCUE-End-of-Century-Budget-1150-with-OAE,1,World,Primary Energy|Fossil|w/o CCS,EJ/yr,2035,506.7879975,GW4-IIa,GW4,GW4,ok
REMIND-MAgPIE 3.2.0-4.8.0,RESCUE-End-of-Century-Budget-1150-with-OAE,1,World,Primary Energy|Fossil|w/o CCS,EJ/yr,2040,424.3461161,GW4-IIa,GW4,GW4,ok
REMIND-MAgPIE 3.2.0-4.8.0,RESCUE-End-of-Century-Budget-1150-with-OAE,1,World,Primary Energy|Fossil|w/o CCS,EJ/yr,2025,507.9161905999999,GW4-IIa,GW4,GW4,ok
REMIND-MAgPIE 3.2.0-4.8.0,RESCUE-End-of-Century-Budget-1150-with-OAE,1,World,Primary Energy|Fossil|w/o CCS,EJ/yr,2030,525.1710224,GW4-IIa,GW4,GW4,ok
REMIND-MAgPIE 3.2.0-4.8.0,RESCUE-End-of-Century-Budget-1150-with-OAE,1,World,Primary Energy|Fossil|w/o CCS,EJ/yr,2020,500.5263259999999,GW4-IIa,GW4,GW4,ok
REMIND-MAgPIE 3.2.0-4.8.0,RESCUE-End-of-Century-Budget-1150-with-OAE,1,World,Primary Energy|Gas,EJ/yr,2090,14.0887919,GW4-IIa,GW4,GW4,ok
REMIND-MAgPIE 3.2.0-4.8.0,RESCUE-End-of-Century-Budget-1150-with-OAE,1,World,Primary Energy|Gas,EJ/yr,2080,23.7191803,GW4-IIa,GW4,GW4,ok
REMIND-MAgPIE 3.2.0-4.8.0,RESCUE-End-of-Century-Budget-1150-with-OAE,1,World,Primary Energy|Gas,EJ/yr,2070,38.89728459999999,GW4-IIa,GW4,GW4,ok
REMIND-MAgPIE 3.2.0-4.8.0,RESCUE-End-of-Century-Budget-1150-with-OAE,1,World,Primary Energy|Gas,EJ/yr,2060,57.29072060000001,GW4-IIa,GW4,GW4,ok
REMIND-MAgPIE 3.2.0-4.8.0,RESCUE-End-of-Century-Budget-1150-with-OAE,1,World,Primary Energy|Gas,EJ/yr,2055,71.957807,GW4-IIa,GW4,GW4,ok
REMIND-MAgPIE 3.2.0-4.8.0,RESCUE-End-of-Century-Budget-1150-with-OAE,1,World,Primary Energy|Gas,EJ/yr,2050,87.70354560000001,GW4-IIa,GW4,GW4,ok
REMIND-MAgPIE 3.2.0-4.8.0,RESCUE-End-of-Century-Budget-1150-with-OAE,1,World,Primary Energy|Gas,EJ/yr,2045,108.6532114,GW4-IIa,GW4,GW4,ok
REMIND-MAgPIE 3.2.0-4.8.0,RESCUE-End-of-Century-Budget-1150-with-OAE,1,World,Primary Energy|Gas,EJ/yr,2100,5.400769200000001,GW4-IIa,GW4,GW4,ok
REMIND-MAgPIE 3.2.0-4.8.0,RESCUE-End-of-Century-Budget-1150-with-OAE,1,World,Primary Energy|Gas,EJ/yr,2035,149.9614234,GW4-IIa,GW4,GW4,ok
REMIND-MAgPIE 3.2.0-4.8.0,RESCUE-End-of-Century-Budget-1150-with-OAE,1,World,Primary Energy|Gas,EJ/yr,2030,150.6493352,GW4-IIa,GW4,GW4,ok
REMIND-MAgPIE 3.2.0-4.8.0,RESCUE-End-of-Century-Budget-1150-with-OAE,1,World,Primary Energy|Gas,EJ/yr,2025,143.9461122,GW4-IIa,GW4,GW4,ok
REMIND-MAgPIE 3.2.0-4.8.0,RESCUE-End-of-Century-Budget-1150-with-OAE,1,World,Primary Energy|Gas,EJ/yr,2020,137.5615439,GW4-IIa,GW4,GW4,ok
REMIND-MAgPIE 3.2.0-4.8.0,RESCUE-End-of-Century-Budget-1150-with-OAE,1,World,Primary Energy|Gas,EJ/yr,2040,131.8083047,GW4-IIa,GW4,GW4,ok
REMIND-MAgPIE 3.2.0-4.8.0,RESCUE-End-of-Century-Budget-1150-with-OAE,1,World,Primary Energy|Non-Biomass Renewables,EJ/yr,2090,661.191958,GW4-IIa,GW4,GW4,ok
REMIND-MAgPIE 3.2.0-4.8.0,RESCUE-End-of-Century-Budget-1150-with-OAE,1,World,Primary Energy|Non-Biomass Renewables,EJ/yr,2080,584.4735533,GW4-IIa,GW4,GW4,ok
REMIND-MAgPIE 3.2.0-4.8.0,RESCUE-End-of-Century-Budget-1150-with-OAE,1,World,Primary Energy|Non-Biomass Renewables,EJ/yr,2070,485.9273306999999,GW4-IIa,GW4,GW4,ok
REMIND-MAgPIE 3.2.0-4.8.0,RESCUE-End-of-Century-Budget-1150-with-OAE,1,World,Primary Energy|Non-Biomass Renewables,EJ/yr,2060,373.6609277,GW4-IIa,GW4,GW4,ok
REMIND-MAgPIE 3.2.0-4.8.0,RESCUE-End-of-Century-Budget-1150-with-OAE,1,World,Primary Energy|Non-Biomass Renewables,EJ/yr,2055,283.1409842,GW4-IIa,GW4,GW4,ok
REMIND-MAgPIE 3.2.0-4.8.0,RESCUE-End-of-Century-Budget-1150-with-OAE,1,World,Primary Energy|Non-Biomass Renewables,EJ/yr,2050,228.7679702,GW4-IIa,GW4,GW4,ok
REMIND-MAgPIE 3.2.0-4.8.0,RESCUE-End-of-Century-Budget-1150-with-OAE,1,World,Primary Energy|Non-Biomass Renewables,EJ/yr,2045,179.2635072,GW4-IIa,GW4,GW4,ok
REMIND-MAgPIE 3.2.0-4.8.0,RESCUE-End-of-Century-Budget-1150-with-OAE,1,World,Primary Energy|Non-Biomass Renewables,EJ/yr,2100,718.0008782000001,GW4-IIa,GW4,GW4,ok
REMIND-MAgPIE 3.2.0-4.8.0,RESCUE-End-of-Century-Budget-1150-with-OAE,1,World,Primary Energy|Non-Biomass Renewables,EJ/yr,2035,93.17070759999999,GW4-IIa,GW4,GW4,ok
REMIND-MAgPIE 3.2.0-4.8.0,RESCUE-End-of-Century-Budget-1150-with-OAE,1,World,Primary Energy|Non-Biomass Renewables,EJ/yr,2030,63.46231320000001,GW4-IIa,GW4,GW4,ok
REMIND-MAgPIE 3.2.0-4.8.0,RESCUE-End-of-Century-Budget-1150-with-OAE,1,World,Primary Energy|Non-Biomass Renewables,EJ/yr,2025,42.8511349,GW4-IIa,GW4,GW4,ok
REMIND-MAgPIE 3.2.0-4.8.0,RESCUE-End-of-Century-Budget-1150-with-OAE,1,World,Primary Energy|Non-Biomass Renewables,EJ/yr,2020,27.689648,GW4-IIa,GW4,GW4,ok
REMIND-MAgPIE 3.2.0-4.8.0,RESCUE-End-of-Century-Budget-1150-with-OAE,1,World,Primary Energy|Non-Biomass Renewables,EJ/yr,2040,132.7912316,GW4-IIa,GW4,GW4,ok
REMIND-MAgPIE 3.2.0-4.8.0,RESCUE-End-of-Century-Budget-1150-with-OAE,1,World,Primary Energy|Nuclear,EJ/yr,2090,1.6337917,GW4-IIa,GW4,GW4,ok
REMIND-MAgPIE 3.2.0-4.8.0,RESCUE-End-of-Century-Budget-1150-with-OAE,1,World,Primary Energy|Nuclear,EJ/yr,2080,3.354402599999999,GW4-IIa,GW4,GW4,ok
REMIND-MAgPIE 3.2.0-4.8.0,RESCUE-End-of-Century-Budget-1150-with-OAE,1,World,Primary Energy|Nuclear,EJ/yr,2070,5.1582499,GW4-IIa,GW4,GW4,ok
REMIND-MAgPIE 3.2.0-4.8.0,RESCUE-End-of-Century-Budget-1150-with-OAE,1,World,Primary Energy|Nuclear,EJ/yr,2060,6.425343600000001,GW4-IIa,GW4,GW4,ok
REMIND-MAgPIE 3.2.0-4.8.0,RESCUE-End-of-Century-Budget-1150-with-OAE,1,World,Primary Energy|Nuclear,EJ/yr,2055,6.936920100000001,GW4-IIa,GW4,GW4,ok
REMIND-MAgPIE 3.2.0-4.8.0,RESCUE-End-of-Century-Budget-1150-with-OAE,1,World,Primary Energy|Nuclear,EJ/yr,2050,7.5142896,GW4-IIa,GW4,GW4,ok
REMIND-MAgPIE 3.2.0-4.8.0,RESCUE-End-of-Century-Budget-1150-with-OAE,1,World,Primary Energy|Nuclear,EJ/yr,2045,8.241482,GW4-IIa,GW4,GW4,ok
REMIND-MAgPIE 3.2.0-4.8.0,RESCUE-End-of-Century-Budget-1150-with-OAE,1,World,Primary Energy|Nuclear,EJ/yr,2100,0.5396808000000001,GW4-IIa,GW4,GW4,ok
REMIND-MAgPIE 3.2.0-4.8.0,RESCUE-End-of-Century-Budget-1150-with-OAE,1,World,Primary Energy|Nuclear,EJ/yr,2035,9.7956426,GW4-IIa,GW4,GW4,ok
REMIND-MAgPIE 3.2.0-4.8.0,RESCUE-End-of-Century-Budget-1150-with-OAE,1,World,Primary Energy|Nuclear,EJ/yr,2030,10.0140744,GW4-IIa,GW4,GW4,ok
REMIND-MAgPIE 3.2.0-4.8.0,RESCUE-End-of-Century-Budget-1150-with-OAE,1,World,Primary Energy|Nuclear,EJ/yr,2025,9.9675581,GW4-IIa,GW4,GW4,ok
REMIND-MAgPIE 3.2.0-4.8.0,RESCUE-End-of-Century-Budget-1150-with-OAE,1,World,Primary Energy|Nuclear,EJ/yr,2020,9.4700108,GW4-IIa,GW4,GW4,ok
REMIND-MAgPIE 3.2.0-4.8.0,RESCUE-End-of-Century-Budget-1150-with-OAE,1,World,Primary Energy|Nuclear,EJ/yr,2040,9.1157154,GW4-IIa,GW4,GW4,ok
REMIND-MAgPIE 3.2.0-4.8.0,RESCUE-End-of-Century-Budget-1150-with-OAE,1,World,Primary Energy|Oil,EJ/yr,2100,2.450000000000001e-05,GW4-IIa,GW4,GW4,ok
REMIND-MAgPIE 3.2.0-4.8.0,RESCUE-End-of-Century-Budget-1150-with-OAE,1,World,Primary Energy|Oil,EJ/yr,2090,4.482717,GW4-IIa,GW4,GW4,ok
REMIND-MAgPIE 3.2.0-4.8.0,RESCUE-End-of-Century-Budget-1150-with-OAE,1,World,Primary Energy|Oil,EJ/yr,2080,28.6723847,GW4-IIa,GW4,GW4,ok
REMIND-MAgPIE 3.2.0-4.8.0,RESCUE-End-of-Century-Budget-1150-with-OAE,1,World,Primary Energy|Oil,EJ/yr,2070,65.891112,GW4-IIa,GW4,GW4,ok
REMIND-MAgPIE 3.2.0-4.8.0,RESCUE-End-of-Century-Budget-1150-with-OAE,1,World,Primary Energy|Oil,EJ/yr,2060,113.1583789,GW4-IIa,GW4,GW4,ok
REMIND-MAgPIE 3.2.0-4.8.0,RESCUE-End-of-Century-Budget-1150-with-OAE,1,World,Primary Energy|Oil,EJ/yr,2055,143.3953548,GW4-IIa,GW4,GW4,ok
REMIND-MAgPIE 3.2.0-4.8.0,RESCUE-End-of-Century-Budget-1150-with-OAE,1,World,Primary Energy|Oil,EJ/yr,2050,163.1632589,GW4-IIa,GW4,GW4,ok
REMIND-MAgPIE 3.2.0-4.8.0,RESCUE-End-of-Century-Budget-1150-with-OAE,1,World,Primary Energy|Oil,EJ/yr,2045,178.6229286,GW4-IIa,GW4,GW4,ok
REMIND-MAgPIE 3.2.0-4.8.0,RESCUE-End-of-Century-Budget-1150-with-OAE,1,World,Primary Energy|Oil,EJ/yr,2035,199.4525963,GW4-IIa,GW4,GW4,ok
REMIND-MAgPIE 3.2.0-4.8.0,RESCUE-End-of-Century-Budget-1150-with-OAE,1,World,Primary Energy|Oil,EJ/yr,2030,215.1520541,GW4-IIa,GW4,GW4,ok
REMIND-MAgPIE 3.2.0-4.8.0,RESCUE-End-of-Century-Budget-1150-with-OAE,1,World,Primary Energy|Oil,EJ/yr,2025,204.5709388,GW4-IIa,GW4,GW4,ok
REMIND-MAgPIE 3.2.0-4.8.0,RESCUE-End-of-Century-Budget-1150-with-OAE,1,World,Primary Energy|Oil,EJ/yr,2020,191.4084744,GW4-IIa,GW4,GW4,ok
REMIND-MAgPIE 3.2.0-4.8.0,RESCUE-End-of-Century-Budget-1150-with-OAE,1,World,Primary Energy|Oil,EJ/yr,2040,190.6128707,GW4-IIa,GW4,GW4,ok
REMIND-MAgPIE 3.2.0-4.8.0,RESCUE-End-of-Century-Budget-500,1,World,Capacity|Electricity|Solar|PV,GW,2100,84660.2842665,GW3-I,GW3a,GW3,ok
REMIND-MAgPIE 3.2.0-4.8.0,RESCUE-End-of-Century-Budget-500,1,World,Capacity|Electricity|Solar|PV,GW,2090,74262.06,GW3-I,GW3a,GW3,ok
REMIND-MAgPIE 3.2.0-4.8.0,RESCUE-End-of-Century-Budget-500,1,World,Capacity|Electricity|Solar|PV,GW,2080,59516.4483456,GW3-I,GW3a,GW3,ok
REMIND-MAgPIE 3.2.0-4.8.0,RESCUE-End-of-Century-Budget-500,1,World,Capacity|Electricity|Solar|PV,GW,2070,46899.138189,GW3-I,GW3a,GW3,ok
REMIND-MAgPIE 3.2.0-4.8.0,RESCUE-End-of-Century-Budget-500,1,World,Capacity|Electricity|Solar|PV,GW,2060,37133.71742269999,GW3-I,GW3a,GW3,ok
REMIND-MAgPIE 3.2.0-4.8.0,RESCUE-End-of-Century-Budget-500,1,World,Capacity|Electricity|Solar|PV,GW,2055,29254.1178549,GW3-I,GW3a,GW3,ok
REMIND-MAgPIE 3.2.0-4.8.0,RESCUE-End-of-Century-Budget-500,1,World,Capacity|Electricity|Solar|PV,GW,2050,24200.0372879,GW3-I,GW3a,GW3,ok
REMIND-MAgPIE 3.2.0-4.8.0,RESCUE-End-of-Century-Budget-500,1,World,Capacity|Electricity|Solar|PV,GW,2045,18779.8704497,GW3-I,GW3a,GW3,ok
REMIND-MAgPIE 3.2.0-4.8.0,RESCUE-End-of-Century-Budget-500,1,World,Capacity|Electricity|Solar|PV,GW,2040,12937.9648371,GW3-I,GW3a,GW3,ok
REMIND-MAgPIE 3.2.0-4.8.0,RESCUE-End-of-Century-Budget-500,1,World,Capacity|Electricity|Solar|PV,GW,2035,7561.436107699999,GW3-I,GW3a,GW3,ok
REMIND-MAgPIE 3.2.0-4.8.0,RESCUE-End-of-Century-Budget-500,1,World,Capacity|Electricity|Solar|PV,GW,2030,4003.036824,GW3-I,GW3a,GW3,ok
REMIND-MAgPIE 3.2.0-4.8.0,RESCUE-End-of-Century-Budget-500,1,World,Capacity|Electricity|Solar|PV,GW,2025,1925.6811056,GW3-I,GW3a,GW3,ok
REMIND-MAgPIE 3.2.0-4.8.0,RESCUE-End-of-Century-Budget-500,1,World,Capacity|Electricity|Solar|PV,GW,2020,688.02955,GW3-I,GW3a,GW3,ok
REMIND-MAgPIE 3.2.0-4.8.0,RESCUE-End-of-Century-Budget-500,1,World,Capacity|Electricity|Wind,GW,2090,19605.92,GW3-I,GW3a,GW3,ok
REMIND-MAgPIE 3.2.0-4.8.0,RESCUE-End-of-Century-Budget-500,1,World,Capacity|Electricity|Wind,GW,2080,16111.2202669,GW3-I,GW3a,GW3,ok
REMIND-MAgPIE 3.2.0-4.8.0,RESCUE-End-of-Century-Budget-500,1,World,Capacity|Electricity|Wind,GW,2070,13350.8422787,GW3-I,GW3a,GW3,ok
REMIND-MAgPIE 3.2.0-4.8.0,RESCUE-End-of-Century-Budget-500,1,World,Capacity|Electricity|Wind,GW,2060,10726.7198975,GW3-I,GW3a,GW3,ok
REMIND-MAgPIE 3.2.0-4.8.0,RESCUE-End-of-Century-Budget-500,1,World,Capacity|Electricity|Wind,GW,2055,8147.822825300001,GW3-I,GW3a,GW3,ok
REMIND-MAgPIE 3.2.0-4.8.0,RESCUE-End-of-Century-Budget-500,1,World,Capacity|Electricity|Wind,GW,2050,6579.758243400001,GW3-I,GW3a,GW3,ok
REMIND-MAgPIE 3.2.0-4.8.0,RESCUE-End-of-Century-Budget-500,1,World,Capacity|Electricity|Wind,GW,2045,5043.3707717,GW3-I,GW3a,GW3,ok
REMIND-MAgPIE 3.2.0-4.8.0,RESCUE-End-of-Century-Budget-500,1,World,Capacity|Electricity|Wind,GW,2100,21818.1809594,GW3-I,GW3a,GW3,ok
REMIND-MAgPIE 3.2.0-4.8.0,RESCUE-End-of-Century-Budget-500,1,World,Capacity|Electricity|Wind,GW,2035,2462.331250300001,GW3-I,GW3a,GW3,ok
REMIND-MAgPIE 3.2.0-4.8.0,RESCUE-End-of-Century-Budget-500,1,World,Capacity|Electricity|Wind,GW,2030,1695.5187832,GW3-I,GW3a,GW3,ok
REMIND-MAgPIE 3.2.0-4.8.0,RESCUE-End-of-Century-Budget-500,1,World,Capacity|Electricity|Wind,GW,2025,1175.7947516,GW3-I,GW3a,GW3,ok
REMIND-MAgPIE 3.2.0-4.8.0,RESCUE-End-of-Century-Budget-500,1,World,Capacity|Electricity|Wind,GW,2020,700.56327,GW3-I,GW3a,GW3,ok
REMIND-MAgPIE 3.2.0-4.8.0,RESCUE-End-of-Century-Budget-500,1,World,Capacity|Electricity|Wind,GW,2040,3589.5712016,GW3-I,GW3a,GW3,ok
REMIND-MAgPIE 3.2.0-4.8.0,RESCUE-End-of-Century-Budget-500,1,World,Carbon Capture|Geological Storage|Biomass,Mt CO2/yr,2100,8252.539037800001,GW3-I,GW3a,GW3,ok
REMIND-MAgPIE 3.2.0-4.8.0,RESCUE-End-of-Century-Budget-500,1,World,Carbon Capture|Geological Storage|Biomass,Mt CO2/yr,2090,9397.032,GW3-I,GW3a,GW3,ok
REMIND-MAgPIE 3.2.0-4.8.0,RESCUE-End-of-Century-Budget-500,1,World,Carbon Capture|Geological Storage|Biomass,Mt CO2/yr,2080,9149.152482599999,GW3-I,GW3a,GW3,ok
REMIND-MAgPIE 3.2.0-4.8.0,RESCUE-End-of-Century-Budget-500,1,World,Carbon Capture|Geological Storage|Biomass,Mt CO2/yr,2070,6310.4088148,GW3-I,GW3a,GW3,ok
REMIND-MAgPIE 3.2.0-4.8.0,RESCUE-End-of-Century-Budget-500,1,World,Carbon Capture|Geological Storage|Biomass,Mt CO2/yr,2060,3484.4929982,GW3-I,GW3a,GW3,ok
REMIND-MAgPIE 3.2.0-4.8.0,RESCUE-End-of-Century-Budget-500,1,World,Carbon Capture|Geological Storage|Biomass,Mt CO2/yr,2055,2137.5432765,GW3-I,GW3a,GW3,ok
REMIND-MAgPIE 3.2.0-4.8.0,RESCUE-End-of-Century-Budget-500,1,World,Carbon Capture|Geological Storage|Biomass,Mt CO2/yr,2050,1359.1593469,GW3-I,GW3a,GW3,ok
REMIND-MAgPIE 3.2.0-4.8.0,RESCUE-End-of-Century-Budget-500,1,World,Carbon Capture|Geological Storage|Biomass,Mt CO2/yr,2045,656.4896166999999,GW3-I,GW3a,GW3,ok
REMIND-MAgPIE 3.2.0-4.8.0,RESCUE-End-of-Century-Budget-500,1,World,Carbon Capture|Geological Storage|Biomass,Mt CO2/yr,2040,202.6499675,GW3-I,GW3a,GW3,ok
REMIND-MAgPIE 3.2.0-4.8.0,RESCUE-End-of-Century-Budget-500,1,World,Carbon Capture|Geological Storage|Biomass,Mt CO2/yr,2035,46.9388497,GW3-I,GW3a,GW3,ok
REMIND-MAgPIE 3.2.0-4.8.0,RESCUE-End-of-Century-Budget-500,1,World,Carbon Capture|Geological Storage|Biomass,Mt CO2/yr,2030,20.6901479,GW3-I,GW3a,GW3,ok
REMIND-MAgPIE 3.2.0-4.8.0,RESCUE-End-of-Century-Budget-500,1,World,Carbon Capture|Geological Storage|Biomass,Mt CO2/yr,2025,17.8477691,GW3-I,GW3a,GW3,ok
REMIND-MAgPIE 3.2.0-4.8.0,RESCUE-End-of-Century-Budget-500,1,World,Carbon Capture|Geological Storage|Biomass,Mt CO2/yr,2020,0.0,GW3-I,GW3a,GW3,ok
REMIND-MAgPIE 3.2.0-4.8.0,RESCUE-End-of-Century-Budget-500,1,World,Carbon Removal|Land Use,Mt CO2/yr,2090,2245.4374,GW3-I,GW3a,GW3,ok
REMIND-MAgPIE 3.2.0-4.8.0,RESCUE-End-of-Century-Budget-500,1,World,Carbon Removal|Land Use,Mt CO2/yr,2080,1900.5434,GW3-I,GW3a,GW3,ok
REMIND-MAgPIE 3.2.0-4.8.0,RESCUE-End-of-Century-Budget-500,1,World,Carbon Removal|Land Use,Mt CO2/yr,2070,1583.8348,GW3-I,GW3a,GW3,ok
REMIND-MAgPIE 3.2.0-4.8.0,RESCUE-End-of-Century-Budget-500,1,World,Carbon Removal|Land Use,Mt CO2/yr,2060,1314.2538,GW3-I,GW3a,GW3,ok
REMIND-MAgPIE 3.2.0-4.8.0,RESCUE-End-of-Century-Budget-500,1,World,Carbon Removal|Land Use,Mt CO2/yr,2055,1082.2461,GW3-I,GW3a,GW3,ok
REMIND-MAgPIE 3.2.0-4.8.0,RESCUE-End-of-Century-Budget-500,1,World,Carbon Removal|Land Use,Mt CO2/yr,2050,874.0536,GW3-I,GW3a,GW3,ok
REMIND-MAgPIE 3.2.0-4.8.0,RESCUE-End-of-Century-Budget-500,1,World,Carbon Removal|Land Use,Mt CO2/yr,2045,688.2687,GW3-I,GW3a,GW3,ok
REMIND-MAgPIE 3.2.0-4.8.0,RESCUE-End-of-Century-Budget-500,1,World,Carbon Removal|Land Use,Mt CO2/yr,2100,2564.237100000001,GW3-I,GW3a,GW3,ok
REMIND-MAgPIE 3.2.0-4.8.0,RESCUE-End-of-Century-Budget-500,1,World,Carbon Removal|Land Use,Mt CO2/yr,2035,428.1391,GW3-I,GW3a,GW3,ok
REMIND-MAgPIE 3.2.0-4.8.0,RESCUE-End-of-Century-Budget-500,1,World,Carbon Removal|Land Use,Mt CO2/yr,2030,372.5957,GW3-I,GW3a,GW3,ok
REMIND-MAgPIE 3.2.0-4.8.0,RESCUE-End-of-Century-Budget-500,1,World,Carbon Removal|Land Use,Mt CO2/yr,2025,336.5319,GW3-I,GW3a,GW3,ok
REMIND-MAgPIE 3.2.0-4.8.0,RESCUE-End-of-Century-Budget-500,1,World,Carbon Removal|Land Use,Mt CO2/yr,2020,318.7492,GW3-I,GW3a,GW3,ok
REMIND-MAgPIE 3.2.0-4.8.0,RESCUE-End-of-Century-Budget-500,1,World,Carbon Removal|Land Use,Mt CO2/yr,2040,534.9069999999999,GW3-I,GW3a,GW3,ok
REMIND-MAgPIE 3.2.0-4.8.0,RESCUE-End-of-Century-Budget-500,1,World,Emissions|CO2,Mt CO2/yr,2050,9288.222652500002,GW3-I,GW3a,GW3,ok
REMIND-MAgPIE 3.2.0-4.8.0,RESCUE-End-of-Century-Budget-500,1,World,Emissions|CO2,Mt CO2/yr,2090,-21544.21,GW3-I,GW3a,GW3,ok
REMIND-MAgPIE 3.2.0-4.8.0,RESCUE-End-of-Century-Budget-500,1,World,Emissions|CO2,Mt CO2/yr,2080,-14643.9648431,GW3-I,GW3a,GW3,ok
REMIND-MAgPIE 3.2.0-4.8.0,RESCUE-End-of-Century-Budget-500,1,World,Emissions|CO2,Mt CO2/yr,2070,-5821.0949735,GW3-I,GW3a,GW3,ok
REMIND-MAgPIE 3.2.0-4.8.0,RESCUE-End-of-Century-Budget-500,1,World,Emissions|CO2,Mt CO2/yr,2060,1754.7419304,GW3-I,GW3a,GW3,ok
REMIND-MAgPIE 3.2.0-4.8.0,RESCUE-End-of-Century-Budget-500,1,World,Emissions|CO2,Mt CO2/yr,2055,5643.768905299999,GW3-I,GW3a,GW3,ok
REMIND-MAgPIE 3.2.0-4.8.0,RESCUE-End-of-Century-Budget-500,1,World,Emissions|CO2,Mt CO2/yr,2045,15190.6566771,GW3-I,GW3a,GW3,ok
REMIND-MAgPIE 3.2.0-4.8.0,RESCUE-End-of-Century-Budget-500,1,World,Emissions|CO2,Mt CO2/yr,2100,-22342.6537602,GW3-I,GW3a,GW3,ok
REMIND-MAgPIE 3.2.0-4.8.0,RESCUE-End-of-Century-Budget-500,1,World,Emissions|CO2,Mt CO2/yr,2035,38482.4935264,GW3-I,GW3a,GW3,ok
REMIND-MAgPIE 3.2.0-4.8.0,RESCUE-End-of-Century-Budget-500,1,World,Emissions|CO2,Mt CO2/yr,2030,44173.0846643,GW3-I,GW3a,GW3,ok
REMIND-MAgPIE 3.2.0-4.8.0,RESCUE-End-of-Century-Budget-500,1,World,Emissions|CO2,Mt CO2/yr,2025,41954.52423510001,GW3-I,GW3a,GW3,ok
REMIND-MAgPIE 3.2.0-4.8.0,RESCUE-End-of-Century-Budget-500,1,World,Emissions|CO2,Mt CO2/yr,2020,42797.7163014,GW3-I,GW3a,GW3,ok
REMIND-MAgPIE 3.2.0-4.8.0,RESCUE-End-of-Century-Budget-500,1,World,Emissions|CO2,Mt CO2/yr,2040,25748.0818378,GW3-I,GW3a,GW3,ok
REMIND-MAgPIE 3.2.0-4.8.0,RESCUE-End-of-Century-Budget-500,1,World,Final Energy,EJ/yr,2090,574.6037000000001,GW3-I,GW3a,GW3,ok
REMIND-MAgPIE 3.2.0-4.8.0,RESCUE-End-of-Century-Budget-500,1,World,Final Energy,EJ/yr,2080,518.1148065000001,GW3-I,GW3a,GW3,ok
REMIND-MAgPIE 3.2.0-4.8.0,RESCUE-End-of-Century-Budget-500,1,World,Final Energy,EJ/yr,2070,468.8187615,GW3-I,GW3a,GW3,ok
REMIND-MAgPIE 3.2.0-4.8.0,RESCUE-End-of-Century-Budget-500,1,World,Final Energy,EJ/yr,2060,447.3370037,GW3-I,GW3a,GW3,ok
REMIND-MAgPIE 3.2.0-4.8.0,RESCUE-End-of-Century-Budget-500,1,World,Final Energy,EJ/yr,2055,429.1173838,GW3-I,GW3a,GW3,ok
REMIND-MAgPIE 3.2.0-4.8.0,RESCUE-End-of-Century-Budget-500,1,World,Final Energy,EJ/yr,2050,424.8951578999999,GW3-I,GW3a,GW3,ok
REMIND-MAgPIE 3.2.0-4.8.0,RESCUE-End-of-Century-Budget-500,1,World,Final Energy,EJ/yr,2045,428.7354869,GW3-I,GW3a,GW3,ok
REMIND-MAgPIE 3.2.0-4.8.0,RESCUE-End-of-Century-Budget-500,1,World,Final Energy,EJ/yr,2100,599.730192,GW3-I,GW3a,GW3,ok
REMIND-MAgPIE 3.2.0-4.8.0,RESCUE-End-of-Century-Budget-500,1,World,Final Energy,EJ/yr,2035,512.6031317000001,GW3-I,GW3a,GW3,ok
REMIND-MAgPIE 3.2.0-4.8.0,RESCUE-End-of-Century-Budget-500,1,World,Final Energy,EJ/yr,2030,504.0982576999999,GW3-I,GW3a,GW3,ok
REMIND-MAgPIE 3.2.0-4.8.0,RESCUE-End-of-Century-Budget-500,1,World,Final Energy,EJ/yr,2025,468.0695341,GW3-I,GW3a,GW3,ok
REMIND-MAgPIE 3.2.0-4.8.0,RESCUE-End-of-Century-Budget-500,1,World,Final Energy,EJ/yr,2020,437.3065756999999,GW3-I,GW3a,GW3,ok
REMIND-MAgPIE 3.2.0-4.8.0,RESCUE-End-of-Century-Budget-500,1,World,Final Energy,EJ/yr,2040,458.1604378,GW3-I,GW3a,GW3,ok
REMIND-MAgPIE 3.2.0-4.8.0,RESCUE-End-of-Century-Budget-500,1,World,Final Energy|Electricity,EJ/yr,2090,311.4507,GW3-I,GW3a,GW3,ok
REMIND-MAgPIE 3.2.0-4.8.0,RESCUE-End-of-Century-Budget-500,1,World,Final Energy|Electricity,EJ/yr,2080,288.7859766999999,GW3-I,GW3a,GW3,ok
REMIND-MAgPIE 3.2.0-4.8.0,RESCUE-End-of-Century-Budget-500,1,World,Final Energy|Electricity,EJ/yr,2070,257.2960211999999,GW3-I,GW3a,GW3,ok
REMIND-MAgPIE 3.2.0-4.8.0,RESCUE-End-of-Century-Budget-500,1,World,Final Energy|Electricity,EJ/yr,2060,227.6632027,GW3-I,GW3a,GW3,ok
REMIND-MAgPIE 3.2.0-4.8.0,RESCUE-End-of-Century-Budget-500,1,World,Final Energy|Electricity,EJ/yr,2055,210.5324228,GW3-I,GW3a,GW3,ok
REMIND-MAgPIE 3.2.0-4.8.0,RESCUE-End-of-Century-Budget-500,1,World,Final Energy|Electricity,EJ/yr,2050,192.7764587,GW3-I,GW3a,GW3,ok
REMIND-MAgPIE 3.2.0-4.8.0,RESCUE-End-of-Century-Budget-500,1,World,Final Energy|Electricity,EJ/yr,2045,172.0664689,GW3-I,GW3a,GW3,ok
REMIND-MAgPIE 3.2.0-4.8.0,RESCUE-End-of-Century-Budget-500,1,World,Final Energy|Electricity,EJ/yr,2100,318.9023168999999,GW3-I,GW3a,GW3,ok
REMIND-MAgPIE 3.2.0-4.8.0,RESCUE-End-of-Century-Budget-500,1,World,Final Energy|Electricity,EJ/yr,2035,139.4027103,GW3-I,GW3a,GW3,ok
REMIND-MAgPIE 3.2.0-4.8.0,RESCUE-End-of-Century-Budget-500,1,World,Final Energy|Electricity,EJ/yr,2030,116.3877078,GW3-I,GW3a,GW3,ok
REMIND-MAgPIE 3.2.0-4.8.0,RESCUE-End-of-Century-Budget-500,1,World,Final Energy|Electricity,EJ/yr,2025,97.85741920000001,GW3-I,GW3a,GW3,ok
REMIND-MAgPIE 3.2.0-4.8.0,RESCUE-End-of-Century-Budget-500,1,World,Final Energy|Electricity,EJ/yr,2020,84.86722920000003,GW3-I,GW3a,GW3,ok
REMIND-MAgPIE 3.2.0-4.8.0,RESCUE-End-of-Century-Budget-500,1,World,Final Energy|Electricity,EJ/yr,2040,154.904652,GW3-I,GW3a,GW3,ok
REMIND-MAgPIE 3.2.0-4.8.0,RESCUE-End-of-Century-Budget-500,1,World,Food Availability|Crops [per capita],kcal/cap/day,2090,1481.7738,GW3-I,GW3a,GW3,ok
REMIND-MAgPIE 3.2.0-4.8.0,RESCUE-End-of-Century-Budget-500,1,World,Food Availability|Crops [per capita],kcal/cap/day,2080,1502.4013,GW3-I,GW3a,GW3,ok
REMIND-MAgPIE 3.2.0-4.8.0,RESCUE-End-of-Century-Budget-500,1,World,Food Availability|Crops [per capita],kcal/cap/day,2070,1529.9556,GW3-I,GW3a,GW3,ok
REMIND-MAgPIE 3.2.0-4.8.0,RESCUE-End-of-Century-Budget-500,1,World,Food Availability|Crops [per capita],kcal/cap/day,2060,1563.7595,GW3-I,GW3a,GW3,ok
REMIND-MAgPIE 3.2.0-4.8.0,RESCUE-End-of-Century-Budget-500,1,World,Food Availability|Crops [per capita],kcal/cap/day,2055,1581.9304,GW3-I,GW3a,GW3,ok
REMIND-MAgPIE 3.2.0-4.8.0,RESCUE-End-of-Century-Budget-500,1,World,Food Availability|Crops [per capita],kcal/cap/day,2050,1600.7598,GW3-I,GW3a,GW3,ok
REMIND-MAgPIE 3.2.0-4.8.0,RESCUE-End-of-Century-Budget-500,1,World,Food Availability|Crops [per capita],kcal/cap/day,2045,1619.8633,GW3-I,GW3a,GW3,ok
REMIND-MAgPIE 3.2.0-4.8.0,RESCUE-End-of-Century-Budget-500,1,World,Food Availability|Crops [per capita],kcal/cap/day,2100,1465.3233,GW3-I,GW3a,GW3,ok
REMIND-MAgPIE 3.2.0-4.8.0,RESCUE-End-of-Century-Budget-500,1,World,Food Availability|Crops [per capita],kcal/cap/day,2035,1656.9086,GW3-I,GW3a,GW3,ok
REMIND-MAgPIE 3.2.0-4.8.0,RESCUE-End-of-Century-Budget-500,1,World,Food Availability|Crops [per capita],kcal/cap/day,2030,1675.2504,GW3-I,GW3a,GW3,ok
REMIND-MAgPIE 3.2.0-4.8.0,RESCUE-End-of-Century-Budget-500,1,World,Food Availability|Crops [per capita],kcal/cap/day,2025,1695.9559,GW3-I,GW3a,GW3,ok
REMIND-MAgPIE 3.2.0-4.8.0,RESCUE-End-of-Century-Budget-500,1,World,Food Availability|Crops [per capita],kcal/cap/day,2020,1714.7841,GW3-I,GW3a,GW3,ok
REMIND-MAgPIE 3.2.0-4.8.0,RESCUE-End-of-Century-Budget-500,1,World,Food Availability|Crops [per capita],kcal/cap/day,2040,1638.5453,GW3-I,GW3a,GW3,ok
REMIND-MAgPIE 3.2.0-4.8.0,RESCUE-End-of-Century-Budget-500,1,World,Food Availability|Livestock [per capita],kcal/cap/day,2090,792.7006,GW3-I,GW3a,GW3,ok
REMIND-MAgPIE 3.2.0-4.8.0,RESCUE-End-of-Century-Budget-500,1,World,Food Availability|Livestock [per capita],kcal/cap/day,2080,762.8924,GW3-I,GW3a,GW3,ok
REMIND-MAgPIE 3.2.0-4.8.0,RESCUE-End-of-Century-Budget-500,1,World,Food Availability|Livestock [per capita],kcal/cap/day,2070,727.98,GW3-I,GW3a,GW3,ok
REMIND-MAgPIE 3.2.0-4.8.0,RESCUE-End-of-Century-Budget-500,1,World,Food Availability|Livestock [per capita],kcal/cap/day,2060,690.2651999999999,GW3-I,GW3a,GW3,ok
REMIND-MAgPIE 3.2.0-4.8.0,RESCUE-End-of-Century-Budget-500,1,World,Food Availability|Livestock [per capita],kcal/cap/day,2055,670.3414999999999,GW3-I,GW3a,GW3,ok
REMIND-MAgPIE 3.2.0-4.8.0,RESCUE-End-of-Century-Budget-500,1,World,Food Availability|Livestock [per capita],kcal/cap/day,2050,650.6505999999999,GW3-I,GW3a,GW3,ok
REMIND-MAgPIE 3.2.0-4.8.0,RESCUE-End-of-Century-Budget-500,1,World,Food Availability|Livestock [per capita],kcal/cap/day,2045,631.2442,GW3-I,GW3a,GW3,ok
REMIND-MAgPIE 3.2.0-4.8.0,RESCUE-End-of-Century-Budget-500,1,World,Food Availability|Livestock [per capita],kcal/cap/day,2100,816.4963,GW3-I,GW3a,GW3,ok
REMIND-MAgPIE 3.2.0-4.8.0,RESCUE-End-of-Century-Budget-500,1,World,Food Availability|Livestock [per capita],kcal/cap/day,2035,591.4237,GW3-I,GW3a,GW3,ok
REMIND-MAgPIE 3.2.0-4.8.0,RESCUE-End-of-Century-Budget-500,1,World,Food Availability|Livestock [per capita],kcal/cap/day,2030,570.4788000000001,GW3-I,GW3a,GW3,ok
REMIND-MAgPIE 3.2.0-4.8.0,RESCUE-End-of-Century-Budget-500,1,World,Food Availability|Livestock [per capita],kcal/cap/day,2025,545.933,GW3-I,GW3a,GW3,ok
REMIND-MAgPIE 3.2.0-4.8.0,RESCUE-End-of-Century-Budget-500,1,World,Food Availability|Livestock [per capita],kcal/cap/day,2020,522.0784000000001,GW3-I,GW3a,GW3,ok
REMIND-MAgPIE 3.2.0-4.8.0,RESCUE-End-of-Century-Budget-500,1,World,Food Availability|Livestock [per capita],kcal/cap/day,2040,611.4604999999999,GW3-I,GW3a,GW3,ok
REMIND-MAgPIE 3.2.0-4.8.0,RESCUE-End-of-Century-Budget-500,1,World,GDP|MER,billion USD_2010/yr,2100,325828.0405610721,GW3-I,GW3a,GW3,ok
REMIND-MAgPIE 3.2.0-4.8.0,RESCUE-End-of-Century-Budget-500,1,World,GDP|MER,billion USD_2010/yr,2090,279506.416,GW3-I,GW3a,GW3,ok
REMIND-MAgPIE 3.2.0-4.8.0,RESCUE-End-of-Century-Budget-500,1,World,GDP|MER,billion USD_2010/yr,2080,241110.5466446881,GW3-I,GW3a,GW3,ok
REMIND-MAgPIE 3.2.0-4.8.0,RESCUE-End-of-Century-Budget-500,1,World,GDP|MER,billion USD_2010/yr,2070,205250.460415056,GW3-I,GW3a,GW3,ok
REMIND-MAgPIE 3.2.0-4.8.0,RESCUE-End-of-Century-Budget-500,1,World,GDP|MER,billion USD_2010/yr,2060,173568.036816496,GW3-I,GW3a,GW3,ok
REMIND-MAgPIE 3.2.0-4.8.0,RESCUE-End-of-Century-Budget-500,1,World,GDP|MER,billion USD_2010/yr,2055,160273.638317408,GW3-I,GW3a,GW3,ok
REMIND-MAgPIE 3.2.0-4.8.0,RESCUE-End-of-Century-Budget-500,1,World,GDP|MER,billion USD_2010/yr,2050,147044.404283616,GW3-I,GW3a,GW3,ok
REMIND-MAgPIE 3.2.0-4.8.0,RESCUE-End-of-Century-Budget-500,1,World,GDP|MER,billion USD_2010/yr,2045,134511.474027616,GW3-I,GW3a,GW3,ok
REMIND-MAgPIE 3.2.0-4.8.0,RESCUE-End-of-Century-Budget-500,1,World,GDP|MER,billion USD_2010/yr,2035,112341.734603616,GW3-I,GW3a,GW3,ok
REMIND-MAgPIE 3.2.0-4.8.0,RESCUE-End-of-Century-Budget-500,1,World,GDP|MER,billion USD_2010/yr,2030,100914.253387472,GW3-I,GW3a,GW3,ok
REMIND-MAgPIE 3.2.0-4.8.0,RESCUE-End-of-Century-Budget-500,1,World,GDP|MER,billion USD_2010/yr,2025,89192.88575870401,GW3-I,GW3a,GW3,ok
REMIND-MAgPIE 3.2.0-4.8.0,RESCUE-End-of-Century-Budget-500,1,World,GDP|MER,billion USD_2010/yr,2020,78126.446812064,GW3-I,GW3a,GW3,ok
REMIND-MAgPIE 3.2.0-4.8.0,RESCUE-End-of-Century-Budget-500,1,World,GDP|MER,billion USD_2010/yr,2040,123146.305382128,GW3-I,GW3a,GW3,ok
REMIND-MAgPIE 3.2.0-4.8.0,RESCUE-End-of-Century-Budget-500,1,World,Investment|Energy Supply,billion USD_2010/yr,2100,6534.713411184001,GW3-I,GW3a,GW3,ok
REMIND-MAgPIE 3.2.0-4.8.0,RESCUE-End-of-Century-Budget-500,1,World,Investment|Energy Supply,billion USD_2010/yr,2090,7801.180800000001,GW3-I,GW3a,GW3,ok
REMIND-MAgPIE 3.2.0-4.8.0,RESCUE-End-of-Century-Budget-500,1,World,Investment|Energy Supply,billion USD_2010/yr,2080,6619.672752896001,GW3-I,GW3a,GW3,ok
REMIND-MAgPIE 3.2.0-4.8.0,RESCUE-End-of-Century-Budget-500,1,World,Investment|Energy Supply,billion USD_2010/yr,2070,4825.179111760001,GW3-I,GW3a,GW3,ok
REMIND-MAgPIE 3.2.0-4.8.0,RESCUE-End-of-Century-Budget-500,1,World,Investment|Energy Supply,billion USD_2010/yr,2060,3497.099347840001,GW3-I,GW3a,GW3,ok
REMIND-MAgPIE 3.2.0-4.8.0,RESCUE-End-of-Century-Budget-500,1,World,Investment|Energy Supply,billion USD_2010/yr,2055,3351.638086832001,GW3-I,GW3a,GW3,ok
REMIND-MAgPIE 3.2.0-4.8.0,RESCUE-End-of-Century-Budget-500,1,World,Investment|Energy Supply,billion USD_2010/yr,2050,3254.709171392001,GW3-I,GW3a,GW3,ok
REMIND-MAgPIE 3.2.0-4.8.0,RESCUE-End-of-Century-Budget-500,1,World,Investment|Energy Supply,billion USD_2010/yr,2045,3173.27467744,GW3-I,GW3a,GW3,ok
REMIND-MAgPIE 3.2.0-4.8.0,RESCUE-End-of-Century-Budget-500,1,World,Investment|Energy Supply,billion USD_2010/yr,2040,2791.937317568001,GW3-I,GW3a,GW3,ok
REMIND-MAgPIE 3.2.0-4.8.0,RESCUE-End-of-Century-Budget-500,1,World,Investment|Energy Supply,billion USD_2010/yr,2035,2638.467888784,GW3-I,GW3a,GW3,ok
REMIND-MAgPIE 3.2.0-4.8.0,RESCUE-End-of-Century-Budget-500,1,World,Investment|Energy Supply,billion USD_2010/yr,2030,1917.391357840001,GW3-I,GW3a,GW3,ok
REMIND-MAgPIE 3.2.0-4.8.0,RESCUE-End-of-Century-Budget-500,1,World,Investment|Energy Supply,billion USD_2010/yr,2025,1631.831339936,GW3-I,GW3a,GW3,ok
REMIND-MAgPIE 3.2.0-4.8.0,RESCUE-End-of-Century-Budget-500,1,World,Investment|Energy Supply,billion USD_2010/yr,2020,1316.258209952,GW3-I,GW3a,GW3,ok
REMIND-MAgPIE 3.2.0-4.8.0,RESCUE-End-of-Century-Budget-500,1,World,Land Cover,million ha,2055,12986.3818,GW3-I,GW3a,GW3,ok
REMIND-MAgPIE 3.2.0-4.8.0,RESCUE-End-of-Century-Budget-500,1,World,Land Cover,million ha,2100,12986.3818,GW3-I,GW3a,GW3,ok
REMIND-MAgPIE 3.2.0-4.8.0,RESCUE-End-of-Century-Budget-500,1,World,Land Cover,million ha,2090,12986.3818,GW3-I,GW3a,GW3,ok
REMIND-MAgPIE 3.2.0-4.8.0,RESCUE-End-of-Century-Budget-500,1,World,Land Cover,million ha,2080,12986.3818,GW3-I,GW3a,GW3,ok
REMIND-MAgPIE 3.2.0-4.8.0,RESCUE-End-of-Century-Budget-500,1,World,Land Cover,million ha,2070,12986.3818,GW3-I,GW3a,GW3,ok
REMIND-MAgPIE 3.2.0-4.8.0,RESCUE-End-of-Century-Budget-500,1,World,Land Cover,million ha,2060,12986.3818,GW3-I,GW3a,GW3,ok
REMIND-MAgPIE 3.2.0-4.8.0,RESCUE-End-of-Century-Budget-500,1,World,Land Cover,million ha,2050,12986.3818,GW3-I,GW3a,GW3,ok
REMIND-MAgPIE 3.2.0-4.8.0,RESCUE-End-of-Century-Budget-500,1,World,Land Cover,million ha,2045,12986.3818,GW3-I,GW3a,GW3,ok
REMIND-MAgPIE 3.2.0-4.8.0,RESCUE-End-of-Century-Budget-500,1,World,Land Cover,million ha,2040,12986.3818,GW3-I,GW3a,GW3,ok
REMIND-MAgPIE 3.2.0-4.8.0,RESCUE-End-of-Century-Budget-500,1,World,Land Cover,million ha,2035,12986.3818,GW3-I,GW3a,GW3,ok
REMIND-MAgPIE 3.2.0-4.8.0,RESCUE-End-of-Century-Budget-500,1,World,Land Cover,million ha,2030,12986.3818,GW3-I,GW3a,GW3,ok
REMIND-MAgPIE 3.2.0-4.8.0,RESCUE-End-of-Century-Budget-500,1,World,Land Cover,million ha,2025,12986.3818,GW3-I,GW3a,GW3,ok
REMIND-MAgPIE 3.2.0-4.8.0,RESCUE-End-of-Century-Budget-500,1,World,Land Cover,million ha,2020,12986.3818,GW3-I,GW3a,GW3,ok
REMIND-MAgPIE 3.2.0-4.8.0,RESCUE-End-of-Century-Budget-500,1,World,Land Cover|Forest,million ha,2090,4368.652600000001,GW3-I,GW3a,GW3,ok
REMIND-MAgPIE 3.2.0-4.8.0,RESCUE-End-of-Century-Budget-500,1,World,Land Cover|Forest,million ha,2080,4254.2463,GW3-I,GW3a,GW3,ok
REMIND-MAgPIE 3.2.0-4.8.0,RESCUE-End-of-Century-Budget-500,1,World,Land Cover|Forest,million ha,2070,4176.7687,GW3-I,GW3a,GW3,ok
REMIND-MAgPIE 3.2.0-4.8.0,RESCUE-End-of-Century-Budget-500,1,World,Land Cover|Forest,million ha,2060,4071.4063,GW3-I,GW3a,GW3,ok
REMIND-MAgPIE 3.2.0-4.8.0,RESCUE-End-of-Century-Budget-500,1,World,Land Cover|Forest,million ha,2055,4042.0312,GW3-I,GW3a,GW3,ok
REMIND-MAgPIE 3.2.0-4.8.0,RESCUE-End-of-Century-Budget-500,1,World,Land Cover|Forest,million ha,2050,3986.6843,GW3-I,GW3a,GW3,ok
REMIND-MAgPIE 3.2.0-4.8.0,RESCUE-End-of-Century-Budget-500,1,World,Land Cover|Forest,million ha,2045,3962.5849,GW3-I,GW3a,GW3,ok
REMIND-MAgPIE 3.2.0-4.8.0,RESCUE-End-of-Century-Budget-500,1,World,Land Cover|Forest,million ha,2100,4459.3897,GW3-I,GW3a,GW3,ok
REMIND-MAgPIE 3.2.0-4.8.0,RESCUE-End-of-Century-Budget-500,1,World,Land Cover|Forest,million ha,2035,3904.9259,GW3-I,GW3a,GW3,ok
REMIND-MAgPIE 3.2.0-4.8.0,RESCUE-End-of-Century-Budget-500,1,World,Land Cover|Forest,million ha,2030,3883.7781,GW3-I,GW3a,GW3,ok
REMIND-MAgPIE 3.2.0-4.8.0,RESCUE-End-of-Century-Budget-500,1,World,Land Cover|Forest,million ha,2025,3892.1441,GW3-I,GW3a,GW3,ok
REMIND-MAgPIE 3.2.0-4.8.0,RESCUE-End-of-Century-Budget-500,1,World,Land Cover|Forest,million ha,2020,3903.0742,GW3-I,GW3a,GW3,ok
REMIND-MAgPIE 3.2.0-4.8.0,RESCUE-End-of-Century-Budget-500,1,World,Land Cover|Forest,million ha,2040,3940.9878,GW3-I,GW3a,GW3,ok
REMIND-MAgPIE 3.2.0-4.8.0,RESCUE-End-of-Century-Budget-500,1,World,Population,million,2090,9558.153,GW3-I,GW3a,GW3,ok
REMIND-MAgPIE 3.2.0-4.8.0,RESCUE-End-of-Century-Budget-500,1,World,Population,million,2080,9704.9997312,GW3-I,GW3a,GW3,ok
REMIND-MAgPIE 3.2.0-4.8.0,RESCUE-End-of-Century-Budget-500,1,World,Population,million,2070,9750.2188654,GW3-I,GW3a,GW3,ok
REMIND-MAgPIE 3.2.0-4.8.0,RESCUE-End-of-Century-Budget-500,1,World,Population,million,2060,9674.3854617,GW3-I,GW3a,GW3,ok
REMIND-MAgPIE 3.2.0-4.8.0,RESCUE-End-of-Century-Budget-500,1,World,Population,million,2055,9582.6817976,GW3-I,GW3a,GW3,ok
REMIND-MAgPIE 3.2.0-4.8.0,RESCUE-End-of-Century-Budget-500,1,World,Population,million,2050,9449.376711599998,GW3-I,GW3a,GW3,ok
REMIND-MAgPIE 3.2.0-4.8.0,RESCUE-End-of-Century-Budget-500,1,World,Population,million,2045,9272.963936099999,GW3-I,GW3a,GW3,ok
REMIND-MAgPIE 3.2.0-4.8.0,RESCUE-End-of-Century-Budget-500,1,World,Population,million,2100,9333.856479899998,GW3-I,GW3a,GW3,ok
REMIND-MAgPIE 3.2.0-4.8.0,RESCUE-End-of-Century-Budget-500,1,World,Population,million,2035,8801.503446100003,GW3-I,GW3a,GW3,ok
REMIND-MAgPIE 3.2.0-4.8.0,RESCUE-End-of-Century-Budget-500,1,World,Population,million,2030,8510.663531,GW3-I,GW3a,GW3,ok
REMIND-MAgPIE 3.2.0-4.8.0,RESCUE-End-of-Century-Budget-500,1,World,Population,million,2025,8175.612958600001,GW3-I,GW3a,GW3,ok
REMIND-MAgPIE 3.2.0-4.8.0,RESCUE-End-of-Century-Budget-500,1,World,Population,million,2020,7824.2154039,GW3-I,GW3a,GW3,ok
REMIND-MAgPIE 3.2.0-4.8.0,RESCUE-End-of-Century-Budget-500,1,World,Population,million,2040,9055.894914299999,GW3-I,GW3a,GW3,ok
REMIND-MAgPIE 3.2.0-4.8.0,RESCUE-End-of-Century-Budget-500,1,World,Price|Secondary Energy|Electricity,USD_2010/GJ,2090,12.983656,GW3-I,GW3a,GW3,ok
REMIND-MAgPIE 3.2.0-4.8.0,RESCUE-End-of-Century-Budget-500,1,World,Price|Secondary Energy|Electricity,USD_2010/GJ,2080,12.987137856,GW3-I,GW3a,GW3,ok
REMIND-MAgPIE 3.2.0-4.8.0,RESCUE-End-of-Century-Budget-500,1,World,Price|Secondary Energy|Electricity,USD_2010/GJ,2070,12.828658864,GW3-I,GW3a,GW3,ok
REMIND-MAgPIE 3.2.0-4.8.0,RESCUE-End-of-Century-Budget-500,1,World,Price|Secondary Energy|Electricity,USD_2010/GJ,2060,13.059014752,GW3-I,GW3a,GW3,ok
REMIND-MAgPIE 3.2.0-4.8.0,RESCUE-End-of-Century-Budget-500,1,World,Price|Secondary Energy|Electricity,USD_2010/GJ,2055,14.27449464,GW3-I,GW3a,GW3,ok
REMIND-MAgPIE 3.2.0-4.8.0,RESCUE-End-of-Century-Budget-500,1,World,Price|Secondary Energy|Electricity,USD_2010/GJ,2050,15.43948728,GW3-I,GW3a,GW3,ok
REMIND-MAgPIE 3.2.0-4.8.0,RESCUE-End-of-Century-Budget-500,1,World,Price|Secondary Energy|Electricity,USD_2010/GJ,2045,16.708178816,GW3-I,GW3a,GW3,ok
REMIND-MAgPIE 3.2.0-4.8.0,RESCUE-End-of-Century-Budget-500,1,World,Price|Secondary Energy|Electricity,USD_2010/GJ,2100,12.681476192,GW3-I,GW3a,GW3,ok
REMIND-MAgPIE 3.2.0-4.8.0,RESCUE-End-of-Century-Budget-500,1,World,Price|Secondary Energy|Electricity,USD_2010/GJ,2035,19.235298432,GW3-I,GW3a,GW3,ok
REMIND-MAgPIE 3.2.0-4.8.0,RESCUE-End-of-Century-Budget-500,1,World,Price|Secondary Energy|Electricity,USD_2010/GJ,2030,20.367564,GW3-I,GW3a,GW3,ok
REMIND-MAgPIE 3.2.0-4.8.0,RESCUE-End-of-Century-Budget-500,1,World,Price|Secondary Energy|Electricity,USD_2010/GJ,2025,19.554011904,GW3-I,GW3a,GW3,ok
REMIND-MAgPIE 3.2.0-4.8.0,RESCUE-End-of-Century-Budget-500,1,World,Price|Secondary Energy|Electricity,USD_2010/GJ,2020,14.384605984,GW3-I,GW3a,GW3,ok
REMIND-MAgPIE 3.2.0-4.8.0,RESCUE-End-of-Century-Budget-500,1,World,Price|Secondary Energy|Electricity,USD_2010/GJ,2040,18.06650126400001,GW3-I,GW3a,GW3,ok
REMIND-MAgPIE 3.2.0-4.8.0,RESCUE-End-of-Century-Budget-500,1,World,Primary Energy|Biomass,EJ/yr,2100,207.0225042,GW3-I,GW3a,GW3,ok
REMIND-MAgPIE 3.2.0-4.8.0,RESCUE-End-of-Century-Budget-500,1,World,Primary Energy|Biomass,EJ/yr,2090,220.2742,GW3-I,GW3a,GW3,ok
REMIND-MAgPIE 3.2.0-4.8.0,RESCUE-End-of-Century-Budget-500,1,World,Primary Energy|Biomass,EJ/yr,2080,210.8526633,GW3-I,GW3a,GW3,ok
REMIND-MAgPIE 3.2.0-4.8.0,RESCUE-End-of-Century-Budget-500,1,World,Primary Energy|Biomass,EJ/yr,2070,160.5026467,GW3-I,GW3a,GW3,ok
REMIND-MAgPIE 3.2.0-4.8.0,RESCUE-End-of-Century-Budget-500,1,World,Primary Energy|Biomass,EJ/yr,2060,106.8139145,GW3-I,GW3a,GW3,ok
REMIND-MAgPIE 3.2.0-4.8.0,RESCUE-End-of-Century-Budget-500,1,World,Primary Energy|Biomass,EJ/yr,2055,77.7489369,GW3-I,GW3a,GW3,ok
REMIND-MAgPIE 3.2.0-4.8.0,RESCUE-End-of-Century-Budget-500,1,World,Primary Energy|Biomass,EJ/yr,2050,65.5927182,GW3-I,GW3a,GW3,ok
REMIND-MAgPIE 3.2.0-4.8.0,RESCUE-End-of-Century-Budget-500,1,World,Primary Energy|Biomass,EJ/yr,2045,57.9107089,GW3-I,GW3a,GW3,ok
REMIND-MAgPIE 3.2.0-4.8.0,RESCUE-End-of-Century-Budget-500,1,World,Primary Energy|Biomass,EJ/yr,2040,51.74315470000001,GW3-I,GW3a,GW3,ok
REMIND-MAgPIE 3.2.0-4.8.0,RESCUE-End-of-Century-Budget-500,1,World,Primary Energy|Biomass,EJ/yr,2035,52.4266191,GW3-I,GW3a,GW3,ok
REMIND-MAgPIE 3.2.0-4.8.0,RESCUE-End-of-Century-Budget-500,1,World,Primary Energy|Biomass,EJ/yr,2030,55.5232748,GW3-I,GW3a,GW3,ok
REMIND-MAgPIE 3.2.0-4.8.0,RESCUE-End-of-Century-Budget-500,1,World,Primary Energy|Biomass,EJ/yr,2025,57.18670830000001,GW3-I,GW3a,GW3,ok
REMIND-MAgPIE 3.2.0-4.8.0,RESCUE-End-of-Century-Budget-500,1,World,Primary Energy|Biomass,EJ/yr,2020,53.947308,GW3-I,GW3a,GW3,ok
REMIND-MAgPIE 3.2.0-4.8.0,RESCUE-End-of-Century-Budget-500,1,World,Primary Energy|Coal,EJ/yr,2090,2.087266,GW3-I,GW3a,GW3,ok
REMIND-MAgPIE 3.2.0-4.8.0,RESCUE-End-of-Century-Budget-500,1,World,Primary Energy|Coal,EJ/yr,2080,3.7478258,GW3-I,GW3a,GW3,ok
REMIND-MAgPIE 3.2.0-4.8.0,RESCUE-End-of-Century-Budget-500,1,World,Primary Energy|Coal,EJ/yr,2070,4.686414499999999,GW3-I,GW3a,GW3,ok
REMIND-MAgPIE 3.2.0-4.8.0,RESCUE-End-of-Century-Budget-500,1,World,Primary Energy|Coal,EJ/yr,2060,4.8855114,GW3-I,GW3a,GW3,ok
REMIND-MAgPIE 3.2.0-4.8.0,RESCUE-End-of-Century-Budget-500,1,World,Primary Energy|Coal,EJ/yr,2055,5.6590962,GW3-I,GW3a,GW3,ok
REMIND-MAgPIE 3.2.0-4.8.0,RESCUE-End-of-Century-Budget-500,1,World,Primary Energy|Coal,EJ/yr,2050,8.813637500000002,GW3-I,GW3a,GW3,ok
REMIND-MAgPIE 3.2.0-4.8.0,RESCUE-End-of-Century-Budget-500,1,World,Primary Energy|Coal,EJ/yr,2045,21.2708883,GW3-I,GW3a,GW3,ok
REMIND-MAgPIE 3.2.0-4.8.0,RESCUE-End-of-Century-Budget-500,1,World,Primary Energy|Coal,EJ/yr,2100,0.9360983,GW3-I,GW3a,GW3,ok
REMIND-MAgPIE 3.2.0-4.8.0,RESCUE-End-of-Century-Budget-500,1,World,Primary Energy|Coal,EJ/yr,2035,153.9495932,GW3-I,GW3a,GW3,ok
REMIND-MAgPIE 3.2.0-4.8.0,RESCUE-End-of-Century-Budget-500,1,World,Primary Energy|Coal,EJ/yr,2030,159.4522756,GW3-I,GW3a,GW3,ok
REMIND-MAgPIE 3.2.0-4.8.0,RESCUE-End-of-Century-Budget-500,1,World,Primary Energy|Coal,EJ/yr,2025,159.415866,GW3-I,GW3a,GW3,ok
REMIND-MAgPIE 3.2.0-4.8.0,RESCUE-End-of-Century-Budget-500,1,World,Primary Energy|Coal,EJ/yr,2020,171.5563077,GW3-I,GW3a,GW3,ok
REMIND-MAgPIE 3.2.0-4.8.0,RESCUE-End-of-Century-Budget-500,1,World,Primary Energy|Coal,EJ/yr,2040,75.5978003,GW3-I,GW3a,GW3,ok
REMIND-MAgPIE 3.2.0-4.8.0,RESCUE-End-of-Century-Budget-500,1,World,Primary Energy|Fossil|w/ CCS,EJ/yr,2100,0.0001175,GW3-I,GW3a,GW3,ok
REMIND-MAgPIE 3.2.0-4.8.0,RESCUE-End-of-Century-Budget-500,1,World,Primary Energy|Fossil|w/ CCS,EJ/yr,2090,0.0002884,GW3-I,GW3a,GW3,ok
REMIND-MAgPIE 3.2.0-4.8.0,RESCUE-End-of-Century-Budget-500,1,World,Primary Energy|Fossil|w/ CCS,EJ/yr,2080,0.0186487,GW3-I,GW3a,GW3,ok
REMIND-MAgPIE 3.2.0-4.8.0,RESCUE-End-of-Century-Budget-500,1,World,Primary Energy|Fossil|w/ CCS,EJ/yr,2070,0.165556,GW3-I,GW3a,GW3,ok
REMIND-MAgPIE 3.2.0-4.8.0,RESCUE-End-of-Century-Budget-500,1,World,Primary Energy|Fossil|w/ CCS,EJ/yr,2060,0.2902496,GW3-I,GW3a,GW3,ok
REMIND-MAgPIE 3.2.0-4.8.0,RESCUE-End-of-Century-Budget-500,1,World,Primary Energy|Fossil|w/ CCS,EJ/yr,2055,0.3194682,GW3-I,GW3a,GW3,ok
REMIND-MAgPIE 3.2.0-4.8.0,RESCUE-End-of-Century-Budget-500,1,World,Primary Energy|Fossil|w/ CCS,EJ/yr,2050,0.3348704,GW3-I,GW3a,GW3,ok
REMIND-MAgPIE 3.2.0-4.8.0,RESCUE-End-of-Century-Budget-500,1,World,Primary Energy|Fossil|w/ CCS,EJ/yr,2045,0.3417732999999999,GW3-I,GW3a,GW3,ok
REMIND-MAgPIE 3.2.0-4.8.0,RESCUE-End-of-Century-Budget-500,1,World,Primary Energy|Fossil|w/ CCS,EJ/yr,2035,0.2737111,GW3-I,GW3a,GW3,ok
REMIND-MAgPIE 3.2.0-4.8.0,RESCUE-End-of-Century-Budget-500,1,World,Primary Energy|Fossil|w/ CCS,EJ/yr,2030,0.08264250000000001,GW3-I,GW3a,GW3,ok
REMIND-MAgPIE 3.2.0-4.8.0,RESCUE-End-of-Century-Budget-500,1,World,Primary Energy|Fossil|w/ CCS,EJ/yr,2025,0.0167264,GW3-I,GW3a,GW3,ok
REMIND-MAgPIE 3.2.0-4.8.0,RESCUE-End-of-Century-Budget-500,1,World,Primary Energy|Fossil|w/ CCS,EJ/yr,2020,0.0,GW3-I,GW3a,GW3,ok
REMIND-MAgPIE 3.2.0-4.8.0,RESCUE-End-of-Century-Budget-500,1,World,Primary Energy|Fossil|w/ CCS,EJ/yr,2040,0.3298692,GW3-I,GW3a,GW3,ok
REMIND-MAgPIE 3.2.0-4.8.0,RESCUE-End-of-Century-Budget-500,1,World,Primary Energy|Fossil|w/o CCS,EJ/yr,2050,198.8680282,GW3-I,GW3a,GW3,ok
REMIND-MAgPIE 3.2.0-4.8.0,RESCUE-End-of-Century-Budget-500,1,World,Primary Energy|Fossil|w/o CCS,EJ/yr,2090,4.084549999999999,GW3-I,GW3a,GW3,ok
REMIND-MAgPIE 3.2.0-4.8.0,RESCUE-End-of-Century-Budget-500,1,World,Primary Energy|Fossil|w/o CCS,EJ/yr,2080,17.0118267,GW3-I,GW3a,GW3,ok
REMIND-MAgPIE 3.2.0-4.8.0,RESCUE-End-of-Century-Budget-500,1,World,Primary Energy|Fossil|w/o CCS,EJ/yr,2070,53.5095628,GW3-I,GW3a,GW3,ok
REMIND-MAgPIE 3.2.0-4.8.0,RESCUE-End-of-Century-Budget-500,1,World,Primary Energy|Fossil|w/o CCS,EJ/yr,2060,115.9931348,GW3-I,GW3a,GW3,ok
REMIND-MAgPIE 3.2.0-4.8.0,RESCUE-End-of-Century-Budget-500,1,World,Primary Energy|Fossil|w/o CCS,EJ/yr,2055,159.0543872,GW3-I,GW3a,GW3,ok
REMIND-MAgPIE 3.2.0-4.8.0,RESCUE-End-of-Century-Budget-500,1,World,Primary Energy|Fossil|w/o CCS,EJ/yr,2045,259.9042612,GW3-I,GW3a,GW3,ok
REMIND-MAgPIE 3.2.0-4.8.0,RESCUE-End-of-Century-Budget-500,1,World,Primary Energy|Fossil|w/o CCS,EJ/yr,2100,2.0832341,GW3-I,GW3a,GW3,ok
REMIND-MAgPIE 3.2.0-4.8.0,RESCUE-End-of-Century-Budget-500,1,World,Primary Energy|Fossil|w/o CCS,EJ/yr,2035,500.0050153999999,GW3-I,GW3a,GW3,ok
REMIND-MAgPIE 3.2.0-4.8.0,RESCUE-End-of-Century-Budget-500,1,World,Primary Energy|Fossil|w/o CCS,EJ/yr,2040,367.5688013,GW3-I,GW3a,GW3,ok
REMIND-MAgPIE 3.2.0-4.8.0,RESCUE-End-of-Century-Budget-500,1,World,Primary Energy|Fossil|w/o CCS,EJ/yr,2025,507.9161905999999,GW3-I,GW3a,GW3,ok
REMIND-MAgPIE 3.2.0-4.8.0,RESCUE-End-of-Century-Budget-500,1,World,Primary Energy|Fossil|w/o CCS,EJ/yr,2030,525.1710224,GW3-I,GW3a,GW3,ok
REMIND-MAgPIE 3.2.0-4.8.0,RESCUE-End-of-Century-Budget-500,1,World,Primary Energy|Fossil|w/o CCS,EJ/yr,2020,500.5263259999999,GW3-I,GW3a,GW3,ok
REMIND-MAgPIE 3.2.0-4.8.0,RESCUE-End-of-Century-Budget-500,1,World,Primary Energy|Gas,EJ/yr,2090,1.997496,GW3-I,GW3a,GW3,ok
REMIND-MAgPIE 3.2.0-4.8.0,RESCUE-End-of-Century-Budget-500,1,World,Primary Energy|Gas,EJ/yr,2080,7.6718314,GW3-I,GW3a,GW3,ok
REMIND-MAgPIE 3.2.0-4.8.0,RESCUE-End-of-Century-Budget-500,1,World,Primary Energy|Gas,EJ/yr,2070,16.3617614,GW3-I,GW3a,GW3,ok
REMIND-MAgPIE 3.2.0-4.8.0,RESCUE-End-of-Century-Budget-500,1,World,Primary Energy|Gas,EJ/yr,2060,30.4373086,GW3-I,GW3a,GW3,ok
REMIND-MAgPIE 3.2.0-4.8.0,RESCUE-End-of-Century-Budget-500,1,World,Primary Energy|Gas,EJ/yr,2055,41.81052439999999,GW3-I,GW3a,GW3,ok
REMIND-MAgPIE 3.2.0-4.8.0,RESCUE-End-of-Century-Budget-500,1,World,Primary Energy|Gas,EJ/yr,2050,56.2310261,GW3-I,GW3a,GW3,ok
REMIND-MAgPIE 3.2.0-4.8.0,RESCUE-End-of-Century-Budget-500,1,World,Primary Energy|Gas,EJ/yr,2045,82.2510803,GW3-I,GW3a,GW3,ok
REMIND-MAgPIE 3.2.0-4.8.0,RESCUE-End-of-Century-Budget-500,1,World,Primary Energy|Gas,EJ/yr,2100,1.1472361,GW3-I,GW3a,GW3,ok
REMIND-MAgPIE 3.2.0-4.8.0,RESCUE-End-of-Century-Budget-500,1,World,Primary Energy|Gas,EJ/yr,2035,148.5242931,GW3-I,GW3a,GW3,ok
REMIND-MAgPIE 3.2.0-4.8.0,RESCUE-End-of-Century-Budget-500,1,World,Primary Energy|Gas,EJ/yr,2030,150.6493352,GW3-I,GW3a,GW3,ok
REMIND-MAgPIE 3.2.0-4.8.0,RESCUE-End-of-Century-Budget-500,1,World,Primary Energy|Gas,EJ/yr,2025,143.9461122,GW3-I,GW3a,GW3,ok
REMIND-MAgPIE 3.2.0-4.8.0,RESCUE-End-of-Century-Budget-500,1,World,Primary Energy|Gas,EJ/yr,2020,137.5615439,GW3-I,GW3a,GW3,ok
REMIND-MAgPIE 3.2.0-4.8.0,RESCUE-End-of-Century-Budget-500,1,World,Primary Energy|Gas,EJ/yr,2040,113.6747144,GW3-I,GW3a,GW3,ok
REMIND-MAgPIE 3.2.0-4.8.0,RESCUE-End-of-Century-Budget-500,1,World,Primary Energy|Non-Biomass Renewables,EJ/yr,2090,649.6186,GW3-I,GW3a,GW3,ok
REMIND-MAgPIE 3.2.0-4.8.0,RESCUE-End-of-Century-Budget-500,1,World,Primary Energy|Non-Biomass Renewables,EJ/yr,2080,542.7422512999999,GW3-I,GW3a,GW3,ok
REMIND-MAgPIE 3.2.0-4.8.0,RESCUE-End-of-Century-Budget-500,1,World,Primary Energy|Non-Biomass Renewables,EJ/yr,2070,447.2891746999999,GW3-I,GW3a,GW3,ok
REMIND-MAgPIE 3.2.0-4.8.0,RESCUE-End-of-Century-Budget-500,1,World,Primary Energy|Non-Biomass Renewables,EJ/yr,2060,363.6065736,GW3-I,GW3a,GW3,ok
REMIND-MAgPIE 3.2.0-4.8.0,RESCUE-End-of-Century-Budget-500,1,World,Primary Energy|Non-Biomass Renewables,EJ/yr,2055,289.374104,GW3-I,GW3a,GW3,ok
REMIND-MAgPIE 3.2.0-4.8.0,RESCUE-End-of-Century-Budget-500,1,World,Primary Energy|Non-Biomass Renewables,EJ/yr,2050,240.9372106,GW3-I,GW3a,GW3,ok
REMIND-MAgPIE 3.2.0-4.8.0,RESCUE-End-of-Century-Budget-500,1,World,Primary Energy|Non-Biomass Renewables,EJ/yr,2045,191.2632555,GW3-I,GW3a,GW3,ok
REMIND-MAgPIE 3.2.0-4.8.0,RESCUE-End-of-Century-Budget-500,1,World,Primary Energy|Non-Biomass Renewables,EJ/yr,2100,715.8868183,GW3-I,GW3a,GW3,ok
REMIND-MAgPIE 3.2.0-4.8.0,RESCUE-End-of-Century-Budget-500,1,World,Primary Energy|Non-Biomass Renewables,EJ/yr,2035,95.05371,GW3-I,GW3a,GW3,ok
REMIND-MAgPIE 3.2.0-4.8.0,RESCUE-End-of-Century-Budget-500,1,World,Primary Energy|Non-Biomass Renewables,EJ/yr,2030,63.46231320000001,GW3-I,GW3a,GW3,ok
REMIND-MAgPIE 3.2.0-4.8.0,RESCUE-End-of-Century-Budget-500,1,World,Primary Energy|Non-Biomass Renewables,EJ/yr,2025,42.8511349,GW3-I,GW3a,GW3,ok
REMIND-MAgPIE 3.2.0-4.8.0,RESCUE-End-of-Century-Budget-500,1,World,Primary Energy|Non-Biomass Renewables,EJ/yr,2020,27.689648,GW3-I,GW3a,GW3,ok
REMIND-MAgPIE 3.2.0-4.8.0,RESCUE-End-of-Century-Budget-500,1,World,Primary Energy|Non-Biomass Renewables,EJ/yr,2040,140.2344588,GW3-I,GW3a,GW3,ok
REMIND-MAgPIE 3.2.0-4.8.0,RESCUE-End-of-Century-Budget-500,1,World,Primary Energy|Nuclear,EJ/yr,2090,1.858933,GW3-I,GW3a,GW3,ok
REMIND-MAgPIE 3.2.0-4.8.0,RESCUE-End-of-Century-Budget-500,1,World,Primary Energy|Nuclear,EJ/yr,2080,3.6367821,GW3-I,GW3a,GW3,ok
REMIND-MAgPIE 3.2.0-4.8.0,RESCUE-End-of-Century-Budget-500,1,World,Primary Energy|Nuclear,EJ/yr,2070,5.466293000000001,GW3-I,GW3a,GW3,ok
REMIND-MAgPIE 3.2.0-4.8.0,RESCUE-End-of-Century-Budget-500,1,World,Primary Energy|Nuclear,EJ/yr,2060,6.7423026,GW3-I,GW3a,GW3,ok
REMIND-MAgPIE 3.2.0-4.8.0,RESCUE-End-of-Century-Budget-500,1,World,Primary Energy|Nuclear,EJ/yr,2055,7.2199041,GW3-I,GW3a,GW3,ok
REMIND-MAgPIE 3.2.0-4.8.0,RESCUE-End-of-Century-Budget-500,1,World,Primary Energy|Nuclear,EJ/yr,2050,7.7626619,GW3-I,GW3a,GW3,ok
REMIND-MAgPIE 3.2.0-4.8.0,RESCUE-End-of-Century-Budget-500,1,World,Primary Energy|Nuclear,EJ/yr,2045,8.4274271,GW3-I,GW3a,GW3,ok
REMIND-MAgPIE 3.2.0-4.8.0,RESCUE-End-of-Century-Budget-500,1,World,Primary Energy|Nuclear,EJ/yr,2100,0.6605681999999998,GW3-I,GW3a,GW3,ok
REMIND-MAgPIE 3.2.0-4.8.0,RESCUE-End-of-Century-Budget-500,1,World,Primary Energy|Nuclear,EJ/yr,2035,9.8115932,GW3-I,GW3a,GW3,ok
REMIND-MAgPIE 3.2.0-4.8.0,RESCUE-End-of-Century-Budget-500,1,World,Primary Energy|Nuclear,EJ/yr,2030,10.0140744,GW3-I,GW3a,GW3,ok
REMIND-MAgPIE 3.2.0-4.8.0,RESCUE-End-of-Century-Budget-500,1,World,Primary Energy|Nuclear,EJ/yr,2025,9.9675581,GW3-I,GW3a,GW3,ok
REMIND-MAgPIE 3.2.0-4.8.0,RESCUE-End-of-Century-Budget-500,1,World,Primary Energy|Nuclear,EJ/yr,2020,9.4700108,GW3-I,GW3a,GW3,ok
REMIND-MAgPIE 3.2.0-4.8.0,RESCUE-End-of-Century-Budget-500,1,World,Primary Energy|Nuclear,EJ/yr,2040,9.2133662,GW3-I,GW3a,GW3,ok
REMIND-MAgPIE 3.2.0-4.8.0,RESCUE-End-of-Century-Budget-500,1,World,Primary Energy|Oil,EJ/yr,2100,1.710000000000001e-05,GW3-I,GW3a,GW3,ok
REMIND-MAgPIE 3.2.0-4.8.0,RESCUE-End-of-Century-Budget-500,1,World,Primary Energy|Oil,EJ/yr,2090,7.690000000000004e-05,GW3-I,GW3a,GW3,ok
REMIND-MAgPIE 3.2.0-4.8.0,RESCUE-End-of-Century-Budget-500,1,World,Primary Energy|Oil,EJ/yr,2080,5.610818199999999,GW3-I,GW3a,GW3,ok
REMIND-MAgPIE 3.2.0-4.8.0,RESCUE-End-of-Century-Budget-500,1,World,Primary Energy|Oil,EJ/yr,2070,32.62694290000001,GW3-I,GW3a,GW3,ok
REMIND-MAgPIE 3.2.0-4.8.0,RESCUE-End-of-Century-Budget-500,1,World,Primary Energy|Oil,EJ/yr,2060,80.96056450000002,GW3-I,GW3a,GW3,ok
REMIND-MAgPIE 3.2.0-4.8.0,RESCUE-End-of-Century-Budget-500,1,World,Primary Energy|Oil,EJ/yr,2055,111.9042349,GW3-I,GW3a,GW3,ok
REMIND-MAgPIE 3.2.0-4.8.0,RESCUE-End-of-Century-Budget-500,1,World,Primary Energy|Oil,EJ/yr,2050,134.158235,GW3-I,GW3a,GW3,ok
REMIND-MAgPIE 3.2.0-4.8.0,RESCUE-End-of-Century-Budget-500,1,World,Primary Energy|Oil,EJ/yr,2045,156.7240658,GW3-I,GW3a,GW3,ok
REMIND-MAgPIE 3.2.0-4.8.0,RESCUE-End-of-Century-Budget-500,1,World,Primary Energy|Oil,EJ/yr,2035,197.8048402,GW3-I,GW3a,GW3,ok
REMIND-MAgPIE 3.2.0-4.8.0,RESCUE-End-of-Century-Budget-500,1,World,Primary Energy|Oil,EJ/yr,2030,215.1520541,GW3-I,GW3a,GW3,ok
REMIND-MAgPIE 3.2.0-4.8.0,RESCUE-End-of-Century-Budget-500,1,World,Primary Energy|Oil,EJ/yr,2025,204.5709388,GW3-I,GW3a,GW3,ok
REMIND-MAgPIE 3.2.0-4.8.0,RESCUE-End-of-Century-Budget-500,1,World,Primary Energy|Oil,EJ/yr,2020,191.4084744,GW3-I,GW3a,GW3,ok
REMIND-MAgPIE 3.2.0-4.8.0,RESCUE-End-of-Century-Budget-500,1,World,Primary Energy|Oil,EJ/yr,2040,178.6261557,GW3-I,GW3a,GW3,ok
REMIND-MAgPIE 3.2.0-4.8.0,RESCUE-End-of-Century-Budget-500-with-OAE,1,World,Capacity|Electricity|Solar|PV,GW,2100,92967.9923224,GW3-I,GW3a,GW3,ok
REMIND-MAgPIE 3.2.0-4.8.0,RESCUE-End-of-Century-Budget-500-with-OAE,1,World,Capacity|Electricity|Solar|PV,GW,2090,82177.3343939,GW3-I,GW3a,GW3,ok
REMIND-MAgPIE 3.2.0-4.8.0,RESCUE-End-of-Century-Budget-500-with-OAE,1,World,Capacity|Electricity|Solar|PV,GW,2080,66559.27935480002,GW3-I,GW3a,GW3,ok
REMIND-MAgPIE 3.2.0-4.8.0,RESCUE-End-of-Century-Budget-500-with-OAE,1,World,Capacity|Electricity|Solar|PV,GW,2070,50341.9078452,GW3-I,GW3a,GW3,ok
REMIND-MAgPIE 3.2.0-4.8.0,RESCUE-End-of-Century-Budget-500-with-OAE,1,World,Capacity|Electricity|Solar|PV,GW,2060,38637.0020999,GW3-I,GW3a,GW3,ok
REMIND-MAgPIE 3.2.0-4.8.0,RESCUE-End-of-Century-Budget-500-with-OAE,1,World,Capacity|Electricity|Solar|PV,GW,2055,30114.2106637,GW3-I,GW3a,GW3,ok
REMIND-MAgPIE 3.2.0-4.8.0,RESCUE-End-of-Century-Budget-500-with-OAE,1,World,Capacity|Electricity|Solar|PV,GW,2050,24785.0494304,GW3-I,GW3a,GW3,ok
REMIND-MAgPIE 3.2.0-4.8.0,RESCUE-End-of-Century-Budget-500-with-OAE,1,World,Capacity|Electricity|Solar|PV,GW,2045,19162.2779438,GW3-I,GW3a,GW3,ok
REMIND-MAgPIE 3.2.0-4.8.0,RESCUE-End-of-Century-Budget-500-with-OAE,1,World,Capacity|Electricity|Solar|PV,GW,2040,13050.3001596,GW3-I,GW3a,GW3,ok
REMIND-MAgPIE 3.2.0-4.8.0,RESCUE-End-of-Century-Budget-500-with-OAE,1,World,Capacity|Electricity|Solar|PV,GW,2035,7568.3184008,GW3-I,GW3a,GW3,ok
REMIND-MAgPIE 3.2.0-4.8.0,RESCUE-End-of-Century-Budget-500-with-OAE,1,World,Capacity|Electricity|Solar|PV,GW,2030,4003.036824,GW3-I,GW3a,GW3,ok
REMIND-MAgPIE 3.2.0-4.8.0,RESCUE-End-of-Century-Budget-500-with-OAE,1,World,Capacity|Electricity|Solar|PV,GW,2025,1925.6811056,GW3-I,GW3a,GW3,ok
REMIND-MAgPIE 3.2.0-4.8.0,RESCUE-End-of-Century-Budget-500-with-OAE,1,World,Capacity|Electricity|Solar|PV,GW,2020,688.02955,GW3-I,GW3a,GW3,ok
REMIND-MAgPIE 3.2.0-4.8.0,RESCUE-End-of-Century-Budget-500-with-OAE,1,World,Capacity|Electricity|Wind,GW,2090,21625.8688154,GW3-I,GW3a,GW3,ok
REMIND-MAgPIE 3.2.0-4.8.0,RESCUE-End-of-Century-Budget-500-with-OAE,1,World,Capacity|Electricity|Wind,GW,2080,17825.2364255,GW3-I,GW3a,GW3,ok
REMIND-MAgPIE 3.2.0-4.8.0,RESCUE-End-of-Century-Budget-500-with-OAE,1,World,Capacity|Electricity|Wind,GW,2070,14370.8233021,GW3-I,GW3a,GW3,ok
REMIND-MAgPIE 3.2.0-4.8.0,RESCUE-End-of-Century-Budget-500-with-OAE,1,World,Capacity|Electricity|Wind,GW,2060,11195.8734644,GW3-I,GW3a,GW3,ok
REMIND-MAgPIE 3.2.0-4.8.0,RESCUE-End-of-Century-Budget-500-with-OAE,1,World,Capacity|Electricity|Wind,GW,2055,8338.038038800001,GW3-I,GW3a,GW3,ok
REMIND-MAgPIE 3.2.0-4.8.0,RESCUE-End-of-Century-Budget-500-with-OAE,1,World,Capacity|Electricity|Wind,GW,2050,6642.650928500001,GW3-I,GW3a,GW3,ok
REMIND-MAgPIE 3.2.0-4.8.0,RESCUE-End-of-Century-Budget-500-with-OAE,1,World,Capacity|Electricity|Wind,GW,2045,5049.7085348,GW3-I,GW3a,GW3,ok
REMIND-MAgPIE 3.2.0-4.8.0,RESCUE-End-of-Century-Budget-500-with-OAE,1,World,Capacity|Electricity|Wind,GW,2100,23415.9336458,GW3-I,GW3a,GW3,ok
REMIND-MAgPIE 3.2.0-4.8.0,RESCUE-End-of-Century-Budget-500-with-OAE,1,World,Capacity|Electricity|Wind,GW,2035,2459.9641236,GW3-I,GW3a,GW3,ok
REMIND-MAgPIE 3.2.0-4.8.0,RESCUE-End-of-Century-Budget-500-with-OAE,1,World,Capacity|Electricity|Wind,GW,2030,1695.5187832,GW3-I,GW3a,GW3,ok
REMIND-MAgPIE 3.2.0-4.8.0,RESCUE-End-of-Century-Budget-500-with-OAE,1,World,Capacity|Electricity|Wind,GW,2025,1175.7947516,GW3-I,GW3a,GW3,ok
REMIND-MAgPIE 3.2.0-4.8.0,RESCUE-End-of-Century-Budget-500-with-OAE,1,World,Capacity|Electricity|Wind,GW,2020,700.56327,GW3-I,GW3a,GW3,ok
REMIND-MAgPIE 3.2.0-4.8.0,RESCUE-End-of-Century-Budget-500-with-OAE,1,World,Capacity|Electricity|Wind,GW,2040,3585.6732327,GW3-I,GW3a,GW3,ok
REMIND-MAgPIE 3.2.0-4.8.0,RESCUE-End-of-Century-Budget-500-with-OAE,1,World,Carbon Capture|Geological Storage|Biomass,Mt CO2/yr,2100,7587.155908899999,GW3-I,GW3a,GW3,ok
REMIND-MAgPIE 3.2.0-4.8.0,RESCUE-End-of-Century-Budget-500-with-OAE,1,World,Carbon Capture|Geological Storage|Biomass,Mt CO2/yr,2090,8448.4516189,GW3-I,GW3a,GW3,ok
REMIND-MAgPIE 3.2.0-4.8.0,RESCUE-End-of-Century-Budget-500-with-OAE,1,World,Carbon Capture|Geological Storage|Biomass,Mt CO2/yr,2080,8116.674654300001,GW3-I,GW3a,GW3,ok
REMIND-MAgPIE 3.2.0-4.8.0,RESCUE-End-of-Century-Budget-500-with-OAE,1,World,Carbon Capture|Geological Storage|Biomass,Mt CO2/yr,2070,5531.185144,GW3-I,GW3a,GW3,ok
REMIND-MAgPIE 3.2.0-4.8.0,RESCUE-End-of-Century-Budget-500-with-OAE,1,World,Carbon Capture|Geological Storage|Biomass,Mt CO2/yr,2060,3073.6412129,GW3-I,GW3a,GW3,ok
REMIND-MAgPIE 3.2.0-4.8.0,RESCUE-End-of-Century-Budget-500-with-OAE,1,World,Carbon Capture|Geological Storage|Biomass,Mt CO2/yr,2055,1925.6458658,GW3-I,GW3a,GW3,ok
REMIND-MAgPIE 3.2.0-4.8.0,RESCUE-End-of-Century-Budget-500-with-OAE,1,World,Carbon Capture|Geological Storage|Biomass,Mt CO2/yr,2050,1205.0913249,GW3-I,GW3a,GW3,ok
REMIND-MAgPIE 3.2.0-4.8.0,RESCUE-End-of-Century-Budget-500-with-OAE,1,World,Carbon Capture|Geological Storage|Biomass,Mt CO2/yr,2045,565.6718203999999,GW3-I,GW3a,GW3,ok
REMIND-MAgPIE 3.2.0-4.8.0,RESCUE-End-of-Century-Budget-500-with-OAE,1,World,Carbon Capture|Geological Storage|Biomass,Mt CO2/yr,2040,195.4799009,GW3-I,GW3a,GW3,ok
REMIND-MAgPIE 3.2.0-4.8.0,RESCUE-End-of-Century-Budget-500-with-OAE,1,World,Carbon Capture|Geological Storage|Biomass,Mt CO2/yr,2035,44.82891540000001,GW3-I,GW3a,GW3,ok
REMIND-MAgPIE 3.2.0-4.8.0,RESCUE-End-of-Century-Budget-500-with-OAE,1,World,Carbon Capture|Geological Storage|Biomass,Mt CO2/yr,2030,20.6901479,GW3-I,GW3a,GW3,ok
REMIND-MAgPIE 3.2.0-4.8.0,RESCUE-End-of-Century-Budget-500-with-OAE,1,World,Carbon Capture|Geological Storage|Biomass,Mt CO2/yr,2025,17.8477691,GW3-I,GW3a,GW3,ok
REMIND-MAgPIE 3.2.0-4.8.0,RESCUE-End-of-Century-Budget-500-with-OAE,1,World,Carbon Capture|Geological Storage|Biomass,Mt CO2/yr,2020,0.0,GW3-I,GW3a,GW3,ok
REMIND-MAgPIE 3.2.0-4.8.0,RESCUE-End-of-Century-Budget-500-with-OAE,1,World,Carbon Removal|Land Use,Mt CO2/yr,2090,2180.2837,GW3-I,GW3a,GW3,ok
REMIND-MAgPIE 3.2.0-4.8.0,RESCUE-End-of-Century-Budget-500-with-OAE,1,World,Carbon Removal|Land Use,Mt CO2/yr,2080,1863.5841,GW3-I,GW3a,GW3,ok
REMIND-MAgPIE 3.2.0-4.8.0,RESCUE-End-of-Century-Budget-500-with-OAE,1,World,Carbon Removal|Land Use,Mt CO2/yr,2070,1561.2407,GW3-I,GW3a,GW3,ok
REMIND-MAgPIE 3.2.0-4.8.0,RESCUE-End-of-Century-Budget-500-with-OAE,1,World,Carbon Removal|Land Use,Mt CO2/yr,2060,1287.7923,GW3-I,GW3a,GW3,ok
REMIND-MAgPIE 3.2.0-4.8.0,RESCUE-End-of-Century-Budget-500-with-OAE,1,World,Carbon Removal|Land Use,Mt CO2/yr,2055,1042.968,GW3-I,GW3a,GW3,ok
REMIND-MAgPIE 3.2.0-4.8.0,RESCUE-End-of-Century-Budget-500-with-OAE,1,World,Carbon Removal|Land Use,Mt CO2/yr,2050,823.0482,GW3-I,GW3a,GW3,ok
REMIND-MAgPIE 3.2.0-4.8.0,RESCUE-End-of-Century-Budget-500-with-OAE,1,World,Carbon Removal|Land Use,Mt CO2/yr,2045,636.4986,GW3-I,GW3a,GW3,ok
REMIND-MAgPIE 3.2.0-4.8.0,RESCUE-End-of-Century-Budget-500-with-OAE,1,World,Carbon Removal|Land Use,Mt CO2/yr,2100,2476.5039,GW3-I,GW3a,GW3,ok
REMIND-MAgPIE 3.2.0-4.8.0,RESCUE-End-of-Century-Budget-500-with-OAE,1,World,Carbon Removal|Land Use,Mt CO2/yr,2035,411.6507,GW3-I,GW3a,GW3,ok
REMIND-MAgPIE 3.2.0-4.8.0,RESCUE-End-of-Century-Budget-500-with-OAE,1,World,Carbon Removal|Land Use,Mt CO2/yr,2030,368.5617,GW3-I,GW3a,GW3,ok
REMIND-MAgPIE 3.2.0-4.8.0,RESCUE-End-of-Century-Budget-500-with-OAE,1,World,Carbon Removal|Land Use,Mt CO2/yr,2025,336.5319,GW3-I,GW3a,GW3,ok
REMIND-MAgPIE 3.2.0-4.8.0,RESCUE-End-of-Century-Budget-500-with-OAE,1,World,Carbon Removal|Land Use,Mt CO2/yr,2020,318.7492,GW3-I,GW3a,GW3,ok
REMIND-MAgPIE 3.2.0-4.8.0,RESCUE-End-of-Century-Budget-500-with-OAE,1,World,Carbon Removal|Land Use,Mt CO2/yr,2040,498.0663,GW3-I,GW3a,GW3,ok
REMIND-MAgPIE 3.2.0-4.8.0,RESCUE-End-of-Century-Budget-500-with-OAE,1,World,Emissions|CO2,Mt CO2/yr,2050,10105.6601451,GW3-I,GW3a,GW3,ok
REMIND-MAgPIE 3.2.0-4.8.0,RESCUE-End-of-Century-Budget-500-with-OAE,1,World,Emissions|CO2,Mt CO2/yr,2090,-21973.9981481,GW3-I,GW3a,GW3,ok
REMIND-MAgPIE 3.2.0-4.8.0,RESCUE-End-of-Century-Budget-500-with-OAE,1,World,Emissions|CO2,Mt CO2/yr,2080,-15811.5825973,GW3-I,GW3a,GW3,ok
REMIND-MAgPIE 3.2.0-4.8.0,RESCUE-End-of-Century-Budget-500-with-OAE,1,World,Emissions|CO2,Mt CO2/yr,2070,-5565.973793499998,GW3-I,GW3a,GW3,ok
REMIND-MAgPIE 3.2.0-4.8.0,RESCUE-End-of-Century-Budget-500-with-OAE,1,World,Emissions|CO2,Mt CO2/yr,2060,2420.3608848,GW3-I,GW3a,GW3,ok
REMIND-MAgPIE 3.2.0-4.8.0,RESCUE-End-of-Century-Budget-500-with-OAE,1,World,Emissions|CO2,Mt CO2/yr,2055,6299.350183400001,GW3-I,GW3a,GW3,ok
REMIND-MAgPIE 3.2.0-4.8.0,RESCUE-End-of-Century-Budget-500-with-OAE,1,World,Emissions|CO2,Mt CO2/yr,2045,16107.860413,GW3-I,GW3a,GW3,ok
REMIND-MAgPIE 3.2.0-4.8.0,RESCUE-End-of-Century-Budget-500-with-OAE,1,World,Emissions|CO2,Mt CO2/yr,2100,-22888.8397808,GW3-I,GW3a,GW3,ok
REMIND-MAgPIE 3.2.0-4.8.0,RESCUE-End-of-Century-Budget-500-with-OAE,1,World,Emissions|CO2,Mt CO2/yr,2035,38580.7127085,GW3-I,GW3a,GW3,ok
REMIND-MAgPIE 3.2.0-4.8.0,RESCUE-End-of-Century-Budget-500-with-OAE,1,World,Emissions|CO2,Mt CO2/yr,2030,44173.0846643,GW3-I,GW3a,GW3,ok
REMIND-MAgPIE 3.2.0-4.8.0,RESCUE-End-of-Century-Budget-500-with-OAE,1,World,Emissions|CO2,Mt CO2/yr,2025,41954.52423510001,GW3-I,GW3a,GW3,ok
REMIND-MAgPIE 3.2.0-4.8.0,RESCUE-End-of-Century-Budget-500-with-OAE,1,World,Emissions|CO2,Mt CO2/yr,2020,42797.7163014,GW3-I,GW3a,GW3,ok
REMIND-MAgPIE 3.2.0-4.8.0,RESCUE-End-of-Century-Budget-500-with-OAE,1,World,Emissions|CO2,Mt CO2/yr,2040,26958.6031316,GW3-I,GW3a,GW3,ok
REMIND-MAgPIE 3.2.0-4.8.0,RESCUE-End-of-Century-Budget-500-with-OAE,1,World,Final Energy,EJ/yr,2090,598.0603077999999,GW3-I,GW3a,GW3,ok
REMIND-MAgPIE 3.2.0-4.8.0,RESCUE-End-of-Century-Budget-500-with-OAE,1,World,Final Energy,EJ/yr,2080,538.6064396,GW3-I,GW3a,GW3,ok
REMIND-MAgPIE 3.2.0-4.8.0,RESCUE-End-of-Century-Budget-500-with-OAE,1,World,Final Energy,EJ/yr,2070,479.9073614,GW3-I,GW3a,GW3,ok
REMIND-MAgPIE 3.2.0-4.8.0,RESCUE-End-of-Century-Budget-500-with-OAE,1,World,Final Energy,EJ/yr,2060,451.8757662,GW3-I,GW3a,GW3,ok
REMIND-MAgPIE 3.2.0-4.8.0,RESCUE-End-of-Century-Budget-500-with-OAE,1,World,Final Energy,EJ/yr,2055,432.8617471,GW3-I,GW3a,GW3,ok
REMIND-MAgPIE 3.2.0-4.8.0,RESCUE-End-of-Century-Budget-500-with-OAE,1,World,Final Energy,EJ/yr,2050,429.1224069,GW3-I,GW3a,GW3,ok
REMIND-MAgPIE 3.2.0-4.8.0,RESCUE-End-of-Century-Budget-500-with-OAE,1,World,Final Energy,EJ/yr,2045,432.9313809999999,GW3-I,GW3a,GW3,ok
REMIND-MAgPIE 3.2.0-4.8.0,RESCUE-End-of-Century-Budget-500-with-OAE,1,World,Final Energy,EJ/yr,2100,622.8552192999998,GW3-I,GW3a,GW3,ok
REMIND-MAgPIE 3.2.0-4.8.0,RESCUE-End-of-Century-Budget-500-with-OAE,1,World,Final Energy,EJ/yr,2035,513.4822265999999,GW3-I,GW3a,GW3,ok
REMIND-MAgPIE 3.2.0-4.8.0,RESCUE-End-of-Century-Budget-500-with-OAE,1,World,Final Energy,EJ/yr,2030,504.0982576999999,GW3-I,GW3a,GW3,ok
REMIND-MAgPIE 3.2.0-4.8.0,RESCUE-End-of-Century-Budget-500-with-OAE,1,World,Final Energy,EJ/yr,2025,468.0695341,GW3-I,GW3a,GW3,ok
REMIND-MAgPIE 3.2.0-4.8.0,RESCUE-End-of-Century-Budget-500-with-OAE,1,World,Final Energy,EJ/yr,2020,437.3065756999999,GW3-I,GW3a,GW3,ok
REMIND-MAgPIE 3.2.0-4.8.0,RESCUE-End-of-Century-Budget-500-with-OAE,1,World,Final Energy,EJ/yr,2040,462.5463535,GW3-I,GW3a,GW3,ok
REMIND-MAgPIE 3.2.0-4.8.0,RESCUE-End-of-Century-Budget-500-with-OAE,1,World,Final Energy|Electricity,EJ/yr,2090,314.5066269,GW3-I,GW3a,GW3,ok
REMIND-MAgPIE 3.2.0-4.8.0,RESCUE-End-of-Century-Budget-500-with-OAE,1,World,Final Energy|Electricity,EJ/yr,2080,290.1466429,GW3-I,GW3a,GW3,ok
REMIND-MAgPIE 3.2.0-4.8.0,RESCUE-End-of-Century-Budget-500-with-OAE,1,World,Final Energy|Electricity,EJ/yr,2070,257.7608079,GW3-I,GW3a,GW3,ok
REMIND-MAgPIE 3.2.0-4.8.0,RESCUE-End-of-Century-Budget-500-with-OAE,1,World,Final Energy|Electricity,EJ/yr,2060,226.807911,GW3-I,GW3a,GW3,ok
REMIND-MAgPIE 3.2.0-4.8.0,RESCUE-End-of-Century-Budget-500-with-OAE,1,World,Final Energy|Electricity,EJ/yr,2055,211.1699312,GW3-I,GW3a,GW3,ok
REMIND-MAgPIE 3.2.0-4.8.0,RESCUE-End-of-Century-Budget-500-with-OAE,1,World,Final Energy|Electricity,EJ/yr,2050,194.2329486,GW3-I,GW3a,GW3,ok
REMIND-MAgPIE 3.2.0-4.8.0,RESCUE-End-of-Century-Budget-500-with-OAE,1,World,Final Energy|Electricity,EJ/yr,2045,173.218085,GW3-I,GW3a,GW3,ok
REMIND-MAgPIE 3.2.0-4.8.0,RESCUE-End-of-Century-Budget-500-with-OAE,1,World,Final Energy|Electricity,EJ/yr,2100,321.8157087,GW3-I,GW3a,GW3,ok
REMIND-MAgPIE 3.2.0-4.8.0,RESCUE-End-of-Century-Budget-500-with-OAE,1,World,Final Energy|Electricity,EJ/yr,2035,139.4917774,GW3-I,GW3a,GW3,ok
REMIND-MAgPIE 3.2.0-4.8.0,RESCUE-End-of-Century-Budget-500-with-OAE,1,World,Final Energy|Electricity,EJ/yr,2030,116.3877078,GW3-I,GW3a,GW3,ok
REMIND-MAgPIE 3.2.0-4.8.0,RESCUE-End-of-Century-Budget-500-with-OAE,1,World,Final Energy|Electricity,EJ/yr,2025,97.85741920000001,GW3-I,GW3a,GW3,ok
REMIND-MAgPIE 3.2.0-4.8.0,RESCUE-End-of-Century-Budget-500-with-OAE,1,World,Final Energy|Electricity,EJ/yr,2020,84.86722920000003,GW3-I,GW3a,GW3,ok
REMIND-MAgPIE 3.2.0-4.8.0,RESCUE-End-of-Century-Budget-500-with-OAE,1,World,Final Energy|Electricity,EJ/yr,2040,154.8823860000001,GW3-I,GW3a,GW3,ok
REMIND-MAgPIE 3.2.0-4.8.0,RESCUE-End-of-Century-Budget-500-with-OAE,1,World,Food Availability|Crops [per capita],kcal/cap/day,2090,1481.7738,GW3-I,GW3a,GW3,ok
REMIND-MAgPIE 3.2.0-4.8.0,RESCUE-End-of-Century-Budget-500-with-OAE,1,World,Food Availability|Crops [per capita],kcal/cap/day,2080,1502.4013,GW3-I,GW3a,GW3,ok
REMIND-MAgPIE 3.2.0-4.8.0,RESCUE-End-of-Century-Budget-500-with-OAE,1,World,Food Availability|Crops [per capita],kcal/cap/day,2070,1529.9556,GW3-I,GW3a,GW3,ok
REMIND-MAgPIE 3.2.0-4.8.0,RESCUE-End-of-Century-Budget-500-with-OAE,1,World,Food Availability|Crops [per capita],kcal/cap/day,2060,1563.7595,GW3-I,GW3a,GW3,ok
REMIND-MAgPIE 3.2.0-4.8.0,RESCUE-End-of-Century-Budget-500-with-OAE,1,World,Food Availability|Crops [per capita],kcal/cap/day,2055,1581.9304,GW3-I,GW3a,GW3,ok
REMIND-MAgPIE 3.2.0-4.8.0,RESCUE-End-of-Century-Budget-500-with-OAE,1,World,Food Availability|Crops [per capita],kcal/cap/day,2050,1600.7598,GW3-I,GW3a,GW3,ok
REMIND-MAgPIE 3.2.0-4.8.0,RESCUE-End-of-Century-Budget-500-with-OAE,1,World,Food Availability|Crops [per capita],kcal/cap/day,2045,1619.8633,GW3-I,GW3a,GW3,ok
REMIND-MAgPIE 3.2.0-4.8.0,RESCUE-End-of-Century-Budget-500-with-OAE,1,World,Food Availability|Crops [per capita],kcal/cap/day,2100,1465.3233,GW3-I,GW3a,GW3,ok
REMIND-MAgPIE 3.2.0-4.8.0,RESCUE-End-of-Century-Budget-500-with-OAE,1,World,Food Availability|Crops [per capita],kcal/cap/day,2035,1656.9086,GW3-I,GW3a,GW3,ok
REMIND-MAgPIE 3.2.0-4.8.0,RESCUE-End-of-Century-Budget-500-with-OAE,1,World,Food Availability|Crops [per capita],kcal/cap/day,2030,1675.2504,GW3-I,GW3a,GW3,ok
REMIND-MAgPIE 3.2.0-4.8.0,RESCUE-End-of-Century-Budget-500-with-OAE,1,World,Food Availability|Crops [per capita],kcal/cap/day,2025,1695.9559,GW3-I,GW3a,GW3,ok
REMIND-MAgPIE 3.2.0-4.8.0,RESCUE-End-of-Century-Budget-500-with-OAE,1,World,Food Availability|Crops [per capita],kcal/cap/day,2020,1714.7841,GW3-I,GW3a,GW3,ok
REMIND-MAgPIE 3.2.0-4.8.0,RESCUE-End-of-Century-Budget-500-with-OAE,1,World,Food Availability|Crops [per capita],kcal/cap/day,2040,1638.5453,GW3-I,GW3a,GW3,ok
REMIND-MAgPIE 3.2.0-4.8.0,RESCUE-End-of-Century-Budget-500-with-OAE,1,World,Food Availability|Livestock [per capita],kcal/cap/day,2090,792.7006,GW3-I,GW3a,GW3,ok
REMIND-MAgPIE 3.2.0-4.8.0,RESCUE-End-of-Century-Budget-500-with-OAE,1,World,Food Availability|Livestock [per capita],kcal/cap/day,2080,762.8924,GW3-I,GW3a,GW3,ok
REMIND-MAgPIE 3.2.0-4.8.0,RESCUE-End-of-Century-Budget-500-with-OAE,1,World,Food Availability|Livestock [per capita],kcal/cap/day,2070,727.98,GW3-I,GW3a,GW3,ok
REMIND-MAgPIE 3.2.0-4.8.0,RESCUE-End-of-Century-Budget-500-with-OAE,1,World,Food Availability|Livestock [per capita],kcal/cap/day,2060,690.2651999999999,GW3-I,GW3a,GW3,ok
REMIND-MAgPIE 3.2.0-4.8.0,RESCUE-End-of-Century-Budget-500-with-OAE,1,World,Food Availability|Livestock [per capita],kcal/cap/day,2055,670.3414999999999,GW3-I,GW3a,GW3,ok
REMIND-MAgPIE 3.2.0-4.8.0,RESCUE-End-of-Century-Budget-500-with-OAE,1,World,Food Availability|Livestock [per capita],kcal/cap/day,2050,650.6505999999999,GW3-I,GW3a,GW3,ok
REMIND-MAgPIE 3.2.0-4.8.0,RESCUE-End-of-Century-Budget-500-with-OAE,1,World,Food Availability|Livestock [per capita],kcal/cap/day,2045,631.2442,GW3-I,GW3a,GW3,ok
REMIND-MAgPIE 3.2.0-4.8.0,RESCUE-End-of-Century-Budget-500-with-OAE,1,World,Food Availability|Livestock [per capita],kcal/cap/day,2100,816.4963,GW3-I,GW3a,GW3,ok
REMIND-MAgPIE 3.2.0-4.8.0,RESCUE-End-of-Century-Budget-500-with-OAE,1,World,Food Availability|Livestock [per capita],kcal/cap/day,2035,591.4237,GW3-I,GW3a,GW3,ok
REMIND-MAgPIE 3.2.0-4.8.0,RESCUE-End-of-Century-Budget-500-with-OAE,1,World,Food Availability|Livestock [per capita],kcal/cap/day,2030,570.4788000000001,GW3-I,GW3a,GW3,ok
REMIND-MAgPIE 3.2.0-4.8.0,RESCUE-End-of-Century-Budget-500-with-OAE,1,World,Food Availability|Livestock [per capita],kcal/cap/day,2025,545.933,GW3-I,GW3a,GW3,ok
REMIND-MAgPIE 3.2.0-4.8.0,RESCUE-End-of-Century-Budget-500-with-OAE,1,World,Food Availability|Livestock [per capita],kcal/cap/day,2020,522.0784000000001,GW3-I,GW3a,GW3,ok
REMIND-MAgPIE 3.2.0-4.8.0,RESCUE-End-of-Century-Budget-500-with-OAE,1,World,Food Availability|Livestock [per capita],kcal/cap/day,2040,611.4604999999999,GW3-I,GW3a,GW3,ok
REMIND-MAgPIE 3.2.0-4.8.0,RESCUE-End-of-Century-Budget-500-with-OAE,1,World,GDP|MER,billion USD_2010/yr,2100,326152.8864377281,GW3-I,GW3a,GW3,ok
REMIND-MAgPIE 3.2.0-4.8.0,RESCUE-End-of-Century-Budget-500-with-OAE,1,World,GDP|MER,billion USD_2010/yr,2090,279727.643503168,GW3-I,GW3a,GW3,ok
REMIND-MAgPIE 3.2.0-4.8.0,RESCUE-End-of-Century-Budget-500-with-OAE,1,World,GDP|MER,billion USD_2010/yr,2080,241125.5839431041,GW3-I,GW3a,GW3,ok
REMIND-MAgPIE 3.2.0-4.8.0,RESCUE-End-of-Century-Budget-500-with-OAE,1,World,GDP|MER,billion USD_2010/yr,2070,205590.2750059201,GW3-I,GW3a,GW3,ok
REMIND-MAgPIE 3.2.0-4.8.0,RESCUE-End-of-Century-Budget-500-with-OAE,1,World,GDP|MER,billion USD_2010/yr,2060,173799.587437392,GW3-I,GW3a,GW3,ok
REMIND-MAgPIE 3.2.0-4.8.0,RESCUE-End-of-Century-Budget-500-with-OAE,1,World,GDP|MER,billion USD_2010/yr,2055,160464.72787464,GW3-I,GW3a,GW3,ok
REMIND-MAgPIE 3.2.0-4.8.0,RESCUE-End-of-Century-Budget-500-with-OAE,1,World,GDP|MER,billion USD_2010/yr,2050,147236.315680384,GW3-I,GW3a,GW3,ok
REMIND-MAgPIE 3.2.0-4.8.0,RESCUE-End-of-Century-Budget-500-with-OAE,1,World,GDP|MER,billion USD_2010/yr,2045,134675.5700108,GW3-I,GW3a,GW3,ok
REMIND-MAgPIE 3.2.0-4.8.0,RESCUE-End-of-Century-Budget-500-with-OAE,1,World,GDP|MER,billion USD_2010/yr,2035,112363.950967072,GW3-I,GW3a,GW3,ok
REMIND-MAgPIE 3.2.0-4.8.0,RESCUE-End-of-Century-Budget-500-with-OAE,1,World,GDP|MER,billion USD_2010/yr,2030,100914.253387472,GW3-I,GW3a,GW3,ok
REMIND-MAgPIE 3.2.0-4.8.0,RESCUE-End-of-Century-Budget-500-with-OAE,1,World,GDP|MER,billion USD_2010/yr,2025,89192.88575870401,GW3-I,GW3a,GW3,ok
REMIND-MAgPIE 3.2.0-4.8.0,RESCUE-End-of-Century-Budget-500-with-OAE,1,World,GDP|MER,billion USD_2010/yr,2020,78126.446812064,GW3-I,GW3a,GW3,ok
REMIND-MAgPIE 3.2.0-4.8.0,RESCUE-End-of-Century-Budget-500-with-OAE,1,World,GDP|MER,billion USD_2010/yr,2040,123213.99777904,GW3-I,GW3a,GW3,ok
REMIND-MAgPIE 3.2.0-4.8.0,RESCUE-End-of-Century-Budget-500-with-OAE,1,World,Investment|Energy Supply,billion USD_2010/yr,2100,6599.928381199999,GW3-I,GW3a,GW3,ok
REMIND-MAgPIE 3.2.0-4.8.0,RESCUE-End-of-Century-Budget-500-with-OAE,1,World,Investment|Energy Supply,billion USD_2010/yr,2090,7845.147608480002,GW3-I,GW3a,GW3,ok
REMIND-MAgPIE 3.2.0-4.8.0,RESCUE-End-of-Century-Budget-500-with-OAE,1,World,Investment|Energy Supply,billion USD_2010/yr,2080,7099.094861599999,GW3-I,GW3a,GW3,ok
REMIND-MAgPIE 3.2.0-4.8.0,RESCUE-End-of-Century-Budget-500-with-OAE,1,World,Investment|Energy Supply,billion USD_2010/yr,2070,5099.870971104002,GW3-I,GW3a,GW3,ok
REMIND-MAgPIE 3.2.0-4.8.0,RESCUE-End-of-Century-Budget-500-with-OAE,1,World,Investment|Energy Supply,billion USD_2010/yr,2060,3608.790980816,GW3-I,GW3a,GW3,ok
REMIND-MAgPIE 3.2.0-4.8.0,RESCUE-End-of-Century-Budget-500-with-OAE,1,World,Investment|Energy Supply,billion USD_2010/yr,2055,3420.154656576001,GW3-I,GW3a,GW3,ok
REMIND-MAgPIE 3.2.0-4.8.0,RESCUE-End-of-Century-Budget-500-with-OAE,1,World,Investment|Energy Supply,billion USD_2010/yr,2050,3304.654863552,GW3-I,GW3a,GW3,ok
REMIND-MAgPIE 3.2.0-4.8.0,RESCUE-End-of-Century-Budget-500-with-OAE,1,World,Investment|Energy Supply,billion USD_2010/yr,2045,3258.872696464,GW3-I,GW3a,GW3,ok
REMIND-MAgPIE 3.2.0-4.8.0,RESCUE-End-of-Century-Budget-500-with-OAE,1,World,Investment|Energy Supply,billion USD_2010/yr,2040,2778.476219792,GW3-I,GW3a,GW3,ok
REMIND-MAgPIE 3.2.0-4.8.0,RESCUE-End-of-Century-Budget-500-with-OAE,1,World,Investment|Energy Supply,billion USD_2010/yr,2035,2639.136970176001,GW3-I,GW3a,GW3,ok
REMIND-MAgPIE 3.2.0-4.8.0,RESCUE-End-of-Century-Budget-500-with-OAE,1,World,Investment|Energy Supply,billion USD_2010/yr,2030,1917.391357840001,GW3-I,GW3a,GW3,ok
REMIND-MAgPIE 3.2.0-4.8.0,RESCUE-End-of-Century-Budget-500-with-OAE,1,World,Investment|Energy Supply,billion USD_2010/yr,2025,1631.831339936,GW3-I,GW3a,GW3,ok
REMIND-MAgPIE 3.2.0-4.8.0,RESCUE-End-of-Century-Budget-500-with-OAE,1,World,Investment|Energy Supply,billion USD_2010/yr,2020,1316.258209952,GW3-I,GW3a,GW3,ok
REMIND-MAgPIE 3.2.0-4.8.0,RESCUE-End-of-Century-Budget-500-with-OAE,1,World,Land Cover,million ha,2055,12986.3818,GW3-I,GW3a,GW3,ok
REMIND-MAgPIE 3.2.0-4.8.0,RESCUE-End-of-Century-Budget-500-with-OAE,1,World,Land Cover,million ha,2100,12986.3818,GW3-I,GW3a,GW3,ok
REMIND-MAgPIE 3.2.0-4.8.0,RESCUE-End-of-Century-Budget-500-with-OAE,1,World,Land Cover,million ha,2090,12986.3818,GW3-I,GW3a,GW3,ok
REMIND-MAgPIE 3.2.0-4.8.0,RESCUE-End-of-Century-Budget-500-with-OAE,1,World,Land Cover,million ha,2080,12986.3818,GW3-I,GW3a,GW3,ok
REMIND-MAgPIE 3.2.0-4.8.0,RESCUE-End-of-Century-Budget-500-with-OAE,1,World,Land Cover,million ha,2070,12986.3818,GW3-I,GW3a,GW3,ok
REMIND-MAgPIE 3.2.0-4.8.0,RESCUE-End-of-Century-Budget-500-with-OAE,1,World,Land Cover,million ha,2060,12986.3818,GW3-I,GW3a,GW3,ok
REMIND-MAgPIE 3.2.0-4.8.0,RESCUE-End-of-Century-Budget-500-with-OAE,1,World,Land Cover,million ha,2050,12986.3818,GW3-I,GW3a,GW3,ok
REMIND-MAgPIE 3.2.0-4.8.0,RESCUE-End-of-Century-Budget-500-with-OAE,1,World,Land Cover,million ha,2045,12986.3818,GW3-I,GW3a,GW3,ok
REMIND-MAgPIE 3.2.0-4.8.0,RESCUE-End-of-Century-Budget-500-with-OAE,1,World,Land Cover,million ha,2040,12986.3818,GW3-I,GW3a,GW3,ok
REMIND-MAgPIE 3.2.0-4.8.0,RESCUE-End-of-Century-Budget-500-with-OAE,1,World,Land Cover,million ha,2035,12986.3818,GW3-I,GW3a,GW3,ok
REMIND-MAgPIE 3.2.0-4.8.0,RESCUE-End-of-Century-Budget-500-with-OAE,1,World,Land Cover,million ha,2030,12986.3818,GW3-I,GW3a,GW3,ok
REMIND-MAgPIE 3.2.0-4.8.0,RESCUE-End-of-Century-Budget-500-with-OAE,1,World,Land Cover,million ha,2025,12986.3818,GW3-I,GW3a,GW3,ok
REMIND-MAgPIE 3.2.0-4.8.0,RESCUE-End-of-Century-Budget-500-with-OAE,1,World,Land Cover,million ha,2020,12986.3818,GW3-I,GW3a,GW3,ok
REMIND-MAgPIE 3.2.0-4.8.0,RESCUE-End-of-Century-Budget-500-with-OAE,1,World,Land Cover|Forest,million ha,2090,4333.522100000001,GW3-I,GW3a,GW3,ok
REMIND-MAgPIE 3.2.0-4.8.0,RESCUE-End-of-Century-Budget-500-with-OAE,1,World,Land Cover|Forest,million ha,2080,4250.449699999999,GW3-I,GW3a,GW3,ok
REMIND-MAgPIE 3.2.0-4.8.0,RESCUE-End-of-Century-Budget-500-with-OAE,1,World,Land Cover|Forest,million ha,2070,4176.423299999999,GW3-I,GW3a,GW3,ok
REMIND-MAgPIE 3.2.0-4.8.0,RESCUE-End-of-Century-Budget-500-with-OAE,1,World,Land Cover|Forest,million ha,2060,4068.7809,GW3-I,GW3a,GW3,ok
REMIND-MAgPIE 3.2.0-4.8.0,RESCUE-End-of-Century-Budget-500-with-OAE,1,World,Land Cover|Forest,million ha,2055,4038.7592,GW3-I,GW3a,GW3,ok
REMIND-MAgPIE 3.2.0-4.8.0,RESCUE-End-of-Century-Budget-500-with-OAE,1,World,Land Cover|Forest,million ha,2050,3986.323100000001,GW3-I,GW3a,GW3,ok
REMIND-MAgPIE 3.2.0-4.8.0,RESCUE-End-of-Century-Budget-500-with-OAE,1,World,Land Cover|Forest,million ha,2045,3949.9163,GW3-I,GW3a,GW3,ok
REMIND-MAgPIE 3.2.0-4.8.0,RESCUE-End-of-Century-Budget-500-with-OAE,1,World,Land Cover|Forest,million ha,2100,4438.0714,GW3-I,GW3a,GW3,ok
REMIND-MAgPIE 3.2.0-4.8.0,RESCUE-End-of-Century-Budget-500-with-OAE,1,World,Land Cover|Forest,million ha,2035,3904.7045,GW3-I,GW3a,GW3,ok
REMIND-MAgPIE 3.2.0-4.8.0,RESCUE-End-of-Century-Budget-500-with-OAE,1,World,Land Cover|Forest,million ha,2030,3883.7781,GW3-I,GW3a,GW3,ok
REMIND-MAgPIE 3.2.0-4.8.0,RESCUE-End-of-Century-Budget-500-with-OAE,1,World,Land Cover|Forest,million ha,2025,3892.1441,GW3-I,GW3a,GW3,ok
REMIND-MAgPIE 3.2.0-4.8.0,RESCUE-End-of-Century-Budget-500-with-OAE,1,World,Land Cover|Forest,million ha,2020,3903.0742,GW3-I,GW3a,GW3,ok
REMIND-MAgPIE 3.2.0-4.8.0,RESCUE-End-of-Century-Budget-500-with-OAE,1,World,Land Cover|Forest,million ha,2040,3916.097,GW3-I,GW3a,GW3,ok
REMIND-MAgPIE 3.2.0-4.8.0,RESCUE-End-of-Century-Budget-500-with-OAE,1,World,Population,million,2090,9558.153312100001,GW3-I,GW3a,GW3,ok
REMIND-MAgPIE 3.2.0-4.8.0,RESCUE-End-of-Century-Budget-500-with-OAE,1,World,Population,million,2080,9704.9997312,GW3-I,GW3a,GW3,ok
REMIND-MAgPIE 3.2.0-4.8.0,RESCUE-End-of-Century-Budget-500-with-OAE,1,World,Population,million,2070,9750.2188654,GW3-I,GW3a,GW3,ok
REMIND-MAgPIE 3.2.0-4.8.0,RESCUE-End-of-Century-Budget-500-with-OAE,1,World,Population,million,2060,9674.3854617,GW3-I,GW3a,GW3,ok
REMIND-MAgPIE 3.2.0-4.8.0,RESCUE-End-of-Century-Budget-500-with-OAE,1,World,Population,million,2055,9582.6817976,GW3-I,GW3a,GW3,ok
REMIND-MAgPIE 3.2.0-4.8.0,RESCUE-End-of-Century-Budget-500-with-OAE,1,World,Population,million,2050,9449.376711599998,GW3-I,GW3a,GW3,ok
REMIND-MAgPIE 3.2.0-4.8.0,RESCUE-End-of-Century-Budget-500-with-OAE,1,World,Population,million,2045,9272.963936099999,GW3-I,GW3a,GW3,ok
REMIND-MAgPIE 3.2.0-4.8.0,RESCUE-End-of-Century-Budget-500-with-OAE,1,World,Population,million,2100,9333.856479899998,GW3-I,GW3a,GW3,ok
REMIND-MAgPIE 3.2.0-4.8.0,RESCUE-End-of-Century-Budget-500-with-OAE,1,World,Population,million,2035,8801.503446100003,GW3-I,GW3a,GW3,ok
REMIND-MAgPIE 3.2.0-4.8.0,RESCUE-End-of-Century-Budget-500-with-OAE,1,World,Population,million,2030,8510.663531,GW3-I,GW3a,GW3,ok
REMIND-MAgPIE 3.2.0-4.8.0,RESCUE-End-of-Century-Budget-500-with-OAE,1,World,Population,million,2025,8175.612958600001,GW3-I,GW3a,GW3,ok
REMIND-MAgPIE 3.2.0-4.8.0,RESCUE-End-of-Century-Budget-500-with-OAE,1,World,Population,million,2020,7824.2154039,GW3-I,GW3a,GW3,ok
REMIND-MAgPIE 3.2.0-4.8.0,RESCUE-End-of-Century-Budget-500-with-OAE,1,World,Population,million,2040,9055.894914299999,GW3-I,GW3a,GW3,ok
REMIND-MAgPIE 3.2.0-4.8.0,RESCUE-End-of-Century-Budget-500-with-OAE,1,World,Price|Secondary Energy|Electricity,USD_2010/GJ,2090,12.952419648,GW3-I,GW3a,GW3,ok
REMIND-MAgPIE 3.2.0-4.8.0,RESCUE-End-of-Century-Budget-500-with-OAE,1,World,Price|Secondary Energy|Electricity,USD_2010/GJ,2080,13.091012144,GW3-I,GW3a,GW3,ok
REMIND-MAgPIE 3.2.0-4.8.0,RESCUE-End-of-Century-Budget-500-with-OAE,1,World,Price|Secondary Energy|Electricity,USD_2010/GJ,2070,12.862580192,GW3-I,GW3a,GW3,ok
REMIND-MAgPIE 3.2.0-4.8.0,RESCUE-End-of-Century-Budget-500-with-OAE,1,World,Price|Secondary Energy|Electricity,USD_2010/GJ,2060,13.002193456,GW3-I,GW3a,GW3,ok
REMIND-MAgPIE 3.2.0-4.8.0,RESCUE-End-of-Century-Budget-500-with-OAE,1,World,Price|Secondary Energy|Electricity,USD_2010/GJ,2055,14.088309424,GW3-I,GW3a,GW3,ok
REMIND-MAgPIE 3.2.0-4.8.0,RESCUE-End-of-Century-Budget-500-with-OAE,1,World,Price|Secondary Energy|Electricity,USD_2010/GJ,2050,15.08547096,GW3-I,GW3a,GW3,ok
REMIND-MAgPIE 3.2.0-4.8.0,RESCUE-End-of-Century-Budget-500-with-OAE,1,World,Price|Secondary Energy|Electricity,USD_2010/GJ,2045,16.30714288,GW3-I,GW3a,GW3,ok
REMIND-MAgPIE 3.2.0-4.8.0,RESCUE-End-of-Century-Budget-500-with-OAE,1,World,Price|Secondary Energy|Electricity,USD_2010/GJ,2100,12.530790272,GW3-I,GW3a,GW3,ok
REMIND-MAgPIE 3.2.0-4.8.0,RESCUE-End-of-Century-Budget-500-with-OAE,1,World,Price|Secondary Energy|Electricity,USD_2010/GJ,2035,19.0204952,GW3-I,GW3a,GW3,ok
REMIND-MAgPIE 3.2.0-4.8.0,RESCUE-End-of-Century-Budget-500-with-OAE,1,World,Price|Secondary Energy|Electricity,USD_2010/GJ,2030,20.29919841600001,GW3-I,GW3a,GW3,ok
REMIND-MAgPIE 3.2.0-4.8.0,RESCUE-End-of-Century-Budget-500-with-OAE,1,World,Price|Secondary Energy|Electricity,USD_2010/GJ,2025,19.554011904,GW3-I,GW3a,GW3,ok
REMIND-MAgPIE 3.2.0-4.8.0,RESCUE-End-of-Century-Budget-500-with-OAE,1,World,Price|Secondary Energy|Electricity,USD_2010/GJ,2020,14.384605984,GW3-I,GW3a,GW3,ok
REMIND-MAgPIE 3.2.0-4.8.0,RESCUE-End-of-Century-Budget-500-with-OAE,1,World,Price|Secondary Energy|Electricity,USD_2010/GJ,2040,17.733766288,GW3-I,GW3a,GW3,ok
REMIND-MAgPIE 3.2.0-4.8.0,RESCUE-End-of-Century-Budget-500-with-OAE,1,World,Primary Energy|Biomass,EJ/yr,2100,200.198374,GW3-I,GW3a,GW3,ok
REMIND-MAgPIE 3.2.0-4.8.0,RESCUE-End-of-Century-Budget-500-with-OAE,1,World,Primary Energy|Biomass,EJ/yr,2090,211.1623768,GW3-I,GW3a,GW3,ok
REMIND-MAgPIE 3.2.0-4.8.0,RESCUE-End-of-Century-Budget-500-with-OAE,1,World,Primary Energy|Biomass,EJ/yr,2080,199.5811294,GW3-I,GW3a,GW3,ok
REMIND-MAgPIE 3.2.0-4.8.0,RESCUE-End-of-Century-Budget-500-with-OAE,1,World,Primary Energy|Biomass,EJ/yr,2070,152.1428256,GW3-I,GW3a,GW3,ok
REMIND-MAgPIE 3.2.0-4.8.0,RESCUE-End-of-Century-Budget-500-with-OAE,1,World,Primary Energy|Biomass,EJ/yr,2060,102.4671903,GW3-I,GW3a,GW3,ok
REMIND-MAgPIE 3.2.0-4.8.0,RESCUE-End-of-Century-Budget-500-with-OAE,1,World,Primary Energy|Biomass,EJ/yr,2055,75.42597199999999,GW3-I,GW3a,GW3,ok
REMIND-MAgPIE 3.2.0-4.8.0,RESCUE-End-of-Century-Budget-500-with-OAE,1,World,Primary Energy|Biomass,EJ/yr,2050,64.4275568,GW3-I,GW3a,GW3,ok
REMIND-MAgPIE 3.2.0-4.8.0,RESCUE-End-of-Century-Budget-500-with-OAE,1,World,Primary Energy|Biomass,EJ/yr,2045,57.221527,GW3-I,GW3a,GW3,ok
REMIND-MAgPIE 3.2.0-4.8.0,RESCUE-End-of-Century-Budget-500-with-OAE,1,World,Primary Energy|Biomass,EJ/yr,2040,51.9077112,GW3-I,GW3a,GW3,ok
REMIND-MAgPIE 3.2.0-4.8.0,RESCUE-End-of-Century-Budget-500-with-OAE,1,World,Primary Energy|Biomass,EJ/yr,2035,52.4660666,GW3-I,GW3a,GW3,ok
REMIND-MAgPIE 3.2.0-4.8.0,RESCUE-End-of-Century-Budget-500-with-OAE,1,World,Primary Energy|Biomass,EJ/yr,2030,55.5232748,GW3-I,GW3a,GW3,ok
REMIND-MAgPIE 3.2.0-4.8.0,RESCUE-End-of-Century-Budget-500-with-OAE,1,World,Primary Energy|Biomass,EJ/yr,2025,57.18670830000001,GW3-I,GW3a,GW3,ok
REMIND-MAgPIE 3.2.0-4.8.0,RESCUE-End-of-Century-Budget-500-with-OAE,1,World,Primary Energy|Biomass,EJ/yr,2020,53.947308,GW3-I,GW3a,GW3,ok
REMIND-MAgPIE 3.2.0-4.8.0,RESCUE-End-of-Century-Budget-500-with-OAE,1,World,Primary Energy|Coal,EJ/yr,2090,2.3172478,GW3-I,GW3a,GW3,ok
REMIND-MAgPIE 3.2.0-4.8.0,RESCUE-End-of-Century-Budget-500-with-OAE,1,World,Primary Energy|Coal,EJ/yr,2080,3.9852717,GW3-I,GW3a,GW3,ok
REMIND-MAgPIE 3.2.0-4.8.0,RESCUE-End-of-Century-Budget-500-with-OAE,1,World,Primary Energy|Coal,EJ/yr,2070,4.927041,GW3-I,GW3a,GW3,ok
REMIND-MAgPIE 3.2.0-4.8.0,RESCUE-End-of-Century-Budget-500-with-OAE,1,World,Primary Energy|Coal,EJ/yr,2060,5.272894,GW3-I,GW3a,GW3,ok
REMIND-MAgPIE 3.2.0-4.8.0,RESCUE-End-of-Century-Budget-500-with-OAE,1,World,Primary Energy|Coal,EJ/yr,2055,6.1415773,GW3-I,GW3a,GW3,ok
REMIND-MAgPIE 3.2.0-4.8.0,RESCUE-End-of-Century-Budget-500-with-OAE,1,World,Primary Energy|Coal,EJ/yr,2050,9.5869176,GW3-I,GW3a,GW3,ok
REMIND-MAgPIE 3.2.0-4.8.0,RESCUE-End-of-Century-Budget-500-with-OAE,1,World,Primary Energy|Coal,EJ/yr,2045,22.7529921,GW3-I,GW3a,GW3,ok
REMIND-MAgPIE 3.2.0-4.8.0,RESCUE-End-of-Century-Budget-500-with-OAE,1,World,Primary Energy|Coal,EJ/yr,2100,1.0405633,GW3-I,GW3a,GW3,ok
REMIND-MAgPIE 3.2.0-4.8.0,RESCUE-End-of-Century-Budget-500-with-OAE,1,World,Primary Energy|Coal,EJ/yr,2035,154.4078669,GW3-I,GW3a,GW3,ok
REMIND-MAgPIE 3.2.0-4.8.0,RESCUE-End-of-Century-Budget-500-with-OAE,1,World,Primary Energy|Coal,EJ/yr,2030,159.4522756,GW3-I,GW3a,GW3,ok
REMIND-MAgPIE 3.2.0-4.8.0,RESCUE-End-of-Century-Budget-500-with-OAE,1,World,Primary Energy|Coal,EJ/yr,2025,159.415866,GW3-I,GW3a,GW3,ok
REMIND-MAgPIE 3.2.0-4.8.0,RESCUE-End-of-Century-Budget-500-with-OAE,1,World,Primary Energy|Coal,EJ/yr,2020,171.5563077,GW3-I,GW3a,GW3,ok
REMIND-MAgPIE 3.2.0-4.8.0,RESCUE-End-of-Century-Budget-500-with-OAE,1,World,Primary Energy|Coal,EJ/yr,2040,77.24353540000001,GW3-I,GW3a,GW3,ok
REMIND-MAgPIE 3.2.0-4.8.0,RESCUE-End-of-Century-Budget-500-with-OAE,1,World,Primary Energy|Fossil|w/ CCS,EJ/yr,2100,0.0001232,GW3-I,GW3a,GW3,ok
REMIND-MAgPIE 3.2.0-4.8.0,RESCUE-End-of-Century-Budget-500-with-OAE,1,World,Primary Energy|Fossil|w/ CCS,EJ/yr,2090,0.0002883,GW3-I,GW3a,GW3,ok
REMIND-MAgPIE 3.2.0-4.8.0,RESCUE-End-of-Century-Budget-500-with-OAE,1,World,Primary Energy|Fossil|w/ CCS,EJ/yr,2080,0.0342492,GW3-I,GW3a,GW3,ok
REMIND-MAgPIE 3.2.0-4.8.0,RESCUE-End-of-Century-Budget-500-with-OAE,1,World,Primary Energy|Fossil|w/ CCS,EJ/yr,2070,0.2213694,GW3-I,GW3a,GW3,ok
REMIND-MAgPIE 3.2.0-4.8.0,RESCUE-End-of-Century-Budget-500-with-OAE,1,World,Primary Energy|Fossil|w/ CCS,EJ/yr,2060,0.3613022,GW3-I,GW3a,GW3,ok
REMIND-MAgPIE 3.2.0-4.8.0,RESCUE-End-of-Century-Budget-500-with-OAE,1,World,Primary Energy|Fossil|w/ CCS,EJ/yr,2055,0.3932302,GW3-I,GW3a,GW3,ok
REMIND-MAgPIE 3.2.0-4.8.0,RESCUE-End-of-Century-Budget-500-with-OAE,1,World,Primary Energy|Fossil|w/ CCS,EJ/yr,2050,0.4097206,GW3-I,GW3a,GW3,ok
REMIND-MAgPIE 3.2.0-4.8.0,RESCUE-End-of-Century-Budget-500-with-OAE,1,World,Primary Energy|Fossil|w/ CCS,EJ/yr,2045,0.4169328,GW3-I,GW3a,GW3,ok
REMIND-MAgPIE 3.2.0-4.8.0,RESCUE-End-of-Century-Budget-500-with-OAE,1,World,Primary Energy|Fossil|w/ CCS,EJ/yr,2035,0.2713767000000001,GW3-I,GW3a,GW3,ok
REMIND-MAgPIE 3.2.0-4.8.0,RESCUE-End-of-Century-Budget-500-with-OAE,1,World,Primary Energy|Fossil|w/ CCS,EJ/yr,2030,0.08264250000000001,GW3-I,GW3a,GW3,ok
REMIND-MAgPIE 3.2.0-4.8.0,RESCUE-End-of-Century-Budget-500-with-OAE,1,World,Primary Energy|Fossil|w/ CCS,EJ/yr,2025,0.0167264,GW3-I,GW3a,GW3,ok
REMIND-MAgPIE 3.2.0-4.8.0,RESCUE-End-of-Century-Budget-500-with-OAE,1,World,Primary Energy|Fossil|w/ CCS,EJ/yr,2020,0.0,GW3-I,GW3a,GW3,ok
REMIND-MAgPIE 3.2.0-4.8.0,RESCUE-End-of-Century-Budget-500-with-OAE,1,World,Primary Energy|Fossil|w/ CCS,EJ/yr,2040,0.4024159,GW3-I,GW3a,GW3,ok
REMIND-MAgPIE 3.2.0-4.8.0,RESCUE-End-of-Century-Budget-500-with-OAE,1,World,Primary Energy|Fossil|w/o CCS,EJ/yr,2050,201.0599348,GW3-I,GW3a,GW3,ok
REMIND-MAgPIE 3.2.0-4.8.0,RESCUE-End-of-Century-Budget-500-with-OAE,1,World,Primary Energy|Fossil|w/o CCS,EJ/yr,2090,4.379390000000001,GW3-I,GW3a,GW3,ok
REMIND-MAgPIE 3.2.0-4.8.0,RESCUE-End-of-Century-Budget-500-with-OAE,1,World,Primary Energy|Fossil|w/o CCS,EJ/yr,2080,17.5217911,GW3-I,GW3a,GW3,ok
REMIND-MAgPIE 3.2.0-4.8.0,RESCUE-End-of-Century-Budget-500-with-OAE,1,World,Primary Energy|Fossil|w/o CCS,EJ/yr,2070,55.39854570000001,GW3-I,GW3a,GW3,ok
REMIND-MAgPIE 3.2.0-4.8.0,RESCUE-End-of-Century-Budget-500-with-OAE,1,World,Primary Energy|Fossil|w/o CCS,EJ/yr,2060,117.0797485,GW3-I,GW3a,GW3,ok
REMIND-MAgPIE 3.2.0-4.8.0,RESCUE-End-of-Century-Budget-500-with-OAE,1,World,Primary Energy|Fossil|w/o CCS,EJ/yr,2055,160.854452,GW3-I,GW3a,GW3,ok
REMIND-MAgPIE 3.2.0-4.8.0,RESCUE-End-of-Century-Budget-500-with-OAE,1,World,Primary Energy|Fossil|w/o CCS,EJ/yr,2045,263.1504444,GW3-I,GW3a,GW3,ok
REMIND-MAgPIE 3.2.0-4.8.0,RESCUE-End-of-Century-Budget-500-with-OAE,1,World,Primary Energy|Fossil|w/o CCS,EJ/yr,2100,2.228606,GW3-I,GW3a,GW3,ok
REMIND-MAgPIE 3.2.0-4.8.0,RESCUE-End-of-Century-Budget-500-with-OAE,1,World,Primary Energy|Fossil|w/o CCS,EJ/yr,2035,501.0201656999999,GW3-I,GW3a,GW3,ok
REMIND-MAgPIE 3.2.0-4.8.0,RESCUE-End-of-Century-Budget-500-with-OAE,1,World,Primary Energy|Fossil|w/o CCS,EJ/yr,2040,371.6780391,GW3-I,GW3a,GW3,ok
REMIND-MAgPIE 3.2.0-4.8.0,RESCUE-End-of-Century-Budget-500-with-OAE,1,World,Primary Energy|Fossil|w/o CCS,EJ/yr,2025,507.9161905999999,GW3-I,GW3a,GW3,ok
REMIND-MAgPIE 3.2.0-4.8.0,RESCUE-End-of-Century-Budget-500-with-OAE,1,World,Primary Energy|Fossil|w/o CCS,EJ/yr,2030,525.1710224,GW3-I,GW3a,GW3,ok
REMIND-MAgPIE 3.2.0-4.8.0,RESCUE-End-of-Century-Budget-500-with-OAE,1,World,Primary Energy|Fossil|w/o CCS,EJ/yr,2020,500.5263259999999,GW3-I,GW3a,GW3,ok
REMIND-MAgPIE 3.2.0-4.8.0,RESCUE-End-of-Century-Budget-500-with-OAE,1,World,Primary Energy|Gas,EJ/yr,2090,2.0623536,GW3-I,GW3a,GW3,ok
REMIND-MAgPIE 3.2.0-4.8.0,RESCUE-End-of-Century-Budget-500-with-OAE,1,World,Primary Energy|Gas,EJ/yr,2080,7.939353700000002,GW3-I,GW3a,GW3,ok
REMIND-MAgPIE 3.2.0-4.8.0,RESCUE-End-of-Century-Budget-500-with-OAE,1,World,Primary Energy|Gas,EJ/yr,2070,17.2869688,GW3-I,GW3a,GW3,ok
REMIND-MAgPIE 3.2.0-4.8.0,RESCUE-End-of-Century-Budget-500-with-OAE,1,World,Primary Energy|Gas,EJ/yr,2060,31.6839502,GW3-I,GW3a,GW3,ok
REMIND-MAgPIE 3.2.0-4.8.0,RESCUE-End-of-Century-Budget-500-with-OAE,1,World,Primary Energy|Gas,EJ/yr,2055,43.4582104,GW3-I,GW3a,GW3,ok
REMIND-MAgPIE 3.2.0-4.8.0,RESCUE-End-of-Century-Budget-500-with-OAE,1,World,Primary Energy|Gas,EJ/yr,2050,57.2978291,GW3-I,GW3a,GW3,ok
REMIND-MAgPIE 3.2.0-4.8.0,RESCUE-End-of-Century-Budget-500-with-OAE,1,World,Primary Energy|Gas,EJ/yr,2045,83.2161978,GW3-I,GW3a,GW3,ok
REMIND-MAgPIE 3.2.0-4.8.0,RESCUE-End-of-Century-Budget-500-with-OAE,1,World,Primary Energy|Gas,EJ/yr,2100,1.1881485,GW3-I,GW3a,GW3,ok
REMIND-MAgPIE 3.2.0-4.8.0,RESCUE-End-of-Century-Budget-500-with-OAE,1,World,Primary Energy|Gas,EJ/yr,2035,148.7405972,GW3-I,GW3a,GW3,ok
REMIND-MAgPIE 3.2.0-4.8.0,RESCUE-End-of-Century-Budget-500-with-OAE,1,World,Primary Energy|Gas,EJ/yr,2030,150.6493352,GW3-I,GW3a,GW3,ok
REMIND-MAgPIE 3.2.0-4.8.0,RESCUE-End-of-Century-Budget-500-with-OAE,1,World,Primary Energy|Gas,EJ/yr,2025,143.9461122,GW3-I,GW3a,GW3,ok
REMIND-MAgPIE 3.2.0-4.8.0,RESCUE-End-of-Century-Budget-500-with-OAE,1,World,Primary Energy|Gas,EJ/yr,2020,137.5615439,GW3-I,GW3a,GW3,ok
REMIND-MAgPIE 3.2.0-4.8.0,RESCUE-End-of-Century-Budget-500-with-OAE,1,World,Primary Energy|Gas,EJ/yr,2040,114.8255032,GW3-I,GW3a,GW3,ok
REMIND-MAgPIE 3.2.0-4.8.0,RESCUE-End-of-Century-Budget-500-with-OAE,1,World,Primary Energy|Non-Biomass Renewables,EJ/yr,2090,706.8425751999999,GW3-I,GW3a,GW3,ok
REMIND-MAgPIE 3.2.0-4.8.0,RESCUE-End-of-Century-Budget-500-with-OAE,1,World,Primary Energy|Non-Biomass Renewables,EJ/yr,2080,593.0877923,GW3-I,GW3a,GW3,ok
REMIND-MAgPIE 3.2.0-4.8.0,RESCUE-End-of-Century-Budget-500-with-OAE,1,World,Primary Energy|Non-Biomass Renewables,EJ/yr,2070,474.2383339999999,GW3-I,GW3a,GW3,ok
REMIND-MAgPIE 3.2.0-4.8.0,RESCUE-End-of-Century-Budget-500-with-OAE,1,World,Primary Energy|Non-Biomass Renewables,EJ/yr,2060,376.1856961,GW3-I,GW3a,GW3,ok
REMIND-MAgPIE 3.2.0-4.8.0,RESCUE-End-of-Century-Budget-500-with-OAE,1,World,Primary Energy|Non-Biomass Renewables,EJ/yr,2055,296.1374632,GW3-I,GW3a,GW3,ok
REMIND-MAgPIE 3.2.0-4.8.0,RESCUE-End-of-Century-Budget-500-with-OAE,1,World,Primary Energy|Non-Biomass Renewables,EJ/yr,2050,245.0408015,GW3-I,GW3a,GW3,ok
REMIND-MAgPIE 3.2.0-4.8.0,RESCUE-End-of-Century-Budget-500-with-OAE,1,World,Primary Energy|Non-Biomass Renewables,EJ/yr,2045,193.6341919,GW3-I,GW3a,GW3,ok
REMIND-MAgPIE 3.2.0-4.8.0,RESCUE-End-of-Century-Budget-500-with-OAE,1,World,Primary Energy|Non-Biomass Renewables,EJ/yr,2100,771.4980217,GW3-I,GW3a,GW3,ok
REMIND-MAgPIE 3.2.0-4.8.0,RESCUE-End-of-Century-Budget-500-with-OAE,1,World,Primary Energy|Non-Biomass Renewables,EJ/yr,2035,95.11847079999998,GW3-I,GW3a,GW3,ok
REMIND-MAgPIE 3.2.0-4.8.0,RESCUE-End-of-Century-Budget-500-with-OAE,1,World,Primary Energy|Non-Biomass Renewables,EJ/yr,2030,63.46231320000001,GW3-I,GW3a,GW3,ok
REMIND-MAgPIE 3.2.0-4.8.0,RESCUE-End-of-Century-Budget-500-with-OAE,1,World,Primary Energy|Non-Biomass Renewables,EJ/yr,2025,42.8511349,GW3-I,GW3a,GW3,ok
REMIND-MAgPIE 3.2.0-4.8.0,RESCUE-End-of-Century-Budget-500-with-OAE,1,World,Primary Energy|Non-Biomass Renewables,EJ/yr,2020,27.689648,GW3-I,GW3a,GW3,ok
REMIND-MAgPIE 3.2.0-4.8.0,RESCUE-End-of-Century-Budget-500-with-OAE,1,World,Primary Energy|Non-Biomass Renewables,EJ/yr,2040,140.9053137,GW3-I,GW3a,GW3,ok
REMIND-MAgPIE 3.2.0-4.8.0,RESCUE-End-of-Century-Budget-500-with-OAE,1,World,Primary Energy|Nuclear,EJ/yr,2090,1.794604,GW3-I,GW3a,GW3,ok
REMIND-MAgPIE 3.2.0-4.8.0,RESCUE-End-of-Century-Budget-500-with-OAE,1,World,Primary Energy|Nuclear,EJ/yr,2080,3.5579752,GW3-I,GW3a,GW3,ok
REMIND-MAgPIE 3.2.0-4.8.0,RESCUE-End-of-Century-Budget-500-with-OAE,1,World,Primary Energy|Nuclear,EJ/yr,2070,5.3811277,GW3-I,GW3a,GW3,ok
REMIND-MAgPIE 3.2.0-4.8.0,RESCUE-End-of-Century-Budget-500-with-OAE,1,World,Primary Energy|Nuclear,EJ/yr,2060,6.654991699999999,GW3-I,GW3a,GW3,ok
REMIND-MAgPIE 3.2.0-4.8.0,RESCUE-End-of-Century-Budget-500-with-OAE,1,World,Primary Energy|Nuclear,EJ/yr,2055,7.144888599999999,GW3-I,GW3a,GW3,ok
REMIND-MAgPIE 3.2.0-4.8.0,RESCUE-End-of-Century-Budget-500-with-OAE,1,World,Primary Energy|Nuclear,EJ/yr,2050,7.7000444,GW3-I,GW3a,GW3,ok
REMIND-MAgPIE 3.2.0-4.8.0,RESCUE-End-of-Century-Budget-500-with-OAE,1,World,Primary Energy|Nuclear,EJ/yr,2045,8.383659000000002,GW3-I,GW3a,GW3,ok
REMIND-MAgPIE 3.2.0-4.8.0,RESCUE-End-of-Century-Budget-500-with-OAE,1,World,Primary Energy|Nuclear,EJ/yr,2100,0.6207988000000001,GW3-I,GW3a,GW3,ok
REMIND-MAgPIE 3.2.0-4.8.0,RESCUE-End-of-Century-Budget-500-with-OAE,1,World,Primary Energy|Nuclear,EJ/yr,2035,9.807597200000002,GW3-I,GW3a,GW3,ok
REMIND-MAgPIE 3.2.0-4.8.0,RESCUE-End-of-Century-Budget-500-with-OAE,1,World,Primary Energy|Nuclear,EJ/yr,2030,10.0140744,GW3-I,GW3a,GW3,ok
REMIND-MAgPIE 3.2.0-4.8.0,RESCUE-End-of-Century-Budget-500-with-OAE,1,World,Primary Energy|Nuclear,EJ/yr,2025,9.9675581,GW3-I,GW3a,GW3,ok
REMIND-MAgPIE 3.2.0-4.8.0,RESCUE-End-of-Century-Budget-500-with-OAE,1,World,Primary Energy|Nuclear,EJ/yr,2020,9.4700108,GW3-I,GW3a,GW3,ok
REMIND-MAgPIE 3.2.0-4.8.0,RESCUE-End-of-Century-Budget-500-with-OAE,1,World,Primary Energy|Nuclear,EJ/yr,2040,9.192103699999999,GW3-I,GW3a,GW3,ok
REMIND-MAgPIE 3.2.0-4.8.0,RESCUE-End-of-Century-Budget-500-with-OAE,1,World,Primary Energy|Oil,EJ/yr,2100,1.740000000000001e-05,GW3-I,GW3a,GW3,ok
REMIND-MAgPIE 3.2.0-4.8.0,RESCUE-End-of-Century-Budget-500-with-OAE,1,World,Primary Energy|Oil,EJ/yr,2090,7.690000000000004e-05,GW3-I,GW3a,GW3,ok
REMIND-MAgPIE 3.2.0-4.8.0,RESCUE-End-of-Century-Budget-500-with-OAE,1,World,Primary Energy|Oil,EJ/yr,2080,5.631414899999999,GW3-I,GW3a,GW3,ok
REMIND-MAgPIE 3.2.0-4.8.0,RESCUE-End-of-Century-Budget-500-with-OAE,1,World,Primary Energy|Oil,EJ/yr,2070,33.4059054,GW3-I,GW3a,GW3,ok
REMIND-MAgPIE 3.2.0-4.8.0,RESCUE-End-of-Century-Budget-500-with-OAE,1,World,Primary Energy|Oil,EJ/yr,2060,80.48420650000001,GW3-I,GW3a,GW3,ok
REMIND-MAgPIE 3.2.0-4.8.0,RESCUE-End-of-Century-Budget-500-with-OAE,1,World,Primary Energy|Oil,EJ/yr,2055,111.6478944,GW3-I,GW3a,GW3,ok
REMIND-MAgPIE 3.2.0-4.8.0,RESCUE-End-of-Century-Budget-500-with-OAE,1,World,Primary Energy|Oil,EJ/yr,2050,134.5849086,GW3-I,GW3a,GW3,ok
REMIND-MAgPIE 3.2.0-4.8.0,RESCUE-End-of-Century-Budget-500-with-OAE,1,World,Primary Energy|Oil,EJ/yr,2045,157.5981872,GW3-I,GW3a,GW3,ok
REMIND-MAgPIE 3.2.0-4.8.0,RESCUE-End-of-Century-Budget-500-with-OAE,1,World,Primary Energy|Oil,EJ/yr,2035,198.1430783,GW3-I,GW3a,GW3,ok
REMIND-MAgPIE 3.2.0-4.8.0,RESCUE-End-of-Century-Budget-500-with-OAE,1,World,Primary Energy|Oil,EJ/yr,2030,215.1520541,GW3-I,GW3a,GW3,ok
REMIND-MAgPIE 3.2.0-4.8.0,RESCUE-End-of-Century-Budget-500-with-OAE,1,World,Primary Energy|Oil,EJ/yr,2025,204.5709388,GW3-I,GW3a,GW3,ok
REMIND-MAgPIE 3.2.0-4.8.0,RESCUE-End-of-Century-Budget-500-with-OAE,1,World,Primary Energy|Oil,EJ/yr,2020,191.4084744,GW3-I,GW3a,GW3,ok
REMIND-MAgPIE 3.2.0-4.8.0,RESCUE-End-of-Century-Budget-500-with-OAE,1,World,Primary Energy|Oil,EJ/yr,2040,180.0114164,GW3-I,GW3a,GW3,ok
REMIND-MAgPIE 3.2.0-4.8.0,RESCUE-Peak-Budget-1150,1,World,Capacity|Electricity|Solar|PV,GW,2100,81863.9097719,GW3-IIb,GW3b,GW3,ok
REMIND-MAgPIE 3.2.0-4.8.0,RESCUE-Peak-Budget-1150,1,World,Capacity|Electricity|Solar|PV,GW,2090,74603.64142580001,GW3-IIb,GW3b,GW3,ok
REMIND-MAgPIE 3.2.0-4.8.0,RESCUE-Peak-Budget-1150,1,World,Capacity|Electricity|Solar|PV,GW,2080,64610.31663240001,GW3-IIb,GW3b,GW3,ok
REMIND-MAgPIE 3.2.0-4.8.0,RESCUE-Peak-Budget-1150,1,World,Capacity|Electricity|Solar|PV,GW,2070,51483.2706853,GW3-IIb,GW3b,GW3,ok
REMIND-MAgPIE 3.2.0-4.8.0,RESCUE-Peak-Budget-1150,1,World,Capacity|Electricity|Solar|PV,GW,2060,40857.9668825,GW3-IIb,GW3b,GW3,ok
REMIND-MAgPIE 3.2.0-4.8.0,RESCUE-Peak-Budget-1150,1,World,Capacity|Electricity|Solar|PV,GW,2055,32191.24,GW3-IIb,GW3b,GW3,ok
REMIND-MAgPIE 3.2.0-4.8.0,RESCUE-Peak-Budget-1150,1,World,Capacity|Electricity|Solar|PV,GW,2050,26961.9883499,GW3-IIb,GW3b,GW3,ok
REMIND-MAgPIE 3.2.0-4.8.0,RESCUE-Peak-Budget-1150,1,World,Capacity|Electricity|Solar|PV,GW,2045,21879.99889850001,GW3-IIb,GW3b,GW3,ok
REMIND-MAgPIE 3.2.0-4.8.0,RESCUE-Peak-Budget-1150,1,World,Capacity|Electricity|Solar|PV,GW,2040,16892.54819160001,GW3-IIb,GW3b,GW3,ok
REMIND-MAgPIE 3.2.0-4.8.0,RESCUE-Peak-Budget-1150,1,World,Capacity|Electricity|Solar|PV,GW,2035,11505.8920279,GW3-IIb,GW3b,GW3,ok
REMIND-MAgPIE 3.2.0-4.8.0,RESCUE-Peak-Budget-1150,1,World,Capacity|Electricity|Solar|PV,GW,2030,6176.799854299999,GW3-IIb,GW3b,GW3,ok
REMIND-MAgPIE 3.2.0-4.8.0,RESCUE-Peak-Budget-1150,1,World,Capacity|Electricity|Solar|PV,GW,2025,2331.7747601,GW3-IIb,GW3b,GW3,ok
REMIND-MAgPIE 3.2.0-4.8.0,RESCUE-Peak-Budget-1150,1,World,Capacity|Electricity|Solar|PV,GW,2020,688.02955,GW3-IIb,GW3b,GW3,ok
REMIND-MAgPIE 3.2.0-4.8.0,RESCUE-Peak-Budget-1150,1,World,Capacity|Electricity|Wind,GW,2090,19540.132295,GW3-IIb,GW3b,GW3,ok
REMIND-MAgPIE 3.2.0-4.8.0,RESCUE-Peak-Budget-1150,1,World,Capacity|Electricity|Wind,GW,2080,17830.6737299,GW3-IIb,GW3b,GW3,ok
REMIND-MAgPIE 3.2.0-4.8.0,RESCUE-Peak-Budget-1150,1,World,Capacity|Electricity|Wind,GW,2070,15472.1363658,GW3-IIb,GW3b,GW3,ok
REMIND-MAgPIE 3.2.0-4.8.0,RESCUE-Peak-Budget-1150,1,World,Capacity|Electricity|Wind,GW,2060,12479.3139758,GW3-IIb,GW3b,GW3,ok
REMIND-MAgPIE 3.2.0-4.8.0,RESCUE-Peak-Budget-1150,1,World,Capacity|Electricity|Wind,GW,2055,9556.473,GW3-IIb,GW3b,GW3,ok
REMIND-MAgPIE 3.2.0-4.8.0,RESCUE-Peak-Budget-1150,1,World,Capacity|Electricity|Wind,GW,2050,7861.9719365,GW3-IIb,GW3b,GW3,ok
REMIND-MAgPIE 3.2.0-4.8.0,RESCUE-Peak-Budget-1150,1,World,Capacity|Electricity|Wind,GW,2045,6262.196018400001,GW3-IIb,GW3b,GW3,ok
REMIND-MAgPIE 3.2.0-4.8.0,RESCUE-Peak-Budget-1150,1,World,Capacity|Electricity|Wind,GW,2100,19514.458045,GW3-IIb,GW3b,GW3,ok
REMIND-MAgPIE 3.2.0-4.8.0,RESCUE-Peak-Budget-1150,1,World,Capacity|Electricity|Wind,GW,2035,3421.7123723,GW3-IIb,GW3b,GW3,ok
REMIND-MAgPIE 3.2.0-4.8.0,RESCUE-Peak-Budget-1150,1,World,Capacity|Electricity|Wind,GW,2030,2219.4196483,GW3-IIb,GW3b,GW3,ok
REMIND-MAgPIE 3.2.0-4.8.0,RESCUE-Peak-Budget-1150,1,World,Capacity|Electricity|Wind,GW,2025,1300.5105578,GW3-IIb,GW3b,GW3,ok
REMIND-MAgPIE 3.2.0-4.8.0,RESCUE-Peak-Budget-1150,1,World,Capacity|Electricity|Wind,GW,2020,700.56327,GW3-IIb,GW3b,GW3,ok
REMIND-MAgPIE 3.2.0-4.8.0,RESCUE-Peak-Budget-1150,1,World,Capacity|Electricity|Wind,GW,2040,4776.828128400001,GW3-IIb,GW3b,GW3,ok
REMIND-MAgPIE 3.2.0-4.8.0,RESCUE-Peak-Budget-1150,1,World,Carbon Capture|Geological Storage|Biomass,Mt CO2/yr,2100,1333.0760332,GW3-IIb,GW3b,GW3,ok
REMIND-MAgPIE 3.2.0-4.8.0,RESCUE-Peak-Budget-1150,1,World,Carbon Capture|Geological Storage|Biomass,Mt CO2/yr,2090,1744.8423162,GW3-IIb,GW3b,GW3,ok
REMIND-MAgPIE 3.2.0-4.8.0,RESCUE-Peak-Budget-1150,1,World,Carbon Capture|Geological Storage|Biomass,Mt CO2/yr,2080,1740.3184262,GW3-IIb,GW3b,GW3,ok
REMIND-MAgPIE 3.2.0-4.8.0,RESCUE-Peak-Budget-1150,1,World,Carbon Capture|Geological Storage|Biomass,Mt CO2/yr,2070,1433.2649072,GW3-IIb,GW3b,GW3,ok
REMIND-MAgPIE 3.2.0-4.8.0,RESCUE-Peak-Budget-1150,1,World,Carbon Capture|Geological Storage|Biomass,Mt CO2/yr,2060,1070.0285772,GW3-IIb,GW3b,GW3,ok
REMIND-MAgPIE 3.2.0-4.8.0,RESCUE-Peak-Budget-1150,1,World,Carbon Capture|Geological Storage|Biomass,Mt CO2/yr,2055,892.1912999999998,GW3-IIb,GW3b,GW3,ok
REMIND-MAgPIE 3.2.0-4.8.0,RESCUE-Peak-Budget-1150,1,World,Carbon Capture|Geological Storage|Biomass,Mt CO2/yr,2050,717.4855117,GW3-IIb,GW3b,GW3,ok
REMIND-MAgPIE 3.2.0-4.8.0,RESCUE-Peak-Budget-1150,1,World,Carbon Capture|Geological Storage|Biomass,Mt CO2/yr,2045,504.2272794,GW3-IIb,GW3b,GW3,ok
REMIND-MAgPIE 3.2.0-4.8.0,RESCUE-Peak-Budget-1150,1,World,Carbon Capture|Geological Storage|Biomass,Mt CO2/yr,2040,290.5738890000001,GW3-IIb,GW3b,GW3,ok
REMIND-MAgPIE 3.2.0-4.8.0,RESCUE-Peak-Budget-1150,1,World,Carbon Capture|Geological Storage|Biomass,Mt CO2/yr,2035,147.5776147,GW3-IIb,GW3b,GW3,ok
REMIND-MAgPIE 3.2.0-4.8.0,RESCUE-Peak-Budget-1150,1,World,Carbon Capture|Geological Storage|Biomass,Mt CO2/yr,2030,59.0059954,GW3-IIb,GW3b,GW3,ok
REMIND-MAgPIE 3.2.0-4.8.0,RESCUE-Peak-Budget-1150,1,World,Carbon Capture|Geological Storage|Biomass,Mt CO2/yr,2025,22.6095128,GW3-IIb,GW3b,GW3,ok
REMIND-MAgPIE 3.2.0-4.8.0,RESCUE-Peak-Budget-1150,1,World,Carbon Capture|Geological Storage|Biomass,Mt CO2/yr,2020,0.0,GW3-IIb,GW3b,GW3,ok
REMIND-MAgPIE 3.2.0-4.8.0,RESCUE-Peak-Budget-1150,1,World,Carbon Removal|Land Use,Mt CO2/yr,2090,741.4042999999999,GW3-IIb,GW3b,GW3,ok
REMIND-MAgPIE 3.2.0-4.8.0,RESCUE-Peak-Budget-1150,1,World,Carbon Removal|Land Use,Mt CO2/yr,2080,734.9564,GW3-IIb,GW3b,GW3,ok
REMIND-MAgPIE 3.2.0-4.8.0,RESCUE-Peak-Budget-1150,1,World,Carbon Removal|Land Use,Mt CO2/yr,2070,711.9825999999999,GW3-IIb,GW3b,GW3,ok
REMIND-MAgPIE 3.2.0-4.8.0,RESCUE-Peak-Budget-1150,1,World,Carbon Removal|Land Use,Mt CO2/yr,2060,672.9152,GW3-IIb,GW3b,GW3,ok
REMIND-MAgPIE 3.2.0-4.8.0,RESCUE-Peak-Budget-1150,1,World,Carbon Removal|Land Use,Mt CO2/yr,2055,629.3634999999999,GW3-IIb,GW3b,GW3,ok
REMIND-MAgPIE 3.2.0-4.8.0,RESCUE-Peak-Budget-1150,1,World,Carbon Removal|Land Use,Mt CO2/yr,2050,600.2714,GW3-IIb,GW3b,GW3,ok
REMIND-MAgPIE 3.2.0-4.8.0,RESCUE-Peak-Budget-1150,1,World,Carbon Removal|Land Use,Mt CO2/yr,2045,588.2164999999999,GW3-IIb,GW3b,GW3,ok
REMIND-MAgPIE 3.2.0-4.8.0,RESCUE-Peak-Budget-1150,1,World,Carbon Removal|Land Use,Mt CO2/yr,2100,724.6991,GW3-IIb,GW3b,GW3,ok
REMIND-MAgPIE 3.2.0-4.8.0,RESCUE-Peak-Budget-1150,1,World,Carbon Removal|Land Use,Mt CO2/yr,2035,554.3966999999999,GW3-IIb,GW3b,GW3,ok
REMIND-MAgPIE 3.2.0-4.8.0,RESCUE-Peak-Budget-1150,1,World,Carbon Removal|Land Use,Mt CO2/yr,2030,518.1161999999999,GW3-IIb,GW3b,GW3,ok
REMIND-MAgPIE 3.2.0-4.8.0,RESCUE-Peak-Budget-1150,1,World,Carbon Removal|Land Use,Mt CO2/yr,2025,384.2041,GW3-IIb,GW3b,GW3,ok
REMIND-MAgPIE 3.2.0-4.8.0,RESCUE-Peak-Budget-1150,1,World,Carbon Removal|Land Use,Mt CO2/yr,2020,318.7492,GW3-IIb,GW3b,GW3,ok
REMIND-MAgPIE 3.2.0-4.8.0,RESCUE-Peak-Budget-1150,1,World,Carbon Removal|Land Use,Mt CO2/yr,2040,577.7068999999999,GW3-IIb,GW3b,GW3,ok
REMIND-MAgPIE 3.2.0-4.8.0,RESCUE-Peak-Budget-1150,1,World,Emissions|CO2,Mt CO2/yr,2050,12072.8053539,GW3-IIb,GW3b,GW3,ok
REMIND-MAgPIE 3.2.0-4.8.0,RESCUE-Peak-Budget-1150,1,World,Emissions|CO2,Mt CO2/yr,2090,2350.1463504,GW3-IIb,GW3b,GW3,ok
REMIND-MAgPIE 3.2.0-4.8.0,RESCUE-Peak-Budget-1150,1,World,Emissions|CO2,Mt CO2/yr,2080,3112.0877197,GW3-IIb,GW3b,GW3,ok
REMIND-MAgPIE 3.2.0-4.8.0,RESCUE-Peak-Budget-1150,1,World,Emissions|CO2,Mt CO2/yr,2070,5057.2941107,GW3-IIb,GW3b,GW3,ok
REMIND-MAgPIE 3.2.0-4.8.0,RESCUE-Peak-Budget-1150,1,World,Emissions|CO2,Mt CO2/yr,2060,8261.5687738,GW3-IIb,GW3b,GW3,ok
REMIND-MAgPIE 3.2.0-4.8.0,RESCUE-Peak-Budget-1150,1,World,Emissions|CO2,Mt CO2/yr,2055,10100.19,GW3-IIb,GW3b,GW3,ok
REMIND-MAgPIE 3.2.0-4.8.0,RESCUE-Peak-Budget-1150,1,World,Emissions|CO2,Mt CO2/yr,2045,16181.1635208,GW3-IIb,GW3b,GW3,ok
REMIND-MAgPIE 3.2.0-4.8.0,RESCUE-Peak-Budget-1150,1,World,Emissions|CO2,Mt CO2/yr,2100,3521.9271319,GW3-IIb,GW3b,GW3,ok
REMIND-MAgPIE 3.2.0-4.8.0,RESCUE-Peak-Budget-1150,1,World,Emissions|CO2,Mt CO2/yr,2035,28704.2236231,GW3-IIb,GW3b,GW3,ok
REMIND-MAgPIE 3.2.0-4.8.0,RESCUE-Peak-Budget-1150,1,World,Emissions|CO2,Mt CO2/yr,2030,35855.1353599,GW3-IIb,GW3b,GW3,ok
REMIND-MAgPIE 3.2.0-4.8.0,RESCUE-Peak-Budget-1150,1,World,Emissions|CO2,Mt CO2/yr,2025,43325.7396988,GW3-IIb,GW3b,GW3,ok
REMIND-MAgPIE 3.2.0-4.8.0,RESCUE-Peak-Budget-1150,1,World,Emissions|CO2,Mt CO2/yr,2020,42797.7163014,GW3-IIb,GW3b,GW3,ok
REMIND-MAgPIE 3.2.0-4.8.0,RESCUE-Peak-Budget-1150,1,World,Emissions|CO2,Mt CO2/yr,2040,21860.3638986,GW3-IIb,GW3b,GW3,ok
REMIND-MAgPIE 3.2.0-4.8.0,RESCUE-Peak-Budget-1150,1,World,Final Energy,EJ/yr,2090,567.3414268999999,GW3-IIb,GW3b,GW3,ok
REMIND-MAgPIE 3.2.0-4.8.0,RESCUE-Peak-Budget-1150,1,World,Final Energy,EJ/yr,2080,541.1871025,GW3-IIb,GW3b,GW3,ok
REMIND-MAgPIE 3.2.0-4.8.0,RESCUE-Peak-Budget-1150,1,World,Final Energy,EJ/yr,2070,505.4850126999999,GW3-IIb,GW3b,GW3,ok
REMIND-MAgPIE 3.2.0-4.8.0,RESCUE-Peak-Budget-1150,1,World,Final Energy,EJ/yr,2060,479.0254821,GW3-IIb,GW3b,GW3,ok
REMIND-MAgPIE 3.2.0-4.8.0,RESCUE-Peak-Budget-1150,1,World,Final Energy,EJ/yr,2055,454.2956,GW3-IIb,GW3b,GW3,ok
REMIND-MAgPIE 3.2.0-4.8.0,RESCUE-Peak-Budget-1150,1,World,Final Energy,EJ/yr,2050,448.1294336,GW3-IIb,GW3b,GW3,ok
REMIND-MAgPIE 3.2.0-4.8.0,RESCUE-Peak-Budget-1150,1,World,Final Energy,EJ/yr,2045,449.1512999,GW3-IIb,GW3b,GW3,ok
REMIND-MAgPIE 3.2.0-4.8.0,RESCUE-Peak-Budget-1150,1,World,Final Energy,EJ/yr,2100,583.5933908000001,GW3-IIb,GW3b,GW3,ok
REMIND-MAgPIE 3.2.0-4.8.0,RESCUE-Peak-Budget-1150,1,World,Final Energy,EJ/yr,2035,467.0860435,GW3-IIb,GW3b,GW3,ok
REMIND-MAgPIE 3.2.0-4.8.0,RESCUE-Peak-Budget-1150,1,World,Final Energy,EJ/yr,2030,468.4867250999999,GW3-IIb,GW3b,GW3,ok
REMIND-MAgPIE 3.2.0-4.8.0,RESCUE-Peak-Budget-1150,1,World,Final Energy,EJ/yr,2025,463.7913949999999,GW3-IIb,GW3b,GW3,ok
REMIND-MAgPIE 3.2.0-4.8.0,RESCUE-Peak-Budget-1150,1,World,Final Energy,EJ/yr,2020,437.3065756999999,GW3-IIb,GW3b,GW3,ok
REMIND-MAgPIE 3.2.0-4.8.0,RESCUE-Peak-Budget-1150,1,World,Final Energy,EJ/yr,2040,457.6179459,GW3-IIb,GW3b,GW3,ok
REMIND-MAgPIE 3.2.0-4.8.0,RESCUE-Peak-Budget-1150,1,World,Final Energy|Electricity,EJ/yr,2090,284.7697377,GW3-IIb,GW3b,GW3,ok
REMIND-MAgPIE 3.2.0-4.8.0,RESCUE-Peak-Budget-1150,1,World,Final Energy|Electricity,EJ/yr,2080,267.7853142999999,GW3-IIb,GW3b,GW3,ok
REMIND-MAgPIE 3.2.0-4.8.0,RESCUE-Peak-Budget-1150,1,World,Final Energy|Electricity,EJ/yr,2070,240.3119812,GW3-IIb,GW3b,GW3,ok
REMIND-MAgPIE 3.2.0-4.8.0,RESCUE-Peak-Budget-1150,1,World,Final Energy|Electricity,EJ/yr,2060,213.2426522,GW3-IIb,GW3b,GW3,ok
REMIND-MAgPIE 3.2.0-4.8.0,RESCUE-Peak-Budget-1150,1,World,Final Energy|Electricity,EJ/yr,2055,203.1164,GW3-IIb,GW3b,GW3,ok
REMIND-MAgPIE 3.2.0-4.8.0,RESCUE-Peak-Budget-1150,1,World,Final Energy|Electricity,EJ/yr,2050,193.818695,GW3-IIb,GW3b,GW3,ok
REMIND-MAgPIE 3.2.0-4.8.0,RESCUE-Peak-Budget-1150,1,World,Final Energy|Electricity,EJ/yr,2045,179.2232284,GW3-IIb,GW3b,GW3,ok
REMIND-MAgPIE 3.2.0-4.8.0,RESCUE-Peak-Budget-1150,1,World,Final Energy|Electricity,EJ/yr,2100,288.165519,GW3-IIb,GW3b,GW3,ok
REMIND-MAgPIE 3.2.0-4.8.0,RESCUE-Peak-Budget-1150,1,World,Final Energy|Electricity,EJ/yr,2035,142.4192017,GW3-IIb,GW3b,GW3,ok
REMIND-MAgPIE 3.2.0-4.8.0,RESCUE-Peak-Budget-1150,1,World,Final Energy|Electricity,EJ/yr,2030,121.5116465,GW3-IIb,GW3b,GW3,ok
REMIND-MAgPIE 3.2.0-4.8.0,RESCUE-Peak-Budget-1150,1,World,Final Energy|Electricity,EJ/yr,2025,99.50149490000001,GW3-IIb,GW3b,GW3,ok
REMIND-MAgPIE 3.2.0-4.8.0,RESCUE-Peak-Budget-1150,1,World,Final Energy|Electricity,EJ/yr,2020,84.86722920000003,GW3-IIb,GW3b,GW3,ok
REMIND-MAgPIE 3.2.0-4.8.0,RESCUE-Peak-Budget-1150,1,World,Final Energy|Electricity,EJ/yr,2040,159.7828889,GW3-IIb,GW3b,GW3,ok
REMIND-MAgPIE 3.2.0-4.8.0,RESCUE-Peak-Budget-1150,1,World,Food Availability|Crops [per capita],kcal/cap/day,2090,1481.7738,GW3-IIb,GW3b,GW3,ok
REMIND-MAgPIE 3.2.0-4.8.0,RESCUE-Peak-Budget-1150,1,World,Food Availability|Crops [per capita],kcal/cap/day,2080,1502.4013,GW3-IIb,GW3b,GW3,ok
REMIND-MAgPIE 3.2.0-4.8.0,RESCUE-Peak-Budget-1150,1,World,Food Availability|Crops [per capita],kcal/cap/day,2070,1529.9556,GW3-IIb,GW3b,GW3,ok
REMIND-MAgPIE 3.2.0-4.8.0,RESCUE-Peak-Budget-1150,1,World,Food Availability|Crops [per capita],kcal/cap/day,2060,1563.7595,GW3-IIb,GW3b,GW3,ok
REMIND-MAgPIE 3.2.0-4.8.0,RESCUE-Peak-Budget-1150,1,World,Food Availability|Crops [per capita],kcal/cap/day,2055,1581.9304,GW3-IIb,GW3b,GW3,ok
REMIND-MAgPIE 3.2.0-4.8.0,RESCUE-Peak-Budget-1150,1,World,Food Availability|Crops [per capita],kcal/cap/day,2050,1600.7598,GW3-IIb,GW3b,GW3,ok
REMIND-MAgPIE 3.2.0-4.8.0,RESCUE-Peak-Budget-1150,1,World,Food Availability|Crops [per capita],kcal/cap/day,2045,1619.8633,GW3-IIb,GW3b,GW3,ok
REMIND-MAgPIE 3.2.0-4.8.0,RESCUE-Peak-Budget-1150,1,World,Food Availability|Crops [per capita],kcal/cap/day,2100,1465.3233,GW3-IIb,GW3b,GW3,ok
REMIND-MAgPIE 3.2.0-4.8.0,RESCUE-Peak-Budget-1150,1,World,Food Availability|Crops [per capita],kcal/cap/day,2035,1656.9086,GW3-IIb,GW3b,GW3,ok
REMIND-MAgPIE 3.2.0-4.8.0,RESCUE-Peak-Budget-1150,1,World,Food Availability|Crops [per capita],kcal/cap/day,2030,1675.2504,GW3-IIb,GW3b,GW3,ok
REMIND-MAgPIE 3.2.0-4.8.0,RESCUE-Peak-Budget-1150,1,World,Food Availability|Crops [per capita],kcal/cap/day,2025,1695.9559,GW3-IIb,GW3b,GW3,ok
REMIND-MAgPIE 3.2.0-4.8.0,RESCUE-Peak-Budget-1150,1,World,Food Availability|Crops [per capita],kcal/cap/day,2020,1714.7841,GW3-IIb,GW3b,GW3,ok
REMIND-MAgPIE 3.2.0-4.8.0,RESCUE-Peak-Budget-1150,1,World,Food Availability|Crops [per capita],kcal/cap/day,2040,1638.5453,GW3-IIb,GW3b,GW3,ok
REMIND-MAgPIE 3.2.0-4.8.0,RESCUE-Peak-Budget-1150,1,World,Food Availability|Livestock [per capita],kcal/cap/day,2090,792.7006,GW3-IIb,GW3b,GW3,ok
REMIND-MAgPIE 3.2.0-4.8.0,RESCUE-Peak-Budget-1150,1,World,Food Availability|Livestock [per capita],kcal/cap/day,2080,762.8924,GW3-IIb,GW3b,GW3,ok
REMIND-MAgPIE 3.2.0-4.8.0,RESCUE-Peak-Budget-1150,1,World,Food Availability|Livestock [per capita],kcal/cap/day,2070,727.98,GW3-IIb,GW3b,GW3,ok
REMIND-MAgPIE 3.2.0-4.8.0,RESCUE-Peak-Budget-1150,1,World,Food Availability|Livestock [per capita],kcal/cap/day,2060,690.2651999999999,GW3-IIb,GW3b,GW3,ok
REMIND-MAgPIE 3.2.0-4.8.0,RESCUE-Peak-Budget-1150,1,World,Food Availability|Livestock [per capita],kcal/cap/day,2055,670.3414999999999,GW3-IIb,GW3b,GW3,ok
REMIND-MAgPIE 3.2.0-4.8.0,RESCUE-Peak-Budget-1150,1,World,Food Availability|Livestock [per capita],kcal/cap/day,2050,650.6505999999999,GW3-IIb,GW3b,GW3,ok
REMIND-MAgPIE 3.2.0-4.8.0,RESCUE-Peak-Budget-1150,1,World,Food Availability|Livestock [per capita],kcal/cap/day,2045,631.2442,GW3-IIb,GW3b,GW3,ok
REMIND-MAgPIE 3.2.0-4.8.0,RESCUE-Peak-Budget-1150,1,World,Food Availability|Livestock [per capita],kcal/cap/day,2100,816.4963,GW3-IIb,GW3b,GW3,ok
REMIND-MAgPIE 3.2.0-4.8.0,RESCUE-Peak-Budget-1150,1,World,Food Availability|Livestock [per capita],kcal/cap/day,2035,591.4237,GW3-IIb,GW3b,GW3,ok
REMIND-MAgPIE 3.2.0-4.8.0,RESCUE-Peak-Budget-1150,1,World,Food Availability|Livestock [per capita],kcal/cap/day,2030,570.4788000000001,GW3-IIb,GW3b,GW3,ok
REMIND-MAgPIE 3.2.0-4.8.0,RESCUE-Peak-Budget-1150,1,World,Food Availability|Livestock [per capita],kcal/cap/day,2025,545.933,GW3-IIb,GW3b,GW3,ok
REMIND-MAgPIE 3.2.0-4.8.0,RESCUE-Peak-Budget-1150,1,World,Food Availability|Livestock [per capita],kcal/cap/day,2020,522.0784000000001,GW3-IIb,GW3b,GW3,ok
REMIND-MAgPIE 3.2.0-4.8.0,RESCUE-Peak-Budget-1150,1,World,Food Availability|Livestock [per capita],kcal/cap/day,2040,611.4604999999999,GW3-IIb,GW3b,GW3,ok
REMIND-MAgPIE 3.2.0-4.8.0,RESCUE-Peak-Budget-1150,1,World,GDP|MER,billion USD_2010/yr,2100,326769.072616672,GW3-IIb,GW3b,GW3,ok
REMIND-MAgPIE 3.2.0-4.8.0,RESCUE-Peak-Budget-1150,1,World,GDP|MER,billion USD_2010/yr,2090,280304.844437744,GW3-IIb,GW3b,GW3,ok
REMIND-MAgPIE 3.2.0-4.8.0,RESCUE-Peak-Budget-1150,1,World,GDP|MER,billion USD_2010/yr,2080,241095.187065936,GW3-IIb,GW3b,GW3,ok
REMIND-MAgPIE 3.2.0-4.8.0,RESCUE-Peak-Budget-1150,1,World,GDP|MER,billion USD_2010/yr,2070,204667.3910925281,GW3-IIb,GW3b,GW3,ok
REMIND-MAgPIE 3.2.0-4.8.0,RESCUE-Peak-Budget-1150,1,World,GDP|MER,billion USD_2010/yr,2060,172881.1608709921,GW3-IIb,GW3b,GW3,ok
REMIND-MAgPIE 3.2.0-4.8.0,RESCUE-Peak-Budget-1150,1,World,GDP|MER,billion USD_2010/yr,2055,159792.528,GW3-IIb,GW3b,GW3,ok
REMIND-MAgPIE 3.2.0-4.8.0,RESCUE-Peak-Budget-1150,1,World,GDP|MER,billion USD_2010/yr,2050,146840.5040811521,GW3-IIb,GW3b,GW3,ok
REMIND-MAgPIE 3.2.0-4.8.0,RESCUE-Peak-Budget-1150,1,World,GDP|MER,billion USD_2010/yr,2045,134688.193932096,GW3-IIb,GW3b,GW3,ok
REMIND-MAgPIE 3.2.0-4.8.0,RESCUE-Peak-Budget-1150,1,World,GDP|MER,billion USD_2010/yr,2035,111982.304973728,GW3-IIb,GW3b,GW3,ok
REMIND-MAgPIE 3.2.0-4.8.0,RESCUE-Peak-Budget-1150,1,World,GDP|MER,billion USD_2010/yr,2030,100926.714317296,GW3-IIb,GW3b,GW3,ok
REMIND-MAgPIE 3.2.0-4.8.0,RESCUE-Peak-Budget-1150,1,World,GDP|MER,billion USD_2010/yr,2025,89382.661325664,GW3-IIb,GW3b,GW3,ok
REMIND-MAgPIE 3.2.0-4.8.0,RESCUE-Peak-Budget-1150,1,World,GDP|MER,billion USD_2010/yr,2020,78126.446812064,GW3-IIb,GW3b,GW3,ok
REMIND-MAgPIE 3.2.0-4.8.0,RESCUE-Peak-Budget-1150,1,World,GDP|MER,billion USD_2010/yr,2040,123017.311553584,GW3-IIb,GW3b,GW3,ok
REMIND-MAgPIE 3.2.0-4.8.0,RESCUE-Peak-Budget-1150,1,World,Investment|Energy Supply,billion USD_2010/yr,2100,4748.167107599999,GW3-IIb,GW3b,GW3,ok
REMIND-MAgPIE 3.2.0-4.8.0,RESCUE-Peak-Budget-1150,1,World,Investment|Energy Supply,billion USD_2010/yr,2090,5241.609939552,GW3-IIb,GW3b,GW3,ok
REMIND-MAgPIE 3.2.0-4.8.0,RESCUE-Peak-Budget-1150,1,World,Investment|Energy Supply,billion USD_2010/yr,2080,5154.944358592001,GW3-IIb,GW3b,GW3,ok
REMIND-MAgPIE 3.2.0-4.8.0,RESCUE-Peak-Budget-1150,1,World,Investment|Energy Supply,billion USD_2010/yr,2070,4442.865709184,GW3-IIb,GW3b,GW3,ok
REMIND-MAgPIE 3.2.0-4.8.0,RESCUE-Peak-Budget-1150,1,World,Investment|Energy Supply,billion USD_2010/yr,2060,3510.199319872,GW3-IIb,GW3b,GW3,ok
REMIND-MAgPIE 3.2.0-4.8.0,RESCUE-Peak-Budget-1150,1,World,Investment|Energy Supply,billion USD_2010/yr,2055,3322.718560000001,GW3-IIb,GW3b,GW3,ok
REMIND-MAgPIE 3.2.0-4.8.0,RESCUE-Peak-Budget-1150,1,World,Investment|Energy Supply,billion USD_2010/yr,2050,3047.950083808,GW3-IIb,GW3b,GW3,ok
REMIND-MAgPIE 3.2.0-4.8.0,RESCUE-Peak-Budget-1150,1,World,Investment|Energy Supply,billion USD_2010/yr,2045,2859.214568672001,GW3-IIb,GW3b,GW3,ok
REMIND-MAgPIE 3.2.0-4.8.0,RESCUE-Peak-Budget-1150,1,World,Investment|Energy Supply,billion USD_2010/yr,2040,2791.793168752,GW3-IIb,GW3b,GW3,ok
REMIND-MAgPIE 3.2.0-4.8.0,RESCUE-Peak-Budget-1150,1,World,Investment|Energy Supply,billion USD_2010/yr,2035,2835.097448400001,GW3-IIb,GW3b,GW3,ok
REMIND-MAgPIE 3.2.0-4.8.0,RESCUE-Peak-Budget-1150,1,World,Investment|Energy Supply,billion USD_2010/yr,2030,2543.455562032,GW3-IIb,GW3b,GW3,ok
REMIND-MAgPIE 3.2.0-4.8.0,RESCUE-Peak-Budget-1150,1,World,Investment|Energy Supply,billion USD_2010/yr,2025,1864.475743312,GW3-IIb,GW3b,GW3,ok
REMIND-MAgPIE 3.2.0-4.8.0,RESCUE-Peak-Budget-1150,1,World,Investment|Energy Supply,billion USD_2010/yr,2020,1316.258209952,GW3-IIb,GW3b,GW3,ok
REMIND-MAgPIE 3.2.0-4.8.0,RESCUE-Peak-Budget-1150,1,World,Land Cover,million ha,2055,12986.3818,GW3-IIb,GW3b,GW3,ok
REMIND-MAgPIE 3.2.0-4.8.0,RESCUE-Peak-Budget-1150,1,World,Land Cover,million ha,2100,12986.3818,GW3-IIb,GW3b,GW3,ok
REMIND-MAgPIE 3.2.0-4.8.0,RESCUE-Peak-Budget-1150,1,World,Land Cover,million ha,2090,12986.3818,GW3-IIb,GW3b,GW3,ok
REMIND-MAgPIE 3.2.0-4.8.0,RESCUE-Peak-Budget-1150,1,World,Land Cover,million ha,2080,12986.3818,GW3-IIb,GW3b,GW3,ok
REMIND-MAgPIE 3.2.0-4.8.0,RESCUE-Peak-Budget-1150,1,World,Land Cover,million ha,2070,12986.3818,GW3-IIb,GW3b,GW3,ok
REMIND-MAgPIE 3.2.0-4.8.0,RESCUE-Peak-Budget-1150,1,World,Land Cover,million ha,2060,12986.3818,GW3-IIb,GW3b,GW3,ok
REMIND-MAgPIE 3.2.0-4.8.0,RESCUE-Peak-Budget-1150,1,World,Land Cover,million ha,2050,12986.3818,GW3-IIb,GW3b,GW3,ok
REMIND-MAgPIE 3.2.0-4.8.0,RESCUE-Peak-Budget-1150,1,World,Land Cover,million ha,2045,12986.3818,GW3-IIb,GW3b,GW3,ok
REMIND-MAgPIE 3.2.0-4.8.0,RESCUE-Peak-Budget-1150,1,World,Land Cover,million ha,2040,12986.3818,GW3-IIb,GW3b,GW3,ok
REMIND-MAgPIE 3.2.0-4.8.0,RESCUE-Peak-Budget-1150,1,World,Land Cover,million ha,2035,12986.3818,GW3-IIb,GW3b,GW3,ok
REMIND-MAgPIE 3.2.0-4.8.0,RESCUE-Peak-Budget-1150,1,World,Land Cover,million ha,2030,12986.3818,GW3-IIb,GW3b,GW3,ok
REMIND-MAgPIE 3.2.0-4.8.0,RESCUE-Peak-Budget-1150,1,World,Land Cover,million ha,2025,12986.3818,GW3-IIb,GW3b,GW3,ok
REMIND-MAgPIE 3.2.0-4.8.0,RESCUE-Peak-Budget-1150,1,World,Land Cover,million ha,2020,12986.3818,GW3-IIb,GW3b,GW3,ok
REMIND-MAgPIE 3.2.0-4.8.0,RESCUE-Peak-Budget-1150,1,World,Land Cover|Forest,million ha,2090,4010.4643,GW3-IIb,GW3b,GW3,ok
REMIND-MAgPIE 3.2.0-4.8.0,RESCUE-Peak-Budget-1150,1,World,Land Cover|Forest,million ha,2080,4004.746,GW3-IIb,GW3b,GW3,ok
REMIND-MAgPIE 3.2.0-4.8.0,RESCUE-Peak-Budget-1150,1,World,Land Cover|Forest,million ha,2070,3993.1922,GW3-IIb,GW3b,GW3,ok
REMIND-MAgPIE 3.2.0-4.8.0,RESCUE-Peak-Budget-1150,1,World,Land Cover|Forest,million ha,2060,3977.4206,GW3-IIb,GW3b,GW3,ok
REMIND-MAgPIE 3.2.0-4.8.0,RESCUE-Peak-Budget-1150,1,World,Land Cover|Forest,million ha,2055,3980.278,GW3-IIb,GW3b,GW3,ok
REMIND-MAgPIE 3.2.0-4.8.0,RESCUE-Peak-Budget-1150,1,World,Land Cover|Forest,million ha,2050,3965.8436,GW3-IIb,GW3b,GW3,ok
REMIND-MAgPIE 3.2.0-4.8.0,RESCUE-Peak-Budget-1150,1,World,Land Cover|Forest,million ha,2045,3955.3608,GW3-IIb,GW3b,GW3,ok
REMIND-MAgPIE 3.2.0-4.8.0,RESCUE-Peak-Budget-1150,1,World,Land Cover|Forest,million ha,2100,4017.5909,GW3-IIb,GW3b,GW3,ok
REMIND-MAgPIE 3.2.0-4.8.0,RESCUE-Peak-Budget-1150,1,World,Land Cover|Forest,million ha,2035,3944.4494,GW3-IIb,GW3b,GW3,ok
REMIND-MAgPIE 3.2.0-4.8.0,RESCUE-Peak-Budget-1150,1,World,Land Cover|Forest,million ha,2030,3955.3035,GW3-IIb,GW3b,GW3,ok
REMIND-MAgPIE 3.2.0-4.8.0,RESCUE-Peak-Budget-1150,1,World,Land Cover|Forest,million ha,2025,3945.7974,GW3-IIb,GW3b,GW3,ok
REMIND-MAgPIE 3.2.0-4.8.0,RESCUE-Peak-Budget-1150,1,World,Land Cover|Forest,million ha,2020,3903.0742,GW3-IIb,GW3b,GW3,ok
REMIND-MAgPIE 3.2.0-4.8.0,RESCUE-Peak-Budget-1150,1,World,Land Cover|Forest,million ha,2040,3942.4144,GW3-IIb,GW3b,GW3,ok
REMIND-MAgPIE 3.2.0-4.8.0,RESCUE-Peak-Budget-1150,1,World,Population,million,2090,9558.153312100001,GW3-IIb,GW3b,GW3,ok
REMIND-MAgPIE 3.2.0-4.8.0,RESCUE-Peak-Budget-1150,1,World,Population,million,2080,9704.9997312,GW3-IIb,GW3b,GW3,ok
REMIND-MAgPIE 3.2.0-4.8.0,RESCUE-Peak-Budget-1150,1,World,Population,million,2070,9750.2188654,GW3-IIb,GW3b,GW3,ok
REMIND-MAgPIE 3.2.0-4.8.0,RESCUE-Peak-Budget-1150,1,World,Population,million,2060,9674.3854617,GW3-IIb,GW3b,GW3,ok
REMIND-MAgPIE 3.2.0-4.8.0,RESCUE-Peak-Budget-1150,1,World,Population,million,2055,9582.682,GW3-IIb,GW3b,GW3,ok
REMIND-MAgPIE 3.2.0-4.8.0,RESCUE-Peak-Budget-1150,1,World,Population,million,2050,9449.376711599998,GW3-IIb,GW3b,GW3,ok
REMIND-MAgPIE 3.2.0-4.8.0,RESCUE-Peak-Budget-1150,1,World,Population,million,2045,9272.963936099999,GW3-IIb,GW3b,GW3,ok
REMIND-MAgPIE 3.2.0-4.8.0,RESCUE-Peak-Budget-1150,1,World,Population,million,2100,9333.856479899998,GW3-IIb,GW3b,GW3,ok
REMIND-MAgPIE 3.2.0-4.8.0,RESCUE-Peak-Budget-1150,1,World,Population,million,2035,8801.503446100003,GW3-IIb,GW3b,GW3,ok
REMIND-MAgPIE 3.2.0-4.8.0,RESCUE-Peak-Budget-1150,1,World,Population,million,2030,8510.663531,GW3-IIb,GW3b,GW3,ok
REMIND-MAgPIE 3.2.0-4.8.0,RESCUE-Peak-Budget-1150,1,World,Population,million,2025,8175.612958600001,GW3-IIb,GW3b,GW3,ok
REMIND-MAgPIE 3.2.0-4.8.0,RESCUE-Peak-Budget-1150,1,World,Population,million,2020,7824.2154039,GW3-IIb,GW3b,GW3,ok
REMIND-MAgPIE 3.2.0-4.8.0,RESCUE-Peak-Budget-1150,1,World,Population,million,2040,9055.894914299999,GW3-IIb,GW3b,GW3,ok
REMIND-MAgPIE 3.2.0-4.8.0,RESCUE-Peak-Budget-1150,1,World,Price|Secondary Energy|Electricity,USD_2010/GJ,2090,12.8132844,GW3-IIb,GW3b,GW3,ok
REMIND-MAgPIE 3.2.0-4.8.0,RESCUE-Peak-Budget-1150,1,World,Price|Secondary Energy|Electricity,USD_2010/GJ,2080,13.061574288,GW3-IIb,GW3b,GW3,ok
REMIND-MAgPIE 3.2.0-4.8.0,RESCUE-Peak-Budget-1150,1,World,Price|Secondary Energy|Electricity,USD_2010/GJ,2070,13.08215944,GW3-IIb,GW3b,GW3,ok
REMIND-MAgPIE 3.2.0-4.8.0,RESCUE-Peak-Budget-1150,1,World,Price|Secondary Energy|Electricity,USD_2010/GJ,2060,13.288132144,GW3-IIb,GW3b,GW3,ok
REMIND-MAgPIE 3.2.0-4.8.0,RESCUE-Peak-Budget-1150,1,World,Price|Secondary Energy|Electricity,USD_2010/GJ,2055,13.8420464,GW3-IIb,GW3b,GW3,ok
REMIND-MAgPIE 3.2.0-4.8.0,RESCUE-Peak-Budget-1150,1,World,Price|Secondary Energy|Electricity,USD_2010/GJ,2050,13.3648284,GW3-IIb,GW3b,GW3,ok
REMIND-MAgPIE 3.2.0-4.8.0,RESCUE-Peak-Budget-1150,1,World,Price|Secondary Energy|Electricity,USD_2010/GJ,2045,13.674364592,GW3-IIb,GW3b,GW3,ok
REMIND-MAgPIE 3.2.0-4.8.0,RESCUE-Peak-Budget-1150,1,World,Price|Secondary Energy|Electricity,USD_2010/GJ,2100,12.340038368,GW3-IIb,GW3b,GW3,ok
REMIND-MAgPIE 3.2.0-4.8.0,RESCUE-Peak-Budget-1150,1,World,Price|Secondary Energy|Electricity,USD_2010/GJ,2035,18.62225276800001,GW3-IIb,GW3b,GW3,ok
REMIND-MAgPIE 3.2.0-4.8.0,RESCUE-Peak-Budget-1150,1,World,Price|Secondary Energy|Electricity,USD_2010/GJ,2030,19.989768064,GW3-IIb,GW3b,GW3,ok
REMIND-MAgPIE 3.2.0-4.8.0,RESCUE-Peak-Budget-1150,1,World,Price|Secondary Energy|Electricity,USD_2010/GJ,2025,18.820360384,GW3-IIb,GW3b,GW3,ok
REMIND-MAgPIE 3.2.0-4.8.0,RESCUE-Peak-Budget-1150,1,World,Price|Secondary Energy|Electricity,USD_2010/GJ,2020,14.384605984,GW3-IIb,GW3b,GW3,ok
REMIND-MAgPIE 3.2.0-4.8.0,RESCUE-Peak-Budget-1150,1,World,Price|Secondary Energy|Electricity,USD_2010/GJ,2040,16.061956624,GW3-IIb,GW3b,GW3,ok
REMIND-MAgPIE 3.2.0-4.8.0,RESCUE-Peak-Budget-1150,1,World,Primary Energy|Biomass,EJ/yr,2100,142.3581473000001,GW3-IIb,GW3b,GW3,ok
REMIND-MAgPIE 3.2.0-4.8.0,RESCUE-Peak-Budget-1150,1,World,Primary Energy|Biomass,EJ/yr,2090,142.5731472,GW3-IIb,GW3b,GW3,ok
REMIND-MAgPIE 3.2.0-4.8.0,RESCUE-Peak-Budget-1150,1,World,Primary Energy|Biomass,EJ/yr,2080,129.8140141,GW3-IIb,GW3b,GW3,ok
REMIND-MAgPIE 3.2.0-4.8.0,RESCUE-Peak-Budget-1150,1,World,Primary Energy|Biomass,EJ/yr,2070,107.8304736,GW3-IIb,GW3b,GW3,ok
REMIND-MAgPIE 3.2.0-4.8.0,RESCUE-Peak-Budget-1150,1,World,Primary Energy|Biomass,EJ/yr,2060,85.24844340000001,GW3-IIb,GW3b,GW3,ok
REMIND-MAgPIE 3.2.0-4.8.0,RESCUE-Peak-Budget-1150,1,World,Primary Energy|Biomass,EJ/yr,2055,68.22101,GW3-IIb,GW3b,GW3,ok
REMIND-MAgPIE 3.2.0-4.8.0,RESCUE-Peak-Budget-1150,1,World,Primary Energy|Biomass,EJ/yr,2050,60.9531704,GW3-IIb,GW3b,GW3,ok
REMIND-MAgPIE 3.2.0-4.8.0,RESCUE-Peak-Budget-1150,1,World,Primary Energy|Biomass,EJ/yr,2045,55.9697478,GW3-IIb,GW3b,GW3,ok
REMIND-MAgPIE 3.2.0-4.8.0,RESCUE-Peak-Budget-1150,1,World,Primary Energy|Biomass,EJ/yr,2040,52.49788119999999,GW3-IIb,GW3b,GW3,ok
REMIND-MAgPIE 3.2.0-4.8.0,RESCUE-Peak-Budget-1150,1,World,Primary Energy|Biomass,EJ/yr,2035,53.4161402,GW3-IIb,GW3b,GW3,ok
REMIND-MAgPIE 3.2.0-4.8.0,RESCUE-Peak-Budget-1150,1,World,Primary Energy|Biomass,EJ/yr,2030,55.91264739999999,GW3-IIb,GW3b,GW3,ok
REMIND-MAgPIE 3.2.0-4.8.0,RESCUE-Peak-Budget-1150,1,World,Primary Energy|Biomass,EJ/yr,2025,57.1558823,GW3-IIb,GW3b,GW3,ok
REMIND-MAgPIE 3.2.0-4.8.0,RESCUE-Peak-Budget-1150,1,World,Primary Energy|Biomass,EJ/yr,2020,53.947308,GW3-IIb,GW3b,GW3,ok
REMIND-MAgPIE 3.2.0-4.8.0,RESCUE-Peak-Budget-1150,1,World,Primary Energy|Coal,EJ/yr,2090,9.9646433,GW3-IIb,GW3b,GW3,ok
REMIND-MAgPIE 3.2.0-4.8.0,RESCUE-Peak-Budget-1150,1,World,Primary Energy|Coal,EJ/yr,2080,8.515589700000001,GW3-IIb,GW3b,GW3,ok
REMIND-MAgPIE 3.2.0-4.8.0,RESCUE-Peak-Budget-1150,1,World,Primary Energy|Coal,EJ/yr,2070,8.0253394,GW3-IIb,GW3b,GW3,ok
REMIND-MAgPIE 3.2.0-4.8.0,RESCUE-Peak-Budget-1150,1,World,Primary Energy|Coal,EJ/yr,2060,7.864749,GW3-IIb,GW3b,GW3,ok
REMIND-MAgPIE 3.2.0-4.8.0,RESCUE-Peak-Budget-1150,1,World,Primary Energy|Coal,EJ/yr,2055,7.718727,GW3-IIb,GW3b,GW3,ok
REMIND-MAgPIE 3.2.0-4.8.0,RESCUE-Peak-Budget-1150,1,World,Primary Energy|Coal,EJ/yr,2050,11.1225459,GW3-IIb,GW3b,GW3,ok
REMIND-MAgPIE 3.2.0-4.8.0,RESCUE-Peak-Budget-1150,1,World,Primary Energy|Coal,EJ/yr,2045,20.4935899,GW3-IIb,GW3b,GW3,ok
REMIND-MAgPIE 3.2.0-4.8.0,RESCUE-Peak-Budget-1150,1,World,Primary Energy|Coal,EJ/yr,2100,15.6657305,GW3-IIb,GW3b,GW3,ok
REMIND-MAgPIE 3.2.0-4.8.0,RESCUE-Peak-Budget-1150,1,World,Primary Energy|Coal,EJ/yr,2035,74.61934609999999,GW3-IIb,GW3b,GW3,ok
REMIND-MAgPIE 3.2.0-4.8.0,RESCUE-Peak-Budget-1150,1,World,Primary Energy|Coal,EJ/yr,2030,118.4319721,GW3-IIb,GW3b,GW3,ok
REMIND-MAgPIE 3.2.0-4.8.0,RESCUE-Peak-Budget-1150,1,World,Primary Energy|Coal,EJ/yr,2025,156.3719948,GW3-IIb,GW3b,GW3,ok
REMIND-MAgPIE 3.2.0-4.8.0,RESCUE-Peak-Budget-1150,1,World,Primary Energy|Coal,EJ/yr,2020,171.5563077,GW3-IIb,GW3b,GW3,ok
REMIND-MAgPIE 3.2.0-4.8.0,RESCUE-Peak-Budget-1150,1,World,Primary Energy|Coal,EJ/yr,2040,38.7004501,GW3-IIb,GW3b,GW3,ok
REMIND-MAgPIE 3.2.0-4.8.0,RESCUE-Peak-Budget-1150,1,World,Primary Energy|Fossil|w/ CCS,EJ/yr,2100,4.700930899999999,GW3-IIb,GW3b,GW3,ok
REMIND-MAgPIE 3.2.0-4.8.0,RESCUE-Peak-Budget-1150,1,World,Primary Energy|Fossil|w/ CCS,EJ/yr,2090,2.1778927,GW3-IIb,GW3b,GW3,ok
REMIND-MAgPIE 3.2.0-4.8.0,RESCUE-Peak-Budget-1150,1,World,Primary Energy|Fossil|w/ CCS,EJ/yr,2080,1.0180618,GW3-IIb,GW3b,GW3,ok
REMIND-MAgPIE 3.2.0-4.8.0,RESCUE-Peak-Budget-1150,1,World,Primary Energy|Fossil|w/ CCS,EJ/yr,2070,0.4755797,GW3-IIb,GW3b,GW3,ok
REMIND-MAgPIE 3.2.0-4.8.0,RESCUE-Peak-Budget-1150,1,World,Primary Energy|Fossil|w/ CCS,EJ/yr,2060,0.2492102,GW3-IIb,GW3b,GW3,ok
REMIND-MAgPIE 3.2.0-4.8.0,RESCUE-Peak-Budget-1150,1,World,Primary Energy|Fossil|w/ CCS,EJ/yr,2055,0.169774,GW3-IIb,GW3b,GW3,ok
REMIND-MAgPIE 3.2.0-4.8.0,RESCUE-Peak-Budget-1150,1,World,Primary Energy|Fossil|w/ CCS,EJ/yr,2050,0.1385969,GW3-IIb,GW3b,GW3,ok
REMIND-MAgPIE 3.2.0-4.8.0,RESCUE-Peak-Budget-1150,1,World,Primary Energy|Fossil|w/ CCS,EJ/yr,2045,0.1239911,GW3-IIb,GW3b,GW3,ok
REMIND-MAgPIE 3.2.0-4.8.0,RESCUE-Peak-Budget-1150,1,World,Primary Energy|Fossil|w/ CCS,EJ/yr,2035,0.07283390000000001,GW3-IIb,GW3b,GW3,ok
REMIND-MAgPIE 3.2.0-4.8.0,RESCUE-Peak-Budget-1150,1,World,Primary Energy|Fossil|w/ CCS,EJ/yr,2030,0.0363765,GW3-IIb,GW3b,GW3,ok
REMIND-MAgPIE 3.2.0-4.8.0,RESCUE-Peak-Budget-1150,1,World,Primary Energy|Fossil|w/ CCS,EJ/yr,2025,0.0129256,GW3-IIb,GW3b,GW3,ok
REMIND-MAgPIE 3.2.0-4.8.0,RESCUE-Peak-Budget-1150,1,World,Primary Energy|Fossil|w/ CCS,EJ/yr,2020,0.0,GW3-IIb,GW3b,GW3,ok
REMIND-MAgPIE 3.2.0-4.8.0,RESCUE-Peak-Budget-1150,1,World,Primary Energy|Fossil|w/ CCS,EJ/yr,2040,0.1141553,GW3-IIb,GW3b,GW3,ok
REMIND-MAgPIE 3.2.0-4.8.0,RESCUE-Peak-Budget-1150,1,World,Primary Energy|Fossil|w/o CCS,EJ/yr,2050,209.3248032,GW3-IIb,GW3b,GW3,ok
REMIND-MAgPIE 3.2.0-4.8.0,RESCUE-Peak-Budget-1150,1,World,Primary Energy|Fossil|w/o CCS,EJ/yr,2090,67.2155367,GW3-IIb,GW3b,GW3,ok
REMIND-MAgPIE 3.2.0-4.8.0,RESCUE-Peak-Budget-1150,1,World,Primary Energy|Fossil|w/o CCS,EJ/yr,2080,81.1266177,GW3-IIb,GW3b,GW3,ok
REMIND-MAgPIE 3.2.0-4.8.0,RESCUE-Peak-Budget-1150,1,World,Primary Energy|Fossil|w/o CCS,EJ/yr,2070,109.0186448,GW3-IIb,GW3b,GW3,ok
REMIND-MAgPIE 3.2.0-4.8.0,RESCUE-Peak-Budget-1150,1,World,Primary Energy|Fossil|w/o CCS,EJ/yr,2060,149.9406494,GW3-IIb,GW3b,GW3,ok
REMIND-MAgPIE 3.2.0-4.8.0,RESCUE-Peak-Budget-1150,1,World,Primary Energy|Fossil|w/o CCS,EJ/yr,2055,179.2675,GW3-IIb,GW3b,GW3,ok
REMIND-MAgPIE 3.2.0-4.8.0,RESCUE-Peak-Budget-1150,1,World,Primary Energy|Fossil|w/o CCS,EJ/yr,2045,253.3872615,GW3-IIb,GW3b,GW3,ok
REMIND-MAgPIE 3.2.0-4.8.0,RESCUE-Peak-Budget-1150,1,World,Primary Energy|Fossil|w/o CCS,EJ/yr,2100,73.3409491,GW3-IIb,GW3b,GW3,ok
REMIND-MAgPIE 3.2.0-4.8.0,RESCUE-Peak-Budget-1150,1,World,Primary Energy|Fossil|w/o CCS,EJ/yr,2035,384.7087208999999,GW3-IIb,GW3b,GW3,ok
REMIND-MAgPIE 3.2.0-4.8.0,RESCUE-Peak-Budget-1150,1,World,Primary Energy|Fossil|w/o CCS,EJ/yr,2040,311.6826504,GW3-IIb,GW3b,GW3,ok
REMIND-MAgPIE 3.2.0-4.8.0,RESCUE-Peak-Budget-1150,1,World,Primary Energy|Fossil|w/o CCS,EJ/yr,2025,498.6742856000001,GW3-IIb,GW3b,GW3,ok
REMIND-MAgPIE 3.2.0-4.8.0,RESCUE-Peak-Budget-1150,1,World,Primary Energy|Fossil|w/o CCS,EJ/yr,2030,453.5000266,GW3-IIb,GW3b,GW3,ok
REMIND-MAgPIE 3.2.0-4.8.0,RESCUE-Peak-Budget-1150,1,World,Primary Energy|Fossil|w/o CCS,EJ/yr,2020,500.5263259999999,GW3-IIb,GW3b,GW3,ok
REMIND-MAgPIE 3.2.0-4.8.0,RESCUE-Peak-Budget-1150,1,World,Primary Energy|Gas,EJ/yr,2090,28.8906728,GW3-IIb,GW3b,GW3,ok
REMIND-MAgPIE 3.2.0-4.8.0,RESCUE-Peak-Budget-1150,1,World,Primary Energy|Gas,EJ/yr,2080,31.2233226,GW3-IIb,GW3b,GW3,ok
REMIND-MAgPIE 3.2.0-4.8.0,RESCUE-Peak-Budget-1150,1,World,Primary Energy|Gas,EJ/yr,2070,37.4305271,GW3-IIb,GW3b,GW3,ok
REMIND-MAgPIE 3.2.0-4.8.0,RESCUE-Peak-Budget-1150,1,World,Primary Energy|Gas,EJ/yr,2060,44.2411682,GW3-IIb,GW3b,GW3,ok
REMIND-MAgPIE 3.2.0-4.8.0,RESCUE-Peak-Budget-1150,1,World,Primary Energy|Gas,EJ/yr,2055,49.01803,GW3-IIb,GW3b,GW3,ok
REMIND-MAgPIE 3.2.0-4.8.0,RESCUE-Peak-Budget-1150,1,World,Primary Energy|Gas,EJ/yr,2050,55.9496663,GW3-IIb,GW3b,GW3,ok
REMIND-MAgPIE 3.2.0-4.8.0,RESCUE-Peak-Budget-1150,1,World,Primary Energy|Gas,EJ/yr,2045,72.23151010000001,GW3-IIb,GW3b,GW3,ok
REMIND-MAgPIE 3.2.0-4.8.0,RESCUE-Peak-Budget-1150,1,World,Primary Energy|Gas,EJ/yr,2100,35.07856530000001,GW3-IIb,GW3b,GW3,ok
REMIND-MAgPIE 3.2.0-4.8.0,RESCUE-Peak-Budget-1150,1,World,Primary Energy|Gas,EJ/yr,2035,123.1798132,GW3-IIb,GW3b,GW3,ok
REMIND-MAgPIE 3.2.0-4.8.0,RESCUE-Peak-Budget-1150,1,World,Primary Energy|Gas,EJ/yr,2030,138.8680114,GW3-IIb,GW3b,GW3,ok
REMIND-MAgPIE 3.2.0-4.8.0,RESCUE-Peak-Budget-1150,1,World,Primary Energy|Gas,EJ/yr,2025,142.0761999,GW3-IIb,GW3b,GW3,ok
REMIND-MAgPIE 3.2.0-4.8.0,RESCUE-Peak-Budget-1150,1,World,Primary Energy|Gas,EJ/yr,2020,137.5615439,GW3-IIb,GW3b,GW3,ok
REMIND-MAgPIE 3.2.0-4.8.0,RESCUE-Peak-Budget-1150,1,World,Primary Energy|Gas,EJ/yr,2040,97.41074520000001,GW3-IIb,GW3b,GW3,ok
REMIND-MAgPIE 3.2.0-4.8.0,RESCUE-Peak-Budget-1150,1,World,Primary Energy|Non-Biomass Renewables,EJ/yr,2090,640.9874136999999,GW3-IIb,GW3b,GW3,ok
REMIND-MAgPIE 3.2.0-4.8.0,RESCUE-Peak-Budget-1150,1,World,Primary Energy|Non-Biomass Renewables,EJ/yr,2080,577.5132689999999,GW3-IIb,GW3b,GW3,ok
REMIND-MAgPIE 3.2.0-4.8.0,RESCUE-Peak-Budget-1150,1,World,Primary Energy|Non-Biomass Renewables,EJ/yr,2070,487.1980563999999,GW3-IIb,GW3b,GW3,ok
REMIND-MAgPIE 3.2.0-4.8.0,RESCUE-Peak-Budget-1150,1,World,Primary Energy|Non-Biomass Renewables,EJ/yr,2060,398.7935406999999,GW3-IIb,GW3b,GW3,ok
REMIND-MAgPIE 3.2.0-4.8.0,RESCUE-Peak-Budget-1150,1,World,Primary Energy|Non-Biomass Renewables,EJ/yr,2055,318.7228,GW3-IIb,GW3b,GW3,ok
REMIND-MAgPIE 3.2.0-4.8.0,RESCUE-Peak-Budget-1150,1,World,Primary Energy|Non-Biomass Renewables,EJ/yr,2050,268.5401461,GW3-IIb,GW3b,GW3,ok
REMIND-MAgPIE 3.2.0-4.8.0,RESCUE-Peak-Budget-1150,1,World,Primary Energy|Non-Biomass Renewables,EJ/yr,2045,220.4570843,GW3-IIb,GW3b,GW3,ok
REMIND-MAgPIE 3.2.0-4.8.0,RESCUE-Peak-Budget-1150,1,World,Primary Energy|Non-Biomass Renewables,EJ/yr,2100,671.3786643,GW3-IIb,GW3b,GW3,ok
REMIND-MAgPIE 3.2.0-4.8.0,RESCUE-Peak-Budget-1150,1,World,Primary Energy|Non-Biomass Renewables,EJ/yr,2035,128.1040896,GW3-IIb,GW3b,GW3,ok
REMIND-MAgPIE 3.2.0-4.8.0,RESCUE-Peak-Budget-1150,1,World,Primary Energy|Non-Biomass Renewables,EJ/yr,2030,81.149401,GW3-IIb,GW3b,GW3,ok
REMIND-MAgPIE 3.2.0-4.8.0,RESCUE-Peak-Budget-1150,1,World,Primary Energy|Non-Biomass Renewables,EJ/yr,2025,45.89290560000001,GW3-IIb,GW3b,GW3,ok
REMIND-MAgPIE 3.2.0-4.8.0,RESCUE-Peak-Budget-1150,1,World,Primary Energy|Non-Biomass Renewables,EJ/yr,2020,27.689648,GW3-IIb,GW3b,GW3,ok
REMIND-MAgPIE 3.2.0-4.8.0,RESCUE-Peak-Budget-1150,1,World,Primary Energy|Non-Biomass Renewables,EJ/yr,2040,174.5856393,GW3-IIb,GW3b,GW3,ok
REMIND-MAgPIE 3.2.0-4.8.0,RESCUE-Peak-Budget-1150,1,World,Primary Energy|Nuclear,EJ/yr,2090,1.6713353,GW3-IIb,GW3b,GW3,ok
REMIND-MAgPIE 3.2.0-4.8.0,RESCUE-Peak-Budget-1150,1,World,Primary Energy|Nuclear,EJ/yr,2080,3.5317797,GW3-IIb,GW3b,GW3,ok
REMIND-MAgPIE 3.2.0-4.8.0,RESCUE-Peak-Budget-1150,1,World,Primary Energy|Nuclear,EJ/yr,2070,5.418110799999999,GW3-IIb,GW3b,GW3,ok
REMIND-MAgPIE 3.2.0-4.8.0,RESCUE-Peak-Budget-1150,1,World,Primary Energy|Nuclear,EJ/yr,2060,6.7244037,GW3-IIb,GW3b,GW3,ok
REMIND-MAgPIE 3.2.0-4.8.0,RESCUE-Peak-Budget-1150,1,World,Primary Energy|Nuclear,EJ/yr,2055,7.264149999999999,GW3-IIb,GW3b,GW3,ok
REMIND-MAgPIE 3.2.0-4.8.0,RESCUE-Peak-Budget-1150,1,World,Primary Energy|Nuclear,EJ/yr,2050,7.861941799999999,GW3-IIb,GW3b,GW3,ok
REMIND-MAgPIE 3.2.0-4.8.0,RESCUE-Peak-Budget-1150,1,World,Primary Energy|Nuclear,EJ/yr,2045,8.609753699999999,GW3-IIb,GW3b,GW3,ok
REMIND-MAgPIE 3.2.0-4.8.0,RESCUE-Peak-Budget-1150,1,World,Primary Energy|Nuclear,EJ/yr,2100,0.4794642000000001,GW3-IIb,GW3b,GW3,ok
REMIND-MAgPIE 3.2.0-4.8.0,RESCUE-Peak-Budget-1150,1,World,Primary Energy|Nuclear,EJ/yr,2035,10.1115076,GW3-IIb,GW3b,GW3,ok
REMIND-MAgPIE 3.2.0-4.8.0,RESCUE-Peak-Budget-1150,1,World,Primary Energy|Nuclear,EJ/yr,2030,10.1848863,GW3-IIb,GW3b,GW3,ok
REMIND-MAgPIE 3.2.0-4.8.0,RESCUE-Peak-Budget-1150,1,World,Primary Energy|Nuclear,EJ/yr,2025,10.0002395,GW3-IIb,GW3b,GW3,ok
REMIND-MAgPIE 3.2.0-4.8.0,RESCUE-Peak-Budget-1150,1,World,Primary Energy|Nuclear,EJ/yr,2020,9.4700108,GW3-IIb,GW3b,GW3,ok
REMIND-MAgPIE 3.2.0-4.8.0,RESCUE-Peak-Budget-1150,1,World,Primary Energy|Nuclear,EJ/yr,2040,9.494870699999998,GW3-IIb,GW3b,GW3,ok
REMIND-MAgPIE 3.2.0-4.8.0,RESCUE-Peak-Budget-1150,1,World,Primary Energy|Oil,EJ/yr,2100,27.2975841,GW3-IIb,GW3b,GW3,ok
REMIND-MAgPIE 3.2.0-4.8.0,RESCUE-Peak-Budget-1150,1,World,Primary Energy|Oil,EJ/yr,2090,30.5381134,GW3-IIb,GW3b,GW3,ok
REMIND-MAgPIE 3.2.0-4.8.0,RESCUE-Peak-Budget-1150,1,World,Primary Energy|Oil,EJ/yr,2080,42.4057672,GW3-IIb,GW3b,GW3,ok
REMIND-MAgPIE 3.2.0-4.8.0,RESCUE-Peak-Budget-1150,1,World,Primary Energy|Oil,EJ/yr,2070,64.0383579,GW3-IIb,GW3b,GW3,ok
REMIND-MAgPIE 3.2.0-4.8.0,RESCUE-Peak-Budget-1150,1,World,Primary Energy|Oil,EJ/yr,2060,98.08394249999999,GW3-IIb,GW3b,GW3,ok
REMIND-MAgPIE 3.2.0-4.8.0,RESCUE-Peak-Budget-1150,1,World,Primary Energy|Oil,EJ/yr,2055,122.7005,GW3-IIb,GW3b,GW3,ok
REMIND-MAgPIE 3.2.0-4.8.0,RESCUE-Peak-Budget-1150,1,World,Primary Energy|Oil,EJ/yr,2050,142.3911878,GW3-IIb,GW3b,GW3,ok
REMIND-MAgPIE 3.2.0-4.8.0,RESCUE-Peak-Budget-1150,1,World,Primary Energy|Oil,EJ/yr,2045,160.7861525,GW3-IIb,GW3b,GW3,ok
REMIND-MAgPIE 3.2.0-4.8.0,RESCUE-Peak-Budget-1150,1,World,Primary Energy|Oil,EJ/yr,2035,186.9823955,GW3-IIb,GW3b,GW3,ok
REMIND-MAgPIE 3.2.0-4.8.0,RESCUE-Peak-Budget-1150,1,World,Primary Energy|Oil,EJ/yr,2030,196.2364197,GW3-IIb,GW3b,GW3,ok
REMIND-MAgPIE 3.2.0-4.8.0,RESCUE-Peak-Budget-1150,1,World,Primary Energy|Oil,EJ/yr,2025,200.2390165,GW3-IIb,GW3b,GW3,ok
REMIND-MAgPIE 3.2.0-4.8.0,RESCUE-Peak-Budget-1150,1,World,Primary Energy|Oil,EJ/yr,2020,191.4084744,GW3-IIb,GW3b,GW3,ok
REMIND-MAgPIE 3.2.0-4.8.0,RESCUE-Peak-Budget-1150,1,World,Primary Energy|Oil,EJ/yr,2040,175.6856103,GW3-IIb,GW3b,GW3,ok
REMIND-MAgPIE 3.2.0-4.8.0,RESCUE-Peak-Budget-1150-with-OAE,1,World,Capacity|Electricity|Solar|PV,GW,2100,81905.65379480002,GW3-IIb,GW3b,GW3,ok
REMIND-MAgPIE 3.2.0-4.8.0,RESCUE-Peak-Budget-1150-with-OAE,1,World,Capacity|Electricity|Solar|PV,GW,2090,74695.78711470001,GW3-IIb,GW3b,GW3,ok
REMIND-MAgPIE 3.2.0-4.8.0,RESCUE-Peak-Budget-1150-with-OAE,1,World,Capacity|Electricity|Solar|PV,GW,2080,64605.6916514,GW3-IIb,GW3b,GW3,ok
REMIND-MAgPIE 3.2.0-4.8.0,RESCUE-Peak-Budget-1150-with-OAE,1,World,Capacity|Electricity|Solar|PV,GW,2070,51375.5026678,GW3-IIb,GW3b,GW3,ok
REMIND-MAgPIE 3.2.0-4.8.0,RESCUE-Peak-Budget-1150-with-OAE,1,World,Capacity|Electricity|Solar|PV,GW,2060,40722.60018659999,GW3-IIb,GW3b,GW3,ok
REMIND-MAgPIE 3.2.0-4.8.0,RESCUE-Peak-Budget-1150-with-OAE,1,World,Capacity|Electricity|Solar|PV,GW,2055,32085.4391358,GW3-IIb,GW3b,GW3,ok
REMIND-MAgPIE 3.2.0-4.8.0,RESCUE-Peak-Budget-1150-with-OAE,1,World,Capacity|Electricity|Solar|PV,GW,2050,26881.5115502,GW3-IIb,GW3b,GW3,ok
REMIND-MAgPIE 3.2.0-4.8.0,RESCUE-Peak-Budget-1150-with-OAE,1,World,Capacity|Electricity|Solar|PV,GW,2045,21829.8332882,GW3-IIb,GW3b,GW3,ok
REMIND-MAgPIE 3.2.0-4.8.0,RESCUE-Peak-Budget-1150-with-OAE,1,World,Capacity|Electricity|Solar|PV,GW,2040,16869.9726618,GW3-IIb,GW3b,GW3,ok
REMIND-MAgPIE 3.2.0-4.8.0,RESCUE-Peak-Budget-1150-with-OAE,1,World,Capacity|Electricity|Solar|PV,GW,2035,11497.7271731,GW3-IIb,GW3b,GW3,ok
REMIND-MAgPIE 3.2.0-4.8.0,RESCUE-Peak-Budget-1150-with-OAE,1,World,Capacity|Electricity|Solar|PV,GW,2030,6169.7554226,GW3-IIb,GW3b,GW3,ok
REMIND-MAgPIE 3.2.0-4.8.0,RESCUE-Peak-Budget-1150-with-OAE,1,World,Capacity|Electricity|Solar|PV,GW,2025,2326.287354,GW3-IIb,GW3b,GW3,ok
REMIND-MAgPIE 3.2.0-4.8.0,RESCUE-Peak-Budget-1150-with-OAE,1,World,Capacity|Electricity|Solar|PV,GW,2020,688.02955,GW3-IIb,GW3b,GW3,ok
REMIND-MAgPIE 3.2.0-4.8.0,RESCUE-Peak-Budget-1150-with-OAE,1,World,Capacity|Electricity|Wind,GW,2090,19572.5382472,GW3-IIb,GW3b,GW3,ok
REMIND-MAgPIE 3.2.0-4.8.0,RESCUE-Peak-Budget-1150-with-OAE,1,World,Capacity|Electricity|Wind,GW,2080,17843.7765915,GW3-IIb,GW3b,GW3,ok
REMIND-MAgPIE 3.2.0-4.8.0,RESCUE-Peak-Budget-1150-with-OAE,1,World,Capacity|Electricity|Wind,GW,2070,15470.1022322,GW3-IIb,GW3b,GW3,ok
REMIND-MAgPIE 3.2.0-4.8.0,RESCUE-Peak-Budget-1150-with-OAE,1,World,Capacity|Electricity|Wind,GW,2060,12465.90827,GW3-IIb,GW3b,GW3,ok
REMIND-MAgPIE 3.2.0-4.8.0,RESCUE-Peak-Budget-1150-with-OAE,1,World,Capacity|Electricity|Wind,GW,2055,9540.191490000001,GW3-IIb,GW3b,GW3,ok
REMIND-MAgPIE 3.2.0-4.8.0,RESCUE-Peak-Budget-1150-with-OAE,1,World,Capacity|Electricity|Wind,GW,2050,7844.612137500001,GW3-IIb,GW3b,GW3,ok
REMIND-MAgPIE 3.2.0-4.8.0,RESCUE-Peak-Budget-1150-with-OAE,1,World,Capacity|Electricity|Wind,GW,2045,6247.4751495,GW3-IIb,GW3b,GW3,ok
REMIND-MAgPIE 3.2.0-4.8.0,RESCUE-Peak-Budget-1150-with-OAE,1,World,Capacity|Electricity|Wind,GW,2100,19538.4383542,GW3-IIb,GW3b,GW3,ok
REMIND-MAgPIE 3.2.0-4.8.0,RESCUE-Peak-Budget-1150-with-OAE,1,World,Capacity|Electricity|Wind,GW,2035,3413.1716948,GW3-IIb,GW3b,GW3,ok
REMIND-MAgPIE 3.2.0-4.8.0,RESCUE-Peak-Budget-1150-with-OAE,1,World,Capacity|Electricity|Wind,GW,2030,2213.414362200001,GW3-IIb,GW3b,GW3,ok
REMIND-MAgPIE 3.2.0-4.8.0,RESCUE-Peak-Budget-1150-with-OAE,1,World,Capacity|Electricity|Wind,GW,2025,1297.7860432,GW3-IIb,GW3b,GW3,ok
REMIND-MAgPIE 3.2.0-4.8.0,RESCUE-Peak-Budget-1150-with-OAE,1,World,Capacity|Electricity|Wind,GW,2020,700.56327,GW3-IIb,GW3b,GW3,ok
REMIND-MAgPIE 3.2.0-4.8.0,RESCUE-Peak-Budget-1150-with-OAE,1,World,Capacity|Electricity|Wind,GW,2040,4765.791382099999,GW3-IIb,GW3b,GW3,ok
REMIND-MAgPIE 3.2.0-4.8.0,RESCUE-Peak-Budget-1150-with-OAE,1,World,Carbon Capture|Geological Storage|Biomass,Mt CO2/yr,2100,1295.8579518,GW3-IIb,GW3b,GW3,ok
REMIND-MAgPIE 3.2.0-4.8.0,RESCUE-Peak-Budget-1150-with-OAE,1,World,Carbon Capture|Geological Storage|Biomass,Mt CO2/yr,2090,1688.9932658,GW3-IIb,GW3b,GW3,ok
REMIND-MAgPIE 3.2.0-4.8.0,RESCUE-Peak-Budget-1150-with-OAE,1,World,Carbon Capture|Geological Storage|Biomass,Mt CO2/yr,2080,1674.6537457,GW3-IIb,GW3b,GW3,ok
REMIND-MAgPIE 3.2.0-4.8.0,RESCUE-Peak-Budget-1150-with-OAE,1,World,Carbon Capture|Geological Storage|Biomass,Mt CO2/yr,2070,1370.4647848,GW3-IIb,GW3b,GW3,ok
REMIND-MAgPIE 3.2.0-4.8.0,RESCUE-Peak-Budget-1150-with-OAE,1,World,Carbon Capture|Geological Storage|Biomass,Mt CO2/yr,2060,1050.6401783,GW3-IIb,GW3b,GW3,ok
REMIND-MAgPIE 3.2.0-4.8.0,RESCUE-Peak-Budget-1150-with-OAE,1,World,Carbon Capture|Geological Storage|Biomass,Mt CO2/yr,2055,877.1126328,GW3-IIb,GW3b,GW3,ok
REMIND-MAgPIE 3.2.0-4.8.0,RESCUE-Peak-Budget-1150-with-OAE,1,World,Carbon Capture|Geological Storage|Biomass,Mt CO2/yr,2050,726.8840465999999,GW3-IIb,GW3b,GW3,ok
REMIND-MAgPIE 3.2.0-4.8.0,RESCUE-Peak-Budget-1150-with-OAE,1,World,Carbon Capture|Geological Storage|Biomass,Mt CO2/yr,2045,504.1484292,GW3-IIb,GW3b,GW3,ok
REMIND-MAgPIE 3.2.0-4.8.0,RESCUE-Peak-Budget-1150-with-OAE,1,World,Carbon Capture|Geological Storage|Biomass,Mt CO2/yr,2040,290.0837294,GW3-IIb,GW3b,GW3,ok
REMIND-MAgPIE 3.2.0-4.8.0,RESCUE-Peak-Budget-1150-with-OAE,1,World,Carbon Capture|Geological Storage|Biomass,Mt CO2/yr,2035,149.1258845,GW3-IIb,GW3b,GW3,ok
REMIND-MAgPIE 3.2.0-4.8.0,RESCUE-Peak-Budget-1150-with-OAE,1,World,Carbon Capture|Geological Storage|Biomass,Mt CO2/yr,2030,59.8201285,GW3-IIb,GW3b,GW3,ok
REMIND-MAgPIE 3.2.0-4.8.0,RESCUE-Peak-Budget-1150-with-OAE,1,World,Carbon Capture|Geological Storage|Biomass,Mt CO2/yr,2025,22.7894939,GW3-IIb,GW3b,GW3,ok
REMIND-MAgPIE 3.2.0-4.8.0,RESCUE-Peak-Budget-1150-with-OAE,1,World,Carbon Capture|Geological Storage|Biomass,Mt CO2/yr,2020,0.0,GW3-IIb,GW3b,GW3,ok
REMIND-MAgPIE 3.2.0-4.8.0,RESCUE-Peak-Budget-1150-with-OAE,1,World,Carbon Removal|Land Use,Mt CO2/yr,2090,785.4554999999999,GW3-IIb,GW3b,GW3,ok
REMIND-MAgPIE 3.2.0-4.8.0,RESCUE-Peak-Budget-1150-with-OAE,1,World,Carbon Removal|Land Use,Mt CO2/yr,2080,776.3872000000001,GW3-IIb,GW3b,GW3,ok
REMIND-MAgPIE 3.2.0-4.8.0,RESCUE-Peak-Budget-1150-with-OAE,1,World,Carbon Removal|Land Use,Mt CO2/yr,2070,751.5114,GW3-IIb,GW3b,GW3,ok
REMIND-MAgPIE 3.2.0-4.8.0,RESCUE-Peak-Budget-1150-with-OAE,1,World,Carbon Removal|Land Use,Mt CO2/yr,2060,708.0569,GW3-IIb,GW3b,GW3,ok
REMIND-MAgPIE 3.2.0-4.8.0,RESCUE-Peak-Budget-1150-with-OAE,1,World,Carbon Removal|Land Use,Mt CO2/yr,2055,655.4598,GW3-IIb,GW3b,GW3,ok
REMIND-MAgPIE 3.2.0-4.8.0,RESCUE-Peak-Budget-1150-with-OAE,1,World,Carbon Removal|Land Use,Mt CO2/yr,2050,615.1757,GW3-IIb,GW3b,GW3,ok
REMIND-MAgPIE 3.2.0-4.8.0,RESCUE-Peak-Budget-1150-with-OAE,1,World,Carbon Removal|Land Use,Mt CO2/yr,2045,594.5002,GW3-IIb,GW3b,GW3,ok
REMIND-MAgPIE 3.2.0-4.8.0,RESCUE-Peak-Budget-1150-with-OAE,1,World,Carbon Removal|Land Use,Mt CO2/yr,2100,771.6922999999999,GW3-IIb,GW3b,GW3,ok
REMIND-MAgPIE 3.2.0-4.8.0,RESCUE-Peak-Budget-1150-with-OAE,1,World,Carbon Removal|Land Use,Mt CO2/yr,2035,555.5118,GW3-IIb,GW3b,GW3,ok
REMIND-MAgPIE 3.2.0-4.8.0,RESCUE-Peak-Budget-1150-with-OAE,1,World,Carbon Removal|Land Use,Mt CO2/yr,2030,518.9301999999999,GW3-IIb,GW3b,GW3,ok
REMIND-MAgPIE 3.2.0-4.8.0,RESCUE-Peak-Budget-1150-with-OAE,1,World,Carbon Removal|Land Use,Mt CO2/yr,2025,384.2041,GW3-IIb,GW3b,GW3,ok
REMIND-MAgPIE 3.2.0-4.8.0,RESCUE-Peak-Budget-1150-with-OAE,1,World,Carbon Removal|Land Use,Mt CO2/yr,2020,318.7492,GW3-IIb,GW3b,GW3,ok
REMIND-MAgPIE 3.2.0-4.8.0,RESCUE-Peak-Budget-1150-with-OAE,1,World,Carbon Removal|Land Use,Mt CO2/yr,2040,579.9308,GW3-IIb,GW3b,GW3,ok
REMIND-MAgPIE 3.2.0-4.8.0,RESCUE-Peak-Budget-1150-with-OAE,1,World,Emissions|CO2,Mt CO2/yr,2050,12003.547437,GW3-IIb,GW3b,GW3,ok
REMIND-MAgPIE 3.2.0-4.8.0,RESCUE-Peak-Budget-1150-with-OAE,1,World,Emissions|CO2,Mt CO2/yr,2090,2364.401382800001,GW3-IIb,GW3b,GW3,ok
REMIND-MAgPIE 3.2.0-4.8.0,RESCUE-Peak-Budget-1150-with-OAE,1,World,Emissions|CO2,Mt CO2/yr,2080,3072.8291601,GW3-IIb,GW3b,GW3,ok
REMIND-MAgPIE 3.2.0-4.8.0,RESCUE-Peak-Budget-1150-with-OAE,1,World,Emissions|CO2,Mt CO2/yr,2070,5066.7046392,GW3-IIb,GW3b,GW3,ok
REMIND-MAgPIE 3.2.0-4.8.0,RESCUE-Peak-Budget-1150-with-OAE,1,World,Emissions|CO2,Mt CO2/yr,2060,8035.9796684,GW3-IIb,GW3b,GW3,ok
REMIND-MAgPIE 3.2.0-4.8.0,RESCUE-Peak-Budget-1150-with-OAE,1,World,Emissions|CO2,Mt CO2/yr,2055,9983.318163199998,GW3-IIb,GW3b,GW3,ok
REMIND-MAgPIE 3.2.0-4.8.0,RESCUE-Peak-Budget-1150-with-OAE,1,World,Emissions|CO2,Mt CO2/yr,2045,16413.82996839999,GW3-IIb,GW3b,GW3,ok
REMIND-MAgPIE 3.2.0-4.8.0,RESCUE-Peak-Budget-1150-with-OAE,1,World,Emissions|CO2,Mt CO2/yr,2100,3468.361033300001,GW3-IIb,GW3b,GW3,ok
REMIND-MAgPIE 3.2.0-4.8.0,RESCUE-Peak-Budget-1150-with-OAE,1,World,Emissions|CO2,Mt CO2/yr,2035,28718.0332261,GW3-IIb,GW3b,GW3,ok
REMIND-MAgPIE 3.2.0-4.8.0,RESCUE-Peak-Budget-1150-with-OAE,1,World,Emissions|CO2,Mt CO2/yr,2030,35928.24792079999,GW3-IIb,GW3b,GW3,ok
REMIND-MAgPIE 3.2.0-4.8.0,RESCUE-Peak-Budget-1150-with-OAE,1,World,Emissions|CO2,Mt CO2/yr,2025,43441.80202730001,GW3-IIb,GW3b,GW3,ok
REMIND-MAgPIE 3.2.0-4.8.0,RESCUE-Peak-Budget-1150-with-OAE,1,World,Emissions|CO2,Mt CO2/yr,2020,42797.7163014,GW3-IIb,GW3b,GW3,ok
REMIND-MAgPIE 3.2.0-4.8.0,RESCUE-Peak-Budget-1150-with-OAE,1,World,Emissions|CO2,Mt CO2/yr,2040,21804.0449163,GW3-IIb,GW3b,GW3,ok
REMIND-MAgPIE 3.2.0-4.8.0,RESCUE-Peak-Budget-1150-with-OAE,1,World,Final Energy,EJ/yr,2090,567.2108654,GW3-IIb,GW3b,GW3,ok
REMIND-MAgPIE 3.2.0-4.8.0,RESCUE-Peak-Budget-1150-with-OAE,1,World,Final Energy,EJ/yr,2080,540.9371885999999,GW3-IIb,GW3b,GW3,ok
REMIND-MAgPIE 3.2.0-4.8.0,RESCUE-Peak-Budget-1150-with-OAE,1,World,Final Energy,EJ/yr,2070,505.0125649,GW3-IIb,GW3b,GW3,ok
REMIND-MAgPIE 3.2.0-4.8.0,RESCUE-Peak-Budget-1150-with-OAE,1,World,Final Energy,EJ/yr,2060,478.5868548,GW3-IIb,GW3b,GW3,ok
REMIND-MAgPIE 3.2.0-4.8.0,RESCUE-Peak-Budget-1150-with-OAE,1,World,Final Energy,EJ/yr,2055,453.989205,GW3-IIb,GW3b,GW3,ok
REMIND-MAgPIE 3.2.0-4.8.0,RESCUE-Peak-Budget-1150-with-OAE,1,World,Final Energy,EJ/yr,2050,447.8699596,GW3-IIb,GW3b,GW3,ok
REMIND-MAgPIE 3.2.0-4.8.0,RESCUE-Peak-Budget-1150-with-OAE,1,World,Final Energy,EJ/yr,2045,448.874793,GW3-IIb,GW3b,GW3,ok
REMIND-MAgPIE 3.2.0-4.8.0,RESCUE-Peak-Budget-1150-with-OAE,1,World,Final Energy,EJ/yr,2100,583.3642164999999,GW3-IIb,GW3b,GW3,ok
REMIND-MAgPIE 3.2.0-4.8.0,RESCUE-Peak-Budget-1150-with-OAE,1,World,Final Energy,EJ/yr,2035,467.0961979999999,GW3-IIb,GW3b,GW3,ok
REMIND-MAgPIE 3.2.0-4.8.0,RESCUE-Peak-Budget-1150-with-OAE,1,World,Final Energy,EJ/yr,2030,469.0155361,GW3-IIb,GW3b,GW3,ok
REMIND-MAgPIE 3.2.0-4.8.0,RESCUE-Peak-Budget-1150-with-OAE,1,World,Final Energy,EJ/yr,2025,464.0988335,GW3-IIb,GW3b,GW3,ok
REMIND-MAgPIE 3.2.0-4.8.0,RESCUE-Peak-Budget-1150-with-OAE,1,World,Final Energy,EJ/yr,2020,437.3065756999999,GW3-IIb,GW3b,GW3,ok
REMIND-MAgPIE 3.2.0-4.8.0,RESCUE-Peak-Budget-1150-with-OAE,1,World,Final Energy,EJ/yr,2040,457.3672249,GW3-IIb,GW3b,GW3,ok
REMIND-MAgPIE 3.2.0-4.8.0,RESCUE-Peak-Budget-1150-with-OAE,1,World,Final Energy|Electricity,EJ/yr,2090,284.8392289,GW3-IIb,GW3b,GW3,ok
REMIND-MAgPIE 3.2.0-4.8.0,RESCUE-Peak-Budget-1150-with-OAE,1,World,Final Energy|Electricity,EJ/yr,2080,267.7940071,GW3-IIb,GW3b,GW3,ok
REMIND-MAgPIE 3.2.0-4.8.0,RESCUE-Peak-Budget-1150-with-OAE,1,World,Final Energy|Electricity,EJ/yr,2070,240.2567753,GW3-IIb,GW3b,GW3,ok
REMIND-MAgPIE 3.2.0-4.8.0,RESCUE-Peak-Budget-1150-with-OAE,1,World,Final Energy|Electricity,EJ/yr,2060,213.2195189,GW3-IIb,GW3b,GW3,ok
REMIND-MAgPIE 3.2.0-4.8.0,RESCUE-Peak-Budget-1150-with-OAE,1,World,Final Energy|Electricity,EJ/yr,2055,203.1109847,GW3-IIb,GW3b,GW3,ok
REMIND-MAgPIE 3.2.0-4.8.0,RESCUE-Peak-Budget-1150-with-OAE,1,World,Final Energy|Electricity,EJ/yr,2050,193.8064035,GW3-IIb,GW3b,GW3,ok
REMIND-MAgPIE 3.2.0-4.8.0,RESCUE-Peak-Budget-1150-with-OAE,1,World,Final Energy|Electricity,EJ/yr,2045,179.1318688,GW3-IIb,GW3b,GW3,ok
REMIND-MAgPIE 3.2.0-4.8.0,RESCUE-Peak-Budget-1150-with-OAE,1,World,Final Energy|Electricity,EJ/yr,2100,288.0822767,GW3-IIb,GW3b,GW3,ok
REMIND-MAgPIE 3.2.0-4.8.0,RESCUE-Peak-Budget-1150-with-OAE,1,World,Final Energy|Electricity,EJ/yr,2035,142.3066094,GW3-IIb,GW3b,GW3,ok
REMIND-MAgPIE 3.2.0-4.8.0,RESCUE-Peak-Budget-1150-with-OAE,1,World,Final Energy|Electricity,EJ/yr,2030,121.3051278,GW3-IIb,GW3b,GW3,ok
REMIND-MAgPIE 3.2.0-4.8.0,RESCUE-Peak-Budget-1150-with-OAE,1,World,Final Energy|Electricity,EJ/yr,2025,99.3899426,GW3-IIb,GW3b,GW3,ok
REMIND-MAgPIE 3.2.0-4.8.0,RESCUE-Peak-Budget-1150-with-OAE,1,World,Final Energy|Electricity,EJ/yr,2020,84.86722920000003,GW3-IIb,GW3b,GW3,ok
REMIND-MAgPIE 3.2.0-4.8.0,RESCUE-Peak-Budget-1150-with-OAE,1,World,Final Energy|Electricity,EJ/yr,2040,159.6659464,GW3-IIb,GW3b,GW3,ok
REMIND-MAgPIE 3.2.0-4.8.0,RESCUE-Peak-Budget-1150-with-OAE,1,World,Food Availability|Crops [per capita],kcal/cap/day,2090,1481.7738,GW3-IIb,GW3b,GW3,ok
REMIND-MAgPIE 3.2.0-4.8.0,RESCUE-Peak-Budget-1150-with-OAE,1,World,Food Availability|Crops [per capita],kcal/cap/day,2080,1502.4013,GW3-IIb,GW3b,GW3,ok
REMIND-MAgPIE 3.2.0-4.8.0,RESCUE-Peak-Budget-1150-with-OAE,1,World,Food Availability|Crops [per capita],kcal/cap/day,2070,1529.9556,GW3-IIb,GW3b,GW3,ok
REMIND-MAgPIE 3.2.0-4.8.0,RESCUE-Peak-Budget-1150-with-OAE,1,World,Food Availability|Crops [per capita],kcal/cap/day,2060,1563.7595,GW3-IIb,GW3b,GW3,ok
REMIND-MAgPIE 3.2.0-4.8.0,RESCUE-Peak-Budget-1150-with-OAE,1,World,Food Availability|Crops [per capita],kcal/cap/day,2055,1581.9304,GW3-IIb,GW3b,GW3,ok
REMIND-MAgPIE 3.2.0-4.8.0,RESCUE-Peak-Budget-1150-with-OAE,1,World,Food Availability|Crops [per capita],kcal/cap/day,2050,1600.7598,GW3-IIb,GW3b,GW3,ok
REMIND-MAgPIE 3.2.0-4.8.0,RESCUE-Peak-Budget-1150-with-OAE,1,World,Food Availability|Crops [per capita],kcal/cap/day,2045,1619.8633,GW3-IIb,GW3b,GW3,ok
REMIND-MAgPIE 3.2.0-4.8.0,RESCUE-Peak-Budget-1150-with-OAE,1,World,Food Availability|Crops [per capita],kcal/cap/day,2100,1465.3233,GW3-IIb,GW3b,GW3,ok
REMIND-MAgPIE 3.2.0-4.8.0,RESCUE-Peak-Budget-1150-with-OAE,1,World,Food Availability|Crops [per capita],kcal/cap/day,2035,1656.9086,GW3-IIb,GW3b,GW3,ok
REMIND-MAgPIE 3.2.0-4.8.0,RESCUE-Peak-Budget-1150-with-OAE,1,World,Food Availability|Crops [per capita],kcal/cap/day,2030,1675.2504,GW3-IIb,GW3b,GW3,ok
REMIND-MAgPIE 3.2.0-4.8.0,RESCUE-Peak-Budget-1150-with-OAE,1,World,Food Availability|Crops [per capita],kcal/cap/day,2025,1695.9559,GW3-IIb,GW3b,GW3,ok
REMIND-MAgPIE 3.2.0-4.8.0,RESCUE-Peak-Budget-1150-with-OAE,1,World,Food Availability|Crops [per capita],kcal/cap/day,2020,1714.7841,GW3-IIb,GW3b,GW3,ok
REMIND-MAgPIE 3.2.0-4.8.0,RESCUE-Peak-Budget-1150-with-OAE,1,World,Food Availability|Crops [per capita],kcal/cap/day,2040,1638.5453,GW3-IIb,GW3b,GW3,ok
REMIND-MAgPIE 3.2.0-4.8.0,RESCUE-Peak-Budget-1150-with-OAE,1,World,Food Availability|Livestock [per capita],kcal/cap/day,2090,792.7006,GW3-IIb,GW3b,GW3,ok
REMIND-MAgPIE 3.2.0-4.8.0,RESCUE-Peak-Budget-1150-with-OAE,1,World,Food Availability|Livestock [per capita],kcal/cap/day,2080,762.8924,GW3-IIb,GW3b,GW3,ok
REMIND-MAgPIE 3.2.0-4.8.0,RESCUE-Peak-Budget-1150-with-OAE,1,World,Food Availability|Livestock [per capita],kcal/cap/day,2070,727.98,GW3-IIb,GW3b,GW3,ok
REMIND-MAgPIE 3.2.0-4.8.0,RESCUE-Peak-Budget-1150-with-OAE,1,World,Food Availability|Livestock [per capita],kcal/cap/day,2060,690.2651999999999,GW3-IIb,GW3b,GW3,ok
REMIND-MAgPIE 3.2.0-4.8.0,RESCUE-Peak-Budget-1150-with-OAE,1,World,Food Availability|Livestock [per capita],kcal/cap/day,2055,670.3414999999999,GW3-IIb,GW3b,GW3,ok
REMIND-MAgPIE 3.2.0-4.8.0,RESCUE-Peak-Budget-1150-with-OAE,1,World,Food Availability|Livestock [per capita],kcal/cap/day,2050,650.6505999999999,GW3-IIb,GW3b,GW3,ok
REMIND-MAgPIE 3.2.0-4.8.0,RESCUE-Peak-Budget-1150-with-OAE,1,World,Food Availability|Livestock [per capita],kcal/cap/day,2045,631.2442,GW3-IIb,GW3b,GW3,ok
REMIND-MAgPIE 3.2.0-4.8.0,RESCUE-Peak-Budget-1150-with-OAE,1,World,Food Availability|Livestock [per capita],kcal/cap/day,2100,816.4963,GW3-IIb,GW3b,GW3,ok
REMIND-MAgPIE 3.2.0-4.8.0,RESCUE-Peak-Budget-1150-with-OAE,1,World,Food Availability|Livestock [per capita],kcal/cap/day,2035,591.4237,GW3-IIb,GW3b,GW3,ok
REMIND-MAgPIE 3.2.0-4.8.0,RESCUE-Peak-Budget-1150-with-OAE,1,World,Food Availability|Livestock [per capita],kcal/cap/day,2030,570.4788000000001,GW3-IIb,GW3b,GW3,ok
REMIND-MAgPIE 3.2.0-4.8.0,RESCUE-Peak-Budget-1150-with-OAE,1,World,Food Availability|Livestock [per capita],kcal/cap/day,2025,545.933,GW3-IIb,GW3b,GW3,ok
REMIND-MAgPIE 3.2.0-4.8.0,RESCUE-Peak-Budget-1150-with-OAE,1,World,Food Availability|Livestock [per capita],kcal/cap/day,2020,522.0784000000001,GW3-IIb,GW3b,GW3,ok
REMIND-MAgPIE 3.2.0-4.8.0,RESCUE-Peak-Budget-1150-with-OAE,1,World,Food Availability|Livestock [per capita],kcal/cap/day,2040,611.4604999999999,GW3-IIb,GW3b,GW3,ok
REMIND-MAgPIE 3.2.0-4.8.0,RESCUE-Peak-Budget-1150-with-OAE,1,World,GDP|MER,billion USD_2010/yr,2100,326760.1607009601,GW3-IIb,GW3b,GW3,ok
REMIND-MAgPIE 3.2.0-4.8.0,RESCUE-Peak-Budget-1150-with-OAE,1,World,GDP|MER,billion USD_2010/yr,2090,280323.108870224,GW3-IIb,GW3b,GW3,ok
REMIND-MAgPIE 3.2.0-4.8.0,RESCUE-Peak-Budget-1150-with-OAE,1,World,GDP|MER,billion USD_2010/yr,2080,241075.0290956,GW3-IIb,GW3b,GW3,ok
REMIND-MAgPIE 3.2.0-4.8.0,RESCUE-Peak-Budget-1150-with-OAE,1,World,GDP|MER,billion USD_2010/yr,2070,204639.31165384,GW3-IIb,GW3b,GW3,ok
REMIND-MAgPIE 3.2.0-4.8.0,RESCUE-Peak-Budget-1150-with-OAE,1,World,GDP|MER,billion USD_2010/yr,2060,172870.751880288,GW3-IIb,GW3b,GW3,ok
REMIND-MAgPIE 3.2.0-4.8.0,RESCUE-Peak-Budget-1150-with-OAE,1,World,GDP|MER,billion USD_2010/yr,2055,159786.43580928,GW3-IIb,GW3b,GW3,ok
REMIND-MAgPIE 3.2.0-4.8.0,RESCUE-Peak-Budget-1150-with-OAE,1,World,GDP|MER,billion USD_2010/yr,2050,146831.682752384,GW3-IIb,GW3b,GW3,ok
REMIND-MAgPIE 3.2.0-4.8.0,RESCUE-Peak-Budget-1150-with-OAE,1,World,GDP|MER,billion USD_2010/yr,2045,134678.346815264,GW3-IIb,GW3b,GW3,ok
REMIND-MAgPIE 3.2.0-4.8.0,RESCUE-Peak-Budget-1150-with-OAE,1,World,GDP|MER,billion USD_2010/yr,2035,111979.352281552,GW3-IIb,GW3b,GW3,ok
REMIND-MAgPIE 3.2.0-4.8.0,RESCUE-Peak-Budget-1150-with-OAE,1,World,GDP|MER,billion USD_2010/yr,2030,100916.834447408,GW3-IIb,GW3b,GW3,ok
REMIND-MAgPIE 3.2.0-4.8.0,RESCUE-Peak-Budget-1150-with-OAE,1,World,GDP|MER,billion USD_2010/yr,2025,89361.02203907202,GW3-IIb,GW3b,GW3,ok
REMIND-MAgPIE 3.2.0-4.8.0,RESCUE-Peak-Budget-1150-with-OAE,1,World,GDP|MER,billion USD_2010/yr,2020,78126.446812064,GW3-IIb,GW3b,GW3,ok
REMIND-MAgPIE 3.2.0-4.8.0,RESCUE-Peak-Budget-1150-with-OAE,1,World,GDP|MER,billion USD_2010/yr,2040,123010.29466824,GW3-IIb,GW3b,GW3,ok
REMIND-MAgPIE 3.2.0-4.8.0,RESCUE-Peak-Budget-1150-with-OAE,1,World,Investment|Energy Supply,billion USD_2010/yr,2100,4741.639697760002,GW3-IIb,GW3b,GW3,ok
REMIND-MAgPIE 3.2.0-4.8.0,RESCUE-Peak-Budget-1150-with-OAE,1,World,Investment|Energy Supply,billion USD_2010/yr,2090,5250.459685408001,GW3-IIb,GW3b,GW3,ok
REMIND-MAgPIE 3.2.0-4.8.0,RESCUE-Peak-Budget-1150-with-OAE,1,World,Investment|Energy Supply,billion USD_2010/yr,2080,5163.716133632,GW3-IIb,GW3b,GW3,ok
REMIND-MAgPIE 3.2.0-4.8.0,RESCUE-Peak-Budget-1150-with-OAE,1,World,Investment|Energy Supply,billion USD_2010/yr,2070,4445.495001248,GW3-IIb,GW3b,GW3,ok
REMIND-MAgPIE 3.2.0-4.8.0,RESCUE-Peak-Budget-1150-with-OAE,1,World,Investment|Energy Supply,billion USD_2010/yr,2060,3508.743524272,GW3-IIb,GW3b,GW3,ok
REMIND-MAgPIE 3.2.0-4.8.0,RESCUE-Peak-Budget-1150-with-OAE,1,World,Investment|Energy Supply,billion USD_2010/yr,2055,3319.076827584001,GW3-IIb,GW3b,GW3,ok
REMIND-MAgPIE 3.2.0-4.8.0,RESCUE-Peak-Budget-1150-with-OAE,1,World,Investment|Energy Supply,billion USD_2010/yr,2050,3042.425369648001,GW3-IIb,GW3b,GW3,ok
REMIND-MAgPIE 3.2.0-4.8.0,RESCUE-Peak-Budget-1150-with-OAE,1,World,Investment|Energy Supply,billion USD_2010/yr,2045,2854.476244256001,GW3-IIb,GW3b,GW3,ok
REMIND-MAgPIE 3.2.0-4.8.0,RESCUE-Peak-Budget-1150-with-OAE,1,World,Investment|Energy Supply,billion USD_2010/yr,2040,2786.142617664001,GW3-IIb,GW3b,GW3,ok
REMIND-MAgPIE 3.2.0-4.8.0,RESCUE-Peak-Budget-1150-with-OAE,1,World,Investment|Energy Supply,billion USD_2010/yr,2035,2842.791995008,GW3-IIb,GW3b,GW3,ok
REMIND-MAgPIE 3.2.0-4.8.0,RESCUE-Peak-Budget-1150-with-OAE,1,World,Investment|Energy Supply,billion USD_2010/yr,2030,2540.635401136,GW3-IIb,GW3b,GW3,ok
REMIND-MAgPIE 3.2.0-4.8.0,RESCUE-Peak-Budget-1150-with-OAE,1,World,Investment|Energy Supply,billion USD_2010/yr,2025,1853.3005456,GW3-IIb,GW3b,GW3,ok
REMIND-MAgPIE 3.2.0-4.8.0,RESCUE-Peak-Budget-1150-with-OAE,1,World,Investment|Energy Supply,billion USD_2010/yr,2020,1316.258209952,GW3-IIb,GW3b,GW3,ok
REMIND-MAgPIE 3.2.0-4.8.0,RESCUE-Peak-Budget-1150-with-OAE,1,World,Land Cover,million ha,2055,12986.3818,GW3-IIb,GW3b,GW3,ok
REMIND-MAgPIE 3.2.0-4.8.0,RESCUE-Peak-Budget-1150-with-OAE,1,World,Land Cover,million ha,2100,12986.3818,GW3-IIb,GW3b,GW3,ok
REMIND-MAgPIE 3.2.0-4.8.0,RESCUE-Peak-Budget-1150-with-OAE,1,World,Land Cover,million ha,2090,12986.3818,GW3-IIb,GW3b,GW3,ok
REMIND-MAgPIE 3.2.0-4.8.0,RESCUE-Peak-Budget-1150-with-OAE,1,World,Land Cover,million ha,2080,12986.3818,GW3-IIb,GW3b,GW3,ok
REMIND-MAgPIE 3.2.0-4.8.0,RESCUE-Peak-Budget-1150-with-OAE,1,World,Land Cover,million ha,2070,12986.3818,GW3-IIb,GW3b,GW3,ok
REMIND-MAgPIE 3.2.0-4.8.0,RESCUE-Peak-Budget-1150-with-OAE,1,World,Land Cover,million ha,2060,12986.3818,GW3-IIb,GW3b,GW3,ok
REMIND-MAgPIE 3.2.0-4.8.0,RESCUE-Peak-Budget-1150-with-OAE,1,World,Land Cover,million ha,2050,12986.3818,GW3-IIb,GW3b,GW3,ok
REMIND-MAgPIE 3.2.0-4.8.0,RESCUE-Peak-Budget-1150-with-OAE,1,World,Land Cover,million ha,2045,12986.3818,GW3-IIb,GW3b,GW3,ok
REMIND-MAgPIE 3.2.0-4.8.0,RESCUE-Peak-Budget-1150-with-OAE,1,World,Land Cover,million ha,2040,12986.3818,GW3-IIb,GW3b,GW3,ok
REMIND-MAgPIE 3.2.0-4.8.0,RESCUE-Peak-Budget-1150-with-OAE,1,World,Land Cover,million ha,2035,12986.3818,GW3-IIb,GW3b,GW3,ok
REMIND-MAgPIE 3.2.0-4.8.0,RESCUE-Peak-Budget-1150-with-OAE,1,World,Land Cover,million ha,2030,12986.3818,GW3-IIb,GW3b,GW3,ok
REMIND-MAgPIE 3.2.0-4.8.0,RESCUE-Peak-Budget-1150-with-OAE,1,World,Land Cover,million ha,2025,12986.3818,GW3-IIb,GW3b,GW3,ok
REMIND-MAgPIE 3.2.0-4.8.0,RESCUE-Peak-Budget-1150-with-OAE,1,World,Land Cover,million ha,2020,12986.3818,GW3-IIb,GW3b,GW3,ok
REMIND-MAgPIE 3.2.0-4.8.0,RESCUE-Peak-Budget-1150-with-OAE,1,World,Land Cover|Forest,million ha,2090,4013.888,GW3-IIb,GW3b,GW3,ok
REMIND-MAgPIE 3.2.0-4.8.0,RESCUE-Peak-Budget-1150-with-OAE,1,World,Land Cover|Forest,million ha,2080,4007.5881,GW3-IIb,GW3b,GW3,ok
REMIND-MAgPIE 3.2.0-4.8.0,RESCUE-Peak-Budget-1150-with-OAE,1,World,Land Cover|Forest,million ha,2070,4000.9824,GW3-IIb,GW3b,GW3,ok
REMIND-MAgPIE 3.2.0-4.8.0,RESCUE-Peak-Budget-1150-with-OAE,1,World,Land Cover|Forest,million ha,2060,3986.453100000001,GW3-IIb,GW3b,GW3,ok
REMIND-MAgPIE 3.2.0-4.8.0,RESCUE-Peak-Budget-1150-with-OAE,1,World,Land Cover|Forest,million ha,2055,3986.1814,GW3-IIb,GW3b,GW3,ok
REMIND-MAgPIE 3.2.0-4.8.0,RESCUE-Peak-Budget-1150-with-OAE,1,World,Land Cover|Forest,million ha,2050,3975.4592,GW3-IIb,GW3b,GW3,ok
REMIND-MAgPIE 3.2.0-4.8.0,RESCUE-Peak-Budget-1150-with-OAE,1,World,Land Cover|Forest,million ha,2045,3954.4767,GW3-IIb,GW3b,GW3,ok
REMIND-MAgPIE 3.2.0-4.8.0,RESCUE-Peak-Budget-1150-with-OAE,1,World,Land Cover|Forest,million ha,2100,4021.5571,GW3-IIb,GW3b,GW3,ok
REMIND-MAgPIE 3.2.0-4.8.0,RESCUE-Peak-Budget-1150-with-OAE,1,World,Land Cover|Forest,million ha,2035,3941.7968,GW3-IIb,GW3b,GW3,ok
REMIND-MAgPIE 3.2.0-4.8.0,RESCUE-Peak-Budget-1150-with-OAE,1,World,Land Cover|Forest,million ha,2030,3953.5466,GW3-IIb,GW3b,GW3,ok
REMIND-MAgPIE 3.2.0-4.8.0,RESCUE-Peak-Budget-1150-with-OAE,1,World,Land Cover|Forest,million ha,2025,3940.837100000001,GW3-IIb,GW3b,GW3,ok
REMIND-MAgPIE 3.2.0-4.8.0,RESCUE-Peak-Budget-1150-with-OAE,1,World,Land Cover|Forest,million ha,2020,3903.0742,GW3-IIb,GW3b,GW3,ok
REMIND-MAgPIE 3.2.0-4.8.0,RESCUE-Peak-Budget-1150-with-OAE,1,World,Land Cover|Forest,million ha,2040,3940.6175,GW3-IIb,GW3b,GW3,ok
REMIND-MAgPIE 3.2.0-4.8.0,RESCUE-Peak-Budget-1150-with-OAE,1,World,Population,million,2090,9558.153312100001,GW3-IIb,GW3b,GW3,ok
REMIND-MAgPIE 3.2.0-4.8.0,RESCUE-Peak-Budget-1150-with-OAE,1,World,Population,million,2080,9704.9997312,GW3-IIb,GW3b,GW3,ok
REMIND-MAgPIE 3.2.0-4.8.0,RESCUE-Peak-Budget-1150-with-OAE,1,World,Population,million,2070,9750.2188654,GW3-IIb,GW3b,GW3,ok
REMIND-MAgPIE 3.2.0-4.8.0,RESCUE-Peak-Budget-1150-with-OAE,1,World,Population,million,2060,9674.3854617,GW3-IIb,GW3b,GW3,ok
REMIND-MAgPIE 3.2.0-4.8.0,RESCUE-Peak-Budget-1150-with-OAE,1,World,Population,million,2055,9582.6817976,GW3-IIb,GW3b,GW3,ok
REMIND-MAgPIE 3.2.0-4.8.0,RESCUE-Peak-Budget-1150-with-OAE,1,World,Population,million,2050,9449.376711599998,GW3-IIb,GW3b,GW3,ok
REMIND-MAgPIE 3.2.0-4.8.0,RESCUE-Peak-Budget-1150-with-OAE,1,World,Population,million,2045,9272.963936099999,GW3-IIb,GW3b,GW3,ok
REMIND-MAgPIE 3.2.0-4.8.0,RESCUE-Peak-Budget-1150-with-OAE,1,World,Population,million,2100,9333.856479899998,GW3-IIb,GW3b,GW3,ok
REMIND-MAgPIE 3.2.0-4.8.0,RESCUE-Peak-Budget-1150-with-OAE,1,World,Population,million,2035,8801.503446100003,GW3-IIb,GW3b,GW3,ok
REMIND-MAgPIE 3.2.0-4.8.0,RESCUE-Peak-Budget-1150-with-OAE,1,World,Population,million,2030,8510.663531,GW3-IIb,GW3b,GW3,ok
REMIND-MAgPIE 3.2.0-4.8.0,RESCUE-Peak-Budget-1150-with-OAE,1,World,Population,million,2025,8175.612958600001,GW3-IIb,GW3b,GW3,ok
REMIND-MAgPIE 3.2.0-4.8.0,RESCUE-Peak-Budget-1150-with-OAE,1,World,Population,million,2020,7824.2154039,GW3-IIb,GW3b,GW3,ok
REMIND-MAgPIE 3.2.0-4.8.0,RESCUE-Peak-Budget-1150-with-OAE,1,World,Population,million,2040,9055.894914299999,GW3-IIb,GW3b,GW3,ok
REMIND-MAgPIE 3.2.0-4.8.0,RESCUE-Peak-Budget-1150-with-OAE,1,World,Price|Secondary Energy|Electricity,USD_2010/GJ,2090,12.8246888,GW3-IIb,GW3b,GW3,ok
REMIND-MAgPIE 3.2.0-4.8.0,RESCUE-Peak-Budget-1150-with-OAE,1,World,Price|Secondary Energy|Electricity,USD_2010/GJ,2080,13.07119016,GW3-IIb,GW3b,GW3,ok
REMIND-MAgPIE 3.2.0-4.8.0,RESCUE-Peak-Budget-1150-with-OAE,1,World,Price|Secondary Energy|Electricity,USD_2010/GJ,2070,13.091738016,GW3-IIb,GW3b,GW3,ok
REMIND-MAgPIE 3.2.0-4.8.0,RESCUE-Peak-Budget-1150-with-OAE,1,World,Price|Secondary Energy|Electricity,USD_2010/GJ,2060,13.3010052,GW3-IIb,GW3b,GW3,ok
REMIND-MAgPIE 3.2.0-4.8.0,RESCUE-Peak-Budget-1150-with-OAE,1,World,Price|Secondary Energy|Electricity,USD_2010/GJ,2055,13.85220312,GW3-IIb,GW3b,GW3,ok
REMIND-MAgPIE 3.2.0-4.8.0,RESCUE-Peak-Budget-1150-with-OAE,1,World,Price|Secondary Energy|Electricity,USD_2010/GJ,2050,13.37163352,GW3-IIb,GW3b,GW3,ok
REMIND-MAgPIE 3.2.0-4.8.0,RESCUE-Peak-Budget-1150-with-OAE,1,World,Price|Secondary Energy|Electricity,USD_2010/GJ,2045,13.694689008,GW3-IIb,GW3b,GW3,ok
REMIND-MAgPIE 3.2.0-4.8.0,RESCUE-Peak-Budget-1150-with-OAE,1,World,Price|Secondary Energy|Electricity,USD_2010/GJ,2100,12.35148152,GW3-IIb,GW3b,GW3,ok
REMIND-MAgPIE 3.2.0-4.8.0,RESCUE-Peak-Budget-1150-with-OAE,1,World,Price|Secondary Energy|Electricity,USD_2010/GJ,2035,18.62279048,GW3-IIb,GW3b,GW3,ok
REMIND-MAgPIE 3.2.0-4.8.0,RESCUE-Peak-Budget-1150-with-OAE,1,World,Price|Secondary Energy|Electricity,USD_2010/GJ,2030,19.789454272,GW3-IIb,GW3b,GW3,ok
REMIND-MAgPIE 3.2.0-4.8.0,RESCUE-Peak-Budget-1150-with-OAE,1,World,Price|Secondary Energy|Electricity,USD_2010/GJ,2025,18.51426192,GW3-IIb,GW3b,GW3,ok
REMIND-MAgPIE 3.2.0-4.8.0,RESCUE-Peak-Budget-1150-with-OAE,1,World,Price|Secondary Energy|Electricity,USD_2010/GJ,2020,14.384605984,GW3-IIb,GW3b,GW3,ok
REMIND-MAgPIE 3.2.0-4.8.0,RESCUE-Peak-Budget-1150-with-OAE,1,World,Price|Secondary Energy|Electricity,USD_2010/GJ,2040,16.09883464,GW3-IIb,GW3b,GW3,ok
REMIND-MAgPIE 3.2.0-4.8.0,RESCUE-Peak-Budget-1150-with-OAE,1,World,Primary Energy|Biomass,EJ/yr,2100,141.9925233,GW3-IIb,GW3b,GW3,ok
REMIND-MAgPIE 3.2.0-4.8.0,RESCUE-Peak-Budget-1150-with-OAE,1,World,Primary Energy|Biomass,EJ/yr,2090,142.1406258,GW3-IIb,GW3b,GW3,ok
REMIND-MAgPIE 3.2.0-4.8.0,RESCUE-Peak-Budget-1150-with-OAE,1,World,Primary Energy|Biomass,EJ/yr,2080,129.8630406,GW3-IIb,GW3b,GW3,ok
REMIND-MAgPIE 3.2.0-4.8.0,RESCUE-Peak-Budget-1150-with-OAE,1,World,Primary Energy|Biomass,EJ/yr,2070,107.7983936,GW3-IIb,GW3b,GW3,ok
REMIND-MAgPIE 3.2.0-4.8.0,RESCUE-Peak-Budget-1150-with-OAE,1,World,Primary Energy|Biomass,EJ/yr,2060,85.24705010000001,GW3-IIb,GW3b,GW3,ok
REMIND-MAgPIE 3.2.0-4.8.0,RESCUE-Peak-Budget-1150-with-OAE,1,World,Primary Energy|Biomass,EJ/yr,2055,68.2428016,GW3-IIb,GW3b,GW3,ok
REMIND-MAgPIE 3.2.0-4.8.0,RESCUE-Peak-Budget-1150-with-OAE,1,World,Primary Energy|Biomass,EJ/yr,2050,61.03516330000001,GW3-IIb,GW3b,GW3,ok
REMIND-MAgPIE 3.2.0-4.8.0,RESCUE-Peak-Budget-1150-with-OAE,1,World,Primary Energy|Biomass,EJ/yr,2045,56.03577910000001,GW3-IIb,GW3b,GW3,ok
REMIND-MAgPIE 3.2.0-4.8.0,RESCUE-Peak-Budget-1150-with-OAE,1,World,Primary Energy|Biomass,EJ/yr,2040,52.4811113,GW3-IIb,GW3b,GW3,ok
REMIND-MAgPIE 3.2.0-4.8.0,RESCUE-Peak-Budget-1150-with-OAE,1,World,Primary Energy|Biomass,EJ/yr,2035,53.39939260000001,GW3-IIb,GW3b,GW3,ok
REMIND-MAgPIE 3.2.0-4.8.0,RESCUE-Peak-Budget-1150-with-OAE,1,World,Primary Energy|Biomass,EJ/yr,2030,55.91167539999999,GW3-IIb,GW3b,GW3,ok
REMIND-MAgPIE 3.2.0-4.8.0,RESCUE-Peak-Budget-1150-with-OAE,1,World,Primary Energy|Biomass,EJ/yr,2025,57.1548963,GW3-IIb,GW3b,GW3,ok
REMIND-MAgPIE 3.2.0-4.8.0,RESCUE-Peak-Budget-1150-with-OAE,1,World,Primary Energy|Biomass,EJ/yr,2020,53.947308,GW3-IIb,GW3b,GW3,ok
REMIND-MAgPIE 3.2.0-4.8.0,RESCUE-Peak-Budget-1150-with-OAE,1,World,Primary Energy|Coal,EJ/yr,2090,9.9904384,GW3-IIb,GW3b,GW3,ok
REMIND-MAgPIE 3.2.0-4.8.0,RESCUE-Peak-Budget-1150-with-OAE,1,World,Primary Energy|Coal,EJ/yr,2080,8.505534400000002,GW3-IIb,GW3b,GW3,ok
REMIND-MAgPIE 3.2.0-4.8.0,RESCUE-Peak-Budget-1150-with-OAE,1,World,Primary Energy|Coal,EJ/yr,2070,7.969483,GW3-IIb,GW3b,GW3,ok
REMIND-MAgPIE 3.2.0-4.8.0,RESCUE-Peak-Budget-1150-with-OAE,1,World,Primary Energy|Coal,EJ/yr,2060,7.820156399999999,GW3-IIb,GW3b,GW3,ok
REMIND-MAgPIE 3.2.0-4.8.0,RESCUE-Peak-Budget-1150-with-OAE,1,World,Primary Energy|Coal,EJ/yr,2055,7.7000508,GW3-IIb,GW3b,GW3,ok
REMIND-MAgPIE 3.2.0-4.8.0,RESCUE-Peak-Budget-1150-with-OAE,1,World,Primary Energy|Coal,EJ/yr,2050,11.0841933,GW3-IIb,GW3b,GW3,ok
REMIND-MAgPIE 3.2.0-4.8.0,RESCUE-Peak-Budget-1150-with-OAE,1,World,Primary Energy|Coal,EJ/yr,2045,20.4290894,GW3-IIb,GW3b,GW3,ok
REMIND-MAgPIE 3.2.0-4.8.0,RESCUE-Peak-Budget-1150-with-OAE,1,World,Primary Energy|Coal,EJ/yr,2100,15.7202819,GW3-IIb,GW3b,GW3,ok
REMIND-MAgPIE 3.2.0-4.8.0,RESCUE-Peak-Budget-1150-with-OAE,1,World,Primary Energy|Coal,EJ/yr,2035,74.57370599999999,GW3-IIb,GW3b,GW3,ok
REMIND-MAgPIE 3.2.0-4.8.0,RESCUE-Peak-Budget-1150-with-OAE,1,World,Primary Energy|Coal,EJ/yr,2030,118.2241413,GW3-IIb,GW3b,GW3,ok
REMIND-MAgPIE 3.2.0-4.8.0,RESCUE-Peak-Budget-1150-with-OAE,1,World,Primary Energy|Coal,EJ/yr,2025,156.2362424,GW3-IIb,GW3b,GW3,ok
REMIND-MAgPIE 3.2.0-4.8.0,RESCUE-Peak-Budget-1150-with-OAE,1,World,Primary Energy|Coal,EJ/yr,2020,171.5563077,GW3-IIb,GW3b,GW3,ok
REMIND-MAgPIE 3.2.0-4.8.0,RESCUE-Peak-Budget-1150-with-OAE,1,World,Primary Energy|Coal,EJ/yr,2040,38.66504270000001,GW3-IIb,GW3b,GW3,ok
REMIND-MAgPIE 3.2.0-4.8.0,RESCUE-Peak-Budget-1150-with-OAE,1,World,Primary Energy|Fossil|w/ CCS,EJ/yr,2100,4.746077000000001,GW3-IIb,GW3b,GW3,ok
REMIND-MAgPIE 3.2.0-4.8.0,RESCUE-Peak-Budget-1150-with-OAE,1,World,Primary Energy|Fossil|w/ CCS,EJ/yr,2090,2.2113815,GW3-IIb,GW3b,GW3,ok
REMIND-MAgPIE 3.2.0-4.8.0,RESCUE-Peak-Budget-1150-with-OAE,1,World,Primary Energy|Fossil|w/ CCS,EJ/yr,2080,1.0329927,GW3-IIb,GW3b,GW3,ok
REMIND-MAgPIE 3.2.0-4.8.0,RESCUE-Peak-Budget-1150-with-OAE,1,World,Primary Energy|Fossil|w/ CCS,EJ/yr,2070,0.4843495,GW3-IIb,GW3b,GW3,ok
REMIND-MAgPIE 3.2.0-4.8.0,RESCUE-Peak-Budget-1150-with-OAE,1,World,Primary Energy|Fossil|w/ CCS,EJ/yr,2060,0.2526330999999999,GW3-IIb,GW3b,GW3,ok
REMIND-MAgPIE 3.2.0-4.8.0,RESCUE-Peak-Budget-1150-with-OAE,1,World,Primary Energy|Fossil|w/ CCS,EJ/yr,2055,0.1719038,GW3-IIb,GW3b,GW3,ok
REMIND-MAgPIE 3.2.0-4.8.0,RESCUE-Peak-Budget-1150-with-OAE,1,World,Primary Energy|Fossil|w/ CCS,EJ/yr,2050,0.1399641,GW3-IIb,GW3b,GW3,ok
REMIND-MAgPIE 3.2.0-4.8.0,RESCUE-Peak-Budget-1150-with-OAE,1,World,Primary Energy|Fossil|w/ CCS,EJ/yr,2045,0.1246968,GW3-IIb,GW3b,GW3,ok
REMIND-MAgPIE 3.2.0-4.8.0,RESCUE-Peak-Budget-1150-with-OAE,1,World,Primary Energy|Fossil|w/ CCS,EJ/yr,2035,0.07272400000000002,GW3-IIb,GW3b,GW3,ok
REMIND-MAgPIE 3.2.0-4.8.0,RESCUE-Peak-Budget-1150-with-OAE,1,World,Primary Energy|Fossil|w/ CCS,EJ/yr,2030,0.0363013,GW3-IIb,GW3b,GW3,ok
REMIND-MAgPIE 3.2.0-4.8.0,RESCUE-Peak-Budget-1150-with-OAE,1,World,Primary Energy|Fossil|w/ CCS,EJ/yr,2025,0.0129089,GW3-IIb,GW3b,GW3,ok
REMIND-MAgPIE 3.2.0-4.8.0,RESCUE-Peak-Budget-1150-with-OAE,1,World,Primary Energy|Fossil|w/ CCS,EJ/yr,2020,0.0,GW3-IIb,GW3b,GW3,ok
REMIND-MAgPIE 3.2.0-4.8.0,RESCUE-Peak-Budget-1150-with-OAE,1,World,Primary Energy|Fossil|w/ CCS,EJ/yr,2040,0.1143369,GW3-IIb,GW3b,GW3,ok
REMIND-MAgPIE 3.2.0-4.8.0,RESCUE-Peak-Budget-1150-with-OAE,1,World,Primary Energy|Fossil|w/o CCS,EJ/yr,2050,209.2683091,GW3-IIb,GW3b,GW3,ok
REMIND-MAgPIE 3.2.0-4.8.0,RESCUE-Peak-Budget-1150-with-OAE,1,World,Primary Energy|Fossil|w/o CCS,EJ/yr,2090,66.8178524,GW3-IIb,GW3b,GW3,ok
REMIND-MAgPIE 3.2.0-4.8.0,RESCUE-Peak-Budget-1150-with-OAE,1,World,Primary Energy|Fossil|w/o CCS,EJ/yr,2080,80.6433198,GW3-IIb,GW3b,GW3,ok
REMIND-MAgPIE 3.2.0-4.8.0,RESCUE-Peak-Budget-1150-with-OAE,1,World,Primary Energy|Fossil|w/o CCS,EJ/yr,2070,108.724663,GW3-IIb,GW3b,GW3,ok
REMIND-MAgPIE 3.2.0-4.8.0,RESCUE-Peak-Budget-1150-with-OAE,1,World,Primary Energy|Fossil|w/o CCS,EJ/yr,2060,149.8687783,GW3-IIb,GW3b,GW3,ok
REMIND-MAgPIE 3.2.0-4.8.0,RESCUE-Peak-Budget-1150-with-OAE,1,World,Primary Energy|Fossil|w/o CCS,EJ/yr,2055,179.2867112,GW3-IIb,GW3b,GW3,ok
REMIND-MAgPIE 3.2.0-4.8.0,RESCUE-Peak-Budget-1150-with-OAE,1,World,Primary Energy|Fossil|w/o CCS,EJ/yr,2045,253.2936088,GW3-IIb,GW3b,GW3,ok
REMIND-MAgPIE 3.2.0-4.8.0,RESCUE-Peak-Budget-1150-with-OAE,1,World,Primary Energy|Fossil|w/o CCS,EJ/yr,2100,73.0281835,GW3-IIb,GW3b,GW3,ok
REMIND-MAgPIE 3.2.0-4.8.0,RESCUE-Peak-Budget-1150-with-OAE,1,World,Primary Energy|Fossil|w/o CCS,EJ/yr,2035,384.8323492,GW3-IIb,GW3b,GW3,ok
REMIND-MAgPIE 3.2.0-4.8.0,RESCUE-Peak-Budget-1150-with-OAE,1,World,Primary Energy|Fossil|w/o CCS,EJ/yr,2040,311.5867794999999,GW3-IIb,GW3b,GW3,ok
REMIND-MAgPIE 3.2.0-4.8.0,RESCUE-Peak-Budget-1150-with-OAE,1,World,Primary Energy|Fossil|w/o CCS,EJ/yr,2025,499.0125234,GW3-IIb,GW3b,GW3,ok
REMIND-MAgPIE 3.2.0-4.8.0,RESCUE-Peak-Budget-1150-with-OAE,1,World,Primary Energy|Fossil|w/o CCS,EJ/yr,2030,454.0175393999999,GW3-IIb,GW3b,GW3,ok
REMIND-MAgPIE 3.2.0-4.8.0,RESCUE-Peak-Budget-1150-with-OAE,1,World,Primary Energy|Fossil|w/o CCS,EJ/yr,2020,500.5263259999999,GW3-IIb,GW3b,GW3,ok
REMIND-MAgPIE 3.2.0-4.8.0,RESCUE-Peak-Budget-1150-with-OAE,1,World,Primary Energy|Gas,EJ/yr,2090,28.7973596,GW3-IIb,GW3b,GW3,ok
REMIND-MAgPIE 3.2.0-4.8.0,RESCUE-Peak-Budget-1150-with-OAE,1,World,Primary Energy|Gas,EJ/yr,2080,31.1498381,GW3-IIb,GW3b,GW3,ok
REMIND-MAgPIE 3.2.0-4.8.0,RESCUE-Peak-Budget-1150-with-OAE,1,World,Primary Energy|Gas,EJ/yr,2070,37.3921448,GW3-IIb,GW3b,GW3,ok
REMIND-MAgPIE 3.2.0-4.8.0,RESCUE-Peak-Budget-1150-with-OAE,1,World,Primary Energy|Gas,EJ/yr,2060,44.22616960000001,GW3-IIb,GW3b,GW3,ok
REMIND-MAgPIE 3.2.0-4.8.0,RESCUE-Peak-Budget-1150-with-OAE,1,World,Primary Energy|Gas,EJ/yr,2055,49.0027671,GW3-IIb,GW3b,GW3,ok
REMIND-MAgPIE 3.2.0-4.8.0,RESCUE-Peak-Budget-1150-with-OAE,1,World,Primary Energy|Gas,EJ/yr,2050,55.91119,GW3-IIb,GW3b,GW3,ok
REMIND-MAgPIE 3.2.0-4.8.0,RESCUE-Peak-Budget-1150-with-OAE,1,World,Primary Energy|Gas,EJ/yr,2045,72.21701640000002,GW3-IIb,GW3b,GW3,ok
REMIND-MAgPIE 3.2.0-4.8.0,RESCUE-Peak-Budget-1150-with-OAE,1,World,Primary Energy|Gas,EJ/yr,2100,34.9015853,GW3-IIb,GW3b,GW3,ok
REMIND-MAgPIE 3.2.0-4.8.0,RESCUE-Peak-Budget-1150-with-OAE,1,World,Primary Energy|Gas,EJ/yr,2035,123.0569448,GW3-IIb,GW3b,GW3,ok
REMIND-MAgPIE 3.2.0-4.8.0,RESCUE-Peak-Budget-1150-with-OAE,1,World,Primary Energy|Gas,EJ/yr,2030,138.6882888,GW3-IIb,GW3b,GW3,ok
REMIND-MAgPIE 3.2.0-4.8.0,RESCUE-Peak-Budget-1150-with-OAE,1,World,Primary Energy|Gas,EJ/yr,2025,141.9928958,GW3-IIb,GW3b,GW3,ok
REMIND-MAgPIE 3.2.0-4.8.0,RESCUE-Peak-Budget-1150-with-OAE,1,World,Primary Energy|Gas,EJ/yr,2020,137.5615439,GW3-IIb,GW3b,GW3,ok
REMIND-MAgPIE 3.2.0-4.8.0,RESCUE-Peak-Budget-1150-with-OAE,1,World,Primary Energy|Gas,EJ/yr,2040,97.3362025,GW3-IIb,GW3b,GW3,ok
REMIND-MAgPIE 3.2.0-4.8.0,RESCUE-Peak-Budget-1150-with-OAE,1,World,Primary Energy|Non-Biomass Renewables,EJ/yr,2090,641.7891944,GW3-IIb,GW3b,GW3,ok
REMIND-MAgPIE 3.2.0-4.8.0,RESCUE-Peak-Budget-1150-with-OAE,1,World,Primary Energy|Non-Biomass Renewables,EJ/yr,2080,577.7612141999999,GW3-IIb,GW3b,GW3,ok
REMIND-MAgPIE 3.2.0-4.8.0,RESCUE-Peak-Budget-1150-with-OAE,1,World,Primary Energy|Non-Biomass Renewables,EJ/yr,2070,486.7699331,GW3-IIb,GW3b,GW3,ok
REMIND-MAgPIE 3.2.0-4.8.0,RESCUE-Peak-Budget-1150-with-OAE,1,World,Primary Energy|Non-Biomass Renewables,EJ/yr,2060,398.0722481,GW3-IIb,GW3b,GW3,ok
REMIND-MAgPIE 3.2.0-4.8.0,RESCUE-Peak-Budget-1150-with-OAE,1,World,Primary Energy|Non-Biomass Renewables,EJ/yr,2055,318.0177116,GW3-IIb,GW3b,GW3,ok
REMIND-MAgPIE 3.2.0-4.8.0,RESCUE-Peak-Budget-1150-with-OAE,1,World,Primary Energy|Non-Biomass Renewables,EJ/yr,2050,267.9427337,GW3-IIb,GW3b,GW3,ok
REMIND-MAgPIE 3.2.0-4.8.0,RESCUE-Peak-Budget-1150-with-OAE,1,World,Primary Energy|Non-Biomass Renewables,EJ/yr,2045,220.0491198,GW3-IIb,GW3b,GW3,ok
REMIND-MAgPIE 3.2.0-4.8.0,RESCUE-Peak-Budget-1150-with-OAE,1,World,Primary Energy|Non-Biomass Renewables,EJ/yr,2100,671.8128201999999,GW3-IIb,GW3b,GW3,ok
REMIND-MAgPIE 3.2.0-4.8.0,RESCUE-Peak-Budget-1150-with-OAE,1,World,Primary Energy|Non-Biomass Renewables,EJ/yr,2035,127.9633568,GW3-IIb,GW3b,GW3,ok
REMIND-MAgPIE 3.2.0-4.8.0,RESCUE-Peak-Budget-1150-with-OAE,1,World,Primary Energy|Non-Biomass Renewables,EJ/yr,2030,81.0453053,GW3-IIb,GW3b,GW3,ok
REMIND-MAgPIE 3.2.0-4.8.0,RESCUE-Peak-Budget-1150-with-OAE,1,World,Primary Energy|Non-Biomass Renewables,EJ/yr,2025,45.8222239,GW3-IIb,GW3b,GW3,ok
REMIND-MAgPIE 3.2.0-4.8.0,RESCUE-Peak-Budget-1150-with-OAE,1,World,Primary Energy|Non-Biomass Renewables,EJ/yr,2020,27.689648,GW3-IIb,GW3b,GW3,ok
REMIND-MAgPIE 3.2.0-4.8.0,RESCUE-Peak-Budget-1150-with-OAE,1,World,Primary Energy|Non-Biomass Renewables,EJ/yr,2040,174.349747,GW3-IIb,GW3b,GW3,ok
REMIND-MAgPIE 3.2.0-4.8.0,RESCUE-Peak-Budget-1150-with-OAE,1,World,Primary Energy|Nuclear,EJ/yr,2090,1.6836595,GW3-IIb,GW3b,GW3,ok
REMIND-MAgPIE 3.2.0-4.8.0,RESCUE-Peak-Budget-1150-with-OAE,1,World,Primary Energy|Nuclear,EJ/yr,2080,3.5465269,GW3-IIb,GW3b,GW3,ok
REMIND-MAgPIE 3.2.0-4.8.0,RESCUE-Peak-Budget-1150-with-OAE,1,World,Primary Energy|Nuclear,EJ/yr,2070,5.4330867,GW3-IIb,GW3b,GW3,ok
REMIND-MAgPIE 3.2.0-4.8.0,RESCUE-Peak-Budget-1150-with-OAE,1,World,Primary Energy|Nuclear,EJ/yr,2060,6.7392148,GW3-IIb,GW3b,GW3,ok
REMIND-MAgPIE 3.2.0-4.8.0,RESCUE-Peak-Budget-1150-with-OAE,1,World,Primary Energy|Nuclear,EJ/yr,2055,7.277072700000001,GW3-IIb,GW3b,GW3,ok
REMIND-MAgPIE 3.2.0-4.8.0,RESCUE-Peak-Budget-1150-with-OAE,1,World,Primary Energy|Nuclear,EJ/yr,2050,7.8731072,GW3-IIb,GW3b,GW3,ok
REMIND-MAgPIE 3.2.0-4.8.0,RESCUE-Peak-Budget-1150-with-OAE,1,World,Primary Energy|Nuclear,EJ/yr,2045,8.618223299999997,GW3-IIb,GW3b,GW3,ok
REMIND-MAgPIE 3.2.0-4.8.0,RESCUE-Peak-Budget-1150-with-OAE,1,World,Primary Energy|Nuclear,EJ/yr,2100,0.4850987,GW3-IIb,GW3b,GW3,ok
REMIND-MAgPIE 3.2.0-4.8.0,RESCUE-Peak-Budget-1150-with-OAE,1,World,Primary Energy|Nuclear,EJ/yr,2035,10.1107926,GW3-IIb,GW3b,GW3,ok
REMIND-MAgPIE 3.2.0-4.8.0,RESCUE-Peak-Budget-1150-with-OAE,1,World,Primary Energy|Nuclear,EJ/yr,2030,10.1792773,GW3-IIb,GW3b,GW3,ok
REMIND-MAgPIE 3.2.0-4.8.0,RESCUE-Peak-Budget-1150-with-OAE,1,World,Primary Energy|Nuclear,EJ/yr,2025,9.995906100000001,GW3-IIb,GW3b,GW3,ok
REMIND-MAgPIE 3.2.0-4.8.0,RESCUE-Peak-Budget-1150-with-OAE,1,World,Primary Energy|Nuclear,EJ/yr,2020,9.4700108,GW3-IIb,GW3b,GW3,ok
REMIND-MAgPIE 3.2.0-4.8.0,RESCUE-Peak-Budget-1150-with-OAE,1,World,Primary Energy|Nuclear,EJ/yr,2040,9.499362999999999,GW3-IIb,GW3b,GW3,ok
REMIND-MAgPIE 3.2.0-4.8.0,RESCUE-Peak-Budget-1150-with-OAE,1,World,Primary Energy|Oil,EJ/yr,2100,27.1523933,GW3-IIb,GW3b,GW3,ok
REMIND-MAgPIE 3.2.0-4.8.0,RESCUE-Peak-Budget-1150-with-OAE,1,World,Primary Energy|Oil,EJ/yr,2090,30.2414359,GW3-IIb,GW3b,GW3,ok
REMIND-MAgPIE 3.2.0-4.8.0,RESCUE-Peak-Budget-1150-with-OAE,1,World,Primary Energy|Oil,EJ/yr,2080,42.02094,GW3-IIb,GW3b,GW3,ok
REMIND-MAgPIE 3.2.0-4.8.0,RESCUE-Peak-Budget-1150-with-OAE,1,World,Primary Energy|Oil,EJ/yr,2070,63.84738479999999,GW3-IIb,GW3b,GW3,ok
REMIND-MAgPIE 3.2.0-4.8.0,RESCUE-Peak-Budget-1150-with-OAE,1,World,Primary Energy|Oil,EJ/yr,2060,98.07508539999999,GW3-IIb,GW3b,GW3,ok
REMIND-MAgPIE 3.2.0-4.8.0,RESCUE-Peak-Budget-1150-with-OAE,1,World,Primary Energy|Oil,EJ/yr,2055,122.7557971,GW3-IIb,GW3b,GW3,ok
REMIND-MAgPIE 3.2.0-4.8.0,RESCUE-Peak-Budget-1150-with-OAE,1,World,Primary Energy|Oil,EJ/yr,2050,142.4128899,GW3-IIb,GW3b,GW3,ok
REMIND-MAgPIE 3.2.0-4.8.0,RESCUE-Peak-Budget-1150-with-OAE,1,World,Primary Energy|Oil,EJ/yr,2045,160.7721998,GW3-IIb,GW3b,GW3,ok
REMIND-MAgPIE 3.2.0-4.8.0,RESCUE-Peak-Budget-1150-with-OAE,1,World,Primary Energy|Oil,EJ/yr,2035,187.2744223,GW3-IIb,GW3b,GW3,ok
REMIND-MAgPIE 3.2.0-4.8.0,RESCUE-Peak-Budget-1150-with-OAE,1,World,Primary Energy|Oil,EJ/yr,2030,197.1414107,GW3-IIb,GW3b,GW3,ok
REMIND-MAgPIE 3.2.0-4.8.0,RESCUE-Peak-Budget-1150-with-OAE,1,World,Primary Energy|Oil,EJ/yr,2025,200.7962941,GW3-IIb,GW3b,GW3,ok
REMIND-MAgPIE 3.2.0-4.8.0,RESCUE-Peak-Budget-1150-with-OAE,1,World,Primary Energy|Oil,EJ/yr,2020,191.4084744,GW3-IIb,GW3b,GW3,ok
REMIND-MAgPIE 3.2.0-4.8.0,RESCUE-Peak-Budget-1150-with-OAE,1,World,Primary Energy|Oil,EJ/yr,2040,175.6998712,GW3-IIb,GW3b,GW3,ok
REMIND-MAgPIE 3.3-4.8,NGFS Phase 5-Below 2°C,1,World,Capacity|Electricity|Solar|PV,GW,2090,48468.9901371,GW3-IIb,GW3b,GW3,ok
REMIND-MAgPIE 3.3-4.8,NGFS Phase 5-Below 2°C,1,World,Capacity|Electricity|Solar|PV,GW,2080,40794.6883247,GW3-IIb,GW3b,GW3,ok
REMIND-MAgPIE 3.3-4.8,NGFS Phase 5-Below 2°C,1,World,Capacity|Electricity|Solar|PV,GW,2070,32895.5877048,GW3-IIb,GW3b,GW3,ok
REMIND-MAgPIE 3.3-4.8,NGFS Phase 5-Below 2°C,1,World,Capacity|Electricity|Solar|PV,GW,2060,29781.1724769,GW3-IIb,GW3b,GW3,ok
REMIND-MAgPIE 3.3-4.8,NGFS Phase 5-Below 2°C,1,World,Capacity|Electricity|Solar|PV,GW,2055,26914.9555602,GW3-IIb,GW3b,GW3,ok
REMIND-MAgPIE 3.3-4.8,NGFS Phase 5-Below 2°C,1,World,Capacity|Electricity|Solar|PV,GW,2050,24691.4998891,GW3-IIb,GW3b,GW3,ok
REMIND-MAgPIE 3.3-4.8,NGFS Phase 5-Below 2°C,1,World,Capacity|Electricity|Solar|PV,GW,2045,21501.8513889,GW3-IIb,GW3b,GW3,ok
REMIND-MAgPIE 3.3-4.8,NGFS Phase 5-Below 2°C,1,World,Capacity|Electricity|Solar|PV,GW,2100,53597.4804832,GW3-IIb,GW3b,GW3,ok
REMIND-MAgPIE 3.3-4.8,NGFS Phase 5-Below 2°C,1,World,Capacity|Electricity|Solar|PV,GW,2035,11660.7931192,GW3-IIb,GW3b,GW3,ok
REMIND-MAgPIE 3.3-4.8,NGFS Phase 5-Below 2°C,1,World,Capacity|Electricity|Solar|PV,GW,2030,6229.694444400001,GW3-IIb,GW3b,GW3,ok
REMIND-MAgPIE 3.3-4.8,NGFS Phase 5-Below 2°C,1,World,Capacity|Electricity|Solar|PV,GW,2025,2350.6192686,GW3-IIb,GW3b,GW3,ok
REMIND-MAgPIE 3.3-4.8,NGFS Phase 5-Below 2°C,1,World,Capacity|Electricity|Solar|PV,GW,2020,702.7919526000001,GW3-IIb,GW3b,GW3,ok
REMIND-MAgPIE 3.3-4.8,NGFS Phase 5-Below 2°C,1,World,Capacity|Electricity|Solar|PV,GW,2040,17160.8094186,GW3-IIb,GW3b,GW3,ok
REMIND-MAgPIE 3.3-4.8,NGFS Phase 5-Below 2°C,1,World,Capacity|Electricity|Wind,GW,2100,15035.6477667,GW3-IIb,GW3b,GW3,ok
REMIND-MAgPIE 3.3-4.8,NGFS Phase 5-Below 2°C,1,World,Capacity|Electricity|Wind,GW,2090,14311.8609516,GW3-IIb,GW3b,GW3,ok
REMIND-MAgPIE 3.3-4.8,NGFS Phase 5-Below 2°C,1,World,Capacity|Electricity|Wind,GW,2080,12760.9774996,GW3-IIb,GW3b,GW3,ok
REMIND-MAgPIE 3.3-4.8,NGFS Phase 5-Below 2°C,1,World,Capacity|Electricity|Wind,GW,2070,11259.4837371,GW3-IIb,GW3b,GW3,ok
REMIND-MAgPIE 3.3-4.8,NGFS Phase 5-Below 2°C,1,World,Capacity|Electricity|Wind,GW,2060,9568.8707362,GW3-IIb,GW3b,GW3,ok
REMIND-MAgPIE 3.3-4.8,NGFS Phase 5-Below 2°C,1,World,Capacity|Electricity|Wind,GW,2055,7942.1798942,GW3-IIb,GW3b,GW3,ok
REMIND-MAgPIE 3.3-4.8,NGFS Phase 5-Below 2°C,1,World,Capacity|Electricity|Wind,GW,2050,6967.841420400001,GW3-IIb,GW3b,GW3,ok
REMIND-MAgPIE 3.3-4.8,NGFS Phase 5-Below 2°C,1,World,Capacity|Electricity|Wind,GW,2045,5852.681698400001,GW3-IIb,GW3b,GW3,ok
REMIND-MAgPIE 3.3-4.8,NGFS Phase 5-Below 2°C,1,World,Capacity|Electricity|Wind,GW,2035,3351.011628,GW3-IIb,GW3b,GW3,ok
REMIND-MAgPIE 3.3-4.8,NGFS Phase 5-Below 2°C,1,World,Capacity|Electricity|Wind,GW,2030,2188.2477114,GW3-IIb,GW3b,GW3,ok
REMIND-MAgPIE 3.3-4.8,NGFS Phase 5-Below 2°C,1,World,Capacity|Electricity|Wind,GW,2025,1286.8729697,GW3-IIb,GW3b,GW3,ok
REMIND-MAgPIE 3.3-4.8,NGFS Phase 5-Below 2°C,1,World,Capacity|Electricity|Wind,GW,2020,721.3418499999999,GW3-IIb,GW3b,GW3,ok
REMIND-MAgPIE 3.3-4.8,NGFS Phase 5-Below 2°C,1,World,Capacity|Electricity|Wind,GW,2040,4614.7289992,GW3-IIb,GW3b,GW3,ok
REMIND-MAgPIE 3.3-4.8,NGFS Phase 5-Below 2°C,1,World,Carbon Capture|Geological Storage|Biomass,Mt CO2/yr,2100,2076.4407672,GW3-IIb,GW3b,GW3,ok
REMIND-MAgPIE 3.3-4.8,NGFS Phase 5-Below 2°C,1,World,Carbon Capture|Geological Storage|Biomass,Mt CO2/yr,2090,2144.190429900001,GW3-IIb,GW3b,GW3,ok
REMIND-MAgPIE 3.3-4.8,NGFS Phase 5-Below 2°C,1,World,Carbon Capture|Geological Storage|Biomass,Mt CO2/yr,2080,2269.8331899,GW3-IIb,GW3b,GW3,ok
REMIND-MAgPIE 3.3-4.8,NGFS Phase 5-Below 2°C,1,World,Carbon Capture|Geological Storage|Biomass,Mt CO2/yr,2070,2183.959493,GW3-IIb,GW3b,GW3,ok
REMIND-MAgPIE 3.3-4.8,NGFS Phase 5-Below 2°C,1,World,Carbon Capture|Geological Storage|Biomass,Mt CO2/yr,2060,1740.4195312,GW3-IIb,GW3b,GW3,ok
REMIND-MAgPIE 3.3-4.8,NGFS Phase 5-Below 2°C,1,World,Carbon Capture|Geological Storage|Biomass,Mt CO2/yr,2055,1402.1427487,GW3-IIb,GW3b,GW3,ok
REMIND-MAgPIE 3.3-4.8,NGFS Phase 5-Below 2°C,1,World,Carbon Capture|Geological Storage|Biomass,Mt CO2/yr,2050,1150.5643736,GW3-IIb,GW3b,GW3,ok
REMIND-MAgPIE 3.3-4.8,NGFS Phase 5-Below 2°C,1,World,Carbon Capture|Geological Storage|Biomass,Mt CO2/yr,2045,834.1133536,GW3-IIb,GW3b,GW3,ok
REMIND-MAgPIE 3.3-4.8,NGFS Phase 5-Below 2°C,1,World,Carbon Capture|Geological Storage|Biomass,Mt CO2/yr,2040,532.3697387999999,GW3-IIb,GW3b,GW3,ok
REMIND-MAgPIE 3.3-4.8,NGFS Phase 5-Below 2°C,1,World,Carbon Capture|Geological Storage|Biomass,Mt CO2/yr,2035,279.5107866,GW3-IIb,GW3b,GW3,ok
REMIND-MAgPIE 3.3-4.8,NGFS Phase 5-Below 2°C,1,World,Carbon Capture|Geological Storage|Biomass,Mt CO2/yr,2030,111.4477316,GW3-IIb,GW3b,GW3,ok
REMIND-MAgPIE 3.3-4.8,NGFS Phase 5-Below 2°C,1,World,Carbon Capture|Geological Storage|Biomass,Mt CO2/yr,2025,35.4351106,GW3-IIb,GW3b,GW3,ok
REMIND-MAgPIE 3.3-4.8,NGFS Phase 5-Below 2°C,1,World,Carbon Capture|Geological Storage|Biomass,Mt CO2/yr,2020,0.0,GW3-IIb,GW3b,GW3,ok
REMIND-MAgPIE 3.3-4.8,NGFS Phase 5-Below 2°C,1,World,Carbon Removal|Land Use,Mt CO2/yr,2090,1099.721,GW3-IIb,GW3b,GW3,ok
REMIND-MAgPIE 3.3-4.8,NGFS Phase 5-Below 2°C,1,World,Carbon Removal|Land Use,Mt CO2/yr,2080,995.1529,GW3-IIb,GW3b,GW3,ok
REMIND-MAgPIE 3.3-4.8,NGFS Phase 5-Below 2°C,1,World,Carbon Removal|Land Use,Mt CO2/yr,2100,1160.1841,GW3-IIb,GW3b,GW3,ok
REMIND-MAgPIE 3.3-4.8,NGFS Phase 5-Below 2°C,1,World,Carbon Removal|Land Use,Mt CO2/yr,2060,808.4094,GW3-IIb,GW3b,GW3,ok
REMIND-MAgPIE 3.3-4.8,NGFS Phase 5-Below 2°C,1,World,Carbon Removal|Land Use,Mt CO2/yr,2055,761.7399999999999,GW3-IIb,GW3b,GW3,ok
REMIND-MAgPIE 3.3-4.8,NGFS Phase 5-Below 2°C,1,World,Carbon Removal|Land Use,Mt CO2/yr,2050,734.3464,GW3-IIb,GW3b,GW3,ok
REMIND-MAgPIE 3.3-4.8,NGFS Phase 5-Below 2°C,1,World,Carbon Removal|Land Use,Mt CO2/yr,2045,706.0582000000002,GW3-IIb,GW3b,GW3,ok
REMIND-MAgPIE 3.3-4.8,NGFS Phase 5-Below 2°C,1,World,Carbon Removal|Land Use,Mt CO2/yr,2070,887.8171,GW3-IIb,GW3b,GW3,ok
REMIND-MAgPIE 3.3-4.8,NGFS Phase 5-Below 2°C,1,World,Carbon Removal|Land Use,Mt CO2/yr,2035,601.7739,GW3-IIb,GW3b,GW3,ok
REMIND-MAgPIE 3.3-4.8,NGFS Phase 5-Below 2°C,1,World,Carbon Removal|Land Use,Mt CO2/yr,2030,538.924,GW3-IIb,GW3b,GW3,ok
REMIND-MAgPIE 3.3-4.8,NGFS Phase 5-Below 2°C,1,World,Carbon Removal|Land Use,Mt CO2/yr,2025,387.2398,GW3-IIb,GW3b,GW3,ok
REMIND-MAgPIE 3.3-4.8,NGFS Phase 5-Below 2°C,1,World,Carbon Removal|Land Use,Mt CO2/yr,2020,320.5919,GW3-IIb,GW3b,GW3,ok
REMIND-MAgPIE 3.3-4.8,NGFS Phase 5-Below 2°C,1,World,Carbon Removal|Land Use,Mt CO2/yr,2040,661.99,GW3-IIb,GW3b,GW3,ok
REMIND-MAgPIE 3.3-4.8,NGFS Phase 5-Below 2°C,1,World,Emissions|CO2,Mt CO2/yr,2100,1562.1821946,GW3-IIb,GW3b,GW3,ok
REMIND-MAgPIE 3.3-4.8,NGFS Phase 5-Below 2°C,1,World,Emissions|CO2,Mt CO2/yr,2090,2637.9056849,GW3-IIb,GW3b,GW3,ok
REMIND-MAgPIE 3.3-4.8,NGFS Phase 5-Below 2°C,1,World,Emissions|CO2,Mt CO2/yr,2080,3483.0854947,GW3-IIb,GW3b,GW3,ok
REMIND-MAgPIE 3.3-4.8,NGFS Phase 5-Below 2°C,1,World,Emissions|CO2,Mt CO2/yr,2070,4580.0170065,GW3-IIb,GW3b,GW3,ok
REMIND-MAgPIE 3.3-4.8,NGFS Phase 5-Below 2°C,1,World,Emissions|CO2,Mt CO2/yr,2060,6633.497533299999,GW3-IIb,GW3b,GW3,ok
REMIND-MAgPIE 3.3-4.8,NGFS Phase 5-Below 2°C,1,World,Emissions|CO2,Mt CO2/yr,2055,8173.419919,GW3-IIb,GW3b,GW3,ok
REMIND-MAgPIE 3.3-4.8,NGFS Phase 5-Below 2°C,1,World,Emissions|CO2,Mt CO2/yr,2050,10328.8775575,GW3-IIb,GW3b,GW3,ok
REMIND-MAgPIE 3.3-4.8,NGFS Phase 5-Below 2°C,1,World,Emissions|CO2,Mt CO2/yr,2045,13978.6508315,GW3-IIb,GW3b,GW3,ok
REMIND-MAgPIE 3.3-4.8,NGFS Phase 5-Below 2°C,1,World,Emissions|CO2,Mt CO2/yr,2035,27181.2355309,GW3-IIb,GW3b,GW3,ok
REMIND-MAgPIE 3.3-4.8,NGFS Phase 5-Below 2°C,1,World,Emissions|CO2,Mt CO2/yr,2030,35652.1306422,GW3-IIb,GW3b,GW3,ok
REMIND-MAgPIE 3.3-4.8,NGFS Phase 5-Below 2°C,1,World,Emissions|CO2,Mt CO2/yr,2025,43370.72432479999,GW3-IIb,GW3b,GW3,ok
REMIND-MAgPIE 3.3-4.8,NGFS Phase 5-Below 2°C,1,World,Emissions|CO2,Mt CO2/yr,2020,44336.01437690001,GW3-IIb,GW3b,GW3,ok
REMIND-MAgPIE 3.3-4.8,NGFS Phase 5-Below 2°C,1,World,Emissions|CO2,Mt CO2/yr,2040,19667.6628796,GW3-IIb,GW3b,GW3,ok
REMIND-MAgPIE 3.3-4.8,NGFS Phase 5-Below 2°C,1,World,Final Energy,EJ/yr,2100,557.5289095,GW3-IIb,GW3b,GW3,ok
REMIND-MAgPIE 3.3-4.8,NGFS Phase 5-Below 2°C,1,World,Final Energy,EJ/yr,2090,554.3701795000001,GW3-IIb,GW3b,GW3,ok
REMIND-MAgPIE 3.3-4.8,NGFS Phase 5-Below 2°C,1,World,Final Energy,EJ/yr,2080,529.6364693999999,GW3-IIb,GW3b,GW3,ok
REMIND-MAgPIE 3.3-4.8,NGFS Phase 5-Below 2°C,1,World,Final Energy,EJ/yr,2070,496.2498769,GW3-IIb,GW3b,GW3,ok
REMIND-MAgPIE 3.3-4.8,NGFS Phase 5-Below 2°C,1,World,Final Energy,EJ/yr,2060,477.1335018999999,GW3-IIb,GW3b,GW3,ok
REMIND-MAgPIE 3.3-4.8,NGFS Phase 5-Below 2°C,1,World,Final Energy,EJ/yr,2055,452.5842968,GW3-IIb,GW3b,GW3,ok
REMIND-MAgPIE 3.3-4.8,NGFS Phase 5-Below 2°C,1,World,Final Energy,EJ/yr,2050,448.3454744,GW3-IIb,GW3b,GW3,ok
REMIND-MAgPIE 3.3-4.8,NGFS Phase 5-Below 2°C,1,World,Final Energy,EJ/yr,2045,452.0080467,GW3-IIb,GW3b,GW3,ok
REMIND-MAgPIE 3.3-4.8,NGFS Phase 5-Below 2°C,1,World,Final Energy,EJ/yr,2040,462.4013633999999,GW3-IIb,GW3b,GW3,ok
REMIND-MAgPIE 3.3-4.8,NGFS Phase 5-Below 2°C,1,World,Final Energy,EJ/yr,2035,471.7861826999999,GW3-IIb,GW3b,GW3,ok
REMIND-MAgPIE 3.3-4.8,NGFS Phase 5-Below 2°C,1,World,Final Energy,EJ/yr,2030,474.5635966999999,GW3-IIb,GW3b,GW3,ok
REMIND-MAgPIE 3.3-4.8,NGFS Phase 5-Below 2°C,1,World,Final Energy,EJ/yr,2025,470.1639924,GW3-IIb,GW3b,GW3,ok
REMIND-MAgPIE 3.3-4.8,NGFS Phase 5-Below 2°C,1,World,Final Energy,EJ/yr,2020,439.0000707,GW3-IIb,GW3b,GW3,ok
REMIND-MAgPIE 3.3-4.8,NGFS Phase 5-Below 2°C,1,World,Final Energy|Electricity,EJ/yr,2090,311.8619498,GW3-IIb,GW3b,GW3,ok
REMIND-MAgPIE 3.3-4.8,NGFS Phase 5-Below 2°C,1,World,Final Energy|Electricity,EJ/yr,2080,287.7937654999999,GW3-IIb,GW3b,GW3,ok
REMIND-MAgPIE 3.3-4.8,NGFS Phase 5-Below 2°C,1,World,Final Energy|Electricity,EJ/yr,2070,258.5880156999999,GW3-IIb,GW3b,GW3,ok
REMIND-MAgPIE 3.3-4.8,NGFS Phase 5-Below 2°C,1,World,Final Energy|Electricity,EJ/yr,2060,239.0746496,GW3-IIb,GW3b,GW3,ok
REMIND-MAgPIE 3.3-4.8,NGFS Phase 5-Below 2°C,1,World,Final Energy|Electricity,EJ/yr,2055,218.8560169,GW3-IIb,GW3b,GW3,ok
REMIND-MAgPIE 3.3-4.8,NGFS Phase 5-Below 2°C,1,World,Final Energy|Electricity,EJ/yr,2050,203.5664308,GW3-IIb,GW3b,GW3,ok
REMIND-MAgPIE 3.3-4.8,NGFS Phase 5-Below 2°C,1,World,Final Energy|Electricity,EJ/yr,2045,184.4982052,GW3-IIb,GW3b,GW3,ok
REMIND-MAgPIE 3.3-4.8,NGFS Phase 5-Below 2°C,1,World,Final Energy|Electricity,EJ/yr,2100,322.0028666000001,GW3-IIb,GW3b,GW3,ok
REMIND-MAgPIE 3.3-4.8,NGFS Phase 5-Below 2°C,1,World,Final Energy|Electricity,EJ/yr,2035,142.0882874,GW3-IIb,GW3b,GW3,ok
REMIND-MAgPIE 3.3-4.8,NGFS Phase 5-Below 2°C,1,World,Final Energy|Electricity,EJ/yr,2030,121.4922159,GW3-IIb,GW3b,GW3,ok
REMIND-MAgPIE 3.3-4.8,NGFS Phase 5-Below 2°C,1,World,Final Energy|Electricity,EJ/yr,2025,101.5996939,GW3-IIb,GW3b,GW3,ok
REMIND-MAgPIE 3.3-4.8,NGFS Phase 5-Below 2°C,1,World,Final Energy|Electricity,EJ/yr,2020,85.66186060000001,GW3-IIb,GW3b,GW3,ok
REMIND-MAgPIE 3.3-4.8,NGFS Phase 5-Below 2°C,1,World,Final Energy|Electricity,EJ/yr,2040,163.1445118,GW3-IIb,GW3b,GW3,ok
REMIND-MAgPIE 3.3-4.8,NGFS Phase 5-Below 2°C,1,World,Food Availability|Crops [per capita],kcal/cap/day,2090,1499.4246,GW3-IIb,GW3b,GW3,ok
REMIND-MAgPIE 3.3-4.8,NGFS Phase 5-Below 2°C,1,World,Food Availability|Crops [per capita],kcal/cap/day,2080,1520.2354,GW3-IIb,GW3b,GW3,ok
REMIND-MAgPIE 3.3-4.8,NGFS Phase 5-Below 2°C,1,World,Food Availability|Crops [per capita],kcal/cap/day,2070,1545.7822,GW3-IIb,GW3b,GW3,ok
REMIND-MAgPIE 3.3-4.8,NGFS Phase 5-Below 2°C,1,World,Food Availability|Crops [per capita],kcal/cap/day,2060,1575.1737,GW3-IIb,GW3b,GW3,ok
REMIND-MAgPIE 3.3-4.8,NGFS Phase 5-Below 2°C,1,World,Food Availability|Crops [per capita],kcal/cap/day,2055,1590.3259,GW3-IIb,GW3b,GW3,ok
REMIND-MAgPIE 3.3-4.8,NGFS Phase 5-Below 2°C,1,World,Food Availability|Crops [per capita],kcal/cap/day,2050,1606.0378,GW3-IIb,GW3b,GW3,ok
REMIND-MAgPIE 3.3-4.8,NGFS Phase 5-Below 2°C,1,World,Food Availability|Crops [per capita],kcal/cap/day,2045,1622.4603,GW3-IIb,GW3b,GW3,ok
REMIND-MAgPIE 3.3-4.8,NGFS Phase 5-Below 2°C,1,World,Food Availability|Crops [per capita],kcal/cap/day,2100,1481.7562,GW3-IIb,GW3b,GW3,ok
REMIND-MAgPIE 3.3-4.8,NGFS Phase 5-Below 2°C,1,World,Food Availability|Crops [per capita],kcal/cap/day,2035,1656.5914,GW3-IIb,GW3b,GW3,ok
REMIND-MAgPIE 3.3-4.8,NGFS Phase 5-Below 2°C,1,World,Food Availability|Crops [per capita],kcal/cap/day,2030,1676.3065,GW3-IIb,GW3b,GW3,ok
REMIND-MAgPIE 3.3-4.8,NGFS Phase 5-Below 2°C,1,World,Food Availability|Crops [per capita],kcal/cap/day,2025,1697.124,GW3-IIb,GW3b,GW3,ok
REMIND-MAgPIE 3.3-4.8,NGFS Phase 5-Below 2°C,1,World,Food Availability|Crops [per capita],kcal/cap/day,2020,1714.2354,GW3-IIb,GW3b,GW3,ok
REMIND-MAgPIE 3.3-4.8,NGFS Phase 5-Below 2°C,1,World,Food Availability|Crops [per capita],kcal/cap/day,2040,1638.9768,GW3-IIb,GW3b,GW3,ok
REMIND-MAgPIE 3.3-4.8,NGFS Phase 5-Below 2°C,1,World,Food Availability|Livestock [per capita],kcal/cap/day,2090,771.9098,GW3-IIb,GW3b,GW3,ok
REMIND-MAgPIE 3.3-4.8,NGFS Phase 5-Below 2°C,1,World,Food Availability|Livestock [per capita],kcal/cap/day,2080,743.0965,GW3-IIb,GW3b,GW3,ok
REMIND-MAgPIE 3.3-4.8,NGFS Phase 5-Below 2°C,1,World,Food Availability|Livestock [per capita],kcal/cap/day,2070,710.8896,GW3-IIb,GW3b,GW3,ok
REMIND-MAgPIE 3.3-4.8,NGFS Phase 5-Below 2°C,1,World,Food Availability|Livestock [per capita],kcal/cap/day,2060,677.4769,GW3-IIb,GW3b,GW3,ok
REMIND-MAgPIE 3.3-4.8,NGFS Phase 5-Below 2°C,1,World,Food Availability|Livestock [per capita],kcal/cap/day,2055,660.1669999999999,GW3-IIb,GW3b,GW3,ok
REMIND-MAgPIE 3.3-4.8,NGFS Phase 5-Below 2°C,1,World,Food Availability|Livestock [per capita],kcal/cap/day,2050,643.0047000000001,GW3-IIb,GW3b,GW3,ok
REMIND-MAgPIE 3.3-4.8,NGFS Phase 5-Below 2°C,1,World,Food Availability|Livestock [per capita],kcal/cap/day,2100,796.7503,GW3-IIb,GW3b,GW3,ok
REMIND-MAgPIE 3.3-4.8,NGFS Phase 5-Below 2°C,1,World,Food Availability|Livestock [per capita],kcal/cap/day,2045,625.7974,GW3-IIb,GW3b,GW3,ok
REMIND-MAgPIE 3.3-4.8,NGFS Phase 5-Below 2°C,1,World,Food Availability|Livestock [per capita],kcal/cap/day,2035,588.8454999999999,GW3-IIb,GW3b,GW3,ok
REMIND-MAgPIE 3.3-4.8,NGFS Phase 5-Below 2°C,1,World,Food Availability|Livestock [per capita],kcal/cap/day,2030,567.2543000000001,GW3-IIb,GW3b,GW3,ok
REMIND-MAgPIE 3.3-4.8,NGFS Phase 5-Below 2°C,1,World,Food Availability|Livestock [per capita],kcal/cap/day,2025,543.7801000000001,GW3-IIb,GW3b,GW3,ok
REMIND-MAgPIE 3.3-4.8,NGFS Phase 5-Below 2°C,1,World,Food Availability|Livestock [per capita],kcal/cap/day,2020,521.828,GW3-IIb,GW3b,GW3,ok
REMIND-MAgPIE 3.3-4.8,NGFS Phase 5-Below 2°C,1,World,Food Availability|Livestock [per capita],kcal/cap/day,2040,607.8055999999999,GW3-IIb,GW3b,GW3,ok
REMIND-MAgPIE 3.3-4.8,NGFS Phase 5-Below 2°C,1,World,GDP|MER,billion USD_2010/yr,2100,319926.110231168,GW3-IIb,GW3b,GW3,ok
REMIND-MAgPIE 3.3-4.8,NGFS Phase 5-Below 2°C,1,World,GDP|MER,billion USD_2010/yr,2090,283566.785586112,GW3-IIb,GW3b,GW3,ok
REMIND-MAgPIE 3.3-4.8,NGFS Phase 5-Below 2°C,1,World,GDP|MER,billion USD_2010/yr,2080,250503.3510558881,GW3-IIb,GW3b,GW3,ok
REMIND-MAgPIE 3.3-4.8,NGFS Phase 5-Below 2°C,1,World,GDP|MER,billion USD_2010/yr,2070,216255.730938912,GW3-IIb,GW3b,GW3,ok
REMIND-MAgPIE 3.3-4.8,NGFS Phase 5-Below 2°C,1,World,GDP|MER,billion USD_2010/yr,2060,183888.884713744,GW3-IIb,GW3b,GW3,ok
REMIND-MAgPIE 3.3-4.8,NGFS Phase 5-Below 2°C,1,World,GDP|MER,billion USD_2010/yr,2055,169240.863126944,GW3-IIb,GW3b,GW3,ok
REMIND-MAgPIE 3.3-4.8,NGFS Phase 5-Below 2°C,1,World,GDP|MER,billion USD_2010/yr,2050,155061.527509616,GW3-IIb,GW3b,GW3,ok
REMIND-MAgPIE 3.3-4.8,NGFS Phase 5-Below 2°C,1,World,GDP|MER,billion USD_2010/yr,2040,128258.941621104,GW3-IIb,GW3b,GW3,ok
REMIND-MAgPIE 3.3-4.8,NGFS Phase 5-Below 2°C,1,World,GDP|MER,billion USD_2010/yr,2035,115821.26281152,GW3-IIb,GW3b,GW3,ok
REMIND-MAgPIE 3.3-4.8,NGFS Phase 5-Below 2°C,1,World,GDP|MER,billion USD_2010/yr,2030,103223.354714144,GW3-IIb,GW3b,GW3,ok
REMIND-MAgPIE 3.3-4.8,NGFS Phase 5-Below 2°C,1,World,GDP|MER,billion USD_2010/yr,2025,91158.754152144,GW3-IIb,GW3b,GW3,ok
REMIND-MAgPIE 3.3-4.8,NGFS Phase 5-Below 2°C,1,World,GDP|MER,billion USD_2010/yr,2020,79822.60273355202,GW3-IIb,GW3b,GW3,ok
REMIND-MAgPIE 3.3-4.8,NGFS Phase 5-Below 2°C,1,World,GDP|MER,billion USD_2010/yr,2045,141231.321396592,GW3-IIb,GW3b,GW3,ok
REMIND-MAgPIE 3.3-4.8,NGFS Phase 5-Below 2°C,1,World,Investment|Energy Supply,billion USD_2010/yr,2100,3966.123147504,GW3-IIb,GW3b,GW3,ok
REMIND-MAgPIE 3.3-4.8,NGFS Phase 5-Below 2°C,1,World,Investment|Energy Supply,billion USD_2010/yr,2090,4281.231304448001,GW3-IIb,GW3b,GW3,ok
REMIND-MAgPIE 3.3-4.8,NGFS Phase 5-Below 2°C,1,World,Investment|Energy Supply,billion USD_2010/yr,2080,4118.907810752,GW3-IIb,GW3b,GW3,ok
REMIND-MAgPIE 3.3-4.8,NGFS Phase 5-Below 2°C,1,World,Investment|Energy Supply,billion USD_2010/yr,2070,3351.87367144,GW3-IIb,GW3b,GW3,ok
REMIND-MAgPIE 3.3-4.8,NGFS Phase 5-Below 2°C,1,World,Investment|Energy Supply,billion USD_2010/yr,2060,2543.158329376,GW3-IIb,GW3b,GW3,ok
REMIND-MAgPIE 3.3-4.8,NGFS Phase 5-Below 2°C,1,World,Investment|Energy Supply,billion USD_2010/yr,2055,2594.394330640001,GW3-IIb,GW3b,GW3,ok
REMIND-MAgPIE 3.3-4.8,NGFS Phase 5-Below 2°C,1,World,Investment|Energy Supply,billion USD_2010/yr,2050,2647.562767248001,GW3-IIb,GW3b,GW3,ok
REMIND-MAgPIE 3.3-4.8,NGFS Phase 5-Below 2°C,1,World,Investment|Energy Supply,billion USD_2010/yr,2045,2781.273468512,GW3-IIb,GW3b,GW3,ok
REMIND-MAgPIE 3.3-4.8,NGFS Phase 5-Below 2°C,1,World,Investment|Energy Supply,billion USD_2010/yr,2040,2928.354424912,GW3-IIb,GW3b,GW3,ok
REMIND-MAgPIE 3.3-4.8,NGFS Phase 5-Below 2°C,1,World,Investment|Energy Supply,billion USD_2010/yr,2035,2910.816617968001,GW3-IIb,GW3b,GW3,ok
REMIND-MAgPIE 3.3-4.8,NGFS Phase 5-Below 2°C,1,World,Investment|Energy Supply,billion USD_2010/yr,2030,2516.979243184,GW3-IIb,GW3b,GW3,ok
REMIND-MAgPIE 3.3-4.8,NGFS Phase 5-Below 2°C,1,World,Investment|Energy Supply,billion USD_2010/yr,2025,1867.366464544,GW3-IIb,GW3b,GW3,ok
REMIND-MAgPIE 3.3-4.8,NGFS Phase 5-Below 2°C,1,World,Investment|Energy Supply,billion USD_2010/yr,2020,1394.336556256,GW3-IIb,GW3b,GW3,ok
REMIND-MAgPIE 3.3-4.8,NGFS Phase 5-Below 2°C,1,World,Land Cover,million ha,2100,12986.3818,GW3-IIb,GW3b,GW3,ok
REMIND-MAgPIE 3.3-4.8,NGFS Phase 5-Below 2°C,1,World,Land Cover,million ha,2090,12986.3818,GW3-IIb,GW3b,GW3,ok
REMIND-MAgPIE 3.3-4.8,NGFS Phase 5-Below 2°C,1,World,Land Cover,million ha,2080,12986.3818,GW3-IIb,GW3b,GW3,ok
REMIND-MAgPIE 3.3-4.8,NGFS Phase 5-Below 2°C,1,World,Land Cover,million ha,2070,12986.3818,GW3-IIb,GW3b,GW3,ok
REMIND-MAgPIE 3.3-4.8,NGFS Phase 5-Below 2°C,1,World,Land Cover,million ha,2060,12986.3818,GW3-IIb,GW3b,GW3,ok
REMIND-MAgPIE 3.3-4.8,NGFS Phase 5-Below 2°C,1,World,Land Cover,million ha,2055,12986.3818,GW3-IIb,GW3b,GW3,ok
REMIND-MAgPIE 3.3-4.8,NGFS Phase 5-Below 2°C,1,World,Land Cover,million ha,2050,12986.3818,GW3-IIb,GW3b,GW3,ok
REMIND-MAgPIE 3.3-4.8,NGFS Phase 5-Below 2°C,1,World,Land Cover,million ha,2040,12986.3818,GW3-IIb,GW3b,GW3,ok
REMIND-MAgPIE 3.3-4.8,NGFS Phase 5-Below 2°C,1,World,Land Cover,million ha,2035,12986.3818,GW3-IIb,GW3b,GW3,ok
REMIND-MAgPIE 3.3-4.8,NGFS Phase 5-Below 2°C,1,World,Land Cover,million ha,2030,12986.3818,GW3-IIb,GW3b,GW3,ok
REMIND-MAgPIE 3.3-4.8,NGFS Phase 5-Below 2°C,1,World,Land Cover,million ha,2025,12986.3818,GW3-IIb,GW3b,GW3,ok
REMIND-MAgPIE 3.3-4.8,NGFS Phase 5-Below 2°C,1,World,Land Cover,million ha,2020,12986.3818,GW3-IIb,GW3b,GW3,ok
REMIND-MAgPIE 3.3-4.8,NGFS Phase 5-Below 2°C,1,World,Land Cover,million ha,2045,12986.3818,GW3-IIb,GW3b,GW3,ok
REMIND-MAgPIE 3.3-4.8,NGFS Phase 5-Below 2°C,1,World,Land Cover|Forest,million ha,2100,4223.3576,GW3-IIb,GW3b,GW3,ok
REMIND-MAgPIE 3.3-4.8,NGFS Phase 5-Below 2°C,1,World,Land Cover|Forest,million ha,2090,4206.359,GW3-IIb,GW3b,GW3,ok
REMIND-MAgPIE 3.3-4.8,NGFS Phase 5-Below 2°C,1,World,Land Cover|Forest,million ha,2080,4173.118200000001,GW3-IIb,GW3b,GW3,ok
REMIND-MAgPIE 3.3-4.8,NGFS Phase 5-Below 2°C,1,World,Land Cover|Forest,million ha,2070,4131.96,GW3-IIb,GW3b,GW3,ok
REMIND-MAgPIE 3.3-4.8,NGFS Phase 5-Below 2°C,1,World,Land Cover|Forest,million ha,2060,4103.5997,GW3-IIb,GW3b,GW3,ok
REMIND-MAgPIE 3.3-4.8,NGFS Phase 5-Below 2°C,1,World,Land Cover|Forest,million ha,2055,4094.1936,GW3-IIb,GW3b,GW3,ok
REMIND-MAgPIE 3.3-4.8,NGFS Phase 5-Below 2°C,1,World,Land Cover|Forest,million ha,2050,4074.3625,GW3-IIb,GW3b,GW3,ok
REMIND-MAgPIE 3.3-4.8,NGFS Phase 5-Below 2°C,1,World,Land Cover|Forest,million ha,2045,4057.4033,GW3-IIb,GW3b,GW3,ok
REMIND-MAgPIE 3.3-4.8,NGFS Phase 5-Below 2°C,1,World,Land Cover|Forest,million ha,2040,4020.7863,GW3-IIb,GW3b,GW3,ok
REMIND-MAgPIE 3.3-4.8,NGFS Phase 5-Below 2°C,1,World,Land Cover|Forest,million ha,2035,4001.4633,GW3-IIb,GW3b,GW3,ok
REMIND-MAgPIE 3.3-4.8,NGFS Phase 5-Below 2°C,1,World,Land Cover|Forest,million ha,2030,3981.6696,GW3-IIb,GW3b,GW3,ok
REMIND-MAgPIE 3.3-4.8,NGFS Phase 5-Below 2°C,1,World,Land Cover|Forest,million ha,2025,3965.5638,GW3-IIb,GW3b,GW3,ok
REMIND-MAgPIE 3.3-4.8,NGFS Phase 5-Below 2°C,1,World,Land Cover|Forest,million ha,2020,3918.0832,GW3-IIb,GW3b,GW3,ok
REMIND-MAgPIE 3.3-4.8,NGFS Phase 5-Below 2°C,1,World,Population,million,2090,10111.9263186,GW3-IIb,GW3b,GW3,ok
REMIND-MAgPIE 3.3-4.8,NGFS Phase 5-Below 2°C,1,World,Population,million,2080,10186.7226176,GW3-IIb,GW3b,GW3,ok
REMIND-MAgPIE 3.3-4.8,NGFS Phase 5-Below 2°C,1,World,Population,million,2070,10141.0872844,GW3-IIb,GW3b,GW3,ok
REMIND-MAgPIE 3.3-4.8,NGFS Phase 5-Below 2°C,1,World,Population,million,2060,9962.9486634,GW3-IIb,GW3b,GW3,ok
REMIND-MAgPIE 3.3-4.8,NGFS Phase 5-Below 2°C,1,World,Population,million,2055,9818.811888,GW3-IIb,GW3b,GW3,ok
REMIND-MAgPIE 3.3-4.8,NGFS Phase 5-Below 2°C,1,World,Population,million,2050,9635.221517800002,GW3-IIb,GW3b,GW3,ok
REMIND-MAgPIE 3.3-4.8,NGFS Phase 5-Below 2°C,1,World,Population,million,2045,9409.292492400002,GW3-IIb,GW3b,GW3,ok
REMIND-MAgPIE 3.3-4.8,NGFS Phase 5-Below 2°C,1,World,Population,million,2100,9945.4020075,GW3-IIb,GW3b,GW3,ok
REMIND-MAgPIE 3.3-4.8,NGFS Phase 5-Below 2°C,1,World,Population,million,2035,8848.101586100001,GW3-IIb,GW3b,GW3,ok
REMIND-MAgPIE 3.3-4.8,NGFS Phase 5-Below 2°C,1,World,Population,million,2030,8523.986635499998,GW3-IIb,GW3b,GW3,ok
REMIND-MAgPIE 3.3-4.8,NGFS Phase 5-Below 2°C,1,World,Population,million,2025,8171.2855288,GW3-IIb,GW3b,GW3,ok
REMIND-MAgPIE 3.3-4.8,NGFS Phase 5-Below 2°C,1,World,Population,million,2020,7823.5196069,GW3-IIb,GW3b,GW3,ok
REMIND-MAgPIE 3.3-4.8,NGFS Phase 5-Below 2°C,1,World,Population,million,2040,9145.249722900002,GW3-IIb,GW3b,GW3,ok
REMIND-MAgPIE 3.3-4.8,NGFS Phase 5-Below 2°C,1,World,Price|Secondary Energy|Electricity,USD_2010/GJ,2050,13.995303504,GW3-IIb,GW3b,GW3,ok
REMIND-MAgPIE 3.3-4.8,NGFS Phase 5-Below 2°C,1,World,Price|Secondary Energy|Electricity,USD_2010/GJ,2100,12.010949216,GW3-IIb,GW3b,GW3,ok
REMIND-MAgPIE 3.3-4.8,NGFS Phase 5-Below 2°C,1,World,Price|Secondary Energy|Electricity,USD_2010/GJ,2090,12.582535504,GW3-IIb,GW3b,GW3,ok
REMIND-MAgPIE 3.3-4.8,NGFS Phase 5-Below 2°C,1,World,Price|Secondary Energy|Electricity,USD_2010/GJ,2080,13.058941168,GW3-IIb,GW3b,GW3,ok
REMIND-MAgPIE 3.3-4.8,NGFS Phase 5-Below 2°C,1,World,Price|Secondary Energy|Electricity,USD_2010/GJ,2070,12.507077744,GW3-IIb,GW3b,GW3,ok
REMIND-MAgPIE 3.3-4.8,NGFS Phase 5-Below 2°C,1,World,Price|Secondary Energy|Electricity,USD_2010/GJ,2060,12.416720736,GW3-IIb,GW3b,GW3,ok
REMIND-MAgPIE 3.3-4.8,NGFS Phase 5-Below 2°C,1,World,Price|Secondary Energy|Electricity,USD_2010/GJ,2055,13.71579552,GW3-IIb,GW3b,GW3,ok
REMIND-MAgPIE 3.3-4.8,NGFS Phase 5-Below 2°C,1,World,Price|Secondary Energy|Electricity,USD_2010/GJ,2045,14.643217008,GW3-IIb,GW3b,GW3,ok
REMIND-MAgPIE 3.3-4.8,NGFS Phase 5-Below 2°C,1,World,Price|Secondary Energy|Electricity,USD_2010/GJ,2035,18.734284576,GW3-IIb,GW3b,GW3,ok
REMIND-MAgPIE 3.3-4.8,NGFS Phase 5-Below 2°C,1,World,Price|Secondary Energy|Electricity,USD_2010/GJ,2030,19.57336304,GW3-IIb,GW3b,GW3,ok
REMIND-MAgPIE 3.3-4.8,NGFS Phase 5-Below 2°C,1,World,Price|Secondary Energy|Electricity,USD_2010/GJ,2025,18.798452624,GW3-IIb,GW3b,GW3,ok
REMIND-MAgPIE 3.3-4.8,NGFS Phase 5-Below 2°C,1,World,Price|Secondary Energy|Electricity,USD_2010/GJ,2020,17.51547784,GW3-IIb,GW3b,GW3,ok
REMIND-MAgPIE 3.3-4.8,NGFS Phase 5-Below 2°C,1,World,Price|Secondary Energy|Electricity,USD_2010/GJ,2040,16.724497776,GW3-IIb,GW3b,GW3,ok
REMIND-MAgPIE 3.3-4.8,NGFS Phase 5-Below 2°C,1,World,Primary Energy|Biomass,EJ/yr,2100,98.9040563,GW3-IIb,GW3b,GW3,ok
REMIND-MAgPIE 3.3-4.8,NGFS Phase 5-Below 2°C,1,World,Primary Energy|Biomass,EJ/yr,2090,95.8203854,GW3-IIb,GW3b,GW3,ok
REMIND-MAgPIE 3.3-4.8,NGFS Phase 5-Below 2°C,1,World,Primary Energy|Biomass,EJ/yr,2080,89.8243706,GW3-IIb,GW3b,GW3,ok
REMIND-MAgPIE 3.3-4.8,NGFS Phase 5-Below 2°C,1,World,Primary Energy|Biomass,EJ/yr,2070,80.70818709999999,GW3-IIb,GW3b,GW3,ok
REMIND-MAgPIE 3.3-4.8,NGFS Phase 5-Below 2°C,1,World,Primary Energy|Biomass,EJ/yr,2060,69.475283,GW3-IIb,GW3b,GW3,ok
REMIND-MAgPIE 3.3-4.8,NGFS Phase 5-Below 2°C,1,World,Primary Energy|Biomass,EJ/yr,2055,63.1709856,GW3-IIb,GW3b,GW3,ok
REMIND-MAgPIE 3.3-4.8,NGFS Phase 5-Below 2°C,1,World,Primary Energy|Biomass,EJ/yr,2050,59.03733290000001,GW3-IIb,GW3b,GW3,ok
REMIND-MAgPIE 3.3-4.8,NGFS Phase 5-Below 2°C,1,World,Primary Energy|Biomass,EJ/yr,2045,55.2944621,GW3-IIb,GW3b,GW3,ok
REMIND-MAgPIE 3.3-4.8,NGFS Phase 5-Below 2°C,1,World,Primary Energy|Biomass,EJ/yr,2040,52.1172022,GW3-IIb,GW3b,GW3,ok
REMIND-MAgPIE 3.3-4.8,NGFS Phase 5-Below 2°C,1,World,Primary Energy|Biomass,EJ/yr,2035,52.52493370000001,GW3-IIb,GW3b,GW3,ok
REMIND-MAgPIE 3.3-4.8,NGFS Phase 5-Below 2°C,1,World,Primary Energy|Biomass,EJ/yr,2030,54.26123290000001,GW3-IIb,GW3b,GW3,ok
REMIND-MAgPIE 3.3-4.8,NGFS Phase 5-Below 2°C,1,World,Primary Energy|Biomass,EJ/yr,2025,55.4640511,GW3-IIb,GW3b,GW3,ok
REMIND-MAgPIE 3.3-4.8,NGFS Phase 5-Below 2°C,1,World,Primary Energy|Biomass,EJ/yr,2020,55.1652744,GW3-IIb,GW3b,GW3,ok
REMIND-MAgPIE 3.3-4.8,NGFS Phase 5-Below 2°C,1,World,Primary Energy|Coal,EJ/yr,2100,4.6717959,GW3-IIb,GW3b,GW3,ok
REMIND-MAgPIE 3.3-4.8,NGFS Phase 5-Below 2°C,1,World,Primary Energy|Coal,EJ/yr,2090,5.1537489,GW3-IIb,GW3b,GW3,ok
REMIND-MAgPIE 3.3-4.8,NGFS Phase 5-Below 2°C,1,World,Primary Energy|Coal,EJ/yr,2080,5.2402365,GW3-IIb,GW3b,GW3,ok
REMIND-MAgPIE 3.3-4.8,NGFS Phase 5-Below 2°C,1,World,Primary Energy|Coal,EJ/yr,2070,5.2651374,GW3-IIb,GW3b,GW3,ok
REMIND-MAgPIE 3.3-4.8,NGFS Phase 5-Below 2°C,1,World,Primary Energy|Coal,EJ/yr,2060,6.331771100000001,GW3-IIb,GW3b,GW3,ok
REMIND-MAgPIE 3.3-4.8,NGFS Phase 5-Below 2°C,1,World,Primary Energy|Coal,EJ/yr,2055,8.542146500000001,GW3-IIb,GW3b,GW3,ok
REMIND-MAgPIE 3.3-4.8,NGFS Phase 5-Below 2°C,1,World,Primary Energy|Coal,EJ/yr,2050,12.4086251,GW3-IIb,GW3b,GW3,ok
REMIND-MAgPIE 3.3-4.8,NGFS Phase 5-Below 2°C,1,World,Primary Energy|Coal,EJ/yr,2045,24.5210742,GW3-IIb,GW3b,GW3,ok
REMIND-MAgPIE 3.3-4.8,NGFS Phase 5-Below 2°C,1,World,Primary Energy|Coal,EJ/yr,2040,46.530019,GW3-IIb,GW3b,GW3,ok
REMIND-MAgPIE 3.3-4.8,NGFS Phase 5-Below 2°C,1,World,Primary Energy|Coal,EJ/yr,2035,83.3024544,GW3-IIb,GW3b,GW3,ok
REMIND-MAgPIE 3.3-4.8,NGFS Phase 5-Below 2°C,1,World,Primary Energy|Coal,EJ/yr,2030,131.7729877,GW3-IIb,GW3b,GW3,ok
REMIND-MAgPIE 3.3-4.8,NGFS Phase 5-Below 2°C,1,World,Primary Energy|Coal,EJ/yr,2025,170.507718,GW3-IIb,GW3b,GW3,ok
REMIND-MAgPIE 3.3-4.8,NGFS Phase 5-Below 2°C,1,World,Primary Energy|Coal,EJ/yr,2020,171.5989959,GW3-IIb,GW3b,GW3,ok
REMIND-MAgPIE 3.3-4.8,NGFS Phase 5-Below 2°C,1,World,Primary Energy|Fossil|w/ CCS,EJ/yr,2100,7.77e-05,GW3-IIb,GW3b,GW3,ok
REMIND-MAgPIE 3.3-4.8,NGFS Phase 5-Below 2°C,1,World,Primary Energy|Fossil|w/ CCS,EJ/yr,2090,0.004351,GW3-IIb,GW3b,GW3,ok
REMIND-MAgPIE 3.3-4.8,NGFS Phase 5-Below 2°C,1,World,Primary Energy|Fossil|w/ CCS,EJ/yr,2080,0.0636698,GW3-IIb,GW3b,GW3,ok
REMIND-MAgPIE 3.3-4.8,NGFS Phase 5-Below 2°C,1,World,Primary Energy|Fossil|w/ CCS,EJ/yr,2070,0.2044361,GW3-IIb,GW3b,GW3,ok
REMIND-MAgPIE 3.3-4.8,NGFS Phase 5-Below 2°C,1,World,Primary Energy|Fossil|w/ CCS,EJ/yr,2060,0.3952101,GW3-IIb,GW3b,GW3,ok
REMIND-MAgPIE 3.3-4.8,NGFS Phase 5-Below 2°C,1,World,Primary Energy|Fossil|w/ CCS,EJ/yr,2055,0.46668,GW3-IIb,GW3b,GW3,ok
REMIND-MAgPIE 3.3-4.8,NGFS Phase 5-Below 2°C,1,World,Primary Energy|Fossil|w/ CCS,EJ/yr,2050,0.5093474,GW3-IIb,GW3b,GW3,ok
REMIND-MAgPIE 3.3-4.8,NGFS Phase 5-Below 2°C,1,World,Primary Energy|Fossil|w/ CCS,EJ/yr,2040,0.4645929,GW3-IIb,GW3b,GW3,ok
REMIND-MAgPIE 3.3-4.8,NGFS Phase 5-Below 2°C,1,World,Primary Energy|Fossil|w/ CCS,EJ/yr,2035,0.3764035,GW3-IIb,GW3b,GW3,ok
REMIND-MAgPIE 3.3-4.8,NGFS Phase 5-Below 2°C,1,World,Primary Energy|Fossil|w/ CCS,EJ/yr,2030,0.2836757,GW3-IIb,GW3b,GW3,ok
REMIND-MAgPIE 3.3-4.8,NGFS Phase 5-Below 2°C,1,World,Primary Energy|Fossil|w/ CCS,EJ/yr,2025,0.1986494,GW3-IIb,GW3b,GW3,ok
REMIND-MAgPIE 3.3-4.8,NGFS Phase 5-Below 2°C,1,World,Primary Energy|Fossil|w/ CCS,EJ/yr,2020,0.0644382999999999,GW3-IIb,GW3b,GW3,ok
REMIND-MAgPIE 3.3-4.8,NGFS Phase 5-Below 2°C,1,World,Primary Energy|Fossil|w/ CCS,EJ/yr,2045,0.5105232,GW3-IIb,GW3b,GW3,ok
REMIND-MAgPIE 3.3-4.8,NGFS Phase 5-Below 2°C,1,World,Primary Energy|Fossil|w/o CCS,EJ/yr,2090,156.0293151,GW3-IIb,GW3b,GW3,ok
REMIND-MAgPIE 3.3-4.8,NGFS Phase 5-Below 2°C,1,World,Primary Energy|Fossil|w/o CCS,EJ/yr,2080,168.4241937,GW3-IIb,GW3b,GW3,ok
REMIND-MAgPIE 3.3-4.8,NGFS Phase 5-Below 2°C,1,World,Primary Energy|Fossil|w/o CCS,EJ/yr,2070,178.8886963,GW3-IIb,GW3b,GW3,ok
REMIND-MAgPIE 3.3-4.8,NGFS Phase 5-Below 2°C,1,World,Primary Energy|Fossil|w/o CCS,EJ/yr,2060,195.5141345,GW3-IIb,GW3b,GW3,ok
REMIND-MAgPIE 3.3-4.8,NGFS Phase 5-Below 2°C,1,World,Primary Energy|Fossil|w/o CCS,EJ/yr,2055,202.3466211,GW3-IIb,GW3b,GW3,ok
REMIND-MAgPIE 3.3-4.8,NGFS Phase 5-Below 2°C,1,World,Primary Energy|Fossil|w/o CCS,EJ/yr,2050,222.6638409,GW3-IIb,GW3b,GW3,ok
REMIND-MAgPIE 3.3-4.8,NGFS Phase 5-Below 2°C,1,World,Primary Energy|Fossil|w/o CCS,EJ/yr,2045,260.9773696,GW3-IIb,GW3b,GW3,ok
REMIND-MAgPIE 3.3-4.8,NGFS Phase 5-Below 2°C,1,World,Primary Energy|Fossil|w/o CCS,EJ/yr,2100,139.361383,GW3-IIb,GW3b,GW3,ok
REMIND-MAgPIE 3.3-4.8,NGFS Phase 5-Below 2°C,1,World,Primary Energy|Fossil|w/o CCS,EJ/yr,2035,388.3999466,GW3-IIb,GW3b,GW3,ok
REMIND-MAgPIE 3.3-4.8,NGFS Phase 5-Below 2°C,1,World,Primary Energy|Fossil|w/o CCS,EJ/yr,2030,462.518999,GW3-IIb,GW3b,GW3,ok
REMIND-MAgPIE 3.3-4.8,NGFS Phase 5-Below 2°C,1,World,Primary Energy|Fossil|w/o CCS,EJ/yr,2025,512.1283329000001,GW3-IIb,GW3b,GW3,ok
REMIND-MAgPIE 3.3-4.8,NGFS Phase 5-Below 2°C,1,World,Primary Energy|Fossil|w/o CCS,EJ/yr,2020,500.6521242,GW3-IIb,GW3b,GW3,ok
REMIND-MAgPIE 3.3-4.8,NGFS Phase 5-Below 2°C,1,World,Primary Energy|Fossil|w/o CCS,EJ/yr,2040,317.1449251000001,GW3-IIb,GW3b,GW3,ok
REMIND-MAgPIE 3.3-4.8,NGFS Phase 5-Below 2°C,1,World,Primary Energy|Gas,EJ/yr,2090,108.8151096,GW3-IIb,GW3b,GW3,ok
REMIND-MAgPIE 3.3-4.8,NGFS Phase 5-Below 2°C,1,World,Primary Energy|Gas,EJ/yr,2080,110.2286799,GW3-IIb,GW3b,GW3,ok
REMIND-MAgPIE 3.3-4.8,NGFS Phase 5-Below 2°C,1,World,Primary Energy|Gas,EJ/yr,2070,106.0021269,GW3-IIb,GW3b,GW3,ok
REMIND-MAgPIE 3.3-4.8,NGFS Phase 5-Below 2°C,1,World,Primary Energy|Gas,EJ/yr,2060,99.8989526,GW3-IIb,GW3b,GW3,ok
REMIND-MAgPIE 3.3-4.8,NGFS Phase 5-Below 2°C,1,World,Primary Energy|Gas,EJ/yr,2055,90.5431933,GW3-IIb,GW3b,GW3,ok
REMIND-MAgPIE 3.3-4.8,NGFS Phase 5-Below 2°C,1,World,Primary Energy|Gas,EJ/yr,2050,88.3915953,GW3-IIb,GW3b,GW3,ok
REMIND-MAgPIE 3.3-4.8,NGFS Phase 5-Below 2°C,1,World,Primary Energy|Gas,EJ/yr,2100,100.8463488,GW3-IIb,GW3b,GW3,ok
REMIND-MAgPIE 3.3-4.8,NGFS Phase 5-Below 2°C,1,World,Primary Energy|Gas,EJ/yr,2045,94.4543329,GW3-IIb,GW3b,GW3,ok
REMIND-MAgPIE 3.3-4.8,NGFS Phase 5-Below 2°C,1,World,Primary Energy|Gas,EJ/yr,2035,128.4830063,GW3-IIb,GW3b,GW3,ok
REMIND-MAgPIE 3.3-4.8,NGFS Phase 5-Below 2°C,1,World,Primary Energy|Gas,EJ/yr,2030,141.8455288,GW3-IIb,GW3b,GW3,ok
REMIND-MAgPIE 3.3-4.8,NGFS Phase 5-Below 2°C,1,World,Primary Energy|Gas,EJ/yr,2025,144.2210936,GW3-IIb,GW3b,GW3,ok
REMIND-MAgPIE 3.3-4.8,NGFS Phase 5-Below 2°C,1,World,Primary Energy|Gas,EJ/yr,2020,137.4595301,GW3-IIb,GW3b,GW3,ok
REMIND-MAgPIE 3.3-4.8,NGFS Phase 5-Below 2°C,1,World,Primary Energy|Gas,EJ/yr,2040,109.6624649,GW3-IIb,GW3b,GW3,ok
REMIND-MAgPIE 3.3-4.8,NGFS Phase 5-Below 2°C,1,World,Primary Energy|Non-Biomass Renewables,EJ/yr,2100,505.9719496,GW3-IIb,GW3b,GW3,ok
REMIND-MAgPIE 3.3-4.8,NGFS Phase 5-Below 2°C,1,World,Primary Energy|Non-Biomass Renewables,EJ/yr,2090,474.9652186999999,GW3-IIb,GW3b,GW3,ok
REMIND-MAgPIE 3.3-4.8,NGFS Phase 5-Below 2°C,1,World,Primary Energy|Non-Biomass Renewables,EJ/yr,2080,420.3217822,GW3-IIb,GW3b,GW3,ok
REMIND-MAgPIE 3.3-4.8,NGFS Phase 5-Below 2°C,1,World,Primary Energy|Non-Biomass Renewables,EJ/yr,2070,360.1932492,GW3-IIb,GW3b,GW3,ok
REMIND-MAgPIE 3.3-4.8,NGFS Phase 5-Below 2°C,1,World,Primary Energy|Non-Biomass Renewables,EJ/yr,2060,317.4181477999999,GW3-IIb,GW3b,GW3,ok
REMIND-MAgPIE 3.3-4.8,NGFS Phase 5-Below 2°C,1,World,Primary Energy|Non-Biomass Renewables,EJ/yr,2055,277.3331792999999,GW3-IIb,GW3b,GW3,ok
REMIND-MAgPIE 3.3-4.8,NGFS Phase 5-Below 2°C,1,World,Primary Energy|Non-Biomass Renewables,EJ/yr,2050,249.890808,GW3-IIb,GW3b,GW3,ok
REMIND-MAgPIE 3.3-4.8,NGFS Phase 5-Below 2°C,1,World,Primary Energy|Non-Biomass Renewables,EJ/yr,2045,216.3281585,GW3-IIb,GW3b,GW3,ok
REMIND-MAgPIE 3.3-4.8,NGFS Phase 5-Below 2°C,1,World,Primary Energy|Non-Biomass Renewables,EJ/yr,2040,175.73817,GW3-IIb,GW3b,GW3,ok
REMIND-MAgPIE 3.3-4.8,NGFS Phase 5-Below 2°C,1,World,Primary Energy|Non-Biomass Renewables,EJ/yr,2035,128.8330469,GW3-IIb,GW3b,GW3,ok
REMIND-MAgPIE 3.3-4.8,NGFS Phase 5-Below 2°C,1,World,Primary Energy|Non-Biomass Renewables,EJ/yr,2030,81.13771829999999,GW3-IIb,GW3b,GW3,ok
REMIND-MAgPIE 3.3-4.8,NGFS Phase 5-Below 2°C,1,World,Primary Energy|Non-Biomass Renewables,EJ/yr,2025,45.6430567,GW3-IIb,GW3b,GW3,ok
REMIND-MAgPIE 3.3-4.8,NGFS Phase 5-Below 2°C,1,World,Primary Energy|Non-Biomass Renewables,EJ/yr,2020,28.3282548,GW3-IIb,GW3b,GW3,ok
REMIND-MAgPIE 3.3-4.8,NGFS Phase 5-Below 2°C,1,World,Primary Energy|Nuclear,EJ/yr,2100,1.17991,GW3-IIb,GW3b,GW3,ok
REMIND-MAgPIE 3.3-4.8,NGFS Phase 5-Below 2°C,1,World,Primary Energy|Nuclear,EJ/yr,2090,3.1602191,GW3-IIb,GW3b,GW3,ok
REMIND-MAgPIE 3.3-4.8,NGFS Phase 5-Below 2°C,1,World,Primary Energy|Nuclear,EJ/yr,2080,5.7634517,GW3-IIb,GW3b,GW3,ok
REMIND-MAgPIE 3.3-4.8,NGFS Phase 5-Below 2°C,1,World,Primary Energy|Nuclear,EJ/yr,2070,8.1058856,GW3-IIb,GW3b,GW3,ok
REMIND-MAgPIE 3.3-4.8,NGFS Phase 5-Below 2°C,1,World,Primary Energy|Nuclear,EJ/yr,2060,9.604721799999998,GW3-IIb,GW3b,GW3,ok
REMIND-MAgPIE 3.3-4.8,NGFS Phase 5-Below 2°C,1,World,Primary Energy|Nuclear,EJ/yr,2055,9.9777246,GW3-IIb,GW3b,GW3,ok
REMIND-MAgPIE 3.3-4.8,NGFS Phase 5-Below 2°C,1,World,Primary Energy|Nuclear,EJ/yr,2050,10.3911296,GW3-IIb,GW3b,GW3,ok
REMIND-MAgPIE 3.3-4.8,NGFS Phase 5-Below 2°C,1,World,Primary Energy|Nuclear,EJ/yr,2045,10.8060652,GW3-IIb,GW3b,GW3,ok
REMIND-MAgPIE 3.3-4.8,NGFS Phase 5-Below 2°C,1,World,Primary Energy|Nuclear,EJ/yr,2040,11.2064707,GW3-IIb,GW3b,GW3,ok
REMIND-MAgPIE 3.3-4.8,NGFS Phase 5-Below 2°C,1,World,Primary Energy|Nuclear,EJ/yr,2035,11.2543427,GW3-IIb,GW3b,GW3,ok
REMIND-MAgPIE 3.3-4.8,NGFS Phase 5-Below 2°C,1,World,Primary Energy|Nuclear,EJ/yr,2030,10.8502841,GW3-IIb,GW3b,GW3,ok
REMIND-MAgPIE 3.3-4.8,NGFS Phase 5-Below 2°C,1,World,Primary Energy|Nuclear,EJ/yr,2025,10.2977162,GW3-IIb,GW3b,GW3,ok
REMIND-MAgPIE 3.3-4.8,NGFS Phase 5-Below 2°C,1,World,Primary Energy|Nuclear,EJ/yr,2020,9.5900332,GW3-IIb,GW3b,GW3,ok
REMIND-MAgPIE 3.3-4.8,NGFS Phase 5-Below 2°C,1,World,Primary Energy|Oil,EJ/yr,2100,33.843316,GW3-IIb,GW3b,GW3,ok
REMIND-MAgPIE 3.3-4.8,NGFS Phase 5-Below 2°C,1,World,Primary Energy|Oil,EJ/yr,2090,42.06480759999999,GW3-IIb,GW3b,GW3,ok
REMIND-MAgPIE 3.3-4.8,NGFS Phase 5-Below 2°C,1,World,Primary Energy|Oil,EJ/yr,2080,53.0189472,GW3-IIb,GW3b,GW3,ok
REMIND-MAgPIE 3.3-4.8,NGFS Phase 5-Below 2°C,1,World,Primary Energy|Oil,EJ/yr,2070,67.82586819999999,GW3-IIb,GW3b,GW3,ok
REMIND-MAgPIE 3.3-4.8,NGFS Phase 5-Below 2°C,1,World,Primary Energy|Oil,EJ/yr,2060,89.6786209,GW3-IIb,GW3b,GW3,ok
REMIND-MAgPIE 3.3-4.8,NGFS Phase 5-Below 2°C,1,World,Primary Energy|Oil,EJ/yr,2055,103.7279612,GW3-IIb,GW3b,GW3,ok
REMIND-MAgPIE 3.3-4.8,NGFS Phase 5-Below 2°C,1,World,Primary Energy|Oil,EJ/yr,2050,122.372968,GW3-IIb,GW3b,GW3,ok
REMIND-MAgPIE 3.3-4.8,NGFS Phase 5-Below 2°C,1,World,Primary Energy|Oil,EJ/yr,2045,142.5124856,GW3-IIb,GW3b,GW3,ok
REMIND-MAgPIE 3.3-4.8,NGFS Phase 5-Below 2°C,1,World,Primary Energy|Oil,EJ/yr,2040,161.4170341,GW3-IIb,GW3b,GW3,ok
REMIND-MAgPIE 3.3-4.8,NGFS Phase 5-Below 2°C,1,World,Primary Energy|Oil,EJ/yr,2035,176.9908894,GW3-IIb,GW3b,GW3,ok
REMIND-MAgPIE 3.3-4.8,NGFS Phase 5-Below 2°C,1,World,Primary Energy|Oil,EJ/yr,2030,189.1841582,GW3-IIb,GW3b,GW3,ok
REMIND-MAgPIE 3.3-4.8,NGFS Phase 5-Below 2°C,1,World,Primary Energy|Oil,EJ/yr,2025,197.5981707,GW3-IIb,GW3b,GW3,ok
REMIND-MAgPIE 3.3-4.8,NGFS Phase 5-Below 2°C,1,World,Primary Energy|Oil,EJ/yr,2020,191.6580364,GW3-IIb,GW3b,GW3,ok
REMIND-MAgPIE 3.3-4.8,NGFS Phase 5-Delayed Transition,1,World,Capacity|Electricity|Solar|PV,GW,2090,51970.7818643,GW3-IIb,GW3b,GW3,ok
REMIND-MAgPIE 3.3-4.8,NGFS Phase 5-Delayed Transition,1,World,Capacity|Electricity|Solar|PV,GW,2080,42747.78158259999,GW3-IIb,GW3b,GW3,ok
REMIND-MAgPIE 3.3-4.8,NGFS Phase 5-Delayed Transition,1,World,Capacity|Electricity|Solar|PV,GW,2070,34355.3824477,GW3-IIb,GW3b,GW3,ok
REMIND-MAgPIE 3.3-4.8,NGFS Phase 5-Delayed Transition,1,World,Capacity|Electricity|Solar|PV,GW,2060,31199.9329091,GW3-IIb,GW3b,GW3,ok
REMIND-MAgPIE 3.3-4.8,NGFS Phase 5-Delayed Transition,1,World,Capacity|Electricity|Solar|PV,GW,2055,28069.6241036,GW3-IIb,GW3b,GW3,ok
REMIND-MAgPIE 3.3-4.8,NGFS Phase 5-Delayed Transition,1,World,Capacity|Electricity|Solar|PV,GW,2050,25461.5671978,GW3-IIb,GW3b,GW3,ok
REMIND-MAgPIE 3.3-4.8,NGFS Phase 5-Delayed Transition,1,World,Capacity|Electricity|Solar|PV,GW,2045,21398.7438288,GW3-IIb,GW3b,GW3,ok
REMIND-MAgPIE 3.3-4.8,NGFS Phase 5-Delayed Transition,1,World,Capacity|Electricity|Solar|PV,GW,2100,58596.0044474,GW3-IIb,GW3b,GW3,ok
REMIND-MAgPIE 3.3-4.8,NGFS Phase 5-Delayed Transition,1,World,Capacity|Electricity|Solar|PV,GW,2035,8937.380068,GW3-IIb,GW3b,GW3,ok
REMIND-MAgPIE 3.3-4.8,NGFS Phase 5-Delayed Transition,1,World,Capacity|Electricity|Solar|PV,GW,2030,4644.117183,GW3-IIb,GW3b,GW3,ok
REMIND-MAgPIE 3.3-4.8,NGFS Phase 5-Delayed Transition,1,World,Capacity|Electricity|Solar|PV,GW,2025,2087.0799007,GW3-IIb,GW3b,GW3,ok
REMIND-MAgPIE 3.3-4.8,NGFS Phase 5-Delayed Transition,1,World,Capacity|Electricity|Solar|PV,GW,2020,702.7919526000001,GW3-IIb,GW3b,GW3,ok
REMIND-MAgPIE 3.3-4.8,NGFS Phase 5-Delayed Transition,1,World,Capacity|Electricity|Solar|PV,GW,2040,15361.4355807,GW3-IIb,GW3b,GW3,ok
REMIND-MAgPIE 3.3-4.8,NGFS Phase 5-Delayed Transition,1,World,Capacity|Electricity|Wind,GW,2100,16755.069526,GW3-IIb,GW3b,GW3,ok
REMIND-MAgPIE 3.3-4.8,NGFS Phase 5-Delayed Transition,1,World,Capacity|Electricity|Wind,GW,2090,15791.3859068,GW3-IIb,GW3b,GW3,ok
REMIND-MAgPIE 3.3-4.8,NGFS Phase 5-Delayed Transition,1,World,Capacity|Electricity|Wind,GW,2080,13774.9173939,GW3-IIb,GW3b,GW3,ok
REMIND-MAgPIE 3.3-4.8,NGFS Phase 5-Delayed Transition,1,World,Capacity|Electricity|Wind,GW,2070,11937.7285097,GW3-IIb,GW3b,GW3,ok
REMIND-MAgPIE 3.3-4.8,NGFS Phase 5-Delayed Transition,1,World,Capacity|Electricity|Wind,GW,2060,9993.190298500002,GW3-IIb,GW3b,GW3,ok
REMIND-MAgPIE 3.3-4.8,NGFS Phase 5-Delayed Transition,1,World,Capacity|Electricity|Wind,GW,2055,8087.044198299999,GW3-IIb,GW3b,GW3,ok
REMIND-MAgPIE 3.3-4.8,NGFS Phase 5-Delayed Transition,1,World,Capacity|Electricity|Wind,GW,2050,6864.170614600001,GW3-IIb,GW3b,GW3,ok
REMIND-MAgPIE 3.3-4.8,NGFS Phase 5-Delayed Transition,1,World,Capacity|Electricity|Wind,GW,2045,5488.1034783,GW3-IIb,GW3b,GW3,ok
REMIND-MAgPIE 3.3-4.8,NGFS Phase 5-Delayed Transition,1,World,Capacity|Electricity|Wind,GW,2035,2654.8645727,GW3-IIb,GW3b,GW3,ok
REMIND-MAgPIE 3.3-4.8,NGFS Phase 5-Delayed Transition,1,World,Capacity|Electricity|Wind,GW,2030,1763.0296867,GW3-IIb,GW3b,GW3,ok
REMIND-MAgPIE 3.3-4.8,NGFS Phase 5-Delayed Transition,1,World,Capacity|Electricity|Wind,GW,2025,1180.9063,GW3-IIb,GW3b,GW3,ok
REMIND-MAgPIE 3.3-4.8,NGFS Phase 5-Delayed Transition,1,World,Capacity|Electricity|Wind,GW,2020,721.3418499999999,GW3-IIb,GW3b,GW3,ok
REMIND-MAgPIE 3.3-4.8,NGFS Phase 5-Delayed Transition,1,World,Capacity|Electricity|Wind,GW,2040,3975.6325098,GW3-IIb,GW3b,GW3,ok
REMIND-MAgPIE 3.3-4.8,NGFS Phase 5-Delayed Transition,1,World,Carbon Capture|Geological Storage|Biomass,Mt CO2/yr,2100,1306.636552,GW3-IIb,GW3b,GW3,ok
REMIND-MAgPIE 3.3-4.8,NGFS Phase 5-Delayed Transition,1,World,Carbon Capture|Geological Storage|Biomass,Mt CO2/yr,2090,1749.4520111,GW3-IIb,GW3b,GW3,ok
REMIND-MAgPIE 3.3-4.8,NGFS Phase 5-Delayed Transition,1,World,Carbon Capture|Geological Storage|Biomass,Mt CO2/yr,2080,2278.0503507,GW3-IIb,GW3b,GW3,ok
REMIND-MAgPIE 3.3-4.8,NGFS Phase 5-Delayed Transition,1,World,Carbon Capture|Geological Storage|Biomass,Mt CO2/yr,2070,2530.2379324,GW3-IIb,GW3b,GW3,ok
REMIND-MAgPIE 3.3-4.8,NGFS Phase 5-Delayed Transition,1,World,Carbon Capture|Geological Storage|Biomass,Mt CO2/yr,2060,2228.1914682,GW3-IIb,GW3b,GW3,ok
REMIND-MAgPIE 3.3-4.8,NGFS Phase 5-Delayed Transition,1,World,Carbon Capture|Geological Storage|Biomass,Mt CO2/yr,2055,1907.8990594,GW3-IIb,GW3b,GW3,ok
REMIND-MAgPIE 3.3-4.8,NGFS Phase 5-Delayed Transition,1,World,Carbon Capture|Geological Storage|Biomass,Mt CO2/yr,2050,1517.2752736,GW3-IIb,GW3b,GW3,ok
REMIND-MAgPIE 3.3-4.8,NGFS Phase 5-Delayed Transition,1,World,Carbon Capture|Geological Storage|Biomass,Mt CO2/yr,2045,1026.55426,GW3-IIb,GW3b,GW3,ok
REMIND-MAgPIE 3.3-4.8,NGFS Phase 5-Delayed Transition,1,World,Carbon Capture|Geological Storage|Biomass,Mt CO2/yr,2040,424.3213051,GW3-IIb,GW3b,GW3,ok
REMIND-MAgPIE 3.3-4.8,NGFS Phase 5-Delayed Transition,1,World,Carbon Capture|Geological Storage|Biomass,Mt CO2/yr,2035,79.81881089999999,GW3-IIb,GW3b,GW3,ok
REMIND-MAgPIE 3.3-4.8,NGFS Phase 5-Delayed Transition,1,World,Carbon Capture|Geological Storage|Biomass,Mt CO2/yr,2030,38.2133411,GW3-IIb,GW3b,GW3,ok
REMIND-MAgPIE 3.3-4.8,NGFS Phase 5-Delayed Transition,1,World,Carbon Capture|Geological Storage|Biomass,Mt CO2/yr,2025,26.5892521,GW3-IIb,GW3b,GW3,ok
REMIND-MAgPIE 3.3-4.8,NGFS Phase 5-Delayed Transition,1,World,Carbon Capture|Geological Storage|Biomass,Mt CO2/yr,2020,0.0,GW3-IIb,GW3b,GW3,ok
REMIND-MAgPIE 3.3-4.8,NGFS Phase 5-Delayed Transition,1,World,Carbon Removal|Land Use,Mt CO2/yr,2090,1056.6491,GW3-IIb,GW3b,GW3,ok
REMIND-MAgPIE 3.3-4.8,NGFS Phase 5-Delayed Transition,1,World,Carbon Removal|Land Use,Mt CO2/yr,2080,945.8764,GW3-IIb,GW3b,GW3,ok
REMIND-MAgPIE 3.3-4.8,NGFS Phase 5-Delayed Transition,1,World,Carbon Removal|Land Use,Mt CO2/yr,2100,1151.0578,GW3-IIb,GW3b,GW3,ok
REMIND-MAgPIE 3.3-4.8,NGFS Phase 5-Delayed Transition,1,World,Carbon Removal|Land Use,Mt CO2/yr,2060,820.8012999999999,GW3-IIb,GW3b,GW3,ok
REMIND-MAgPIE 3.3-4.8,NGFS Phase 5-Delayed Transition,1,World,Carbon Removal|Land Use,Mt CO2/yr,2055,816.6513,GW3-IIb,GW3b,GW3,ok
REMIND-MAgPIE 3.3-4.8,NGFS Phase 5-Delayed Transition,1,World,Carbon Removal|Land Use,Mt CO2/yr,2050,817.5254,GW3-IIb,GW3b,GW3,ok
REMIND-MAgPIE 3.3-4.8,NGFS Phase 5-Delayed Transition,1,World,Carbon Removal|Land Use,Mt CO2/yr,2045,795.0713999999999,GW3-IIb,GW3b,GW3,ok
REMIND-MAgPIE 3.3-4.8,NGFS Phase 5-Delayed Transition,1,World,Carbon Removal|Land Use,Mt CO2/yr,2070,860.4964,GW3-IIb,GW3b,GW3,ok
REMIND-MAgPIE 3.3-4.8,NGFS Phase 5-Delayed Transition,1,World,Carbon Removal|Land Use,Mt CO2/yr,2035,649.7654000000001,GW3-IIb,GW3b,GW3,ok
REMIND-MAgPIE 3.3-4.8,NGFS Phase 5-Delayed Transition,1,World,Carbon Removal|Land Use,Mt CO2/yr,2030,346.4638,GW3-IIb,GW3b,GW3,ok
REMIND-MAgPIE 3.3-4.8,NGFS Phase 5-Delayed Transition,1,World,Carbon Removal|Land Use,Mt CO2/yr,2025,338.7114999999999,GW3-IIb,GW3b,GW3,ok
REMIND-MAgPIE 3.3-4.8,NGFS Phase 5-Delayed Transition,1,World,Carbon Removal|Land Use,Mt CO2/yr,2020,320.5919,GW3-IIb,GW3b,GW3,ok
REMIND-MAgPIE 3.3-4.8,NGFS Phase 5-Delayed Transition,1,World,Carbon Removal|Land Use,Mt CO2/yr,2040,736.8109,GW3-IIb,GW3b,GW3,ok
REMIND-MAgPIE 3.3-4.8,NGFS Phase 5-Delayed Transition,1,World,Emissions|CO2,Mt CO2/yr,2100,1219.8601615,GW3-IIb,GW3b,GW3,ok
REMIND-MAgPIE 3.3-4.8,NGFS Phase 5-Delayed Transition,1,World,Emissions|CO2,Mt CO2/yr,2090,1489.5810583,GW3-IIb,GW3b,GW3,ok
REMIND-MAgPIE 3.3-4.8,NGFS Phase 5-Delayed Transition,1,World,Emissions|CO2,Mt CO2/yr,2080,1681.5409362,GW3-IIb,GW3b,GW3,ok
REMIND-MAgPIE 3.3-4.8,NGFS Phase 5-Delayed Transition,1,World,Emissions|CO2,Mt CO2/yr,2070,2194.5364532,GW3-IIb,GW3b,GW3,ok
REMIND-MAgPIE 3.3-4.8,NGFS Phase 5-Delayed Transition,1,World,Emissions|CO2,Mt CO2/yr,2060,3639.074957,GW3-IIb,GW3b,GW3,ok
REMIND-MAgPIE 3.3-4.8,NGFS Phase 5-Delayed Transition,1,World,Emissions|CO2,Mt CO2/yr,2055,4873.6351338,GW3-IIb,GW3b,GW3,ok
REMIND-MAgPIE 3.3-4.8,NGFS Phase 5-Delayed Transition,1,World,Emissions|CO2,Mt CO2/yr,2050,7057.957855299998,GW3-IIb,GW3b,GW3,ok
REMIND-MAgPIE 3.3-4.8,NGFS Phase 5-Delayed Transition,1,World,Emissions|CO2,Mt CO2/yr,2045,11148.708047,GW3-IIb,GW3b,GW3,ok
REMIND-MAgPIE 3.3-4.8,NGFS Phase 5-Delayed Transition,1,World,Emissions|CO2,Mt CO2/yr,2035,35161.0114491,GW3-IIb,GW3b,GW3,ok
REMIND-MAgPIE 3.3-4.8,NGFS Phase 5-Delayed Transition,1,World,Emissions|CO2,Mt CO2/yr,2030,43221.4456673,GW3-IIb,GW3b,GW3,ok
REMIND-MAgPIE 3.3-4.8,NGFS Phase 5-Delayed Transition,1,World,Emissions|CO2,Mt CO2/yr,2025,43042.2421411,GW3-IIb,GW3b,GW3,ok
REMIND-MAgPIE 3.3-4.8,NGFS Phase 5-Delayed Transition,1,World,Emissions|CO2,Mt CO2/yr,2020,44336.01437690001,GW3-IIb,GW3b,GW3,ok
REMIND-MAgPIE 3.3-4.8,NGFS Phase 5-Delayed Transition,1,World,Emissions|CO2,Mt CO2/yr,2040,21178.4330336,GW3-IIb,GW3b,GW3,ok
REMIND-MAgPIE 3.3-4.8,NGFS Phase 5-Delayed Transition,1,World,Final Energy,EJ/yr,2100,551.5865929,GW3-IIb,GW3b,GW3,ok
REMIND-MAgPIE 3.3-4.8,NGFS Phase 5-Delayed Transition,1,World,Final Energy,EJ/yr,2090,545.8610286999998,GW3-IIb,GW3b,GW3,ok
REMIND-MAgPIE 3.3-4.8,NGFS Phase 5-Delayed Transition,1,World,Final Energy,EJ/yr,2080,516.8059309,GW3-IIb,GW3b,GW3,ok
REMIND-MAgPIE 3.3-4.8,NGFS Phase 5-Delayed Transition,1,World,Final Energy,EJ/yr,2070,481.7385031999999,GW3-IIb,GW3b,GW3,ok
REMIND-MAgPIE 3.3-4.8,NGFS Phase 5-Delayed Transition,1,World,Final Energy,EJ/yr,2060,459.0652272,GW3-IIb,GW3b,GW3,ok
REMIND-MAgPIE 3.3-4.8,NGFS Phase 5-Delayed Transition,1,World,Final Energy,EJ/yr,2055,431.2784468,GW3-IIb,GW3b,GW3,ok
REMIND-MAgPIE 3.3-4.8,NGFS Phase 5-Delayed Transition,1,World,Final Energy,EJ/yr,2050,422.2760688999999,GW3-IIb,GW3b,GW3,ok
REMIND-MAgPIE 3.3-4.8,NGFS Phase 5-Delayed Transition,1,World,Final Energy,EJ/yr,2045,419.5617418,GW3-IIb,GW3b,GW3,ok
REMIND-MAgPIE 3.3-4.8,NGFS Phase 5-Delayed Transition,1,World,Final Energy,EJ/yr,2040,445.8638926,GW3-IIb,GW3b,GW3,ok
REMIND-MAgPIE 3.3-4.8,NGFS Phase 5-Delayed Transition,1,World,Final Energy,EJ/yr,2035,513.0012317999999,GW3-IIb,GW3b,GW3,ok
REMIND-MAgPIE 3.3-4.8,NGFS Phase 5-Delayed Transition,1,World,Final Energy,EJ/yr,2030,508.625124,GW3-IIb,GW3b,GW3,ok
REMIND-MAgPIE 3.3-4.8,NGFS Phase 5-Delayed Transition,1,World,Final Energy,EJ/yr,2025,476.022144,GW3-IIb,GW3b,GW3,ok
REMIND-MAgPIE 3.3-4.8,NGFS Phase 5-Delayed Transition,1,World,Final Energy,EJ/yr,2020,439.0000707,GW3-IIb,GW3b,GW3,ok
REMIND-MAgPIE 3.3-4.8,NGFS Phase 5-Delayed Transition,1,World,Final Energy|Electricity,EJ/yr,2090,315.1287326999999,GW3-IIb,GW3b,GW3,ok
REMIND-MAgPIE 3.3-4.8,NGFS Phase 5-Delayed Transition,1,World,Final Energy|Electricity,EJ/yr,2080,288.9213440999999,GW3-IIb,GW3b,GW3,ok
REMIND-MAgPIE 3.3-4.8,NGFS Phase 5-Delayed Transition,1,World,Final Energy|Electricity,EJ/yr,2070,259.3838141,GW3-IIb,GW3b,GW3,ok
REMIND-MAgPIE 3.3-4.8,NGFS Phase 5-Delayed Transition,1,World,Final Energy|Electricity,EJ/yr,2060,241.8057886,GW3-IIb,GW3b,GW3,ok
REMIND-MAgPIE 3.3-4.8,NGFS Phase 5-Delayed Transition,1,World,Final Energy|Electricity,EJ/yr,2055,221.0864296,GW3-IIb,GW3b,GW3,ok
REMIND-MAgPIE 3.3-4.8,NGFS Phase 5-Delayed Transition,1,World,Final Energy|Electricity,EJ/yr,2050,203.2273157,GW3-IIb,GW3b,GW3,ok
REMIND-MAgPIE 3.3-4.8,NGFS Phase 5-Delayed Transition,1,World,Final Energy|Electricity,EJ/yr,2045,179.4394043,GW3-IIb,GW3b,GW3,ok
REMIND-MAgPIE 3.3-4.8,NGFS Phase 5-Delayed Transition,1,World,Final Energy|Electricity,EJ/yr,2100,323.3119366999999,GW3-IIb,GW3b,GW3,ok
REMIND-MAgPIE 3.3-4.8,NGFS Phase 5-Delayed Transition,1,World,Final Energy|Electricity,EJ/yr,2035,140.727114,GW3-IIb,GW3b,GW3,ok
REMIND-MAgPIE 3.3-4.8,NGFS Phase 5-Delayed Transition,1,World,Final Energy|Electricity,EJ/yr,2030,117.9793544,GW3-IIb,GW3b,GW3,ok
REMIND-MAgPIE 3.3-4.8,NGFS Phase 5-Delayed Transition,1,World,Final Energy|Electricity,EJ/yr,2025,100.4044417,GW3-IIb,GW3b,GW3,ok
REMIND-MAgPIE 3.3-4.8,NGFS Phase 5-Delayed Transition,1,World,Final Energy|Electricity,EJ/yr,2020,85.66186060000001,GW3-IIb,GW3b,GW3,ok
REMIND-MAgPIE 3.3-4.8,NGFS Phase 5-Delayed Transition,1,World,Final Energy|Electricity,EJ/yr,2040,159.9813417,GW3-IIb,GW3b,GW3,ok
REMIND-MAgPIE 3.3-4.8,NGFS Phase 5-Delayed Transition,1,World,Food Availability|Crops [per capita],kcal/cap/day,2090,1499.4246,GW3-IIb,GW3b,GW3,ok
REMIND-MAgPIE 3.3-4.8,NGFS Phase 5-Delayed Transition,1,World,Food Availability|Crops [per capita],kcal/cap/day,2080,1520.2354,GW3-IIb,GW3b,GW3,ok
REMIND-MAgPIE 3.3-4.8,NGFS Phase 5-Delayed Transition,1,World,Food Availability|Crops [per capita],kcal/cap/day,2070,1545.7822,GW3-IIb,GW3b,GW3,ok
REMIND-MAgPIE 3.3-4.8,NGFS Phase 5-Delayed Transition,1,World,Food Availability|Crops [per capita],kcal/cap/day,2060,1575.1737,GW3-IIb,GW3b,GW3,ok
REMIND-MAgPIE 3.3-4.8,NGFS Phase 5-Delayed Transition,1,World,Food Availability|Crops [per capita],kcal/cap/day,2055,1590.3259,GW3-IIb,GW3b,GW3,ok
REMIND-MAgPIE 3.3-4.8,NGFS Phase 5-Delayed Transition,1,World,Food Availability|Crops [per capita],kcal/cap/day,2050,1606.0378,GW3-IIb,GW3b,GW3,ok
REMIND-MAgPIE 3.3-4.8,NGFS Phase 5-Delayed Transition,1,World,Food Availability|Crops [per capita],kcal/cap/day,2045,1622.4603,GW3-IIb,GW3b,GW3,ok
REMIND-MAgPIE 3.3-4.8,NGFS Phase 5-Delayed Transition,1,World,Food Availability|Crops [per capita],kcal/cap/day,2100,1481.7562,GW3-IIb,GW3b,GW3,ok
REMIND-MAgPIE 3.3-4.8,NGFS Phase 5-Delayed Transition,1,World,Food Availability|Crops [per capita],kcal/cap/day,2035,1656.5914,GW3-IIb,GW3b,GW3,ok
REMIND-MAgPIE 3.3-4.8,NGFS Phase 5-Delayed Transition,1,World,Food Availability|Crops [per capita],kcal/cap/day,2030,1676.3065,GW3-IIb,GW3b,GW3,ok
REMIND-MAgPIE 3.3-4.8,NGFS Phase 5-Delayed Transition,1,World,Food Availability|Crops [per capita],kcal/cap/day,2025,1697.124,GW3-IIb,GW3b,GW3,ok
REMIND-MAgPIE 3.3-4.8,NGFS Phase 5-Delayed Transition,1,World,Food Availability|Crops [per capita],kcal/cap/day,2020,1714.2354,GW3-IIb,GW3b,GW3,ok
REMIND-MAgPIE 3.3-4.8,NGFS Phase 5-Delayed Transition,1,World,Food Availability|Crops [per capita],kcal/cap/day,2040,1638.9768,GW3-IIb,GW3b,GW3,ok
REMIND-MAgPIE 3.3-4.8,NGFS Phase 5-Delayed Transition,1,World,Food Availability|Livestock [per capita],kcal/cap/day,2090,771.9098,GW3-IIb,GW3b,GW3,ok
REMIND-MAgPIE 3.3-4.8,NGFS Phase 5-Delayed Transition,1,World,Food Availability|Livestock [per capita],kcal/cap/day,2080,743.0965,GW3-IIb,GW3b,GW3,ok
REMIND-MAgPIE 3.3-4.8,NGFS Phase 5-Delayed Transition,1,World,Food Availability|Livestock [per capita],kcal/cap/day,2070,710.8896,GW3-IIb,GW3b,GW3,ok
REMIND-MAgPIE 3.3-4.8,NGFS Phase 5-Delayed Transition,1,World,Food Availability|Livestock [per capita],kcal/cap/day,2060,677.4769,GW3-IIb,GW3b,GW3,ok
REMIND-MAgPIE 3.3-4.8,NGFS Phase 5-Delayed Transition,1,World,Food Availability|Livestock [per capita],kcal/cap/day,2055,660.1669999999999,GW3-IIb,GW3b,GW3,ok
REMIND-MAgPIE 3.3-4.8,NGFS Phase 5-Delayed Transition,1,World,Food Availability|Livestock [per capita],kcal/cap/day,2050,643.0047000000001,GW3-IIb,GW3b,GW3,ok
REMIND-MAgPIE 3.3-4.8,NGFS Phase 5-Delayed Transition,1,World,Food Availability|Livestock [per capita],kcal/cap/day,2100,796.7503,GW3-IIb,GW3b,GW3,ok
REMIND-MAgPIE 3.3-4.8,NGFS Phase 5-Delayed Transition,1,World,Food Availability|Livestock [per capita],kcal/cap/day,2045,625.7974,GW3-IIb,GW3b,GW3,ok
REMIND-MAgPIE 3.3-4.8,NGFS Phase 5-Delayed Transition,1,World,Food Availability|Livestock [per capita],kcal/cap/day,2035,588.8454999999999,GW3-IIb,GW3b,GW3,ok
REMIND-MAgPIE 3.3-4.8,NGFS Phase 5-Delayed Transition,1,World,Food Availability|Livestock [per capita],kcal/cap/day,2030,567.2543000000001,GW3-IIb,GW3b,GW3,ok
REMIND-MAgPIE 3.3-4.8,NGFS Phase 5-Delayed Transition,1,World,Food Availability|Livestock [per capita],kcal/cap/day,2025,543.7801000000001,GW3-IIb,GW3b,GW3,ok
REMIND-MAgPIE 3.3-4.8,NGFS Phase 5-Delayed Transition,1,World,Food Availability|Livestock [per capita],kcal/cap/day,2020,521.828,GW3-IIb,GW3b,GW3,ok
REMIND-MAgPIE 3.3-4.8,NGFS Phase 5-Delayed Transition,1,World,Food Availability|Livestock [per capita],kcal/cap/day,2040,607.8055999999999,GW3-IIb,GW3b,GW3,ok
REMIND-MAgPIE 3.3-4.8,NGFS Phase 5-Delayed Transition,1,World,GDP|MER,billion USD_2010/yr,2100,318003.0494328801,GW3-IIb,GW3b,GW3,ok
REMIND-MAgPIE 3.3-4.8,NGFS Phase 5-Delayed Transition,1,World,GDP|MER,billion USD_2010/yr,2090,281395.655580816,GW3-IIb,GW3b,GW3,ok
REMIND-MAgPIE 3.3-4.8,NGFS Phase 5-Delayed Transition,1,World,GDP|MER,billion USD_2010/yr,2080,247821.69203736,GW3-IIb,GW3b,GW3,ok
REMIND-MAgPIE 3.3-4.8,NGFS Phase 5-Delayed Transition,1,World,GDP|MER,billion USD_2010/yr,2070,213433.493897232,GW3-IIb,GW3b,GW3,ok
REMIND-MAgPIE 3.3-4.8,NGFS Phase 5-Delayed Transition,1,World,GDP|MER,billion USD_2010/yr,2060,181213.253105808,GW3-IIb,GW3b,GW3,ok
REMIND-MAgPIE 3.3-4.8,NGFS Phase 5-Delayed Transition,1,World,GDP|MER,billion USD_2010/yr,2055,166713.82124936,GW3-IIb,GW3b,GW3,ok
REMIND-MAgPIE 3.3-4.8,NGFS Phase 5-Delayed Transition,1,World,GDP|MER,billion USD_2010/yr,2050,152768.731489696,GW3-IIb,GW3b,GW3,ok
REMIND-MAgPIE 3.3-4.8,NGFS Phase 5-Delayed Transition,1,World,GDP|MER,billion USD_2010/yr,2040,127140.316080512,GW3-IIb,GW3b,GW3,ok
REMIND-MAgPIE 3.3-4.8,NGFS Phase 5-Delayed Transition,1,World,GDP|MER,billion USD_2010/yr,2035,116245.242524208,GW3-IIb,GW3b,GW3,ok
REMIND-MAgPIE 3.3-4.8,NGFS Phase 5-Delayed Transition,1,World,GDP|MER,billion USD_2010/yr,2030,103266.565111808,GW3-IIb,GW3b,GW3,ok
REMIND-MAgPIE 3.3-4.8,NGFS Phase 5-Delayed Transition,1,World,GDP|MER,billion USD_2010/yr,2025,90971.47319041601,GW3-IIb,GW3b,GW3,ok
REMIND-MAgPIE 3.3-4.8,NGFS Phase 5-Delayed Transition,1,World,GDP|MER,billion USD_2010/yr,2020,79822.60273355202,GW3-IIb,GW3b,GW3,ok
REMIND-MAgPIE 3.3-4.8,NGFS Phase 5-Delayed Transition,1,World,GDP|MER,billion USD_2010/yr,2045,139317.95208968,GW3-IIb,GW3b,GW3,ok
REMIND-MAgPIE 3.3-4.8,NGFS Phase 5-Delayed Transition,1,World,Investment|Energy Supply,billion USD_2010/yr,2100,4254.219844000001,GW3-IIb,GW3b,GW3,ok
REMIND-MAgPIE 3.3-4.8,NGFS Phase 5-Delayed Transition,1,World,Investment|Energy Supply,billion USD_2010/yr,2090,4582.346683600001,GW3-IIb,GW3b,GW3,ok
REMIND-MAgPIE 3.3-4.8,NGFS Phase 5-Delayed Transition,1,World,Investment|Energy Supply,billion USD_2010/yr,2080,4332.889739584001,GW3-IIb,GW3b,GW3,ok
REMIND-MAgPIE 3.3-4.8,NGFS Phase 5-Delayed Transition,1,World,Investment|Energy Supply,billion USD_2010/yr,2070,3385.486232576,GW3-IIb,GW3b,GW3,ok
REMIND-MAgPIE 3.3-4.8,NGFS Phase 5-Delayed Transition,1,World,Investment|Energy Supply,billion USD_2010/yr,2060,2580.257404704001,GW3-IIb,GW3b,GW3,ok
REMIND-MAgPIE 3.3-4.8,NGFS Phase 5-Delayed Transition,1,World,Investment|Energy Supply,billion USD_2010/yr,2055,2739.573315136,GW3-IIb,GW3b,GW3,ok
REMIND-MAgPIE 3.3-4.8,NGFS Phase 5-Delayed Transition,1,World,Investment|Energy Supply,billion USD_2010/yr,2050,3043.513131568001,GW3-IIb,GW3b,GW3,ok
REMIND-MAgPIE 3.3-4.8,NGFS Phase 5-Delayed Transition,1,World,Investment|Energy Supply,billion USD_2010/yr,2045,3406.496217936,GW3-IIb,GW3b,GW3,ok
REMIND-MAgPIE 3.3-4.8,NGFS Phase 5-Delayed Transition,1,World,Investment|Energy Supply,billion USD_2010/yr,2040,3293.025415568,GW3-IIb,GW3b,GW3,ok
REMIND-MAgPIE 3.3-4.8,NGFS Phase 5-Delayed Transition,1,World,Investment|Energy Supply,billion USD_2010/yr,2035,2868.064302096,GW3-IIb,GW3b,GW3,ok
REMIND-MAgPIE 3.3-4.8,NGFS Phase 5-Delayed Transition,1,World,Investment|Energy Supply,billion USD_2010/yr,2030,2065.198640064,GW3-IIb,GW3b,GW3,ok
REMIND-MAgPIE 3.3-4.8,NGFS Phase 5-Delayed Transition,1,World,Investment|Energy Supply,billion USD_2010/yr,2025,1687.348454512,GW3-IIb,GW3b,GW3,ok
REMIND-MAgPIE 3.3-4.8,NGFS Phase 5-Delayed Transition,1,World,Investment|Energy Supply,billion USD_2010/yr,2020,1394.336556256,GW3-IIb,GW3b,GW3,ok
REMIND-MAgPIE 3.3-4.8,NGFS Phase 5-Delayed Transition,1,World,Land Cover,million ha,2100,12986.3818,GW3-IIb,GW3b,GW3,ok
REMIND-MAgPIE 3.3-4.8,NGFS Phase 5-Delayed Transition,1,World,Land Cover,million ha,2090,12986.3818,GW3-IIb,GW3b,GW3,ok
REMIND-MAgPIE 3.3-4.8,NGFS Phase 5-Delayed Transition,1,World,Land Cover,million ha,2080,12986.3818,GW3-IIb,GW3b,GW3,ok
REMIND-MAgPIE 3.3-4.8,NGFS Phase 5-Delayed Transition,1,World,Land Cover,million ha,2070,12986.3818,GW3-IIb,GW3b,GW3,ok
REMIND-MAgPIE 3.3-4.8,NGFS Phase 5-Delayed Transition,1,World,Land Cover,million ha,2060,12986.3818,GW3-IIb,GW3b,GW3,ok
REMIND-MAgPIE 3.3-4.8,NGFS Phase 5-Delayed Transition,1,World,Land Cover,million ha,2055,12986.3818,GW3-IIb,GW3b,GW3,ok
REMIND-MAgPIE 3.3-4.8,NGFS Phase 5-Delayed Transition,1,World,Land Cover,million ha,2050,12986.3818,GW3-IIb,GW3b,GW3,ok
REMIND-MAgPIE 3.3-4.8,NGFS Phase 5-Delayed Transition,1,World,Land Cover,million ha,2040,12986.3818,GW3-IIb,GW3b,GW3,ok
REMIND-MAgPIE 3.3-4.8,NGFS Phase 5-Delayed Transition,1,World,Land Cover,million ha,2035,12986.3818,GW3-IIb,GW3b,GW3,ok
REMIND-MAgPIE 3.3-4.8,NGFS Phase 5-Delayed Transition,1,World,Land Cover,million ha,2030,12986.3818,GW3-IIb,GW3b,GW3,ok
REMIND-MAgPIE 3.3-4.8,NGFS Phase 5-Delayed Transition,1,World,Land Cover,million ha,2025,12986.3818,GW3-IIb,GW3b,GW3,ok
REMIND-MAgPIE 3.3-4.8,NGFS Phase 5-Delayed Transition,1,World,Land Cover,million ha,2020,12986.3818,GW3-IIb,GW3b,GW3,ok
REMIND-MAgPIE 3.3-4.8,NGFS Phase 5-Delayed Transition,1,World,Land Cover,million ha,2045,12986.3818,GW3-IIb,GW3b,GW3,ok
REMIND-MAgPIE 3.3-4.8,NGFS Phase 5-Delayed Transition,1,World,Land Cover|Forest,million ha,2100,4290.195600000001,GW3-IIb,GW3b,GW3,ok
REMIND-MAgPIE 3.3-4.8,NGFS Phase 5-Delayed Transition,1,World,Land Cover|Forest,million ha,2090,4266.0409,GW3-IIb,GW3b,GW3,ok
REMIND-MAgPIE 3.3-4.8,NGFS Phase 5-Delayed Transition,1,World,Land Cover|Forest,million ha,2080,4206.4715,GW3-IIb,GW3b,GW3,ok
REMIND-MAgPIE 3.3-4.8,NGFS Phase 5-Delayed Transition,1,World,Land Cover|Forest,million ha,2070,4184.7869,GW3-IIb,GW3b,GW3,ok
REMIND-MAgPIE 3.3-4.8,NGFS Phase 5-Delayed Transition,1,World,Land Cover|Forest,million ha,2060,4153.110600000001,GW3-IIb,GW3b,GW3,ok
REMIND-MAgPIE 3.3-4.8,NGFS Phase 5-Delayed Transition,1,World,Land Cover|Forest,million ha,2055,4139.4514,GW3-IIb,GW3b,GW3,ok
REMIND-MAgPIE 3.3-4.8,NGFS Phase 5-Delayed Transition,1,World,Land Cover|Forest,million ha,2050,4127.983499999999,GW3-IIb,GW3b,GW3,ok
REMIND-MAgPIE 3.3-4.8,NGFS Phase 5-Delayed Transition,1,World,Land Cover|Forest,million ha,2045,4104.9647,GW3-IIb,GW3b,GW3,ok
REMIND-MAgPIE 3.3-4.8,NGFS Phase 5-Delayed Transition,1,World,Land Cover|Forest,million ha,2040,4065.4051,GW3-IIb,GW3b,GW3,ok
REMIND-MAgPIE 3.3-4.8,NGFS Phase 5-Delayed Transition,1,World,Land Cover|Forest,million ha,2035,4047.7743,GW3-IIb,GW3b,GW3,ok
REMIND-MAgPIE 3.3-4.8,NGFS Phase 5-Delayed Transition,1,World,Land Cover|Forest,million ha,2030,3911.1472,GW3-IIb,GW3b,GW3,ok
REMIND-MAgPIE 3.3-4.8,NGFS Phase 5-Delayed Transition,1,World,Land Cover|Forest,million ha,2025,3911.4833,GW3-IIb,GW3b,GW3,ok
REMIND-MAgPIE 3.3-4.8,NGFS Phase 5-Delayed Transition,1,World,Land Cover|Forest,million ha,2020,3918.0832,GW3-IIb,GW3b,GW3,ok
REMIND-MAgPIE 3.3-4.8,NGFS Phase 5-Delayed Transition,1,World,Population,million,2090,10111.9263186,GW3-IIb,GW3b,GW3,ok
REMIND-MAgPIE 3.3-4.8,NGFS Phase 5-Delayed Transition,1,World,Population,million,2080,10186.7226176,GW3-IIb,GW3b,GW3,ok
REMIND-MAgPIE 3.3-4.8,NGFS Phase 5-Delayed Transition,1,World,Population,million,2070,10141.0872844,GW3-IIb,GW3b,GW3,ok
REMIND-MAgPIE 3.3-4.8,NGFS Phase 5-Delayed Transition,1,World,Population,million,2060,9962.9486634,GW3-IIb,GW3b,GW3,ok
REMIND-MAgPIE 3.3-4.8,NGFS Phase 5-Delayed Transition,1,World,Population,million,2055,9818.811888,GW3-IIb,GW3b,GW3,ok
REMIND-MAgPIE 3.3-4.8,NGFS Phase 5-Delayed Transition,1,World,Population,million,2050,9635.221517800002,GW3-IIb,GW3b,GW3,ok
REMIND-MAgPIE 3.3-4.8,NGFS Phase 5-Delayed Transition,1,World,Population,million,2045,9409.292492400002,GW3-IIb,GW3b,GW3,ok
REMIND-MAgPIE 3.3-4.8,NGFS Phase 5-Delayed Transition,1,World,Population,million,2100,9945.4020075,GW3-IIb,GW3b,GW3,ok
REMIND-MAgPIE 3.3-4.8,NGFS Phase 5-Delayed Transition,1,World,Population,million,2035,8848.101586100001,GW3-IIb,GW3b,GW3,ok
REMIND-MAgPIE 3.3-4.8,NGFS Phase 5-Delayed Transition,1,World,Population,million,2030,8523.986635499998,GW3-IIb,GW3b,GW3,ok
REMIND-MAgPIE 3.3-4.8,NGFS Phase 5-Delayed Transition,1,World,Population,million,2025,8171.2855288,GW3-IIb,GW3b,GW3,ok
REMIND-MAgPIE 3.3-4.8,NGFS Phase 5-Delayed Transition,1,World,Population,million,2020,7823.5196069,GW3-IIb,GW3b,GW3,ok
REMIND-MAgPIE 3.3-4.8,NGFS Phase 5-Delayed Transition,1,World,Population,million,2040,9145.249722900002,GW3-IIb,GW3b,GW3,ok
REMIND-MAgPIE 3.3-4.8,NGFS Phase 5-Delayed Transition,1,World,Price|Secondary Energy|Electricity,USD_2010/GJ,2050,15.180245808,GW3-IIb,GW3b,GW3,ok
REMIND-MAgPIE 3.3-4.8,NGFS Phase 5-Delayed Transition,1,World,Price|Secondary Energy|Electricity,USD_2010/GJ,2100,12.229082096,GW3-IIb,GW3b,GW3,ok
REMIND-MAgPIE 3.3-4.8,NGFS Phase 5-Delayed Transition,1,World,Price|Secondary Energy|Electricity,USD_2010/GJ,2090,12.79066376,GW3-IIb,GW3b,GW3,ok
REMIND-MAgPIE 3.3-4.8,NGFS Phase 5-Delayed Transition,1,World,Price|Secondary Energy|Electricity,USD_2010/GJ,2080,13.198452176,GW3-IIb,GW3b,GW3,ok
REMIND-MAgPIE 3.3-4.8,NGFS Phase 5-Delayed Transition,1,World,Price|Secondary Energy|Electricity,USD_2010/GJ,2070,12.507304768,GW3-IIb,GW3b,GW3,ok
REMIND-MAgPIE 3.3-4.8,NGFS Phase 5-Delayed Transition,1,World,Price|Secondary Energy|Electricity,USD_2010/GJ,2060,12.326954976,GW3-IIb,GW3b,GW3,ok
REMIND-MAgPIE 3.3-4.8,NGFS Phase 5-Delayed Transition,1,World,Price|Secondary Energy|Electricity,USD_2010/GJ,2055,13.83608744000001,GW3-IIb,GW3b,GW3,ok
REMIND-MAgPIE 3.3-4.8,NGFS Phase 5-Delayed Transition,1,World,Price|Secondary Energy|Electricity,USD_2010/GJ,2045,17.230836784,GW3-IIb,GW3b,GW3,ok
REMIND-MAgPIE 3.3-4.8,NGFS Phase 5-Delayed Transition,1,World,Price|Secondary Energy|Electricity,USD_2010/GJ,2035,19.20973812800001,GW3-IIb,GW3b,GW3,ok
REMIND-MAgPIE 3.3-4.8,NGFS Phase 5-Delayed Transition,1,World,Price|Secondary Energy|Electricity,USD_2010/GJ,2030,18.472681248,GW3-IIb,GW3b,GW3,ok
REMIND-MAgPIE 3.3-4.8,NGFS Phase 5-Delayed Transition,1,World,Price|Secondary Energy|Electricity,USD_2010/GJ,2025,18.699859696,GW3-IIb,GW3b,GW3,ok
REMIND-MAgPIE 3.3-4.8,NGFS Phase 5-Delayed Transition,1,World,Price|Secondary Energy|Electricity,USD_2010/GJ,2020,17.51547784,GW3-IIb,GW3b,GW3,ok
REMIND-MAgPIE 3.3-4.8,NGFS Phase 5-Delayed Transition,1,World,Price|Secondary Energy|Electricity,USD_2010/GJ,2040,19.108757696,GW3-IIb,GW3b,GW3,ok
REMIND-MAgPIE 3.3-4.8,NGFS Phase 5-Delayed Transition,1,World,Primary Energy|Biomass,EJ/yr,2100,101.1418873,GW3-IIb,GW3b,GW3,ok
REMIND-MAgPIE 3.3-4.8,NGFS Phase 5-Delayed Transition,1,World,Primary Energy|Biomass,EJ/yr,2090,103.2055025,GW3-IIb,GW3b,GW3,ok
REMIND-MAgPIE 3.3-4.8,NGFS Phase 5-Delayed Transition,1,World,Primary Energy|Biomass,EJ/yr,2080,103.3748326,GW3-IIb,GW3b,GW3,ok
REMIND-MAgPIE 3.3-4.8,NGFS Phase 5-Delayed Transition,1,World,Primary Energy|Biomass,EJ/yr,2070,95.8635531,GW3-IIb,GW3b,GW3,ok
REMIND-MAgPIE 3.3-4.8,NGFS Phase 5-Delayed Transition,1,World,Primary Energy|Biomass,EJ/yr,2060,83.1492888,GW3-IIb,GW3b,GW3,ok
REMIND-MAgPIE 3.3-4.8,NGFS Phase 5-Delayed Transition,1,World,Primary Energy|Biomass,EJ/yr,2055,74.83375829999999,GW3-IIb,GW3b,GW3,ok
REMIND-MAgPIE 3.3-4.8,NGFS Phase 5-Delayed Transition,1,World,Primary Energy|Biomass,EJ/yr,2050,68.48726280000001,GW3-IIb,GW3b,GW3,ok
REMIND-MAgPIE 3.3-4.8,NGFS Phase 5-Delayed Transition,1,World,Primary Energy|Biomass,EJ/yr,2045,62.3063499,GW3-IIb,GW3b,GW3,ok
REMIND-MAgPIE 3.3-4.8,NGFS Phase 5-Delayed Transition,1,World,Primary Energy|Biomass,EJ/yr,2040,55.040896,GW3-IIb,GW3b,GW3,ok
REMIND-MAgPIE 3.3-4.8,NGFS Phase 5-Delayed Transition,1,World,Primary Energy|Biomass,EJ/yr,2035,51.2596327,GW3-IIb,GW3b,GW3,ok
REMIND-MAgPIE 3.3-4.8,NGFS Phase 5-Delayed Transition,1,World,Primary Energy|Biomass,EJ/yr,2030,54.1232268,GW3-IIb,GW3b,GW3,ok
REMIND-MAgPIE 3.3-4.8,NGFS Phase 5-Delayed Transition,1,World,Primary Energy|Biomass,EJ/yr,2025,55.5135963,GW3-IIb,GW3b,GW3,ok
REMIND-MAgPIE 3.3-4.8,NGFS Phase 5-Delayed Transition,1,World,Primary Energy|Biomass,EJ/yr,2020,55.1652744,GW3-IIb,GW3b,GW3,ok
REMIND-MAgPIE 3.3-4.8,NGFS Phase 5-Delayed Transition,1,World,Primary Energy|Coal,EJ/yr,2100,2.7174237,GW3-IIb,GW3b,GW3,ok
REMIND-MAgPIE 3.3-4.8,NGFS Phase 5-Delayed Transition,1,World,Primary Energy|Coal,EJ/yr,2090,3.271334700000001,GW3-IIb,GW3b,GW3,ok
REMIND-MAgPIE 3.3-4.8,NGFS Phase 5-Delayed Transition,1,World,Primary Energy|Coal,EJ/yr,2080,3.1561321,GW3-IIb,GW3b,GW3,ok
REMIND-MAgPIE 3.3-4.8,NGFS Phase 5-Delayed Transition,1,World,Primary Energy|Coal,EJ/yr,2070,3.184574,GW3-IIb,GW3b,GW3,ok
REMIND-MAgPIE 3.3-4.8,NGFS Phase 5-Delayed Transition,1,World,Primary Energy|Coal,EJ/yr,2060,3.2662152,GW3-IIb,GW3b,GW3,ok
REMIND-MAgPIE 3.3-4.8,NGFS Phase 5-Delayed Transition,1,World,Primary Energy|Coal,EJ/yr,2055,3.713408,GW3-IIb,GW3b,GW3,ok
REMIND-MAgPIE 3.3-4.8,NGFS Phase 5-Delayed Transition,1,World,Primary Energy|Coal,EJ/yr,2050,6.10917,GW3-IIb,GW3b,GW3,ok
REMIND-MAgPIE 3.3-4.8,NGFS Phase 5-Delayed Transition,1,World,Primary Energy|Coal,EJ/yr,2045,14.8199276,GW3-IIb,GW3b,GW3,ok
REMIND-MAgPIE 3.3-4.8,NGFS Phase 5-Delayed Transition,1,World,Primary Energy|Coal,EJ/yr,2040,69.60740249999999,GW3-IIb,GW3b,GW3,ok
REMIND-MAgPIE 3.3-4.8,NGFS Phase 5-Delayed Transition,1,World,Primary Energy|Coal,EJ/yr,2035,154.4084351,GW3-IIb,GW3b,GW3,ok
REMIND-MAgPIE 3.3-4.8,NGFS Phase 5-Delayed Transition,1,World,Primary Energy|Coal,EJ/yr,2030,170.2504512,GW3-IIb,GW3b,GW3,ok
REMIND-MAgPIE 3.3-4.8,NGFS Phase 5-Delayed Transition,1,World,Primary Energy|Coal,EJ/yr,2025,173.9446946,GW3-IIb,GW3b,GW3,ok
REMIND-MAgPIE 3.3-4.8,NGFS Phase 5-Delayed Transition,1,World,Primary Energy|Coal,EJ/yr,2020,171.5989959,GW3-IIb,GW3b,GW3,ok
REMIND-MAgPIE 3.3-4.8,NGFS Phase 5-Delayed Transition,1,World,Primary Energy|Fossil|w/ CCS,EJ/yr,2100,7.030000000000001e-05,GW3-IIb,GW3b,GW3,ok
REMIND-MAgPIE 3.3-4.8,NGFS Phase 5-Delayed Transition,1,World,Primary Energy|Fossil|w/ CCS,EJ/yr,2090,0.0001093,GW3-IIb,GW3b,GW3,ok
REMIND-MAgPIE 3.3-4.8,NGFS Phase 5-Delayed Transition,1,World,Primary Energy|Fossil|w/ CCS,EJ/yr,2080,0.0062467,GW3-IIb,GW3b,GW3,ok
REMIND-MAgPIE 3.3-4.8,NGFS Phase 5-Delayed Transition,1,World,Primary Energy|Fossil|w/ CCS,EJ/yr,2070,0.0499617,GW3-IIb,GW3b,GW3,ok
REMIND-MAgPIE 3.3-4.8,NGFS Phase 5-Delayed Transition,1,World,Primary Energy|Fossil|w/ CCS,EJ/yr,2060,0.2144862,GW3-IIb,GW3b,GW3,ok
REMIND-MAgPIE 3.3-4.8,NGFS Phase 5-Delayed Transition,1,World,Primary Energy|Fossil|w/ CCS,EJ/yr,2055,0.2862837,GW3-IIb,GW3b,GW3,ok
REMIND-MAgPIE 3.3-4.8,NGFS Phase 5-Delayed Transition,1,World,Primary Energy|Fossil|w/ CCS,EJ/yr,2050,0.3308991999999999,GW3-IIb,GW3b,GW3,ok
REMIND-MAgPIE 3.3-4.8,NGFS Phase 5-Delayed Transition,1,World,Primary Energy|Fossil|w/ CCS,EJ/yr,2040,0.3647839,GW3-IIb,GW3b,GW3,ok
REMIND-MAgPIE 3.3-4.8,NGFS Phase 5-Delayed Transition,1,World,Primary Energy|Fossil|w/ CCS,EJ/yr,2035,0.3506106,GW3-IIb,GW3b,GW3,ok
REMIND-MAgPIE 3.3-4.8,NGFS Phase 5-Delayed Transition,1,World,Primary Energy|Fossil|w/ CCS,EJ/yr,2030,0.3271633,GW3-IIb,GW3b,GW3,ok
REMIND-MAgPIE 3.3-4.8,NGFS Phase 5-Delayed Transition,1,World,Primary Energy|Fossil|w/ CCS,EJ/yr,2025,0.2674888000000001,GW3-IIb,GW3b,GW3,ok
REMIND-MAgPIE 3.3-4.8,NGFS Phase 5-Delayed Transition,1,World,Primary Energy|Fossil|w/ CCS,EJ/yr,2020,0.0644382999999999,GW3-IIb,GW3b,GW3,ok
REMIND-MAgPIE 3.3-4.8,NGFS Phase 5-Delayed Transition,1,World,Primary Energy|Fossil|w/ CCS,EJ/yr,2045,0.3563985,GW3-IIb,GW3b,GW3,ok
REMIND-MAgPIE 3.3-4.8,NGFS Phase 5-Delayed Transition,1,World,Primary Energy|Fossil|w/o CCS,EJ/yr,2090,120.8639154,GW3-IIb,GW3b,GW3,ok
REMIND-MAgPIE 3.3-4.8,NGFS Phase 5-Delayed Transition,1,World,Primary Energy|Fossil|w/o CCS,EJ/yr,2080,133.6787737,GW3-IIb,GW3b,GW3,ok
REMIND-MAgPIE 3.3-4.8,NGFS Phase 5-Delayed Transition,1,World,Primary Energy|Fossil|w/o CCS,EJ/yr,2070,144.7199888,GW3-IIb,GW3b,GW3,ok
REMIND-MAgPIE 3.3-4.8,NGFS Phase 5-Delayed Transition,1,World,Primary Energy|Fossil|w/o CCS,EJ/yr,2060,159.1904307,GW3-IIb,GW3b,GW3,ok
REMIND-MAgPIE 3.3-4.8,NGFS Phase 5-Delayed Transition,1,World,Primary Energy|Fossil|w/o CCS,EJ/yr,2055,167.4590994,GW3-IIb,GW3b,GW3,ok
REMIND-MAgPIE 3.3-4.8,NGFS Phase 5-Delayed Transition,1,World,Primary Energy|Fossil|w/o CCS,EJ/yr,2050,188.2406948,GW3-IIb,GW3b,GW3,ok
REMIND-MAgPIE 3.3-4.8,NGFS Phase 5-Delayed Transition,1,World,Primary Energy|Fossil|w/o CCS,EJ/yr,2045,227.3709136,GW3-IIb,GW3b,GW3,ok
REMIND-MAgPIE 3.3-4.8,NGFS Phase 5-Delayed Transition,1,World,Primary Energy|Fossil|w/o CCS,EJ/yr,2100,105.5079295,GW3-IIb,GW3b,GW3,ok
REMIND-MAgPIE 3.3-4.8,NGFS Phase 5-Delayed Transition,1,World,Primary Energy|Fossil|w/o CCS,EJ/yr,2035,486.7109468,GW3-IIb,GW3b,GW3,ok
REMIND-MAgPIE 3.3-4.8,NGFS Phase 5-Delayed Transition,1,World,Primary Energy|Fossil|w/o CCS,EJ/yr,2030,527.7373395000001,GW3-IIb,GW3b,GW3,ok
REMIND-MAgPIE 3.3-4.8,NGFS Phase 5-Delayed Transition,1,World,Primary Energy|Fossil|w/o CCS,EJ/yr,2025,522.3403155999999,GW3-IIb,GW3b,GW3,ok
REMIND-MAgPIE 3.3-4.8,NGFS Phase 5-Delayed Transition,1,World,Primary Energy|Fossil|w/o CCS,EJ/yr,2020,500.6521242,GW3-IIb,GW3b,GW3,ok
REMIND-MAgPIE 3.3-4.8,NGFS Phase 5-Delayed Transition,1,World,Primary Energy|Fossil|w/o CCS,EJ/yr,2040,329.5964195999999,GW3-IIb,GW3b,GW3,ok
REMIND-MAgPIE 3.3-4.8,NGFS Phase 5-Delayed Transition,1,World,Primary Energy|Gas,EJ/yr,2090,83.5330495,GW3-IIb,GW3b,GW3,ok
REMIND-MAgPIE 3.3-4.8,NGFS Phase 5-Delayed Transition,1,World,Primary Energy|Gas,EJ/yr,2080,87.74706300000003,GW3-IIb,GW3b,GW3,ok
REMIND-MAgPIE 3.3-4.8,NGFS Phase 5-Delayed Transition,1,World,Primary Energy|Gas,EJ/yr,2070,86.5662463,GW3-IIb,GW3b,GW3,ok
REMIND-MAgPIE 3.3-4.8,NGFS Phase 5-Delayed Transition,1,World,Primary Energy|Gas,EJ/yr,2060,80.7120329,GW3-IIb,GW3b,GW3,ok
REMIND-MAgPIE 3.3-4.8,NGFS Phase 5-Delayed Transition,1,World,Primary Energy|Gas,EJ/yr,2055,74.203152,GW3-IIb,GW3b,GW3,ok
REMIND-MAgPIE 3.3-4.8,NGFS Phase 5-Delayed Transition,1,World,Primary Energy|Gas,EJ/yr,2050,73.15885119999999,GW3-IIb,GW3b,GW3,ok
REMIND-MAgPIE 3.3-4.8,NGFS Phase 5-Delayed Transition,1,World,Primary Energy|Gas,EJ/yr,2100,75.36143560000001,GW3-IIb,GW3b,GW3,ok
REMIND-MAgPIE 3.3-4.8,NGFS Phase 5-Delayed Transition,1,World,Primary Energy|Gas,EJ/yr,2045,79.7197306,GW3-IIb,GW3b,GW3,ok
REMIND-MAgPIE 3.3-4.8,NGFS Phase 5-Delayed Transition,1,World,Primary Energy|Gas,EJ/yr,2035,146.1282113,GW3-IIb,GW3b,GW3,ok
REMIND-MAgPIE 3.3-4.8,NGFS Phase 5-Delayed Transition,1,World,Primary Energy|Gas,EJ/yr,2030,150.2882407,GW3-IIb,GW3b,GW3,ok
REMIND-MAgPIE 3.3-4.8,NGFS Phase 5-Delayed Transition,1,World,Primary Energy|Gas,EJ/yr,2025,145.4763228,GW3-IIb,GW3b,GW3,ok
REMIND-MAgPIE 3.3-4.8,NGFS Phase 5-Delayed Transition,1,World,Primary Energy|Gas,EJ/yr,2020,137.4595301,GW3-IIb,GW3b,GW3,ok
REMIND-MAgPIE 3.3-4.8,NGFS Phase 5-Delayed Transition,1,World,Primary Energy|Gas,EJ/yr,2040,103.4897145,GW3-IIb,GW3b,GW3,ok
REMIND-MAgPIE 3.3-4.8,NGFS Phase 5-Delayed Transition,1,World,Primary Energy|Non-Biomass Renewables,EJ/yr,2100,548.6041707,GW3-IIb,GW3b,GW3,ok
REMIND-MAgPIE 3.3-4.8,NGFS Phase 5-Delayed Transition,1,World,Primary Energy|Non-Biomass Renewables,EJ/yr,2090,509.074746,GW3-IIb,GW3b,GW3,ok
REMIND-MAgPIE 3.3-4.8,NGFS Phase 5-Delayed Transition,1,World,Primary Energy|Non-Biomass Renewables,EJ/yr,2080,443.1011286,GW3-IIb,GW3b,GW3,ok
REMIND-MAgPIE 3.3-4.8,NGFS Phase 5-Delayed Transition,1,World,Primary Energy|Non-Biomass Renewables,EJ/yr,2070,378.0989597999999,GW3-IIb,GW3b,GW3,ok
REMIND-MAgPIE 3.3-4.8,NGFS Phase 5-Delayed Transition,1,World,Primary Energy|Non-Biomass Renewables,EJ/yr,2060,332.1799189,GW3-IIb,GW3b,GW3,ok
REMIND-MAgPIE 3.3-4.8,NGFS Phase 5-Delayed Transition,1,World,Primary Energy|Non-Biomass Renewables,EJ/yr,2055,286.6231104999999,GW3-IIb,GW3b,GW3,ok
REMIND-MAgPIE 3.3-4.8,NGFS Phase 5-Delayed Transition,1,World,Primary Energy|Non-Biomass Renewables,EJ/yr,2050,253.6971493,GW3-IIb,GW3b,GW3,ok
REMIND-MAgPIE 3.3-4.8,NGFS Phase 5-Delayed Transition,1,World,Primary Energy|Non-Biomass Renewables,EJ/yr,2045,212.0159448,GW3-IIb,GW3b,GW3,ok
REMIND-MAgPIE 3.3-4.8,NGFS Phase 5-Delayed Transition,1,World,Primary Energy|Non-Biomass Renewables,EJ/yr,2040,158.7339848,GW3-IIb,GW3b,GW3,ok
REMIND-MAgPIE 3.3-4.8,NGFS Phase 5-Delayed Transition,1,World,Primary Energy|Non-Biomass Renewables,EJ/yr,2035,105.2259494,GW3-IIb,GW3b,GW3,ok
REMIND-MAgPIE 3.3-4.8,NGFS Phase 5-Delayed Transition,1,World,Primary Energy|Non-Biomass Renewables,EJ/yr,2030,67.61339579999999,GW3-IIb,GW3b,GW3,ok
REMIND-MAgPIE 3.3-4.8,NGFS Phase 5-Delayed Transition,1,World,Primary Energy|Non-Biomass Renewables,EJ/yr,2025,43.28854310000001,GW3-IIb,GW3b,GW3,ok
REMIND-MAgPIE 3.3-4.8,NGFS Phase 5-Delayed Transition,1,World,Primary Energy|Non-Biomass Renewables,EJ/yr,2020,28.3282548,GW3-IIb,GW3b,GW3,ok
REMIND-MAgPIE 3.3-4.8,NGFS Phase 5-Delayed Transition,1,World,Primary Energy|Nuclear,EJ/yr,2100,1.1759824,GW3-IIb,GW3b,GW3,ok
REMIND-MAgPIE 3.3-4.8,NGFS Phase 5-Delayed Transition,1,World,Primary Energy|Nuclear,EJ/yr,2090,2.9873755,GW3-IIb,GW3b,GW3,ok
REMIND-MAgPIE 3.3-4.8,NGFS Phase 5-Delayed Transition,1,World,Primary Energy|Nuclear,EJ/yr,2080,5.318951999999999,GW3-IIb,GW3b,GW3,ok
REMIND-MAgPIE 3.3-4.8,NGFS Phase 5-Delayed Transition,1,World,Primary Energy|Nuclear,EJ/yr,2070,7.505934599999999,GW3-IIb,GW3b,GW3,ok
REMIND-MAgPIE 3.3-4.8,NGFS Phase 5-Delayed Transition,1,World,Primary Energy|Nuclear,EJ/yr,2060,8.930868899999998,GW3-IIb,GW3b,GW3,ok
REMIND-MAgPIE 3.3-4.8,NGFS Phase 5-Delayed Transition,1,World,Primary Energy|Nuclear,EJ/yr,2055,9.2921378,GW3-IIb,GW3b,GW3,ok
REMIND-MAgPIE 3.3-4.8,NGFS Phase 5-Delayed Transition,1,World,Primary Energy|Nuclear,EJ/yr,2050,9.69562,GW3-IIb,GW3b,GW3,ok
REMIND-MAgPIE 3.3-4.8,NGFS Phase 5-Delayed Transition,1,World,Primary Energy|Nuclear,EJ/yr,2045,10.0941489,GW3-IIb,GW3b,GW3,ok
REMIND-MAgPIE 3.3-4.8,NGFS Phase 5-Delayed Transition,1,World,Primary Energy|Nuclear,EJ/yr,2040,10.4925482,GW3-IIb,GW3b,GW3,ok
REMIND-MAgPIE 3.3-4.8,NGFS Phase 5-Delayed Transition,1,World,Primary Energy|Nuclear,EJ/yr,2035,10.6683603,GW3-IIb,GW3b,GW3,ok
REMIND-MAgPIE 3.3-4.8,NGFS Phase 5-Delayed Transition,1,World,Primary Energy|Nuclear,EJ/yr,2030,10.5538043,GW3-IIb,GW3b,GW3,ok
REMIND-MAgPIE 3.3-4.8,NGFS Phase 5-Delayed Transition,1,World,Primary Energy|Nuclear,EJ/yr,2025,10.2469222,GW3-IIb,GW3b,GW3,ok
REMIND-MAgPIE 3.3-4.8,NGFS Phase 5-Delayed Transition,1,World,Primary Energy|Nuclear,EJ/yr,2020,9.5900332,GW3-IIb,GW3b,GW3,ok
REMIND-MAgPIE 3.3-4.8,NGFS Phase 5-Delayed Transition,1,World,Primary Energy|Oil,EJ/yr,2100,27.4291405,GW3-IIb,GW3b,GW3,ok
REMIND-MAgPIE 3.3-4.8,NGFS Phase 5-Delayed Transition,1,World,Primary Energy|Oil,EJ/yr,2090,34.05964059999999,GW3-IIb,GW3b,GW3,ok
REMIND-MAgPIE 3.3-4.8,NGFS Phase 5-Delayed Transition,1,World,Primary Energy|Oil,EJ/yr,2080,42.7818253,GW3-IIb,GW3b,GW3,ok
REMIND-MAgPIE 3.3-4.8,NGFS Phase 5-Delayed Transition,1,World,Primary Energy|Oil,EJ/yr,2070,55.01913010000001,GW3-IIb,GW3b,GW3,ok
REMIND-MAgPIE 3.3-4.8,NGFS Phase 5-Delayed Transition,1,World,Primary Energy|Oil,EJ/yr,2060,75.4266688,GW3-IIb,GW3b,GW3,ok
REMIND-MAgPIE 3.3-4.8,NGFS Phase 5-Delayed Transition,1,World,Primary Energy|Oil,EJ/yr,2055,89.828823,GW3-IIb,GW3b,GW3,ok
REMIND-MAgPIE 3.3-4.8,NGFS Phase 5-Delayed Transition,1,World,Primary Energy|Oil,EJ/yr,2050,109.3035729,GW3-IIb,GW3b,GW3,ok
REMIND-MAgPIE 3.3-4.8,NGFS Phase 5-Delayed Transition,1,World,Primary Energy|Oil,EJ/yr,2045,133.1876538,GW3-IIb,GW3b,GW3,ok
REMIND-MAgPIE 3.3-4.8,NGFS Phase 5-Delayed Transition,1,World,Primary Energy|Oil,EJ/yr,2040,156.8640865,GW3-IIb,GW3b,GW3,ok
REMIND-MAgPIE 3.3-4.8,NGFS Phase 5-Delayed Transition,1,World,Primary Energy|Oil,EJ/yr,2035,186.524911,GW3-IIb,GW3b,GW3,ok
REMIND-MAgPIE 3.3-4.8,NGFS Phase 5-Delayed Transition,1,World,Primary Energy|Oil,EJ/yr,2030,207.5258109,GW3-IIb,GW3b,GW3,ok
REMIND-MAgPIE 3.3-4.8,NGFS Phase 5-Delayed Transition,1,World,Primary Energy|Oil,EJ/yr,2025,203.186787,GW3-IIb,GW3b,GW3,ok
REMIND-MAgPIE 3.3-4.8,NGFS Phase 5-Delayed Transition,1,World,Primary Energy|Oil,EJ/yr,2020,191.6580364,GW3-IIb,GW3b,GW3,ok
REMIND-MAgPIE 3.3-4.8,NGFS Phase 5-Low Demand,1,World,Capacity|Electricity|Solar|PV,GW,2090,29396.1891944,GW2-I,GW2a,GW2,ok
REMIND-MAgPIE 3.3-4.8,NGFS Phase 5-Low Demand,1,World,Capacity|Electricity|Solar|PV,GW,2080,24850.8217501,GW2-I,GW2a,GW2,ok
REMIND-MAgPIE 3.3-4.8,NGFS Phase 5-Low Demand,1,World,Capacity|Electricity|Solar|PV,GW,2070,20458.7775947,GW2-I,GW2a,GW2,ok
REMIND-MAgPIE 3.3-4.8,NGFS Phase 5-Low Demand,1,World,Capacity|Electricity|Solar|PV,GW,2060,18554.8248552,GW2-I,GW2a,GW2,ok
REMIND-MAgPIE 3.3-4.8,NGFS Phase 5-Low Demand,1,World,Capacity|Electricity|Solar|PV,GW,2055,17005.1256119,GW2-I,GW2a,GW2,ok
REMIND-MAgPIE 3.3-4.8,NGFS Phase 5-Low Demand,1,World,Capacity|Electricity|Solar|PV,GW,2050,16218.4732686,GW2-I,GW2a,GW2,ok
REMIND-MAgPIE 3.3-4.8,NGFS Phase 5-Low Demand,1,World,Capacity|Electricity|Solar|PV,GW,2045,14965.8598545,GW2-I,GW2a,GW2,ok
REMIND-MAgPIE 3.3-4.8,NGFS Phase 5-Low Demand,1,World,Capacity|Electricity|Solar|PV,GW,2100,33836.09637940001,GW2-I,GW2a,GW2,ok
REMIND-MAgPIE 3.3-4.8,NGFS Phase 5-Low Demand,1,World,Capacity|Electricity|Solar|PV,GW,2035,9776.8602508,GW2-I,GW2a,GW2,ok
REMIND-MAgPIE 3.3-4.8,NGFS Phase 5-Low Demand,1,World,Capacity|Electricity|Solar|PV,GW,2030,5564.5945327,GW2-I,GW2a,GW2,ok
REMIND-MAgPIE 3.3-4.8,NGFS Phase 5-Low Demand,1,World,Capacity|Electricity|Solar|PV,GW,2025,2065.6532919,GW2-I,GW2a,GW2,ok
REMIND-MAgPIE 3.3-4.8,NGFS Phase 5-Low Demand,1,World,Capacity|Electricity|Solar|PV,GW,2020,702.7919526000001,GW2-I,GW2a,GW2,ok
REMIND-MAgPIE 3.3-4.8,NGFS Phase 5-Low Demand,1,World,Capacity|Electricity|Solar|PV,GW,2040,12998.4178978,GW2-I,GW2a,GW2,ok
REMIND-MAgPIE 3.3-4.8,NGFS Phase 5-Low Demand,1,World,Capacity|Electricity|Wind,GW,2100,10674.8686258,GW2-I,GW2a,GW2,ok
REMIND-MAgPIE 3.3-4.8,NGFS Phase 5-Low Demand,1,World,Capacity|Electricity|Wind,GW,2090,10010.4453063,GW2-I,GW2a,GW2,ok
REMIND-MAgPIE 3.3-4.8,NGFS Phase 5-Low Demand,1,World,Capacity|Electricity|Wind,GW,2080,8699.450523699998,GW2-I,GW2a,GW2,ok
REMIND-MAgPIE 3.3-4.8,NGFS Phase 5-Low Demand,1,World,Capacity|Electricity|Wind,GW,2070,7474.192673100001,GW2-I,GW2a,GW2,ok
REMIND-MAgPIE 3.3-4.8,NGFS Phase 5-Low Demand,1,World,Capacity|Electricity|Wind,GW,2060,6374.728730299999,GW2-I,GW2a,GW2,ok
REMIND-MAgPIE 3.3-4.8,NGFS Phase 5-Low Demand,1,World,Capacity|Electricity|Wind,GW,2055,5483.563837,GW2-I,GW2a,GW2,ok
REMIND-MAgPIE 3.3-4.8,NGFS Phase 5-Low Demand,1,World,Capacity|Electricity|Wind,GW,2050,5064.656186600001,GW2-I,GW2a,GW2,ok
REMIND-MAgPIE 3.3-4.8,NGFS Phase 5-Low Demand,1,World,Capacity|Electricity|Wind,GW,2045,4551.533037899999,GW2-I,GW2a,GW2,ok
REMIND-MAgPIE 3.3-4.8,NGFS Phase 5-Low Demand,1,World,Capacity|Electricity|Wind,GW,2035,3039.6623536,GW2-I,GW2a,GW2,ok
REMIND-MAgPIE 3.3-4.8,NGFS Phase 5-Low Demand,1,World,Capacity|Electricity|Wind,GW,2030,2074.3145448,GW2-I,GW2a,GW2,ok
REMIND-MAgPIE 3.3-4.8,NGFS Phase 5-Low Demand,1,World,Capacity|Electricity|Wind,GW,2025,1227.2751207,GW2-I,GW2a,GW2,ok
REMIND-MAgPIE 3.3-4.8,NGFS Phase 5-Low Demand,1,World,Capacity|Electricity|Wind,GW,2020,721.3418499999999,GW2-I,GW2a,GW2,ok
REMIND-MAgPIE 3.3-4.8,NGFS Phase 5-Low Demand,1,World,Capacity|Electricity|Wind,GW,2040,3879.1342557,GW2-I,GW2a,GW2,ok
REMIND-MAgPIE 3.3-4.8,NGFS Phase 5-Low Demand,1,World,Carbon Capture|Geological Storage|Biomass,Mt CO2/yr,2100,3716.569791800001,GW2-I,GW2a,GW2,ok
REMIND-MAgPIE 3.3-4.8,NGFS Phase 5-Low Demand,1,World,Carbon Capture|Geological Storage|Biomass,Mt CO2/yr,2090,3821.9905742,GW2-I,GW2a,GW2,ok
REMIND-MAgPIE 3.3-4.8,NGFS Phase 5-Low Demand,1,World,Carbon Capture|Geological Storage|Biomass,Mt CO2/yr,2080,3773.4077246,GW2-I,GW2a,GW2,ok
REMIND-MAgPIE 3.3-4.8,NGFS Phase 5-Low Demand,1,World,Carbon Capture|Geological Storage|Biomass,Mt CO2/yr,2070,3695.349089,GW2-I,GW2a,GW2,ok
REMIND-MAgPIE 3.3-4.8,NGFS Phase 5-Low Demand,1,World,Carbon Capture|Geological Storage|Biomass,Mt CO2/yr,2060,3338.7390636,GW2-I,GW2a,GW2,ok
REMIND-MAgPIE 3.3-4.8,NGFS Phase 5-Low Demand,1,World,Carbon Capture|Geological Storage|Biomass,Mt CO2/yr,2055,2812.2545109,GW2-I,GW2a,GW2,ok
REMIND-MAgPIE 3.3-4.8,NGFS Phase 5-Low Demand,1,World,Carbon Capture|Geological Storage|Biomass,Mt CO2/yr,2050,2410.916253400001,GW2-I,GW2a,GW2,ok
REMIND-MAgPIE 3.3-4.8,NGFS Phase 5-Low Demand,1,World,Carbon Capture|Geological Storage|Biomass,Mt CO2/yr,2045,1871.9139559,GW2-I,GW2a,GW2,ok
REMIND-MAgPIE 3.3-4.8,NGFS Phase 5-Low Demand,1,World,Carbon Capture|Geological Storage|Biomass,Mt CO2/yr,2040,1245.9222902,GW2-I,GW2a,GW2,ok
REMIND-MAgPIE 3.3-4.8,NGFS Phase 5-Low Demand,1,World,Carbon Capture|Geological Storage|Biomass,Mt CO2/yr,2035,646.7132146999999,GW2-I,GW2a,GW2,ok
REMIND-MAgPIE 3.3-4.8,NGFS Phase 5-Low Demand,1,World,Carbon Capture|Geological Storage|Biomass,Mt CO2/yr,2030,218.044055,GW2-I,GW2a,GW2,ok
REMIND-MAgPIE 3.3-4.8,NGFS Phase 5-Low Demand,1,World,Carbon Capture|Geological Storage|Biomass,Mt CO2/yr,2025,42.61685120000001,GW2-I,GW2a,GW2,ok
REMIND-MAgPIE 3.3-4.8,NGFS Phase 5-Low Demand,1,World,Carbon Capture|Geological Storage|Biomass,Mt CO2/yr,2020,0.0,GW2-I,GW2a,GW2,ok
REMIND-MAgPIE 3.3-4.8,NGFS Phase 5-Low Demand,1,World,Carbon Removal|Land Use,Mt CO2/yr,2090,638.6835,GW2-I,GW2a,GW2,ok
REMIND-MAgPIE 3.3-4.8,NGFS Phase 5-Low Demand,1,World,Carbon Removal|Land Use,Mt CO2/yr,2080,627.2786,GW2-I,GW2a,GW2,ok
REMIND-MAgPIE 3.3-4.8,NGFS Phase 5-Low Demand,1,World,Carbon Removal|Land Use,Mt CO2/yr,2100,636.7252,GW2-I,GW2a,GW2,ok
REMIND-MAgPIE 3.3-4.8,NGFS Phase 5-Low Demand,1,World,Carbon Removal|Land Use,Mt CO2/yr,2060,575.2796999999999,GW2-I,GW2a,GW2,ok
REMIND-MAgPIE 3.3-4.8,NGFS Phase 5-Low Demand,1,World,Carbon Removal|Land Use,Mt CO2/yr,2055,549.6001,GW2-I,GW2a,GW2,ok
REMIND-MAgPIE 3.3-4.8,NGFS Phase 5-Low Demand,1,World,Carbon Removal|Land Use,Mt CO2/yr,2050,546.0357,GW2-I,GW2a,GW2,ok
REMIND-MAgPIE 3.3-4.8,NGFS Phase 5-Low Demand,1,World,Carbon Removal|Land Use,Mt CO2/yr,2045,560.9757999999999,GW2-I,GW2a,GW2,ok
REMIND-MAgPIE 3.3-4.8,NGFS Phase 5-Low Demand,1,World,Carbon Removal|Land Use,Mt CO2/yr,2070,605.6509,GW2-I,GW2a,GW2,ok
REMIND-MAgPIE 3.3-4.8,NGFS Phase 5-Low Demand,1,World,Carbon Removal|Land Use,Mt CO2/yr,2035,557.4375999999999,GW2-I,GW2a,GW2,ok
REMIND-MAgPIE 3.3-4.8,NGFS Phase 5-Low Demand,1,World,Carbon Removal|Land Use,Mt CO2/yr,2030,523.6236,GW2-I,GW2a,GW2,ok
REMIND-MAgPIE 3.3-4.8,NGFS Phase 5-Low Demand,1,World,Carbon Removal|Land Use,Mt CO2/yr,2025,387.2398,GW2-I,GW2a,GW2,ok
REMIND-MAgPIE 3.3-4.8,NGFS Phase 5-Low Demand,1,World,Carbon Removal|Land Use,Mt CO2/yr,2020,320.5919,GW2-I,GW2a,GW2,ok
REMIND-MAgPIE 3.3-4.8,NGFS Phase 5-Low Demand,1,World,Carbon Removal|Land Use,Mt CO2/yr,2040,570.8136,GW2-I,GW2a,GW2,ok
REMIND-MAgPIE 3.3-4.8,NGFS Phase 5-Low Demand,1,World,Emissions|CO2,Mt CO2/yr,2100,-4634.9628008,GW2-I,GW2a,GW2,ok
REMIND-MAgPIE 3.3-4.8,NGFS Phase 5-Low Demand,1,World,Emissions|CO2,Mt CO2/yr,2090,-4537.6476492,GW2-I,GW2a,GW2,ok
REMIND-MAgPIE 3.3-4.8,NGFS Phase 5-Low Demand,1,World,Emissions|CO2,Mt CO2/yr,2080,-4407.265640400001,GW2-I,GW2a,GW2,ok
REMIND-MAgPIE 3.3-4.8,NGFS Phase 5-Low Demand,1,World,Emissions|CO2,Mt CO2/yr,2070,-4011.871575600001,GW2-I,GW2a,GW2,ok
REMIND-MAgPIE 3.3-4.8,NGFS Phase 5-Low Demand,1,World,Emissions|CO2,Mt CO2/yr,2060,-2988.3071873,GW2-I,GW2a,GW2,ok
REMIND-MAgPIE 3.3-4.8,NGFS Phase 5-Low Demand,1,World,Emissions|CO2,Mt CO2/yr,2055,-1766.8712312,GW2-I,GW2a,GW2,ok
REMIND-MAgPIE 3.3-4.8,NGFS Phase 5-Low Demand,1,World,Emissions|CO2,Mt CO2/yr,2050,-387.2805134999999,GW2-I,GW2a,GW2,ok
REMIND-MAgPIE 3.3-4.8,NGFS Phase 5-Low Demand,1,World,Emissions|CO2,Mt CO2/yr,2045,2189.3856586,GW2-I,GW2a,GW2,ok
REMIND-MAgPIE 3.3-4.8,NGFS Phase 5-Low Demand,1,World,Emissions|CO2,Mt CO2/yr,2035,13512.5572638,GW2-I,GW2a,GW2,ok
REMIND-MAgPIE 3.3-4.8,NGFS Phase 5-Low Demand,1,World,Emissions|CO2,Mt CO2/yr,2030,24077.473664,GW2-I,GW2a,GW2,ok
REMIND-MAgPIE 3.3-4.8,NGFS Phase 5-Low Demand,1,World,Emissions|CO2,Mt CO2/yr,2025,40929.894997,GW2-I,GW2a,GW2,ok
REMIND-MAgPIE 3.3-4.8,NGFS Phase 5-Low Demand,1,World,Emissions|CO2,Mt CO2/yr,2020,44336.01437690001,GW2-I,GW2a,GW2,ok
REMIND-MAgPIE 3.3-4.8,NGFS Phase 5-Low Demand,1,World,Emissions|CO2,Mt CO2/yr,2040,6576.2688468,GW2-I,GW2a,GW2,ok
REMIND-MAgPIE 3.3-4.8,NGFS Phase 5-Low Demand,1,World,Final Energy,EJ/yr,2100,371.8129499,GW2-I,GW2a,GW2,ok
REMIND-MAgPIE 3.3-4.8,NGFS Phase 5-Low Demand,1,World,Final Energy,EJ/yr,2090,356.861966,GW2-I,GW2a,GW2,ok
REMIND-MAgPIE 3.3-4.8,NGFS Phase 5-Low Demand,1,World,Final Energy,EJ/yr,2080,329.3533168999999,GW2-I,GW2a,GW2,ok
REMIND-MAgPIE 3.3-4.8,NGFS Phase 5-Low Demand,1,World,Final Energy,EJ/yr,2070,298.0092684,GW2-I,GW2a,GW2,ok
REMIND-MAgPIE 3.3-4.8,NGFS Phase 5-Low Demand,1,World,Final Energy,EJ/yr,2060,284.6441174,GW2-I,GW2a,GW2,ok
REMIND-MAgPIE 3.3-4.8,NGFS Phase 5-Low Demand,1,World,Final Energy,EJ/yr,2055,270.6238129,GW2-I,GW2a,GW2,ok
REMIND-MAgPIE 3.3-4.8,NGFS Phase 5-Low Demand,1,World,Final Energy,EJ/yr,2050,270.2995634,GW2-I,GW2a,GW2,ok
REMIND-MAgPIE 3.3-4.8,NGFS Phase 5-Low Demand,1,World,Final Energy,EJ/yr,2045,275.40758,GW2-I,GW2a,GW2,ok
REMIND-MAgPIE 3.3-4.8,NGFS Phase 5-Low Demand,1,World,Final Energy,EJ/yr,2040,292.0142446,GW2-I,GW2a,GW2,ok
REMIND-MAgPIE 3.3-4.8,NGFS Phase 5-Low Demand,1,World,Final Energy,EJ/yr,2035,321.143344,GW2-I,GW2a,GW2,ok
REMIND-MAgPIE 3.3-4.8,NGFS Phase 5-Low Demand,1,World,Final Energy,EJ/yr,2030,359.8919153999999,GW2-I,GW2a,GW2,ok
REMIND-MAgPIE 3.3-4.8,NGFS Phase 5-Low Demand,1,World,Final Energy,EJ/yr,2025,451.7380089999999,GW2-I,GW2a,GW2,ok
REMIND-MAgPIE 3.3-4.8,NGFS Phase 5-Low Demand,1,World,Final Energy,EJ/yr,2020,439.0000707,GW2-I,GW2a,GW2,ok
REMIND-MAgPIE 3.3-4.8,NGFS Phase 5-Low Demand,1,World,Final Energy|Electricity,EJ/yr,2090,218.2931044,GW2-I,GW2a,GW2,ok
REMIND-MAgPIE 3.3-4.8,NGFS Phase 5-Low Demand,1,World,Final Energy|Electricity,EJ/yr,2080,200.2350283,GW2-I,GW2a,GW2,ok
REMIND-MAgPIE 3.3-4.8,NGFS Phase 5-Low Demand,1,World,Final Energy|Electricity,EJ/yr,2070,178.1737244,GW2-I,GW2a,GW2,ok
REMIND-MAgPIE 3.3-4.8,NGFS Phase 5-Low Demand,1,World,Final Energy|Electricity,EJ/yr,2060,167.4341827,GW2-I,GW2a,GW2,ok
REMIND-MAgPIE 3.3-4.8,NGFS Phase 5-Low Demand,1,World,Final Energy|Electricity,EJ/yr,2055,157.7704085,GW2-I,GW2a,GW2,ok
REMIND-MAgPIE 3.3-4.8,NGFS Phase 5-Low Demand,1,World,Final Energy|Electricity,EJ/yr,2050,153.2505103,GW2-I,GW2a,GW2,ok
REMIND-MAgPIE 3.3-4.8,NGFS Phase 5-Low Demand,1,World,Final Energy|Electricity,EJ/yr,2045,143.1651833,GW2-I,GW2a,GW2,ok
REMIND-MAgPIE 3.3-4.8,NGFS Phase 5-Low Demand,1,World,Final Energy|Electricity,EJ/yr,2100,230.6416207,GW2-I,GW2a,GW2,ok
REMIND-MAgPIE 3.3-4.8,NGFS Phase 5-Low Demand,1,World,Final Energy|Electricity,EJ/yr,2035,113.0546659,GW2-I,GW2a,GW2,ok
REMIND-MAgPIE 3.3-4.8,NGFS Phase 5-Low Demand,1,World,Final Energy|Electricity,EJ/yr,2030,99.8270586,GW2-I,GW2a,GW2,ok
REMIND-MAgPIE 3.3-4.8,NGFS Phase 5-Low Demand,1,World,Final Energy|Electricity,EJ/yr,2025,96.79385360000002,GW2-I,GW2a,GW2,ok
REMIND-MAgPIE 3.3-4.8,NGFS Phase 5-Low Demand,1,World,Final Energy|Electricity,EJ/yr,2020,85.66186060000001,GW2-I,GW2a,GW2,ok
REMIND-MAgPIE 3.3-4.8,NGFS Phase 5-Low Demand,1,World,Final Energy|Electricity,EJ/yr,2040,129.791929,GW2-I,GW2a,GW2,ok
REMIND-MAgPIE 3.3-4.8,NGFS Phase 5-Low Demand,1,World,Food Availability|Crops [per capita],kcal/cap/day,2090,1893.6865,GW2-I,GW2a,GW2,ok
REMIND-MAgPIE 3.3-4.8,NGFS Phase 5-Low Demand,1,World,Food Availability|Crops [per capita],kcal/cap/day,2080,1886.4868,GW2-I,GW2a,GW2,ok
REMIND-MAgPIE 3.3-4.8,NGFS Phase 5-Low Demand,1,World,Food Availability|Crops [per capita],kcal/cap/day,2070,1879.47,GW2-I,GW2a,GW2,ok
REMIND-MAgPIE 3.3-4.8,NGFS Phase 5-Low Demand,1,World,Food Availability|Crops [per capita],kcal/cap/day,2060,1868.7548,GW2-I,GW2a,GW2,ok
REMIND-MAgPIE 3.3-4.8,NGFS Phase 5-Low Demand,1,World,Food Availability|Crops [per capita],kcal/cap/day,2055,1861.9247,GW2-I,GW2a,GW2,ok
REMIND-MAgPIE 3.3-4.8,NGFS Phase 5-Low Demand,1,World,Food Availability|Crops [per capita],kcal/cap/day,2050,1855.791,GW2-I,GW2a,GW2,ok
REMIND-MAgPIE 3.3-4.8,NGFS Phase 5-Low Demand,1,World,Food Availability|Crops [per capita],kcal/cap/day,2045,1818.0346,GW2-I,GW2a,GW2,ok
REMIND-MAgPIE 3.3-4.8,NGFS Phase 5-Low Demand,1,World,Food Availability|Crops [per capita],kcal/cap/day,2100,1897.1224,GW2-I,GW2a,GW2,ok
REMIND-MAgPIE 3.3-4.8,NGFS Phase 5-Low Demand,1,World,Food Availability|Crops [per capita],kcal/cap/day,2035,1754.4796,GW2-I,GW2a,GW2,ok
REMIND-MAgPIE 3.3-4.8,NGFS Phase 5-Low Demand,1,World,Food Availability|Crops [per capita],kcal/cap/day,2030,1733.4769,GW2-I,GW2a,GW2,ok
REMIND-MAgPIE 3.3-4.8,NGFS Phase 5-Low Demand,1,World,Food Availability|Crops [per capita],kcal/cap/day,2025,1721.3394,GW2-I,GW2a,GW2,ok
REMIND-MAgPIE 3.3-4.8,NGFS Phase 5-Low Demand,1,World,Food Availability|Crops [per capita],kcal/cap/day,2020,1714.2354,GW2-I,GW2a,GW2,ok
REMIND-MAgPIE 3.3-4.8,NGFS Phase 5-Low Demand,1,World,Food Availability|Crops [per capita],kcal/cap/day,2040,1783.5537,GW2-I,GW2a,GW2,ok
REMIND-MAgPIE 3.3-4.8,NGFS Phase 5-Low Demand,1,World,Food Availability|Livestock [per capita],kcal/cap/day,2090,192.7452,GW2-I,GW2a,GW2,ok
REMIND-MAgPIE 3.3-4.8,NGFS Phase 5-Low Demand,1,World,Food Availability|Livestock [per capita],kcal/cap/day,2080,194.8313,GW2-I,GW2a,GW2,ok
REMIND-MAgPIE 3.3-4.8,NGFS Phase 5-Low Demand,1,World,Food Availability|Livestock [per capita],kcal/cap/day,2070,196.7588,GW2-I,GW2a,GW2,ok
REMIND-MAgPIE 3.3-4.8,NGFS Phase 5-Low Demand,1,World,Food Availability|Livestock [per capita],kcal/cap/day,2060,198.5,GW2-I,GW2a,GW2,ok
REMIND-MAgPIE 3.3-4.8,NGFS Phase 5-Low Demand,1,World,Food Availability|Livestock [per capita],kcal/cap/day,2055,199.3141,GW2-I,GW2a,GW2,ok
REMIND-MAgPIE 3.3-4.8,NGFS Phase 5-Low Demand,1,World,Food Availability|Livestock [per capita],kcal/cap/day,2050,199.8186,GW2-I,GW2a,GW2,ok
REMIND-MAgPIE 3.3-4.8,NGFS Phase 5-Low Demand,1,World,Food Availability|Livestock [per capita],kcal/cap/day,2100,191.4617,GW2-I,GW2a,GW2,ok
REMIND-MAgPIE 3.3-4.8,NGFS Phase 5-Low Demand,1,World,Food Availability|Livestock [per capita],kcal/cap/day,2045,266.367,GW2-I,GW2a,GW2,ok
REMIND-MAgPIE 3.3-4.8,NGFS Phase 5-Low Demand,1,World,Food Availability|Livestock [per capita],kcal/cap/day,2035,387.278,GW2-I,GW2a,GW2,ok
REMIND-MAgPIE 3.3-4.8,NGFS Phase 5-Low Demand,1,World,Food Availability|Livestock [per capita],kcal/cap/day,2030,438.5779,GW2-I,GW2a,GW2,ok
REMIND-MAgPIE 3.3-4.8,NGFS Phase 5-Low Demand,1,World,Food Availability|Livestock [per capita],kcal/cap/day,2025,482.5513,GW2-I,GW2a,GW2,ok
REMIND-MAgPIE 3.3-4.8,NGFS Phase 5-Low Demand,1,World,Food Availability|Livestock [per capita],kcal/cap/day,2020,521.828,GW2-I,GW2a,GW2,ok
REMIND-MAgPIE 3.3-4.8,NGFS Phase 5-Low Demand,1,World,Food Availability|Livestock [per capita],kcal/cap/day,2040,329.1801,GW2-I,GW2a,GW2,ok
REMIND-MAgPIE 3.3-4.8,NGFS Phase 5-Low Demand,1,World,GDP|MER,billion USD_2010/yr,2100,320339.469889936,GW2-I,GW2a,GW2,ok
REMIND-MAgPIE 3.3-4.8,NGFS Phase 5-Low Demand,1,World,GDP|MER,billion USD_2010/yr,2090,284099.839886016,GW2-I,GW2a,GW2,ok
REMIND-MAgPIE 3.3-4.8,NGFS Phase 5-Low Demand,1,World,GDP|MER,billion USD_2010/yr,2080,251286.432248992,GW2-I,GW2a,GW2,ok
REMIND-MAgPIE 3.3-4.8,NGFS Phase 5-Low Demand,1,World,GDP|MER,billion USD_2010/yr,2070,217099.406103104,GW2-I,GW2a,GW2,ok
REMIND-MAgPIE 3.3-4.8,NGFS Phase 5-Low Demand,1,World,GDP|MER,billion USD_2010/yr,2060,184190.844670448,GW2-I,GW2a,GW2,ok
REMIND-MAgPIE 3.3-4.8,NGFS Phase 5-Low Demand,1,World,GDP|MER,billion USD_2010/yr,2055,169384.25294448,GW2-I,GW2a,GW2,ok
REMIND-MAgPIE 3.3-4.8,NGFS Phase 5-Low Demand,1,World,GDP|MER,billion USD_2010/yr,2050,154591.161239984,GW2-I,GW2a,GW2,ok
REMIND-MAgPIE 3.3-4.8,NGFS Phase 5-Low Demand,1,World,GDP|MER,billion USD_2010/yr,2040,127240.525241648,GW2-I,GW2a,GW2,ok
REMIND-MAgPIE 3.3-4.8,NGFS Phase 5-Low Demand,1,World,GDP|MER,billion USD_2010/yr,2035,114979.335548112,GW2-I,GW2a,GW2,ok
REMIND-MAgPIE 3.3-4.8,NGFS Phase 5-Low Demand,1,World,GDP|MER,billion USD_2010/yr,2030,102795.172274032,GW2-I,GW2a,GW2,ok
REMIND-MAgPIE 3.3-4.8,NGFS Phase 5-Low Demand,1,World,GDP|MER,billion USD_2010/yr,2025,91424.150591648,GW2-I,GW2a,GW2,ok
REMIND-MAgPIE 3.3-4.8,NGFS Phase 5-Low Demand,1,World,GDP|MER,billion USD_2010/yr,2020,79822.60273355202,GW2-I,GW2a,GW2,ok
REMIND-MAgPIE 3.3-4.8,NGFS Phase 5-Low Demand,1,World,GDP|MER,billion USD_2010/yr,2045,140353.218701024,GW2-I,GW2a,GW2,ok
REMIND-MAgPIE 3.3-4.8,NGFS Phase 5-Low Demand,1,World,Investment|Energy Supply,billion USD_2010/yr,2100,3023.376296304,GW2-I,GW2a,GW2,ok
REMIND-MAgPIE 3.3-4.8,NGFS Phase 5-Low Demand,1,World,Investment|Energy Supply,billion USD_2010/yr,2090,3127.270279392,GW2-I,GW2a,GW2,ok
REMIND-MAgPIE 3.3-4.8,NGFS Phase 5-Low Demand,1,World,Investment|Energy Supply,billion USD_2010/yr,2080,2902.705614592,GW2-I,GW2a,GW2,ok
REMIND-MAgPIE 3.3-4.8,NGFS Phase 5-Low Demand,1,World,Investment|Energy Supply,billion USD_2010/yr,2070,2414.499384640001,GW2-I,GW2a,GW2,ok
REMIND-MAgPIE 3.3-4.8,NGFS Phase 5-Low Demand,1,World,Investment|Energy Supply,billion USD_2010/yr,2060,1803.171003984,GW2-I,GW2a,GW2,ok
REMIND-MAgPIE 3.3-4.8,NGFS Phase 5-Low Demand,1,World,Investment|Energy Supply,billion USD_2010/yr,2055,1754.63992536,GW2-I,GW2a,GW2,ok
REMIND-MAgPIE 3.3-4.8,NGFS Phase 5-Low Demand,1,World,Investment|Energy Supply,billion USD_2010/yr,2050,1662.39046456,GW2-I,GW2a,GW2,ok
REMIND-MAgPIE 3.3-4.8,NGFS Phase 5-Low Demand,1,World,Investment|Energy Supply,billion USD_2010/yr,2045,1838.359620384,GW2-I,GW2a,GW2,ok
REMIND-MAgPIE 3.3-4.8,NGFS Phase 5-Low Demand,1,World,Investment|Energy Supply,billion USD_2010/yr,2040,2217.192548032,GW2-I,GW2a,GW2,ok
REMIND-MAgPIE 3.3-4.8,NGFS Phase 5-Low Demand,1,World,Investment|Energy Supply,billion USD_2010/yr,2035,2423.829083424001,GW2-I,GW2a,GW2,ok
REMIND-MAgPIE 3.3-4.8,NGFS Phase 5-Low Demand,1,World,Investment|Energy Supply,billion USD_2010/yr,2030,2016.909815984,GW2-I,GW2a,GW2,ok
REMIND-MAgPIE 3.3-4.8,NGFS Phase 5-Low Demand,1,World,Investment|Energy Supply,billion USD_2010/yr,2025,1549.084188064,GW2-I,GW2a,GW2,ok
REMIND-MAgPIE 3.3-4.8,NGFS Phase 5-Low Demand,1,World,Investment|Energy Supply,billion USD_2010/yr,2020,1394.336556256,GW2-I,GW2a,GW2,ok
REMIND-MAgPIE 3.3-4.8,NGFS Phase 5-Low Demand,1,World,Land Cover,million ha,2100,12986.3818,GW2-I,GW2a,GW2,ok
REMIND-MAgPIE 3.3-4.8,NGFS Phase 5-Low Demand,1,World,Land Cover,million ha,2090,12986.3818,GW2-I,GW2a,GW2,ok
REMIND-MAgPIE 3.3-4.8,NGFS Phase 5-Low Demand,1,World,Land Cover,million ha,2080,12986.3818,GW2-I,GW2a,GW2,ok
REMIND-MAgPIE 3.3-4.8,NGFS Phase 5-Low Demand,1,World,Land Cover,million ha,2070,12986.3818,GW2-I,GW2a,GW2,ok
REMIND-MAgPIE 3.3-4.8,NGFS Phase 5-Low Demand,1,World,Land Cover,million ha,2060,12986.3818,GW2-I,GW2a,GW2,ok
REMIND-MAgPIE 3.3-4.8,NGFS Phase 5-Low Demand,1,World,Land Cover,million ha,2055,12986.3818,GW2-I,GW2a,GW2,ok
REMIND-MAgPIE 3.3-4.8,NGFS Phase 5-Low Demand,1,World,Land Cover,million ha,2050,12986.3818,GW2-I,GW2a,GW2,ok
REMIND-MAgPIE 3.3-4.8,NGFS Phase 5-Low Demand,1,World,Land Cover,million ha,2040,12986.3818,GW2-I,GW2a,GW2,ok
REMIND-MAgPIE 3.3-4.8,NGFS Phase 5-Low Demand,1,World,Land Cover,million ha,2035,12986.3818,GW2-I,GW2a,GW2,ok
REMIND-MAgPIE 3.3-4.8,NGFS Phase 5-Low Demand,1,World,Land Cover,million ha,2030,12986.3818,GW2-I,GW2a,GW2,ok
REMIND-MAgPIE 3.3-4.8,NGFS Phase 5-Low Demand,1,World,Land Cover,million ha,2025,12986.3818,GW2-I,GW2a,GW2,ok
REMIND-MAgPIE 3.3-4.8,NGFS Phase 5-Low Demand,1,World,Land Cover,million ha,2020,12986.3818,GW2-I,GW2a,GW2,ok
REMIND-MAgPIE 3.3-4.8,NGFS Phase 5-Low Demand,1,World,Land Cover,million ha,2045,12986.3818,GW2-I,GW2a,GW2,ok
REMIND-MAgPIE 3.3-4.8,NGFS Phase 5-Low Demand,1,World,Land Cover|Forest,million ha,2100,4282.129400000001,GW2-I,GW2a,GW2,ok
REMIND-MAgPIE 3.3-4.8,NGFS Phase 5-Low Demand,1,World,Land Cover|Forest,million ha,2090,4226.937399999999,GW2-I,GW2a,GW2,ok
REMIND-MAgPIE 3.3-4.8,NGFS Phase 5-Low Demand,1,World,Land Cover|Forest,million ha,2080,4209.3579,GW2-I,GW2a,GW2,ok
REMIND-MAgPIE 3.3-4.8,NGFS Phase 5-Low Demand,1,World,Land Cover|Forest,million ha,2070,4158.6495,GW2-I,GW2a,GW2,ok
REMIND-MAgPIE 3.3-4.8,NGFS Phase 5-Low Demand,1,World,Land Cover|Forest,million ha,2060,4124.2413,GW2-I,GW2a,GW2,ok
REMIND-MAgPIE 3.3-4.8,NGFS Phase 5-Low Demand,1,World,Land Cover|Forest,million ha,2055,4108.6005,GW2-I,GW2a,GW2,ok
REMIND-MAgPIE 3.3-4.8,NGFS Phase 5-Low Demand,1,World,Land Cover|Forest,million ha,2050,4086.7872,GW2-I,GW2a,GW2,ok
REMIND-MAgPIE 3.3-4.8,NGFS Phase 5-Low Demand,1,World,Land Cover|Forest,million ha,2045,4048.9772,GW2-I,GW2a,GW2,ok
REMIND-MAgPIE 3.3-4.8,NGFS Phase 5-Low Demand,1,World,Land Cover|Forest,million ha,2040,4025.7723,GW2-I,GW2a,GW2,ok
REMIND-MAgPIE 3.3-4.8,NGFS Phase 5-Low Demand,1,World,Land Cover|Forest,million ha,2035,4002.6105,GW2-I,GW2a,GW2,ok
REMIND-MAgPIE 3.3-4.8,NGFS Phase 5-Low Demand,1,World,Land Cover|Forest,million ha,2030,3986.147,GW2-I,GW2a,GW2,ok
REMIND-MAgPIE 3.3-4.8,NGFS Phase 5-Low Demand,1,World,Land Cover|Forest,million ha,2025,3966.8075,GW2-I,GW2a,GW2,ok
REMIND-MAgPIE 3.3-4.8,NGFS Phase 5-Low Demand,1,World,Land Cover|Forest,million ha,2020,3918.0832,GW2-I,GW2a,GW2,ok
REMIND-MAgPIE 3.3-4.8,NGFS Phase 5-Low Demand,1,World,Population,million,2090,10111.9263186,GW2-I,GW2a,GW2,ok
REMIND-MAgPIE 3.3-4.8,NGFS Phase 5-Low Demand,1,World,Population,million,2080,10186.7226176,GW2-I,GW2a,GW2,ok
REMIND-MAgPIE 3.3-4.8,NGFS Phase 5-Low Demand,1,World,Population,million,2070,10141.0872844,GW2-I,GW2a,GW2,ok
REMIND-MAgPIE 3.3-4.8,NGFS Phase 5-Low Demand,1,World,Population,million,2060,9962.9486634,GW2-I,GW2a,GW2,ok
REMIND-MAgPIE 3.3-4.8,NGFS Phase 5-Low Demand,1,World,Population,million,2055,9818.811888,GW2-I,GW2a,GW2,ok
REMIND-MAgPIE 3.3-4.8,NGFS Phase 5-Low Demand,1,World,Population,million,2050,9635.221517800002,GW2-I,GW2a,GW2,ok
REMIND-MAgPIE 3.3-4.8,NGFS Phase 5-Low Demand,1,World,Population,million,2045,9409.292492400002,GW2-I,GW2a,GW2,ok
REMIND-MAgPIE 3.3-4.8,NGFS Phase 5-Low Demand,1,World,Population,million,2100,9945.4020075,GW2-I,GW2a,GW2,ok
REMIND-MAgPIE 3.3-4.8,NGFS Phase 5-Low Demand,1,World,Population,million,2035,8848.101586100001,GW2-I,GW2a,GW2,ok
REMIND-MAgPIE 3.3-4.8,NGFS Phase 5-Low Demand,1,World,Population,million,2030,8523.986635499998,GW2-I,GW2a,GW2,ok
REMIND-MAgPIE 3.3-4.8,NGFS Phase 5-Low Demand,1,World,Population,million,2025,8171.2855288,GW2-I,GW2a,GW2,ok
REMIND-MAgPIE 3.3-4.8,NGFS Phase 5-Low Demand,1,World,Population,million,2020,7823.5196069,GW2-I,GW2a,GW2,ok
REMIND-MAgPIE 3.3-4.8,NGFS Phase 5-Low Demand,1,World,Population,million,2040,9145.249722900002,GW2-I,GW2a,GW2,ok
REMIND-MAgPIE 3.3-4.8,NGFS Phase 5-Low Demand,1,World,Price|Secondary Energy|Electricity,USD_2010/GJ,2050,13.104964992,GW2-I,GW2a,GW2,ok
REMIND-MAgPIE 3.3-4.8,NGFS Phase 5-Low Demand,1,World,Price|Secondary Energy|Electricity,USD_2010/GJ,2100,11.855008816,GW2-I,GW2a,GW2,ok
REMIND-MAgPIE 3.3-4.8,NGFS Phase 5-Low Demand,1,World,Price|Secondary Energy|Electricity,USD_2010/GJ,2090,12.343723952,GW2-I,GW2a,GW2,ok
REMIND-MAgPIE 3.3-4.8,NGFS Phase 5-Low Demand,1,World,Price|Secondary Energy|Electricity,USD_2010/GJ,2080,12.935370336,GW2-I,GW2a,GW2,ok
REMIND-MAgPIE 3.3-4.8,NGFS Phase 5-Low Demand,1,World,Price|Secondary Energy|Electricity,USD_2010/GJ,2070,12.747817152,GW2-I,GW2a,GW2,ok
REMIND-MAgPIE 3.3-4.8,NGFS Phase 5-Low Demand,1,World,Price|Secondary Energy|Electricity,USD_2010/GJ,2060,12.36061232,GW2-I,GW2a,GW2,ok
REMIND-MAgPIE 3.3-4.8,NGFS Phase 5-Low Demand,1,World,Price|Secondary Energy|Electricity,USD_2010/GJ,2055,12.832604176,GW2-I,GW2a,GW2,ok
REMIND-MAgPIE 3.3-4.8,NGFS Phase 5-Low Demand,1,World,Price|Secondary Energy|Electricity,USD_2010/GJ,2045,14.46026344,GW2-I,GW2a,GW2,ok
REMIND-MAgPIE 3.3-4.8,NGFS Phase 5-Low Demand,1,World,Price|Secondary Energy|Electricity,USD_2010/GJ,2035,21.898931936,GW2-I,GW2a,GW2,ok
REMIND-MAgPIE 3.3-4.8,NGFS Phase 5-Low Demand,1,World,Price|Secondary Energy|Electricity,USD_2010/GJ,2030,19.783593648,GW2-I,GW2a,GW2,ok
REMIND-MAgPIE 3.3-4.8,NGFS Phase 5-Low Demand,1,World,Price|Secondary Energy|Electricity,USD_2010/GJ,2025,14.209770848,GW2-I,GW2a,GW2,ok
REMIND-MAgPIE 3.3-4.8,NGFS Phase 5-Low Demand,1,World,Price|Secondary Energy|Electricity,USD_2010/GJ,2020,17.51547784,GW2-I,GW2a,GW2,ok
REMIND-MAgPIE 3.3-4.8,NGFS Phase 5-Low Demand,1,World,Price|Secondary Energy|Electricity,USD_2010/GJ,2040,17.987928448,GW2-I,GW2a,GW2,ok
REMIND-MAgPIE 3.3-4.8,NGFS Phase 5-Low Demand,1,World,Primary Energy|Biomass,EJ/yr,2100,105.2148272,GW2-I,GW2a,GW2,ok
REMIND-MAgPIE 3.3-4.8,NGFS Phase 5-Low Demand,1,World,Primary Energy|Biomass,EJ/yr,2090,104.8523731,GW2-I,GW2a,GW2,ok
REMIND-MAgPIE 3.3-4.8,NGFS Phase 5-Low Demand,1,World,Primary Energy|Biomass,EJ/yr,2080,99.75533029999998,GW2-I,GW2a,GW2,ok
REMIND-MAgPIE 3.3-4.8,NGFS Phase 5-Low Demand,1,World,Primary Energy|Biomass,EJ/yr,2070,92.5330607,GW2-I,GW2a,GW2,ok
REMIND-MAgPIE 3.3-4.8,NGFS Phase 5-Low Demand,1,World,Primary Energy|Biomass,EJ/yr,2060,84.82608829999998,GW2-I,GW2a,GW2,ok
REMIND-MAgPIE 3.3-4.8,NGFS Phase 5-Low Demand,1,World,Primary Energy|Biomass,EJ/yr,2055,75.03476570000001,GW2-I,GW2a,GW2,ok
REMIND-MAgPIE 3.3-4.8,NGFS Phase 5-Low Demand,1,World,Primary Energy|Biomass,EJ/yr,2050,69.87671779999998,GW2-I,GW2a,GW2,ok
REMIND-MAgPIE 3.3-4.8,NGFS Phase 5-Low Demand,1,World,Primary Energy|Biomass,EJ/yr,2045,65.8659615,GW2-I,GW2a,GW2,ok
REMIND-MAgPIE 3.3-4.8,NGFS Phase 5-Low Demand,1,World,Primary Energy|Biomass,EJ/yr,2040,62.9085806,GW2-I,GW2a,GW2,ok
REMIND-MAgPIE 3.3-4.8,NGFS Phase 5-Low Demand,1,World,Primary Energy|Biomass,EJ/yr,2035,60.5168428,GW2-I,GW2a,GW2,ok
REMIND-MAgPIE 3.3-4.8,NGFS Phase 5-Low Demand,1,World,Primary Energy|Biomass,EJ/yr,2030,56.5414652,GW2-I,GW2a,GW2,ok
REMIND-MAgPIE 3.3-4.8,NGFS Phase 5-Low Demand,1,World,Primary Energy|Biomass,EJ/yr,2025,54.7587844,GW2-I,GW2a,GW2,ok
REMIND-MAgPIE 3.3-4.8,NGFS Phase 5-Low Demand,1,World,Primary Energy|Biomass,EJ/yr,2020,55.1652744,GW2-I,GW2a,GW2,ok
REMIND-MAgPIE 3.3-4.8,NGFS Phase 5-Low Demand,1,World,Primary Energy|Coal,EJ/yr,2100,1.0944101,GW2-I,GW2a,GW2,ok
REMIND-MAgPIE 3.3-4.8,NGFS Phase 5-Low Demand,1,World,Primary Energy|Coal,EJ/yr,2090,1.551353,GW2-I,GW2a,GW2,ok
REMIND-MAgPIE 3.3-4.8,NGFS Phase 5-Low Demand,1,World,Primary Energy|Coal,EJ/yr,2080,1.6408527,GW2-I,GW2a,GW2,ok
REMIND-MAgPIE 3.3-4.8,NGFS Phase 5-Low Demand,1,World,Primary Energy|Coal,EJ/yr,2070,1.4733068,GW2-I,GW2a,GW2,ok
REMIND-MAgPIE 3.3-4.8,NGFS Phase 5-Low Demand,1,World,Primary Energy|Coal,EJ/yr,2060,1.5501603,GW2-I,GW2a,GW2,ok
REMIND-MAgPIE 3.3-4.8,NGFS Phase 5-Low Demand,1,World,Primary Energy|Coal,EJ/yr,2055,1.6571572,GW2-I,GW2a,GW2,ok
REMIND-MAgPIE 3.3-4.8,NGFS Phase 5-Low Demand,1,World,Primary Energy|Coal,EJ/yr,2050,1.9218261,GW2-I,GW2a,GW2,ok
REMIND-MAgPIE 3.3-4.8,NGFS Phase 5-Low Demand,1,World,Primary Energy|Coal,EJ/yr,2045,2.4466012,GW2-I,GW2a,GW2,ok
REMIND-MAgPIE 3.3-4.8,NGFS Phase 5-Low Demand,1,World,Primary Energy|Coal,EJ/yr,2040,7.3754764,GW2-I,GW2a,GW2,ok
REMIND-MAgPIE 3.3-4.8,NGFS Phase 5-Low Demand,1,World,Primary Energy|Coal,EJ/yr,2035,20.3834636,GW2-I,GW2a,GW2,ok
REMIND-MAgPIE 3.3-4.8,NGFS Phase 5-Low Demand,1,World,Primary Energy|Coal,EJ/yr,2030,68.13571479999999,GW2-I,GW2a,GW2,ok
REMIND-MAgPIE 3.3-4.8,NGFS Phase 5-Low Demand,1,World,Primary Energy|Coal,EJ/yr,2025,162.5319713,GW2-I,GW2a,GW2,ok
REMIND-MAgPIE 3.3-4.8,NGFS Phase 5-Low Demand,1,World,Primary Energy|Coal,EJ/yr,2020,171.5989959,GW2-I,GW2a,GW2,ok
REMIND-MAgPIE 3.3-4.8,NGFS Phase 5-Low Demand,1,World,Primary Energy|Fossil|w/ CCS,EJ/yr,2100,0.0001107,GW2-I,GW2a,GW2,ok
REMIND-MAgPIE 3.3-4.8,NGFS Phase 5-Low Demand,1,World,Primary Energy|Fossil|w/ CCS,EJ/yr,2090,0.0001563,GW2-I,GW2a,GW2,ok
REMIND-MAgPIE 3.3-4.8,NGFS Phase 5-Low Demand,1,World,Primary Energy|Fossil|w/ CCS,EJ/yr,2080,0.0025004,GW2-I,GW2a,GW2,ok
REMIND-MAgPIE 3.3-4.8,NGFS Phase 5-Low Demand,1,World,Primary Energy|Fossil|w/ CCS,EJ/yr,2070,0.0207688,GW2-I,GW2a,GW2,ok
REMIND-MAgPIE 3.3-4.8,NGFS Phase 5-Low Demand,1,World,Primary Energy|Fossil|w/ CCS,EJ/yr,2060,0.103592,GW2-I,GW2a,GW2,ok
REMIND-MAgPIE 3.3-4.8,NGFS Phase 5-Low Demand,1,World,Primary Energy|Fossil|w/ CCS,EJ/yr,2055,0.1478195,GW2-I,GW2a,GW2,ok
REMIND-MAgPIE 3.3-4.8,NGFS Phase 5-Low Demand,1,World,Primary Energy|Fossil|w/ CCS,EJ/yr,2050,0.1757445,GW2-I,GW2a,GW2,ok
REMIND-MAgPIE 3.3-4.8,NGFS Phase 5-Low Demand,1,World,Primary Energy|Fossil|w/ CCS,EJ/yr,2040,0.2000181,GW2-I,GW2a,GW2,ok
REMIND-MAgPIE 3.3-4.8,NGFS Phase 5-Low Demand,1,World,Primary Energy|Fossil|w/ CCS,EJ/yr,2035,0.1932961,GW2-I,GW2a,GW2,ok
REMIND-MAgPIE 3.3-4.8,NGFS Phase 5-Low Demand,1,World,Primary Energy|Fossil|w/ CCS,EJ/yr,2030,0.1790862,GW2-I,GW2a,GW2,ok
REMIND-MAgPIE 3.3-4.8,NGFS Phase 5-Low Demand,1,World,Primary Energy|Fossil|w/ CCS,EJ/yr,2025,0.1566894,GW2-I,GW2a,GW2,ok
REMIND-MAgPIE 3.3-4.8,NGFS Phase 5-Low Demand,1,World,Primary Energy|Fossil|w/ CCS,EJ/yr,2020,0.0644382999999999,GW2-I,GW2a,GW2,ok
REMIND-MAgPIE 3.3-4.8,NGFS Phase 5-Low Demand,1,World,Primary Energy|Fossil|w/ CCS,EJ/yr,2045,0.192056,GW2-I,GW2a,GW2,ok
REMIND-MAgPIE 3.3-4.8,NGFS Phase 5-Low Demand,1,World,Primary Energy|Fossil|w/o CCS,EJ/yr,2090,47.20219560000001,GW2-I,GW2a,GW2,ok
REMIND-MAgPIE 3.3-4.8,NGFS Phase 5-Low Demand,1,World,Primary Energy|Fossil|w/o CCS,EJ/yr,2080,48.3708124,GW2-I,GW2a,GW2,ok
REMIND-MAgPIE 3.3-4.8,NGFS Phase 5-Low Demand,1,World,Primary Energy|Fossil|w/o CCS,EJ/yr,2070,48.0266981,GW2-I,GW2a,GW2,ok
REMIND-MAgPIE 3.3-4.8,NGFS Phase 5-Low Demand,1,World,Primary Energy|Fossil|w/o CCS,EJ/yr,2060,54.76191200000001,GW2-I,GW2a,GW2,ok
REMIND-MAgPIE 3.3-4.8,NGFS Phase 5-Low Demand,1,World,Primary Energy|Fossil|w/o CCS,EJ/yr,2055,61.19933020000001,GW2-I,GW2a,GW2,ok
REMIND-MAgPIE 3.3-4.8,NGFS Phase 5-Low Demand,1,World,Primary Energy|Fossil|w/o CCS,EJ/yr,2050,71.598606,GW2-I,GW2a,GW2,ok
REMIND-MAgPIE 3.3-4.8,NGFS Phase 5-Low Demand,1,World,Primary Energy|Fossil|w/o CCS,EJ/yr,2045,93.43412500000002,GW2-I,GW2a,GW2,ok
REMIND-MAgPIE 3.3-4.8,NGFS Phase 5-Low Demand,1,World,Primary Energy|Fossil|w/o CCS,EJ/yr,2100,43.51261280000001,GW2-I,GW2a,GW2,ok
REMIND-MAgPIE 3.3-4.8,NGFS Phase 5-Low Demand,1,World,Primary Energy|Fossil|w/o CCS,EJ/yr,2035,201.0175834,GW2-I,GW2a,GW2,ok
REMIND-MAgPIE 3.3-4.8,NGFS Phase 5-Low Demand,1,World,Primary Energy|Fossil|w/o CCS,EJ/yr,2030,308.7303067999999,GW2-I,GW2a,GW2,ok
REMIND-MAgPIE 3.3-4.8,NGFS Phase 5-Low Demand,1,World,Primary Energy|Fossil|w/o CCS,EJ/yr,2025,490.6521057,GW2-I,GW2a,GW2,ok
REMIND-MAgPIE 3.3-4.8,NGFS Phase 5-Low Demand,1,World,Primary Energy|Fossil|w/o CCS,EJ/yr,2020,500.6521242,GW2-I,GW2a,GW2,ok
REMIND-MAgPIE 3.3-4.8,NGFS Phase 5-Low Demand,1,World,Primary Energy|Fossil|w/o CCS,EJ/yr,2040,134.1241404,GW2-I,GW2a,GW2,ok
REMIND-MAgPIE 3.3-4.8,NGFS Phase 5-Low Demand,1,World,Primary Energy|Gas,EJ/yr,2090,23.0465058,GW2-I,GW2a,GW2,ok
REMIND-MAgPIE 3.3-4.8,NGFS Phase 5-Low Demand,1,World,Primary Energy|Gas,EJ/yr,2080,19.8887219,GW2-I,GW2a,GW2,ok
REMIND-MAgPIE 3.3-4.8,NGFS Phase 5-Low Demand,1,World,Primary Energy|Gas,EJ/yr,2070,16.599824,GW2-I,GW2a,GW2,ok
REMIND-MAgPIE 3.3-4.8,NGFS Phase 5-Low Demand,1,World,Primary Energy|Gas,EJ/yr,2060,14.6460746,GW2-I,GW2a,GW2,ok
REMIND-MAgPIE 3.3-4.8,NGFS Phase 5-Low Demand,1,World,Primary Energy|Gas,EJ/yr,2055,13.0516005,GW2-I,GW2a,GW2,ok
REMIND-MAgPIE 3.3-4.8,NGFS Phase 5-Low Demand,1,World,Primary Energy|Gas,EJ/yr,2050,13.3084427,GW2-I,GW2a,GW2,ok
REMIND-MAgPIE 3.3-4.8,NGFS Phase 5-Low Demand,1,World,Primary Energy|Gas,EJ/yr,2100,23.8101075,GW2-I,GW2a,GW2,ok
REMIND-MAgPIE 3.3-4.8,NGFS Phase 5-Low Demand,1,World,Primary Energy|Gas,EJ/yr,2045,17.2056019,GW2-I,GW2a,GW2,ok
REMIND-MAgPIE 3.3-4.8,NGFS Phase 5-Low Demand,1,World,Primary Energy|Gas,EJ/yr,2035,57.8062469,GW2-I,GW2a,GW2,ok
REMIND-MAgPIE 3.3-4.8,NGFS Phase 5-Low Demand,1,World,Primary Energy|Gas,EJ/yr,2030,89.8467263,GW2-I,GW2a,GW2,ok
REMIND-MAgPIE 3.3-4.8,NGFS Phase 5-Low Demand,1,World,Primary Energy|Gas,EJ/yr,2025,136.9806059,GW2-I,GW2a,GW2,ok
REMIND-MAgPIE 3.3-4.8,NGFS Phase 5-Low Demand,1,World,Primary Energy|Gas,EJ/yr,2020,137.4595301,GW2-I,GW2a,GW2,ok
REMIND-MAgPIE 3.3-4.8,NGFS Phase 5-Low Demand,1,World,Primary Energy|Gas,EJ/yr,2040,31.11482440000001,GW2-I,GW2a,GW2,ok
REMIND-MAgPIE 3.3-4.8,NGFS Phase 5-Low Demand,1,World,Primary Energy|Non-Biomass Renewables,EJ/yr,2100,360.1559999,GW2-I,GW2a,GW2,ok
REMIND-MAgPIE 3.3-4.8,NGFS Phase 5-Low Demand,1,World,Primary Energy|Non-Biomass Renewables,EJ/yr,2090,330.5613043999999,GW2-I,GW2a,GW2,ok
REMIND-MAgPIE 3.3-4.8,NGFS Phase 5-Low Demand,1,World,Primary Energy|Non-Biomass Renewables,EJ/yr,2080,290.9138488999999,GW2-I,GW2a,GW2,ok
REMIND-MAgPIE 3.3-4.8,NGFS Phase 5-Low Demand,1,World,Primary Energy|Non-Biomass Renewables,EJ/yr,2070,249.6631077,GW2-I,GW2a,GW2,ok
REMIND-MAgPIE 3.3-4.8,NGFS Phase 5-Low Demand,1,World,Primary Energy|Non-Biomass Renewables,EJ/yr,2060,222.8774916,GW2-I,GW2a,GW2,ok
REMIND-MAgPIE 3.3-4.8,NGFS Phase 5-Low Demand,1,World,Primary Energy|Non-Biomass Renewables,EJ/yr,2055,198.8739026,GW2-I,GW2a,GW2,ok
REMIND-MAgPIE 3.3-4.8,NGFS Phase 5-Low Demand,1,World,Primary Energy|Non-Biomass Renewables,EJ/yr,2050,185.7157396,GW2-I,GW2a,GW2,ok
REMIND-MAgPIE 3.3-4.8,NGFS Phase 5-Low Demand,1,World,Primary Energy|Non-Biomass Renewables,EJ/yr,2045,168.6414656,GW2-I,GW2a,GW2,ok
REMIND-MAgPIE 3.3-4.8,NGFS Phase 5-Low Demand,1,World,Primary Energy|Non-Biomass Renewables,EJ/yr,2040,146.2899745,GW2-I,GW2a,GW2,ok
REMIND-MAgPIE 3.3-4.8,NGFS Phase 5-Low Demand,1,World,Primary Energy|Non-Biomass Renewables,EJ/yr,2035,115.4471378,GW2-I,GW2a,GW2,ok
REMIND-MAgPIE 3.3-4.8,NGFS Phase 5-Low Demand,1,World,Primary Energy|Non-Biomass Renewables,EJ/yr,2030,76.3018102,GW2-I,GW2a,GW2,ok
REMIND-MAgPIE 3.3-4.8,NGFS Phase 5-Low Demand,1,World,Primary Energy|Non-Biomass Renewables,EJ/yr,2025,43.0740227,GW2-I,GW2a,GW2,ok
REMIND-MAgPIE 3.3-4.8,NGFS Phase 5-Low Demand,1,World,Primary Energy|Non-Biomass Renewables,EJ/yr,2020,28.3282548,GW2-I,GW2a,GW2,ok
REMIND-MAgPIE 3.3-4.8,NGFS Phase 5-Low Demand,1,World,Primary Energy|Nuclear,EJ/yr,2100,0.7392362999999998,GW2-I,GW2a,GW2,ok
REMIND-MAgPIE 3.3-4.8,NGFS Phase 5-Low Demand,1,World,Primary Energy|Nuclear,EJ/yr,2090,2.431279599999999,GW2-I,GW2a,GW2,ok
REMIND-MAgPIE 3.3-4.8,NGFS Phase 5-Low Demand,1,World,Primary Energy|Nuclear,EJ/yr,2080,4.912919899999999,GW2-I,GW2a,GW2,ok
REMIND-MAgPIE 3.3-4.8,NGFS Phase 5-Low Demand,1,World,Primary Energy|Nuclear,EJ/yr,2070,7.2063043,GW2-I,GW2a,GW2,ok
REMIND-MAgPIE 3.3-4.8,NGFS Phase 5-Low Demand,1,World,Primary Energy|Nuclear,EJ/yr,2060,8.693834200000001,GW2-I,GW2a,GW2,ok
REMIND-MAgPIE 3.3-4.8,NGFS Phase 5-Low Demand,1,World,Primary Energy|Nuclear,EJ/yr,2055,9.2229903,GW2-I,GW2a,GW2,ok
REMIND-MAgPIE 3.3-4.8,NGFS Phase 5-Low Demand,1,World,Primary Energy|Nuclear,EJ/yr,2050,9.782918699999998,GW2-I,GW2a,GW2,ok
REMIND-MAgPIE 3.3-4.8,NGFS Phase 5-Low Demand,1,World,Primary Energy|Nuclear,EJ/yr,2045,10.4125611,GW2-I,GW2a,GW2,ok
REMIND-MAgPIE 3.3-4.8,NGFS Phase 5-Low Demand,1,World,Primary Energy|Nuclear,EJ/yr,2040,11.060957,GW2-I,GW2a,GW2,ok
REMIND-MAgPIE 3.3-4.8,NGFS Phase 5-Low Demand,1,World,Primary Energy|Nuclear,EJ/yr,2035,11.3049002,GW2-I,GW2a,GW2,ok
REMIND-MAgPIE 3.3-4.8,NGFS Phase 5-Low Demand,1,World,Primary Energy|Nuclear,EJ/yr,2030,10.9089629,GW2-I,GW2a,GW2,ok
REMIND-MAgPIE 3.3-4.8,NGFS Phase 5-Low Demand,1,World,Primary Energy|Nuclear,EJ/yr,2025,10.2935878,GW2-I,GW2a,GW2,ok
REMIND-MAgPIE 3.3-4.8,NGFS Phase 5-Low Demand,1,World,Primary Energy|Nuclear,EJ/yr,2020,9.5900332,GW2-I,GW2a,GW2,ok
REMIND-MAgPIE 3.3-4.8,NGFS Phase 5-Low Demand,1,World,Primary Energy|Oil,EJ/yr,2100,18.6082059,GW2-I,GW2a,GW2,ok
REMIND-MAgPIE 3.3-4.8,NGFS Phase 5-Low Demand,1,World,Primary Energy|Oil,EJ/yr,2090,22.6044931,GW2-I,GW2a,GW2,ok
REMIND-MAgPIE 3.3-4.8,NGFS Phase 5-Low Demand,1,World,Primary Energy|Oil,EJ/yr,2080,26.8437382,GW2-I,GW2a,GW2,ok
REMIND-MAgPIE 3.3-4.8,NGFS Phase 5-Low Demand,1,World,Primary Energy|Oil,EJ/yr,2070,29.974336,GW2-I,GW2a,GW2,ok
REMIND-MAgPIE 3.3-4.8,NGFS Phase 5-Low Demand,1,World,Primary Energy|Oil,EJ/yr,2060,38.6692692,GW2-I,GW2a,GW2,ok
REMIND-MAgPIE 3.3-4.8,NGFS Phase 5-Low Demand,1,World,Primary Energy|Oil,EJ/yr,2055,46.63839180000001,GW2-I,GW2a,GW2,ok
REMIND-MAgPIE 3.3-4.8,NGFS Phase 5-Low Demand,1,World,Primary Energy|Oil,EJ/yr,2050,56.54408169999999,GW2-I,GW2a,GW2,ok
REMIND-MAgPIE 3.3-4.8,NGFS Phase 5-Low Demand,1,World,Primary Energy|Oil,EJ/yr,2045,73.9739779,GW2-I,GW2a,GW2,ok
REMIND-MAgPIE 3.3-4.8,NGFS Phase 5-Low Demand,1,World,Primary Energy|Oil,EJ/yr,2040,95.8338577,GW2-I,GW2a,GW2,ok
REMIND-MAgPIE 3.3-4.8,NGFS Phase 5-Low Demand,1,World,Primary Energy|Oil,EJ/yr,2035,123.021169,GW2-I,GW2a,GW2,ok
REMIND-MAgPIE 3.3-4.8,NGFS Phase 5-Low Demand,1,World,Primary Energy|Oil,EJ/yr,2030,150.9269519,GW2-I,GW2a,GW2,ok
REMIND-MAgPIE 3.3-4.8,NGFS Phase 5-Low Demand,1,World,Primary Energy|Oil,EJ/yr,2025,191.2962178,GW2-I,GW2a,GW2,ok
REMIND-MAgPIE 3.3-4.8,NGFS Phase 5-Low Demand,1,World,Primary Energy|Oil,EJ/yr,2020,191.6580364,GW2-I,GW2a,GW2,ok
REMIND-MAgPIE 3.3-4.8,NGFS Phase 5-Net-Zero 2050,1,World,Capacity|Electricity|Solar|PV,GW,2090,50856.75481990001,GW2-II,GW2a,GW2,ok
REMIND-MAgPIE 3.3-4.8,NGFS Phase 5-Net-Zero 2050,1,World,Capacity|Electricity|Solar|PV,GW,2080,43487.79762889999,GW2-II,GW2a,GW2,ok
REMIND-MAgPIE 3.3-4.8,NGFS Phase 5-Net-Zero 2050,1,World,Capacity|Electricity|Solar|PV,GW,2070,35149.9175486,GW2-II,GW2a,GW2,ok
REMIND-MAgPIE 3.3-4.8,NGFS Phase 5-Net-Zero 2050,1,World,Capacity|Electricity|Solar|PV,GW,2060,31567.3092338,GW2-II,GW2a,GW2,ok
REMIND-MAgPIE 3.3-4.8,NGFS Phase 5-Net-Zero 2050,1,World,Capacity|Electricity|Solar|PV,GW,2055,28933.92631370001,GW2-II,GW2a,GW2,ok
REMIND-MAgPIE 3.3-4.8,NGFS Phase 5-Net-Zero 2050,1,World,Capacity|Electricity|Solar|PV,GW,2050,27358.5047169,GW2-II,GW2a,GW2,ok
REMIND-MAgPIE 3.3-4.8,NGFS Phase 5-Net-Zero 2050,1,World,Capacity|Electricity|Solar|PV,GW,2045,25008.5047878,GW2-II,GW2a,GW2,ok
REMIND-MAgPIE 3.3-4.8,NGFS Phase 5-Net-Zero 2050,1,World,Capacity|Electricity|Solar|PV,GW,2100,55758.63142689999,GW2-II,GW2a,GW2,ok
REMIND-MAgPIE 3.3-4.8,NGFS Phase 5-Net-Zero 2050,1,World,Capacity|Electricity|Solar|PV,GW,2035,15453.3322849,GW2-II,GW2a,GW2,ok
REMIND-MAgPIE 3.3-4.8,NGFS Phase 5-Net-Zero 2050,1,World,Capacity|Electricity|Solar|PV,GW,2030,8501.4408416,GW2-II,GW2a,GW2,ok
REMIND-MAgPIE 3.3-4.8,NGFS Phase 5-Net-Zero 2050,1,World,Capacity|Electricity|Solar|PV,GW,2025,2638.9148534,GW2-II,GW2a,GW2,ok
REMIND-MAgPIE 3.3-4.8,NGFS Phase 5-Net-Zero 2050,1,World,Capacity|Electricity|Solar|PV,GW,2020,702.7919526000001,GW2-II,GW2a,GW2,ok
REMIND-MAgPIE 3.3-4.8,NGFS Phase 5-Net-Zero 2050,1,World,Capacity|Electricity|Solar|PV,GW,2040,21305.1157467,GW2-II,GW2a,GW2,ok
REMIND-MAgPIE 3.3-4.8,NGFS Phase 5-Net-Zero 2050,1,World,Capacity|Electricity|Wind,GW,2100,15564.1767611,GW2-II,GW2a,GW2,ok
REMIND-MAgPIE 3.3-4.8,NGFS Phase 5-Net-Zero 2050,1,World,Capacity|Electricity|Wind,GW,2090,14889.4878598,GW2-II,GW2a,GW2,ok
REMIND-MAgPIE 3.3-4.8,NGFS Phase 5-Net-Zero 2050,1,World,Capacity|Electricity|Wind,GW,2080,13522.6966557,GW2-II,GW2a,GW2,ok
REMIND-MAgPIE 3.3-4.8,NGFS Phase 5-Net-Zero 2050,1,World,Capacity|Electricity|Wind,GW,2070,12190.5696423,GW2-II,GW2a,GW2,ok
REMIND-MAgPIE 3.3-4.8,NGFS Phase 5-Net-Zero 2050,1,World,Capacity|Electricity|Wind,GW,2060,10964.4620186,GW2-II,GW2a,GW2,ok
REMIND-MAgPIE 3.3-4.8,NGFS Phase 5-Net-Zero 2050,1,World,Capacity|Electricity|Wind,GW,2055,9595.862063,GW2-II,GW2a,GW2,ok
REMIND-MAgPIE 3.3-4.8,NGFS Phase 5-Net-Zero 2050,1,World,Capacity|Electricity|Wind,GW,2050,8855.338927599998,GW2-II,GW2a,GW2,ok
REMIND-MAgPIE 3.3-4.8,NGFS Phase 5-Net-Zero 2050,1,World,Capacity|Electricity|Wind,GW,2045,7839.740174,GW2-II,GW2a,GW2,ok
REMIND-MAgPIE 3.3-4.8,NGFS Phase 5-Net-Zero 2050,1,World,Capacity|Electricity|Wind,GW,2035,4788.5025422,GW2-II,GW2a,GW2,ok
REMIND-MAgPIE 3.3-4.8,NGFS Phase 5-Net-Zero 2050,1,World,Capacity|Electricity|Wind,GW,2030,2949.9469583,GW2-II,GW2a,GW2,ok
REMIND-MAgPIE 3.3-4.8,NGFS Phase 5-Net-Zero 2050,1,World,Capacity|Electricity|Wind,GW,2025,1463.2396606,GW2-II,GW2a,GW2,ok
REMIND-MAgPIE 3.3-4.8,NGFS Phase 5-Net-Zero 2050,1,World,Capacity|Electricity|Wind,GW,2020,721.3418499999999,GW2-II,GW2a,GW2,ok
REMIND-MAgPIE 3.3-4.8,NGFS Phase 5-Net-Zero 2050,1,World,Capacity|Electricity|Wind,GW,2040,6493.8346033,GW2-II,GW2a,GW2,ok
REMIND-MAgPIE 3.3-4.8,NGFS Phase 5-Net-Zero 2050,1,World,Carbon Capture|Geological Storage|Biomass,Mt CO2/yr,2100,3769.170433600001,GW2-II,GW2a,GW2,ok
REMIND-MAgPIE 3.3-4.8,NGFS Phase 5-Net-Zero 2050,1,World,Carbon Capture|Geological Storage|Biomass,Mt CO2/yr,2090,4109.3470309,GW2-II,GW2a,GW2,ok
REMIND-MAgPIE 3.3-4.8,NGFS Phase 5-Net-Zero 2050,1,World,Carbon Capture|Geological Storage|Biomass,Mt CO2/yr,2080,4308.09384,GW2-II,GW2a,GW2,ok
REMIND-MAgPIE 3.3-4.8,NGFS Phase 5-Net-Zero 2050,1,World,Carbon Capture|Geological Storage|Biomass,Mt CO2/yr,2070,4502.894501299999,GW2-II,GW2a,GW2,ok
REMIND-MAgPIE 3.3-4.8,NGFS Phase 5-Net-Zero 2050,1,World,Carbon Capture|Geological Storage|Biomass,Mt CO2/yr,2060,4270.8450312,GW2-II,GW2a,GW2,ok
REMIND-MAgPIE 3.3-4.8,NGFS Phase 5-Net-Zero 2050,1,World,Carbon Capture|Geological Storage|Biomass,Mt CO2/yr,2055,3917.9706723,GW2-II,GW2a,GW2,ok
REMIND-MAgPIE 3.3-4.8,NGFS Phase 5-Net-Zero 2050,1,World,Carbon Capture|Geological Storage|Biomass,Mt CO2/yr,2050,3606.5825322,GW2-II,GW2a,GW2,ok
REMIND-MAgPIE 3.3-4.8,NGFS Phase 5-Net-Zero 2050,1,World,Carbon Capture|Geological Storage|Biomass,Mt CO2/yr,2045,2918.3369485,GW2-II,GW2a,GW2,ok
REMIND-MAgPIE 3.3-4.8,NGFS Phase 5-Net-Zero 2050,1,World,Carbon Capture|Geological Storage|Biomass,Mt CO2/yr,2040,2003.6461994,GW2-II,GW2a,GW2,ok
REMIND-MAgPIE 3.3-4.8,NGFS Phase 5-Net-Zero 2050,1,World,Carbon Capture|Geological Storage|Biomass,Mt CO2/yr,2035,988.7063536,GW2-II,GW2a,GW2,ok
REMIND-MAgPIE 3.3-4.8,NGFS Phase 5-Net-Zero 2050,1,World,Carbon Capture|Geological Storage|Biomass,Mt CO2/yr,2030,270.2223539,GW2-II,GW2a,GW2,ok
REMIND-MAgPIE 3.3-4.8,NGFS Phase 5-Net-Zero 2050,1,World,Carbon Capture|Geological Storage|Biomass,Mt CO2/yr,2025,41.5983865,GW2-II,GW2a,GW2,ok
REMIND-MAgPIE 3.3-4.8,NGFS Phase 5-Net-Zero 2050,1,World,Carbon Capture|Geological Storage|Biomass,Mt CO2/yr,2020,0.0,GW2-II,GW2a,GW2,ok
REMIND-MAgPIE 3.3-4.8,NGFS Phase 5-Net-Zero 2050,1,World,Carbon Removal|Land Use,Mt CO2/yr,2090,1220.6956,GW2-II,GW2a,GW2,ok
REMIND-MAgPIE 3.3-4.8,NGFS Phase 5-Net-Zero 2050,1,World,Carbon Removal|Land Use,Mt CO2/yr,2080,1162.1683,GW2-II,GW2a,GW2,ok
REMIND-MAgPIE 3.3-4.8,NGFS Phase 5-Net-Zero 2050,1,World,Carbon Removal|Land Use,Mt CO2/yr,2100,1224.5989,GW2-II,GW2a,GW2,ok
REMIND-MAgPIE 3.3-4.8,NGFS Phase 5-Net-Zero 2050,1,World,Carbon Removal|Land Use,Mt CO2/yr,2060,1013.7617,GW2-II,GW2a,GW2,ok
REMIND-MAgPIE 3.3-4.8,NGFS Phase 5-Net-Zero 2050,1,World,Carbon Removal|Land Use,Mt CO2/yr,2055,977.3257,GW2-II,GW2a,GW2,ok
REMIND-MAgPIE 3.3-4.8,NGFS Phase 5-Net-Zero 2050,1,World,Carbon Removal|Land Use,Mt CO2/yr,2050,947.1078,GW2-II,GW2a,GW2,ok
REMIND-MAgPIE 3.3-4.8,NGFS Phase 5-Net-Zero 2050,1,World,Carbon Removal|Land Use,Mt CO2/yr,2045,893.2038,GW2-II,GW2a,GW2,ok
REMIND-MAgPIE 3.3-4.8,NGFS Phase 5-Net-Zero 2050,1,World,Carbon Removal|Land Use,Mt CO2/yr,2070,1079.6747,GW2-II,GW2a,GW2,ok
REMIND-MAgPIE 3.3-4.8,NGFS Phase 5-Net-Zero 2050,1,World,Carbon Removal|Land Use,Mt CO2/yr,2035,680.0056999999999,GW2-II,GW2a,GW2,ok
REMIND-MAgPIE 3.3-4.8,NGFS Phase 5-Net-Zero 2050,1,World,Carbon Removal|Land Use,Mt CO2/yr,2030,568.8785,GW2-II,GW2a,GW2,ok
REMIND-MAgPIE 3.3-4.8,NGFS Phase 5-Net-Zero 2050,1,World,Carbon Removal|Land Use,Mt CO2/yr,2025,387.2398,GW2-II,GW2a,GW2,ok
REMIND-MAgPIE 3.3-4.8,NGFS Phase 5-Net-Zero 2050,1,World,Carbon Removal|Land Use,Mt CO2/yr,2020,320.5919,GW2-II,GW2a,GW2,ok
REMIND-MAgPIE 3.3-4.8,NGFS Phase 5-Net-Zero 2050,1,World,Carbon Removal|Land Use,Mt CO2/yr,2040,800.3781999999999,GW2-II,GW2a,GW2,ok
REMIND-MAgPIE 3.3-4.8,NGFS Phase 5-Net-Zero 2050,1,World,Emissions|CO2,Mt CO2/yr,2100,-3932.2541531,GW2-II,GW2a,GW2,ok
REMIND-MAgPIE 3.3-4.8,NGFS Phase 5-Net-Zero 2050,1,World,Emissions|CO2,Mt CO2/yr,2090,-3805.533718500001,GW2-II,GW2a,GW2,ok
REMIND-MAgPIE 3.3-4.8,NGFS Phase 5-Net-Zero 2050,1,World,Emissions|CO2,Mt CO2/yr,2080,-3896.1818988,GW2-II,GW2a,GW2,ok
REMIND-MAgPIE 3.3-4.8,NGFS Phase 5-Net-Zero 2050,1,World,Emissions|CO2,Mt CO2/yr,2070,-3878.1876462,GW2-II,GW2a,GW2,ok
REMIND-MAgPIE 3.3-4.8,NGFS Phase 5-Net-Zero 2050,1,World,Emissions|CO2,Mt CO2/yr,2060,-3222.5121157,GW2-II,GW2a,GW2,ok
REMIND-MAgPIE 3.3-4.8,NGFS Phase 5-Net-Zero 2050,1,World,Emissions|CO2,Mt CO2/yr,2055,-2631.4740277,GW2-II,GW2a,GW2,ok
REMIND-MAgPIE 3.3-4.8,NGFS Phase 5-Net-Zero 2050,1,World,Emissions|CO2,Mt CO2/yr,2050,-1802.1633444,GW2-II,GW2a,GW2,ok
REMIND-MAgPIE 3.3-4.8,NGFS Phase 5-Net-Zero 2050,1,World,Emissions|CO2,Mt CO2/yr,2045,757.8485987999999,GW2-II,GW2a,GW2,ok
REMIND-MAgPIE 3.3-4.8,NGFS Phase 5-Net-Zero 2050,1,World,Emissions|CO2,Mt CO2/yr,2035,14014.8928542,GW2-II,GW2a,GW2,ok
REMIND-MAgPIE 3.3-4.8,NGFS Phase 5-Net-Zero 2050,1,World,Emissions|CO2,Mt CO2/yr,2030,26369.1721936,GW2-II,GW2a,GW2,ok
REMIND-MAgPIE 3.3-4.8,NGFS Phase 5-Net-Zero 2050,1,World,Emissions|CO2,Mt CO2/yr,2025,41557.9345671,GW2-II,GW2a,GW2,ok
REMIND-MAgPIE 3.3-4.8,NGFS Phase 5-Net-Zero 2050,1,World,Emissions|CO2,Mt CO2/yr,2020,44336.01437690001,GW2-II,GW2a,GW2,ok
REMIND-MAgPIE 3.3-4.8,NGFS Phase 5-Net-Zero 2050,1,World,Emissions|CO2,Mt CO2/yr,2040,5534.328641700001,GW2-II,GW2a,GW2,ok
REMIND-MAgPIE 3.3-4.8,NGFS Phase 5-Net-Zero 2050,1,World,Final Energy,EJ/yr,2100,523.9631862,GW2-II,GW2a,GW2,ok
REMIND-MAgPIE 3.3-4.8,NGFS Phase 5-Net-Zero 2050,1,World,Final Energy,EJ/yr,2090,515.9543892,GW2-II,GW2a,GW2,ok
REMIND-MAgPIE 3.3-4.8,NGFS Phase 5-Net-Zero 2050,1,World,Final Energy,EJ/yr,2080,484.7261966999999,GW2-II,GW2a,GW2,ok
REMIND-MAgPIE 3.3-4.8,NGFS Phase 5-Net-Zero 2050,1,World,Final Energy,EJ/yr,2070,447.876831,GW2-II,GW2a,GW2,ok
REMIND-MAgPIE 3.3-4.8,NGFS Phase 5-Net-Zero 2050,1,World,Final Energy,EJ/yr,2060,425.8487272,GW2-II,GW2a,GW2,ok
REMIND-MAgPIE 3.3-4.8,NGFS Phase 5-Net-Zero 2050,1,World,Final Energy,EJ/yr,2055,399.1444428000001,GW2-II,GW2a,GW2,ok
REMIND-MAgPIE 3.3-4.8,NGFS Phase 5-Net-Zero 2050,1,World,Final Energy,EJ/yr,2050,386.1084975,GW2-II,GW2a,GW2,ok
REMIND-MAgPIE 3.3-4.8,NGFS Phase 5-Net-Zero 2050,1,World,Final Energy,EJ/yr,2045,376.2534911,GW2-II,GW2a,GW2,ok
REMIND-MAgPIE 3.3-4.8,NGFS Phase 5-Net-Zero 2050,1,World,Final Energy,EJ/yr,2040,376.7991938,GW2-II,GW2a,GW2,ok
REMIND-MAgPIE 3.3-4.8,NGFS Phase 5-Net-Zero 2050,1,World,Final Energy,EJ/yr,2035,396.0980643999999,GW2-II,GW2a,GW2,ok
REMIND-MAgPIE 3.3-4.8,NGFS Phase 5-Net-Zero 2050,1,World,Final Energy,EJ/yr,2030,426.4092226,GW2-II,GW2a,GW2,ok
REMIND-MAgPIE 3.3-4.8,NGFS Phase 5-Net-Zero 2050,1,World,Final Energy,EJ/yr,2025,462.761997,GW2-II,GW2a,GW2,ok
REMIND-MAgPIE 3.3-4.8,NGFS Phase 5-Net-Zero 2050,1,World,Final Energy,EJ/yr,2020,439.0000707,GW2-II,GW2a,GW2,ok
REMIND-MAgPIE 3.3-4.8,NGFS Phase 5-Net-Zero 2050,1,World,Final Energy|Electricity,EJ/yr,2090,317.4570388999999,GW2-II,GW2a,GW2,ok
REMIND-MAgPIE 3.3-4.8,NGFS Phase 5-Net-Zero 2050,1,World,Final Energy|Electricity,EJ/yr,2080,293.7313471999999,GW2-II,GW2a,GW2,ok
REMIND-MAgPIE 3.3-4.8,NGFS Phase 5-Net-Zero 2050,1,World,Final Energy|Electricity,EJ/yr,2070,263.2187623,GW2-II,GW2a,GW2,ok
REMIND-MAgPIE 3.3-4.8,NGFS Phase 5-Net-Zero 2050,1,World,Final Energy|Electricity,EJ/yr,2060,244.3358612,GW2-II,GW2a,GW2,ok
REMIND-MAgPIE 3.3-4.8,NGFS Phase 5-Net-Zero 2050,1,World,Final Energy|Electricity,EJ/yr,2055,229.6101654,GW2-II,GW2a,GW2,ok
REMIND-MAgPIE 3.3-4.8,NGFS Phase 5-Net-Zero 2050,1,World,Final Energy|Electricity,EJ/yr,2050,220.5138709,GW2-II,GW2a,GW2,ok
REMIND-MAgPIE 3.3-4.8,NGFS Phase 5-Net-Zero 2050,1,World,Final Energy|Electricity,EJ/yr,2045,203.9747712,GW2-II,GW2a,GW2,ok
REMIND-MAgPIE 3.3-4.8,NGFS Phase 5-Net-Zero 2050,1,World,Final Energy|Electricity,EJ/yr,2100,327.0935083999999,GW2-II,GW2a,GW2,ok
REMIND-MAgPIE 3.3-4.8,NGFS Phase 5-Net-Zero 2050,1,World,Final Energy|Electricity,EJ/yr,2035,146.7784475,GW2-II,GW2a,GW2,ok
REMIND-MAgPIE 3.3-4.8,NGFS Phase 5-Net-Zero 2050,1,World,Final Energy|Electricity,EJ/yr,2030,117.8019327,GW2-II,GW2a,GW2,ok
REMIND-MAgPIE 3.3-4.8,NGFS Phase 5-Net-Zero 2050,1,World,Final Energy|Electricity,EJ/yr,2025,101.0714239,GW2-II,GW2a,GW2,ok
REMIND-MAgPIE 3.3-4.8,NGFS Phase 5-Net-Zero 2050,1,World,Final Energy|Electricity,EJ/yr,2020,85.66186060000001,GW2-II,GW2a,GW2,ok
REMIND-MAgPIE 3.3-4.8,NGFS Phase 5-Net-Zero 2050,1,World,Final Energy|Electricity,EJ/yr,2040,179.2586798,GW2-II,GW2a,GW2,ok
REMIND-MAgPIE 3.3-4.8,NGFS Phase 5-Net-Zero 2050,1,World,Food Availability|Crops [per capita],kcal/cap/day,2090,1499.4246,GW2-II,GW2a,GW2,ok
REMIND-MAgPIE 3.3-4.8,NGFS Phase 5-Net-Zero 2050,1,World,Food Availability|Crops [per capita],kcal/cap/day,2080,1520.2354,GW2-II,GW2a,GW2,ok
REMIND-MAgPIE 3.3-4.8,NGFS Phase 5-Net-Zero 2050,1,World,Food Availability|Crops [per capita],kcal/cap/day,2070,1545.7822,GW2-II,GW2a,GW2,ok
REMIND-MAgPIE 3.3-4.8,NGFS Phase 5-Net-Zero 2050,1,World,Food Availability|Crops [per capita],kcal/cap/day,2060,1575.1737,GW2-II,GW2a,GW2,ok
REMIND-MAgPIE 3.3-4.8,NGFS Phase 5-Net-Zero 2050,1,World,Food Availability|Crops [per capita],kcal/cap/day,2055,1590.3259,GW2-II,GW2a,GW2,ok
REMIND-MAgPIE 3.3-4.8,NGFS Phase 5-Net-Zero 2050,1,World,Food Availability|Crops [per capita],kcal/cap/day,2050,1606.0378,GW2-II,GW2a,GW2,ok
REMIND-MAgPIE 3.3-4.8,NGFS Phase 5-Net-Zero 2050,1,World,Food Availability|Crops [per capita],kcal/cap/day,2045,1622.4603,GW2-II,GW2a,GW2,ok
REMIND-MAgPIE 3.3-4.8,NGFS Phase 5-Net-Zero 2050,1,World,Food Availability|Crops [per capita],kcal/cap/day,2100,1481.7562,GW2-II,GW2a,GW2,ok
REMIND-MAgPIE 3.3-4.8,NGFS Phase 5-Net-Zero 2050,1,World,Food Availability|Crops [per capita],kcal/cap/day,2035,1656.5914,GW2-II,GW2a,GW2,ok
REMIND-MAgPIE 3.3-4.8,NGFS Phase 5-Net-Zero 2050,1,World,Food Availability|Crops [per capita],kcal/cap/day,2030,1676.3065,GW2-II,GW2a,GW2,ok
REMIND-MAgPIE 3.3-4.8,NGFS Phase 5-Net-Zero 2050,1,World,Food Availability|Crops [per capita],kcal/cap/day,2025,1697.124,GW2-II,GW2a,GW2,ok
REMIND-MAgPIE 3.3-4.8,NGFS Phase 5-Net-Zero 2050,1,World,Food Availability|Crops [per capita],kcal/cap/day,2020,1714.2354,GW2-II,GW2a,GW2,ok
REMIND-MAgPIE 3.3-4.8,NGFS Phase 5-Net-Zero 2050,1,World,Food Availability|Crops [per capita],kcal/cap/day,2040,1638.9768,GW2-II,GW2a,GW2,ok
REMIND-MAgPIE 3.3-4.8,NGFS Phase 5-Net-Zero 2050,1,World,Food Availability|Livestock [per capita],kcal/cap/day,2090,771.9098,GW2-II,GW2a,GW2,ok
REMIND-MAgPIE 3.3-4.8,NGFS Phase 5-Net-Zero 2050,1,World,Food Availability|Livestock [per capita],kcal/cap/day,2080,743.0965,GW2-II,GW2a,GW2,ok
REMIND-MAgPIE 3.3-4.8,NGFS Phase 5-Net-Zero 2050,1,World,Food Availability|Livestock [per capita],kcal/cap/day,2070,710.8896,GW2-II,GW2a,GW2,ok
REMIND-MAgPIE 3.3-4.8,NGFS Phase 5-Net-Zero 2050,1,World,Food Availability|Livestock [per capita],kcal/cap/day,2060,677.4769,GW2-II,GW2a,GW2,ok
REMIND-MAgPIE 3.3-4.8,NGFS Phase 5-Net-Zero 2050,1,World,Food Availability|Livestock [per capita],kcal/cap/day,2055,660.1669999999999,GW2-II,GW2a,GW2,ok
REMIND-MAgPIE 3.3-4.8,NGFS Phase 5-Net-Zero 2050,1,World,Food Availability|Livestock [per capita],kcal/cap/day,2050,643.0047000000001,GW2-II,GW2a,GW2,ok
REMIND-MAgPIE 3.3-4.8,NGFS Phase 5-Net-Zero 2050,1,World,Food Availability|Livestock [per capita],kcal/cap/day,2100,796.7503,GW2-II,GW2a,GW2,ok
REMIND-MAgPIE 3.3-4.8,NGFS Phase 5-Net-Zero 2050,1,World,Food Availability|Livestock [per capita],kcal/cap/day,2045,625.7974,GW2-II,GW2a,GW2,ok
REMIND-MAgPIE 3.3-4.8,NGFS Phase 5-Net-Zero 2050,1,World,Food Availability|Livestock [per capita],kcal/cap/day,2035,588.8454999999999,GW2-II,GW2a,GW2,ok
REMIND-MAgPIE 3.3-4.8,NGFS Phase 5-Net-Zero 2050,1,World,Food Availability|Livestock [per capita],kcal/cap/day,2030,567.2543000000001,GW2-II,GW2a,GW2,ok
REMIND-MAgPIE 3.3-4.8,NGFS Phase 5-Net-Zero 2050,1,World,Food Availability|Livestock [per capita],kcal/cap/day,2025,543.7801000000001,GW2-II,GW2a,GW2,ok
REMIND-MAgPIE 3.3-4.8,NGFS Phase 5-Net-Zero 2050,1,World,Food Availability|Livestock [per capita],kcal/cap/day,2020,521.828,GW2-II,GW2a,GW2,ok
REMIND-MAgPIE 3.3-4.8,NGFS Phase 5-Net-Zero 2050,1,World,Food Availability|Livestock [per capita],kcal/cap/day,2040,607.8055999999999,GW2-II,GW2a,GW2,ok
REMIND-MAgPIE 3.3-4.8,NGFS Phase 5-Net-Zero 2050,1,World,GDP|MER,billion USD_2010/yr,2100,317641.397936912,GW2-II,GW2a,GW2,ok
REMIND-MAgPIE 3.3-4.8,NGFS Phase 5-Net-Zero 2050,1,World,GDP|MER,billion USD_2010/yr,2090,281097.412851136,GW2-II,GW2a,GW2,ok
REMIND-MAgPIE 3.3-4.8,NGFS Phase 5-Net-Zero 2050,1,World,GDP|MER,billion USD_2010/yr,2080,247408.2391867521,GW2-II,GW2a,GW2,ok
REMIND-MAgPIE 3.3-4.8,NGFS Phase 5-Net-Zero 2050,1,World,GDP|MER,billion USD_2010/yr,2070,212770.778655568,GW2-II,GW2a,GW2,ok
REMIND-MAgPIE 3.3-4.8,NGFS Phase 5-Net-Zero 2050,1,World,GDP|MER,billion USD_2010/yr,2060,180284.810599712,GW2-II,GW2a,GW2,ok
REMIND-MAgPIE 3.3-4.8,NGFS Phase 5-Net-Zero 2050,1,World,GDP|MER,billion USD_2010/yr,2055,165610.994104528,GW2-II,GW2a,GW2,ok
REMIND-MAgPIE 3.3-4.8,NGFS Phase 5-Net-Zero 2050,1,World,GDP|MER,billion USD_2010/yr,2050,150977.537503408,GW2-II,GW2a,GW2,ok
REMIND-MAgPIE 3.3-4.8,NGFS Phase 5-Net-Zero 2050,1,World,GDP|MER,billion USD_2010/yr,2040,124710.41285136,GW2-II,GW2a,GW2,ok
REMIND-MAgPIE 3.3-4.8,NGFS Phase 5-Net-Zero 2050,1,World,GDP|MER,billion USD_2010/yr,2035,113230.368746096,GW2-II,GW2a,GW2,ok
REMIND-MAgPIE 3.3-4.8,NGFS Phase 5-Net-Zero 2050,1,World,GDP|MER,billion USD_2010/yr,2030,101891.87961904,GW2-II,GW2a,GW2,ok
REMIND-MAgPIE 3.3-4.8,NGFS Phase 5-Net-Zero 2050,1,World,GDP|MER,billion USD_2010/yr,2025,90988.5102532,GW2-II,GW2a,GW2,ok
REMIND-MAgPIE 3.3-4.8,NGFS Phase 5-Net-Zero 2050,1,World,GDP|MER,billion USD_2010/yr,2020,79822.60273355202,GW2-II,GW2a,GW2,ok
REMIND-MAgPIE 3.3-4.8,NGFS Phase 5-Net-Zero 2050,1,World,GDP|MER,billion USD_2010/yr,2045,137284.99987048,GW2-II,GW2a,GW2,ok
REMIND-MAgPIE 3.3-4.8,NGFS Phase 5-Net-Zero 2050,1,World,Investment|Energy Supply,billion USD_2010/yr,2100,4109.609901488,GW2-II,GW2a,GW2,ok
REMIND-MAgPIE 3.3-4.8,NGFS Phase 5-Net-Zero 2050,1,World,Investment|Energy Supply,billion USD_2010/yr,2090,4551.764634816001,GW2-II,GW2a,GW2,ok
REMIND-MAgPIE 3.3-4.8,NGFS Phase 5-Net-Zero 2050,1,World,Investment|Energy Supply,billion USD_2010/yr,2080,4238.640630112001,GW2-II,GW2a,GW2,ok
REMIND-MAgPIE 3.3-4.8,NGFS Phase 5-Net-Zero 2050,1,World,Investment|Energy Supply,billion USD_2010/yr,2070,3459.513319136001,GW2-II,GW2a,GW2,ok
REMIND-MAgPIE 3.3-4.8,NGFS Phase 5-Net-Zero 2050,1,World,Investment|Energy Supply,billion USD_2010/yr,2060,2597.66888752,GW2-II,GW2a,GW2,ok
REMIND-MAgPIE 3.3-4.8,NGFS Phase 5-Net-Zero 2050,1,World,Investment|Energy Supply,billion USD_2010/yr,2055,2607.712041984001,GW2-II,GW2a,GW2,ok
REMIND-MAgPIE 3.3-4.8,NGFS Phase 5-Net-Zero 2050,1,World,Investment|Energy Supply,billion USD_2010/yr,2050,2630.951978704,GW2-II,GW2a,GW2,ok
REMIND-MAgPIE 3.3-4.8,NGFS Phase 5-Net-Zero 2050,1,World,Investment|Energy Supply,billion USD_2010/yr,2045,2989.113780016001,GW2-II,GW2a,GW2,ok
REMIND-MAgPIE 3.3-4.8,NGFS Phase 5-Net-Zero 2050,1,World,Investment|Energy Supply,billion USD_2010/yr,2040,3664.999104928,GW2-II,GW2a,GW2,ok
REMIND-MAgPIE 3.3-4.8,NGFS Phase 5-Net-Zero 2050,1,World,Investment|Energy Supply,billion USD_2010/yr,2035,4084.692593520001,GW2-II,GW2a,GW2,ok
REMIND-MAgPIE 3.3-4.8,NGFS Phase 5-Net-Zero 2050,1,World,Investment|Energy Supply,billion USD_2010/yr,2030,3448.628224048001,GW2-II,GW2a,GW2,ok
REMIND-MAgPIE 3.3-4.8,NGFS Phase 5-Net-Zero 2050,1,World,Investment|Energy Supply,billion USD_2010/yr,2025,2117.621618448,GW2-II,GW2a,GW2,ok
REMIND-MAgPIE 3.3-4.8,NGFS Phase 5-Net-Zero 2050,1,World,Investment|Energy Supply,billion USD_2010/yr,2020,1394.336556256,GW2-II,GW2a,GW2,ok
REMIND-MAgPIE 3.3-4.8,NGFS Phase 5-Net-Zero 2050,1,World,Land Cover,million ha,2100,12986.3818,GW2-II,GW2a,GW2,ok
REMIND-MAgPIE 3.3-4.8,NGFS Phase 5-Net-Zero 2050,1,World,Land Cover,million ha,2090,12986.3818,GW2-II,GW2a,GW2,ok
REMIND-MAgPIE 3.3-4.8,NGFS Phase 5-Net-Zero 2050,1,World,Land Cover,million ha,2080,12986.3818,GW2-II,GW2a,GW2,ok
REMIND-MAgPIE 3.3-4.8,NGFS Phase 5-Net-Zero 2050,1,World,Land Cover,million ha,2070,12986.3818,GW2-II,GW2a,GW2,ok
REMIND-MAgPIE 3.3-4.8,NGFS Phase 5-Net-Zero 2050,1,World,Land Cover,million ha,2060,12986.3818,GW2-II,GW2a,GW2,ok
REMIND-MAgPIE 3.3-4.8,NGFS Phase 5-Net-Zero 2050,1,World,Land Cover,million ha,2055,12986.3818,GW2-II,GW2a,GW2,ok
REMIND-MAgPIE 3.3-4.8,NGFS Phase 5-Net-Zero 2050,1,World,Land Cover,million ha,2050,12986.3818,GW2-II,GW2a,GW2,ok
REMIND-MAgPIE 3.3-4.8,NGFS Phase 5-Net-Zero 2050,1,World,Land Cover,million ha,2040,12986.3818,GW2-II,GW2a,GW2,ok
REMIND-MAgPIE 3.3-4.8,NGFS Phase 5-Net-Zero 2050,1,World,Land Cover,million ha,2035,12986.3818,GW2-II,GW2a,GW2,ok
REMIND-MAgPIE 3.3-4.8,NGFS Phase 5-Net-Zero 2050,1,World,Land Cover,million ha,2030,12986.3818,GW2-II,GW2a,GW2,ok
REMIND-MAgPIE 3.3-4.8,NGFS Phase 5-Net-Zero 2050,1,World,Land Cover,million ha,2025,12986.3818,GW2-II,GW2a,GW2,ok
REMIND-MAgPIE 3.3-4.8,NGFS Phase 5-Net-Zero 2050,1,World,Land Cover,million ha,2020,12986.3818,GW2-II,GW2a,GW2,ok
REMIND-MAgPIE 3.3-4.8,NGFS Phase 5-Net-Zero 2050,1,World,Land Cover,million ha,2045,12986.3818,GW2-II,GW2a,GW2,ok
REMIND-MAgPIE 3.3-4.8,NGFS Phase 5-Net-Zero 2050,1,World,Land Cover|Forest,million ha,2100,4209.4468,GW2-II,GW2a,GW2,ok
REMIND-MAgPIE 3.3-4.8,NGFS Phase 5-Net-Zero 2050,1,World,Land Cover|Forest,million ha,2090,4200.7382,GW2-II,GW2a,GW2,ok
REMIND-MAgPIE 3.3-4.8,NGFS Phase 5-Net-Zero 2050,1,World,Land Cover|Forest,million ha,2080,4185.828,GW2-II,GW2a,GW2,ok
REMIND-MAgPIE 3.3-4.8,NGFS Phase 5-Net-Zero 2050,1,World,Land Cover|Forest,million ha,2070,4174.970699999999,GW2-II,GW2a,GW2,ok
REMIND-MAgPIE 3.3-4.8,NGFS Phase 5-Net-Zero 2050,1,World,Land Cover|Forest,million ha,2060,4133.4802,GW2-II,GW2a,GW2,ok
REMIND-MAgPIE 3.3-4.8,NGFS Phase 5-Net-Zero 2050,1,World,Land Cover|Forest,million ha,2055,4124.4963,GW2-II,GW2a,GW2,ok
REMIND-MAgPIE 3.3-4.8,NGFS Phase 5-Net-Zero 2050,1,World,Land Cover|Forest,million ha,2050,4114.4151,GW2-II,GW2a,GW2,ok
REMIND-MAgPIE 3.3-4.8,NGFS Phase 5-Net-Zero 2050,1,World,Land Cover|Forest,million ha,2045,4089.1457,GW2-II,GW2a,GW2,ok
REMIND-MAgPIE 3.3-4.8,NGFS Phase 5-Net-Zero 2050,1,World,Land Cover|Forest,million ha,2040,4064.6917,GW2-II,GW2a,GW2,ok
REMIND-MAgPIE 3.3-4.8,NGFS Phase 5-Net-Zero 2050,1,World,Land Cover|Forest,million ha,2035,4044.5426,GW2-II,GW2a,GW2,ok
REMIND-MAgPIE 3.3-4.8,NGFS Phase 5-Net-Zero 2050,1,World,Land Cover|Forest,million ha,2030,3975.9052,GW2-II,GW2a,GW2,ok
REMIND-MAgPIE 3.3-4.8,NGFS Phase 5-Net-Zero 2050,1,World,Land Cover|Forest,million ha,2025,3959.7679,GW2-II,GW2a,GW2,ok
REMIND-MAgPIE 3.3-4.8,NGFS Phase 5-Net-Zero 2050,1,World,Land Cover|Forest,million ha,2020,3918.0832,GW2-II,GW2a,GW2,ok
REMIND-MAgPIE 3.3-4.8,NGFS Phase 5-Net-Zero 2050,1,World,Population,million,2090,10111.9263186,GW2-II,GW2a,GW2,ok
REMIND-MAgPIE 3.3-4.8,NGFS Phase 5-Net-Zero 2050,1,World,Population,million,2080,10186.7226176,GW2-II,GW2a,GW2,ok
REMIND-MAgPIE 3.3-4.8,NGFS Phase 5-Net-Zero 2050,1,World,Population,million,2070,10141.0872844,GW2-II,GW2a,GW2,ok
REMIND-MAgPIE 3.3-4.8,NGFS Phase 5-Net-Zero 2050,1,World,Population,million,2060,9962.9486634,GW2-II,GW2a,GW2,ok
REMIND-MAgPIE 3.3-4.8,NGFS Phase 5-Net-Zero 2050,1,World,Population,million,2055,9818.811888,GW2-II,GW2a,GW2,ok
REMIND-MAgPIE 3.3-4.8,NGFS Phase 5-Net-Zero 2050,1,World,Population,million,2050,9635.221517800002,GW2-II,GW2a,GW2,ok
REMIND-MAgPIE 3.3-4.8,NGFS Phase 5-Net-Zero 2050,1,World,Population,million,2045,9409.292492400002,GW2-II,GW2a,GW2,ok
REMIND-MAgPIE 3.3-4.8,NGFS Phase 5-Net-Zero 2050,1,World,Population,million,2100,9945.4020075,GW2-II,GW2a,GW2,ok
REMIND-MAgPIE 3.3-4.8,NGFS Phase 5-Net-Zero 2050,1,World,Population,million,2035,8848.101586100001,GW2-II,GW2a,GW2,ok
REMIND-MAgPIE 3.3-4.8,NGFS Phase 5-Net-Zero 2050,1,World,Population,million,2030,8523.986635499998,GW2-II,GW2a,GW2,ok
REMIND-MAgPIE 3.3-4.8,NGFS Phase 5-Net-Zero 2050,1,World,Population,million,2025,8171.2855288,GW2-II,GW2a,GW2,ok
REMIND-MAgPIE 3.3-4.8,NGFS Phase 5-Net-Zero 2050,1,World,Population,million,2020,7823.5196069,GW2-II,GW2a,GW2,ok
REMIND-MAgPIE 3.3-4.8,NGFS Phase 5-Net-Zero 2050,1,World,Population,million,2040,9145.249722900002,GW2-II,GW2a,GW2,ok
REMIND-MAgPIE 3.3-4.8,NGFS Phase 5-Net-Zero 2050,1,World,Price|Secondary Energy|Electricity,USD_2010/GJ,2050,12.874627136,GW2-II,GW2a,GW2,ok
REMIND-MAgPIE 3.3-4.8,NGFS Phase 5-Net-Zero 2050,1,World,Price|Secondary Energy|Electricity,USD_2010/GJ,2100,11.999857968,GW2-II,GW2a,GW2,ok
REMIND-MAgPIE 3.3-4.8,NGFS Phase 5-Net-Zero 2050,1,World,Price|Secondary Energy|Electricity,USD_2010/GJ,2090,12.623498944,GW2-II,GW2a,GW2,ok
REMIND-MAgPIE 3.3-4.8,NGFS Phase 5-Net-Zero 2050,1,World,Price|Secondary Energy|Electricity,USD_2010/GJ,2080,13.160532224,GW2-II,GW2a,GW2,ok
REMIND-MAgPIE 3.3-4.8,NGFS Phase 5-Net-Zero 2050,1,World,Price|Secondary Energy|Electricity,USD_2010/GJ,2070,12.767917904,GW2-II,GW2a,GW2,ok
REMIND-MAgPIE 3.3-4.8,NGFS Phase 5-Net-Zero 2050,1,World,Price|Secondary Energy|Electricity,USD_2010/GJ,2060,12.499713632,GW2-II,GW2a,GW2,ok
REMIND-MAgPIE 3.3-4.8,NGFS Phase 5-Net-Zero 2050,1,World,Price|Secondary Energy|Electricity,USD_2010/GJ,2055,13.031987584,GW2-II,GW2a,GW2,ok
REMIND-MAgPIE 3.3-4.8,NGFS Phase 5-Net-Zero 2050,1,World,Price|Secondary Energy|Electricity,USD_2010/GJ,2045,14.338627296,GW2-II,GW2a,GW2,ok
REMIND-MAgPIE 3.3-4.8,NGFS Phase 5-Net-Zero 2050,1,World,Price|Secondary Energy|Electricity,USD_2010/GJ,2035,24.534825056,GW2-II,GW2a,GW2,ok
REMIND-MAgPIE 3.3-4.8,NGFS Phase 5-Net-Zero 2050,1,World,Price|Secondary Energy|Electricity,USD_2010/GJ,2030,26.51472779200001,GW2-II,GW2a,GW2,ok
REMIND-MAgPIE 3.3-4.8,NGFS Phase 5-Net-Zero 2050,1,World,Price|Secondary Energy|Electricity,USD_2010/GJ,2025,22.353375408,GW2-II,GW2a,GW2,ok
REMIND-MAgPIE 3.3-4.8,NGFS Phase 5-Net-Zero 2050,1,World,Price|Secondary Energy|Electricity,USD_2010/GJ,2020,17.51547784,GW2-II,GW2a,GW2,ok
REMIND-MAgPIE 3.3-4.8,NGFS Phase 5-Net-Zero 2050,1,World,Price|Secondary Energy|Electricity,USD_2010/GJ,2040,18.807274416,GW2-II,GW2a,GW2,ok
REMIND-MAgPIE 3.3-4.8,NGFS Phase 5-Net-Zero 2050,1,World,Primary Energy|Biomass,EJ/yr,2100,104.2343943,GW2-II,GW2a,GW2,ok
REMIND-MAgPIE 3.3-4.8,NGFS Phase 5-Net-Zero 2050,1,World,Primary Energy|Biomass,EJ/yr,2090,106.6468783,GW2-II,GW2a,GW2,ok
REMIND-MAgPIE 3.3-4.8,NGFS Phase 5-Net-Zero 2050,1,World,Primary Energy|Biomass,EJ/yr,2080,107.0618641,GW2-II,GW2a,GW2,ok
REMIND-MAgPIE 3.3-4.8,NGFS Phase 5-Net-Zero 2050,1,World,Primary Energy|Biomass,EJ/yr,2070,107.9079915,GW2-II,GW2a,GW2,ok
REMIND-MAgPIE 3.3-4.8,NGFS Phase 5-Net-Zero 2050,1,World,Primary Energy|Biomass,EJ/yr,2060,106.3241564,GW2-II,GW2a,GW2,ok
REMIND-MAgPIE 3.3-4.8,NGFS Phase 5-Net-Zero 2050,1,World,Primary Energy|Biomass,EJ/yr,2055,97.8749829,GW2-II,GW2a,GW2,ok
REMIND-MAgPIE 3.3-4.8,NGFS Phase 5-Net-Zero 2050,1,World,Primary Energy|Biomass,EJ/yr,2050,92.1205029,GW2-II,GW2a,GW2,ok
REMIND-MAgPIE 3.3-4.8,NGFS Phase 5-Net-Zero 2050,1,World,Primary Energy|Biomass,EJ/yr,2045,83.5009265,GW2-II,GW2a,GW2,ok
REMIND-MAgPIE 3.3-4.8,NGFS Phase 5-Net-Zero 2050,1,World,Primary Energy|Biomass,EJ/yr,2040,75.07450460000001,GW2-II,GW2a,GW2,ok
REMIND-MAgPIE 3.3-4.8,NGFS Phase 5-Net-Zero 2050,1,World,Primary Energy|Biomass,EJ/yr,2035,67.73101510000001,GW2-II,GW2a,GW2,ok
REMIND-MAgPIE 3.3-4.8,NGFS Phase 5-Net-Zero 2050,1,World,Primary Energy|Biomass,EJ/yr,2030,61.475593,GW2-II,GW2a,GW2,ok
REMIND-MAgPIE 3.3-4.8,NGFS Phase 5-Net-Zero 2050,1,World,Primary Energy|Biomass,EJ/yr,2025,55.5517209,GW2-II,GW2a,GW2,ok
REMIND-MAgPIE 3.3-4.8,NGFS Phase 5-Net-Zero 2050,1,World,Primary Energy|Biomass,EJ/yr,2020,55.1652744,GW2-II,GW2a,GW2,ok
REMIND-MAgPIE 3.3-4.8,NGFS Phase 5-Net-Zero 2050,1,World,Primary Energy|Coal,EJ/yr,2100,1.0747544,GW2-II,GW2a,GW2,ok
REMIND-MAgPIE 3.3-4.8,NGFS Phase 5-Net-Zero 2050,1,World,Primary Energy|Coal,EJ/yr,2090,1.5684821,GW2-II,GW2a,GW2,ok
REMIND-MAgPIE 3.3-4.8,NGFS Phase 5-Net-Zero 2050,1,World,Primary Energy|Coal,EJ/yr,2080,1.7512253,GW2-II,GW2a,GW2,ok
REMIND-MAgPIE 3.3-4.8,NGFS Phase 5-Net-Zero 2050,1,World,Primary Energy|Coal,EJ/yr,2070,1.5365398,GW2-II,GW2a,GW2,ok
REMIND-MAgPIE 3.3-4.8,NGFS Phase 5-Net-Zero 2050,1,World,Primary Energy|Coal,EJ/yr,2060,1.8843214,GW2-II,GW2a,GW2,ok
REMIND-MAgPIE 3.3-4.8,NGFS Phase 5-Net-Zero 2050,1,World,Primary Energy|Coal,EJ/yr,2055,2.0133001,GW2-II,GW2a,GW2,ok
REMIND-MAgPIE 3.3-4.8,NGFS Phase 5-Net-Zero 2050,1,World,Primary Energy|Coal,EJ/yr,2050,2.2099172,GW2-II,GW2a,GW2,ok
REMIND-MAgPIE 3.3-4.8,NGFS Phase 5-Net-Zero 2050,1,World,Primary Energy|Coal,EJ/yr,2045,2.3321736,GW2-II,GW2a,GW2,ok
REMIND-MAgPIE 3.3-4.8,NGFS Phase 5-Net-Zero 2050,1,World,Primary Energy|Coal,EJ/yr,2040,4.194399999999999,GW2-II,GW2a,GW2,ok
REMIND-MAgPIE 3.3-4.8,NGFS Phase 5-Net-Zero 2050,1,World,Primary Energy|Coal,EJ/yr,2035,21.9600397,GW2-II,GW2a,GW2,ok
REMIND-MAgPIE 3.3-4.8,NGFS Phase 5-Net-Zero 2050,1,World,Primary Energy|Coal,EJ/yr,2030,72.5306395,GW2-II,GW2a,GW2,ok
REMIND-MAgPIE 3.3-4.8,NGFS Phase 5-Net-Zero 2050,1,World,Primary Energy|Coal,EJ/yr,2025,161.9238128,GW2-II,GW2a,GW2,ok
REMIND-MAgPIE 3.3-4.8,NGFS Phase 5-Net-Zero 2050,1,World,Primary Energy|Coal,EJ/yr,2020,171.5989959,GW2-II,GW2a,GW2,ok
REMIND-MAgPIE 3.3-4.8,NGFS Phase 5-Net-Zero 2050,1,World,Primary Energy|Fossil|w/ CCS,EJ/yr,2100,0.0001174,GW2-II,GW2a,GW2,ok
REMIND-MAgPIE 3.3-4.8,NGFS Phase 5-Net-Zero 2050,1,World,Primary Energy|Fossil|w/ CCS,EJ/yr,2090,0.0001656,GW2-II,GW2a,GW2,ok
REMIND-MAgPIE 3.3-4.8,NGFS Phase 5-Net-Zero 2050,1,World,Primary Energy|Fossil|w/ CCS,EJ/yr,2080,0.0001931,GW2-II,GW2a,GW2,ok
REMIND-MAgPIE 3.3-4.8,NGFS Phase 5-Net-Zero 2050,1,World,Primary Energy|Fossil|w/ CCS,EJ/yr,2070,0.000291,GW2-II,GW2a,GW2,ok
REMIND-MAgPIE 3.3-4.8,NGFS Phase 5-Net-Zero 2050,1,World,Primary Energy|Fossil|w/ CCS,EJ/yr,2060,0.0603579,GW2-II,GW2a,GW2,ok
REMIND-MAgPIE 3.3-4.8,NGFS Phase 5-Net-Zero 2050,1,World,Primary Energy|Fossil|w/ CCS,EJ/yr,2055,0.0987753,GW2-II,GW2a,GW2,ok
REMIND-MAgPIE 3.3-4.8,NGFS Phase 5-Net-Zero 2050,1,World,Primary Energy|Fossil|w/ CCS,EJ/yr,2050,0.123483,GW2-II,GW2a,GW2,ok
REMIND-MAgPIE 3.3-4.8,NGFS Phase 5-Net-Zero 2050,1,World,Primary Energy|Fossil|w/ CCS,EJ/yr,2040,0.1461551,GW2-II,GW2a,GW2,ok
REMIND-MAgPIE 3.3-4.8,NGFS Phase 5-Net-Zero 2050,1,World,Primary Energy|Fossil|w/ CCS,EJ/yr,2035,0.149804,GW2-II,GW2a,GW2,ok
REMIND-MAgPIE 3.3-4.8,NGFS Phase 5-Net-Zero 2050,1,World,Primary Energy|Fossil|w/ CCS,EJ/yr,2030,0.1509856,GW2-II,GW2a,GW2,ok
REMIND-MAgPIE 3.3-4.8,NGFS Phase 5-Net-Zero 2050,1,World,Primary Energy|Fossil|w/ CCS,EJ/yr,2025,0.1511589,GW2-II,GW2a,GW2,ok
REMIND-MAgPIE 3.3-4.8,NGFS Phase 5-Net-Zero 2050,1,World,Primary Energy|Fossil|w/ CCS,EJ/yr,2020,0.0644382999999999,GW2-II,GW2a,GW2,ok
REMIND-MAgPIE 3.3-4.8,NGFS Phase 5-Net-Zero 2050,1,World,Primary Energy|Fossil|w/ CCS,EJ/yr,2045,0.1382282,GW2-II,GW2a,GW2,ok
REMIND-MAgPIE 3.3-4.8,NGFS Phase 5-Net-Zero 2050,1,World,Primary Energy|Fossil|w/o CCS,EJ/yr,2090,83.28142950000002,GW2-II,GW2a,GW2,ok
REMIND-MAgPIE 3.3-4.8,NGFS Phase 5-Net-Zero 2050,1,World,Primary Energy|Fossil|w/o CCS,EJ/yr,2080,84.1457227,GW2-II,GW2a,GW2,ok
REMIND-MAgPIE 3.3-4.8,NGFS Phase 5-Net-Zero 2050,1,World,Primary Energy|Fossil|w/o CCS,EJ/yr,2070,85.2059068,GW2-II,GW2a,GW2,ok
REMIND-MAgPIE 3.3-4.8,NGFS Phase 5-Net-Zero 2050,1,World,Primary Energy|Fossil|w/o CCS,EJ/yr,2060,88.4099563,GW2-II,GW2a,GW2,ok
REMIND-MAgPIE 3.3-4.8,NGFS Phase 5-Net-Zero 2050,1,World,Primary Energy|Fossil|w/o CCS,EJ/yr,2055,89.62572069999999,GW2-II,GW2a,GW2,ok
REMIND-MAgPIE 3.3-4.8,NGFS Phase 5-Net-Zero 2050,1,World,Primary Energy|Fossil|w/o CCS,EJ/yr,2050,93.87387239999998,GW2-II,GW2a,GW2,ok
REMIND-MAgPIE 3.3-4.8,NGFS Phase 5-Net-Zero 2050,1,World,Primary Energy|Fossil|w/o CCS,EJ/yr,2045,112.2152311,GW2-II,GW2a,GW2,ok
REMIND-MAgPIE 3.3-4.8,NGFS Phase 5-Net-Zero 2050,1,World,Primary Energy|Fossil|w/o CCS,EJ/yr,2100,76.25013990000001,GW2-II,GW2a,GW2,ok
REMIND-MAgPIE 3.3-4.8,NGFS Phase 5-Net-Zero 2050,1,World,Primary Energy|Fossil|w/o CCS,EJ/yr,2035,234.6359784,GW2-II,GW2a,GW2,ok
REMIND-MAgPIE 3.3-4.8,NGFS Phase 5-Net-Zero 2050,1,World,Primary Energy|Fossil|w/o CCS,EJ/yr,2030,353.4500892,GW2-II,GW2a,GW2,ok
REMIND-MAgPIE 3.3-4.8,NGFS Phase 5-Net-Zero 2050,1,World,Primary Energy|Fossil|w/o CCS,EJ/yr,2025,496.5771311,GW2-II,GW2a,GW2,ok
REMIND-MAgPIE 3.3-4.8,NGFS Phase 5-Net-Zero 2050,1,World,Primary Energy|Fossil|w/o CCS,EJ/yr,2020,500.6521242,GW2-II,GW2a,GW2,ok
REMIND-MAgPIE 3.3-4.8,NGFS Phase 5-Net-Zero 2050,1,World,Primary Energy|Fossil|w/o CCS,EJ/yr,2040,154.3494995,GW2-II,GW2a,GW2,ok
REMIND-MAgPIE 3.3-4.8,NGFS Phase 5-Net-Zero 2050,1,World,Primary Energy|Gas,EJ/yr,2090,50.423871,GW2-II,GW2a,GW2,ok
REMIND-MAgPIE 3.3-4.8,NGFS Phase 5-Net-Zero 2050,1,World,Primary Energy|Gas,EJ/yr,2080,45.942473,GW2-II,GW2a,GW2,ok
REMIND-MAgPIE 3.3-4.8,NGFS Phase 5-Net-Zero 2050,1,World,Primary Energy|Gas,EJ/yr,2070,40.6660445,GW2-II,GW2a,GW2,ok
REMIND-MAgPIE 3.3-4.8,NGFS Phase 5-Net-Zero 2050,1,World,Primary Energy|Gas,EJ/yr,2060,34.8459192,GW2-II,GW2a,GW2,ok
REMIND-MAgPIE 3.3-4.8,NGFS Phase 5-Net-Zero 2050,1,World,Primary Energy|Gas,EJ/yr,2055,28.805065,GW2-II,GW2a,GW2,ok
REMIND-MAgPIE 3.3-4.8,NGFS Phase 5-Net-Zero 2050,1,World,Primary Energy|Gas,EJ/yr,2050,23.8682906,GW2-II,GW2a,GW2,ok
REMIND-MAgPIE 3.3-4.8,NGFS Phase 5-Net-Zero 2050,1,World,Primary Energy|Gas,EJ/yr,2100,50.88611530000001,GW2-II,GW2a,GW2,ok
REMIND-MAgPIE 3.3-4.8,NGFS Phase 5-Net-Zero 2050,1,World,Primary Energy|Gas,EJ/yr,2045,24.5451573,GW2-II,GW2a,GW2,ok
REMIND-MAgPIE 3.3-4.8,NGFS Phase 5-Net-Zero 2050,1,World,Primary Energy|Gas,EJ/yr,2035,65.89551,GW2-II,GW2a,GW2,ok
REMIND-MAgPIE 3.3-4.8,NGFS Phase 5-Net-Zero 2050,1,World,Primary Energy|Gas,EJ/yr,2030,104.0550349,GW2-II,GW2a,GW2,ok
REMIND-MAgPIE 3.3-4.8,NGFS Phase 5-Net-Zero 2050,1,World,Primary Energy|Gas,EJ/yr,2025,139.452816,GW2-II,GW2a,GW2,ok
REMIND-MAgPIE 3.3-4.8,NGFS Phase 5-Net-Zero 2050,1,World,Primary Energy|Gas,EJ/yr,2020,137.4595301,GW2-II,GW2a,GW2,ok
REMIND-MAgPIE 3.3-4.8,NGFS Phase 5-Net-Zero 2050,1,World,Primary Energy|Gas,EJ/yr,2040,37.4843939,GW2-II,GW2a,GW2,ok
REMIND-MAgPIE 3.3-4.8,NGFS Phase 5-Net-Zero 2050,1,World,Primary Energy|Non-Biomass Renewables,EJ/yr,2100,532.4350976,GW2-II,GW2a,GW2,ok
REMIND-MAgPIE 3.3-4.8,NGFS Phase 5-Net-Zero 2050,1,World,Primary Energy|Non-Biomass Renewables,EJ/yr,2090,503.0655717,GW2-II,GW2a,GW2,ok
REMIND-MAgPIE 3.3-4.8,NGFS Phase 5-Net-Zero 2050,1,World,Primary Energy|Non-Biomass Renewables,EJ/yr,2080,452.2642301,GW2-II,GW2a,GW2,ok
REMIND-MAgPIE 3.3-4.8,NGFS Phase 5-Net-Zero 2050,1,World,Primary Energy|Non-Biomass Renewables,EJ/yr,2070,393.9395559999999,GW2-II,GW2a,GW2,ok
REMIND-MAgPIE 3.3-4.8,NGFS Phase 5-Net-Zero 2050,1,World,Primary Energy|Non-Biomass Renewables,EJ/yr,2060,356.9117461,GW2-II,GW2a,GW2,ok
REMIND-MAgPIE 3.3-4.8,NGFS Phase 5-Net-Zero 2050,1,World,Primary Energy|Non-Biomass Renewables,EJ/yr,2055,319.4669471,GW2-II,GW2a,GW2,ok
REMIND-MAgPIE 3.3-4.8,NGFS Phase 5-Net-Zero 2050,1,World,Primary Energy|Non-Biomass Renewables,EJ/yr,2050,296.3894716,GW2-II,GW2a,GW2,ok
REMIND-MAgPIE 3.3-4.8,NGFS Phase 5-Net-Zero 2050,1,World,Primary Energy|Non-Biomass Renewables,EJ/yr,2045,266.1444007000001,GW2-II,GW2a,GW2,ok
REMIND-MAgPIE 3.3-4.8,NGFS Phase 5-Net-Zero 2050,1,World,Primary Energy|Non-Biomass Renewables,EJ/yr,2040,225.2357222,GW2-II,GW2a,GW2,ok
REMIND-MAgPIE 3.3-4.8,NGFS Phase 5-Net-Zero 2050,1,World,Primary Energy|Non-Biomass Renewables,EJ/yr,2035,168.9406523,GW2-II,GW2a,GW2,ok
REMIND-MAgPIE 3.3-4.8,NGFS Phase 5-Net-Zero 2050,1,World,Primary Energy|Non-Biomass Renewables,EJ/yr,2030,103.0949879,GW2-II,GW2a,GW2,ok
REMIND-MAgPIE 3.3-4.8,NGFS Phase 5-Net-Zero 2050,1,World,Primary Energy|Non-Biomass Renewables,EJ/yr,2025,48.28273390000001,GW2-II,GW2a,GW2,ok
REMIND-MAgPIE 3.3-4.8,NGFS Phase 5-Net-Zero 2050,1,World,Primary Energy|Non-Biomass Renewables,EJ/yr,2020,28.3282548,GW2-II,GW2a,GW2,ok
REMIND-MAgPIE 3.3-4.8,NGFS Phase 5-Net-Zero 2050,1,World,Primary Energy|Nuclear,EJ/yr,2100,1.2808936,GW2-II,GW2a,GW2,ok
REMIND-MAgPIE 3.3-4.8,NGFS Phase 5-Net-Zero 2050,1,World,Primary Energy|Nuclear,EJ/yr,2090,3.7644655,GW2-II,GW2a,GW2,ok
REMIND-MAgPIE 3.3-4.8,NGFS Phase 5-Net-Zero 2050,1,World,Primary Energy|Nuclear,EJ/yr,2080,6.9904985,GW2-II,GW2a,GW2,ok
REMIND-MAgPIE 3.3-4.8,NGFS Phase 5-Net-Zero 2050,1,World,Primary Energy|Nuclear,EJ/yr,2070,9.6805142,GW2-II,GW2a,GW2,ok
REMIND-MAgPIE 3.3-4.8,NGFS Phase 5-Net-Zero 2050,1,World,Primary Energy|Nuclear,EJ/yr,2060,11.3375394,GW2-II,GW2a,GW2,ok
REMIND-MAgPIE 3.3-4.8,NGFS Phase 5-Net-Zero 2050,1,World,Primary Energy|Nuclear,EJ/yr,2055,11.7613575,GW2-II,GW2a,GW2,ok
REMIND-MAgPIE 3.3-4.8,NGFS Phase 5-Net-Zero 2050,1,World,Primary Energy|Nuclear,EJ/yr,2050,12.1934365,GW2-II,GW2a,GW2,ok
REMIND-MAgPIE 3.3-4.8,NGFS Phase 5-Net-Zero 2050,1,World,Primary Energy|Nuclear,EJ/yr,2045,12.5693089,GW2-II,GW2a,GW2,ok
REMIND-MAgPIE 3.3-4.8,NGFS Phase 5-Net-Zero 2050,1,World,Primary Energy|Nuclear,EJ/yr,2040,12.7932531,GW2-II,GW2a,GW2,ok
REMIND-MAgPIE 3.3-4.8,NGFS Phase 5-Net-Zero 2050,1,World,Primary Energy|Nuclear,EJ/yr,2035,12.3947067,GW2-II,GW2a,GW2,ok
REMIND-MAgPIE 3.3-4.8,NGFS Phase 5-Net-Zero 2050,1,World,Primary Energy|Nuclear,EJ/yr,2030,11.4274416,GW2-II,GW2a,GW2,ok
REMIND-MAgPIE 3.3-4.8,NGFS Phase 5-Net-Zero 2050,1,World,Primary Energy|Nuclear,EJ/yr,2025,10.4046545,GW2-II,GW2a,GW2,ok
REMIND-MAgPIE 3.3-4.8,NGFS Phase 5-Net-Zero 2050,1,World,Primary Energy|Nuclear,EJ/yr,2020,9.5900332,GW2-II,GW2a,GW2,ok
REMIND-MAgPIE 3.3-4.8,NGFS Phase 5-Net-Zero 2050,1,World,Primary Energy|Oil,EJ/yr,2100,24.2893876,GW2-II,GW2a,GW2,ok
REMIND-MAgPIE 3.3-4.8,NGFS Phase 5-Net-Zero 2050,1,World,Primary Energy|Oil,EJ/yr,2090,31.28924199999999,GW2-II,GW2a,GW2,ok
REMIND-MAgPIE 3.3-4.8,NGFS Phase 5-Net-Zero 2050,1,World,Primary Energy|Oil,EJ/yr,2080,36.4522175,GW2-II,GW2a,GW2,ok
REMIND-MAgPIE 3.3-4.8,NGFS Phase 5-Net-Zero 2050,1,World,Primary Energy|Oil,EJ/yr,2070,43.0036135,GW2-II,GW2a,GW2,ok
REMIND-MAgPIE 3.3-4.8,NGFS Phase 5-Net-Zero 2050,1,World,Primary Energy|Oil,EJ/yr,2060,51.7400737,GW2-II,GW2a,GW2,ok
REMIND-MAgPIE 3.3-4.8,NGFS Phase 5-Net-Zero 2050,1,World,Primary Energy|Oil,EJ/yr,2055,58.90613080000001,GW2-II,GW2a,GW2,ok
REMIND-MAgPIE 3.3-4.8,NGFS Phase 5-Net-Zero 2050,1,World,Primary Energy|Oil,EJ/yr,2050,67.91914760000002,GW2-II,GW2a,GW2,ok
REMIND-MAgPIE 3.3-4.8,NGFS Phase 5-Net-Zero 2050,1,World,Primary Energy|Oil,EJ/yr,2045,85.47612840000001,GW2-II,GW2a,GW2,ok
REMIND-MAgPIE 3.3-4.8,NGFS Phase 5-Net-Zero 2050,1,World,Primary Energy|Oil,EJ/yr,2040,112.8168606,GW2-II,GW2a,GW2,ok
REMIND-MAgPIE 3.3-4.8,NGFS Phase 5-Net-Zero 2050,1,World,Primary Energy|Oil,EJ/yr,2035,146.9302327,GW2-II,GW2a,GW2,ok
REMIND-MAgPIE 3.3-4.8,NGFS Phase 5-Net-Zero 2050,1,World,Primary Energy|Oil,EJ/yr,2030,177.0154005,GW2-II,GW2a,GW2,ok
REMIND-MAgPIE 3.3-4.8,NGFS Phase 5-Net-Zero 2050,1,World,Primary Energy|Oil,EJ/yr,2025,195.3516613,GW2-II,GW2a,GW2,ok
REMIND-MAgPIE 3.3-4.8,NGFS Phase 5-Net-Zero 2050,1,World,Primary Energy|Oil,EJ/yr,2020,191.6580364,GW2-II,GW2a,GW2,ok
