model,scenario,region,economic_score,environmental_score,resource_score,resilience_score,robustness_score,transition_speed_score,economic_dimension_score,environmental_dimension_score,resource_dimension_score,resilience_dimension_score,robustness_dimension_score,transition_speed_dimension_score
IMAGE 3.0,ENGAGE-INDCi2030-1000,R10LATIN_AM,0.20662446672486243,0.5649020449432939,0.0,0.4217915448617703,1.8146156755641591,0.9385078787325947,0.20662446672486243,0.28245102247164694,0.0,0.02848866808556513,0.5270585623751418,0.4431287797290756
IMAGE 3.0,ENGAGE-INDCi2030-1000f,R10LATIN_AM,0.32778848680722505,0.5937796305120271,0.0,0.40244649536254595,1.9334493964383508,0.7055056978686736,0.32778848680722505,0.29688981525601355,0.0,0.012670199572110135,0.6220406975611523,0.32089310206002586
IMAGE 3.0,ENGAGE-INDCi2030-1200,R10LATIN_AM,0.18031017284030643,0.5679532680257438,0.0,0.469815410539312,1.8827520669477107,0.39682307199655725,0.18031017284030643,0.2839766340128719,0.0,0.06775783651778057,0.5815190294031077,0.1589545750546658
IMAGE 3.0,ENGAGE-INDCi2030-1200f,R10LATIN_AM,0.2073062720021244,0.5918381477415173,0.0,0.4488386401744992,1.9467175386021855,0.3550090736196325,0.2073062720021244,0.29591907387075866,0.0,0.050605108035846655,0.6326457384822118,0.1370184609431804
IMAGE 3.0,ENGAGE-INDCi2030-1400f,R10LATIN_AM,0.23673937100802728,0.5887770276717325,0.0,0.5046625484243659,1.956162812213905,0.5167086664780649,0.23673937100802728,0.29438851383586623,0.0,0.0962523799636814,0.6401952139043184,0.2218479644206754
IMAGE 3.0,ENGAGE-INDCi2030-800f,R10LATIN_AM,0.33159901593476293,0.5928167996765523,0.0,0.38695159219419956,1.8073356115310852,1.071331788753817,0.33159901593476293,0.29640839983827616,0.0,0.0,0.5212397087613238,0.5128097612198845
IMAGE 3.0,ENGAGE-NPi2020-1000,R10LATIN_AM,0.1861493441343004,0.5701783685124796,0.0,0.42546861181110757,1.7318643284852007,0.5373027746999743,0.1861493441343004,0.2850891842562398,0.0,0.03149540982392512,0.46091656516040075,0.23265187520451924
IMAGE 3.0,ENGAGE-NPi2020-1200,R10LATIN_AM,0.1902777736368904,0.5748200822971659,0.0,0.5086726868971764,1.7764784593612795,0.2420369427590206,0.1902777736368904,0.28741004114858293,0.0,0.09953147465761283,0.4965760175355758,0.07775195570163339
IMAGE 3.0,ENGAGE-NPi2020-1400,R10LATIN_AM,0.2037548890866087,0.560589798766227,0.0,0.5319021462251191,1.809987877641972,0.16503241490277606,0.2037548890866087,0.2802948993831135,0.0,0.11852622941274434,0.5233596280606633,0.03735447696906087
IMAGE 3.0,ENGAGE-NPi2020-1400f,R10LATIN_AM,0.22274325802847944,0.571278380228957,0.0,0.5208600553268742,1.755527473857244,0.44145964197381615,0.22274325802847944,0.2856391901144785,0.0,0.10949709939146426,0.4798301871198875,0.18237144334217228
IMAGE 3.2,SSP2021-SSP1-SPA1-19-Default,R10LATIN_AM,0.31715089578694133,1.3786574326634227,0.0,0.5117291844467744,1.5421689792282431,0.25596677104316456,0.31715089578694133,0.6893287163317113,0.0,0.10203077610689097,0.3092957190340981,0.08505970704461444
IMAGE 3.2,SSP2021-SSP1-SPA1-19-Lifestyle-Renewables,R10LATIN_AM,0.46738526025433974,1.0029101966677052,0.0,0.5362633618069393,1.9771447675714187,0.5022013558643251,0.46738526025433974,0.5014550983338526,0.0,0.12209240024958705,0.6569657980918159,0.2142372590725502
IMAGE 3.2,SSP2021-SSP1-SPA1-19-Renewables,R10LATIN_AM,0.429778814066405,0.35950658739527547,1.2416718886298237,0.6136312723463567,1.5493854928022786,0.4342977934845118,0.429778814066405,0.17975329369763773,0.1711368185747056,0.18535622683574537,0.31506377765263094,0.17861425360168462
IMAGE 3.2,SSP2021-SSP1-SPA1-26-Default,R10LATIN_AM,0.29380855399431577,0.3694190043121274,0.0,0.5289810409804377,1.6337196249635169,0.20695184665172506,0.29380855399431577,0.1847095021560637,0.0,0.11613763840193647,0.38247087290141124,0.05934590266445737
IMAGE 3.2,SSP2021-SSP1-SPA1-26-Lifestyle,R10LATIN_AM,0.2469127594311409,0.001727132127385173,0.0,0.4941793305595349,2.0515421160223757,0.20091342028124426,0.2469127594311409,0.0008635660636925865,0.0,0.08768024104404892,0.7164305607540125,0.05617807334752297
IMAGE 3.2,SSP2021-SSP1-SPA1-26-Lifestyle-Renewables,R10LATIN_AM,0.4170247478949874,0.0,0.0,0.5618886869752455,2.224979604804097,0.40185359506314994,0.4170247478949874,0.0,0.0,0.14304625716983688,0.8550567258240093,0.1615936464736319
IMAGE 3.2,SSP2021-SSP1-SPA1-26-Renewables,R10LATIN_AM,0.4127795572431547,0.34984020479522565,1.0056945101199,0.6772057107080522,1.6487180379731923,0.32644305407896296,0.4127795572431547,0.17492010239761283,0.1386125920188871,0.2373411158651267,0.39445889516967636,0.12203239195483753
IMAGE 3.2,SSP2021-SSP2-SPA0-26-Default,R10LATIN_AM,0.38446918304053984,2.0,0.0,0.6083122022199776,2.077837734714821,0.10606521359117271,0.38446918304053984,1.0,0.0,0.18100681727138312,0.7374482819115435,0.006419591356206035
IMAGE 3.2,SSP2021-SSP2-SPA2-19-Renewables,R10LATIN_AM,0.6161388800891197,1.3036321352798235,1.2321510564371054,0.7695411081788881,1.4680141541592464,0.8202014663560646,0.6161388800891197,0.6518160676399117,0.16982458388004448,0.3128438731792568,0.2500248019275372,0.3810638478223441
IMAGE 3.2,SSP2021-SSP2-SPA2-26-Default,R10LATIN_AM,0.38112971451111677,1.3352385658741632,0.0,0.6531772447296001,1.8561948365976553,0.09382837067611996,0.38112971451111677,0.6676192829370816,0.0,0.21769301248229433,0.5602922056975242,0.0
IMAGE 3.2,SSP2021-SSP2-SPA2-26-Lifestyle,R10LATIN_AM,0.320746909628361,1.4197049559502535,0.0,0.511209982707877,2.317601539927513,0.10278490008363446,0.320746909628361,0.7098524779751267,0.0,0.10160622426693786,0.9290881463531703,0.004698700405425394
IMAGE 3.2,SSP2021-SSP2-SPA2-26-Lifestyle-Renewables,R10LATIN_AM,0.4766970348573511,1.4207002361113479,0.0,0.5109739766534628,2.294796938385446,0.40681544018047366,0.4766970348573511,0.7103501180556739,0.0,0.10141324185348445,0.9108607464990087,0.16419668863467998
IMAGE 3.2,SSP2021-SSP2-SPA2-26-Renewables,R10LATIN_AM,0.5549789806300662,1.3504665373170166,0.0,0.6020792127158925,1.8230445264708925,0.3465462749063074,0.5549789806300662,0.6752332686585083,0.0,0.1759100948143525,0.5337956253097752,0.1325787774523885
IMAGE 3.3,NAVIGATE Demand-1.5°C-ele_u,R10LATIN_AM,0.4027881361254707,0.3049536704970222,0.0,1.0667273551139345,1.7855925347833057,0.5784669892682257,0.4027881361254707,0.1524768352485111,0.0,0.5558533981723248,0.5038607708653724,0.2542471051066935
IMAGE 3.3,NAVIGATE Demand-1.5°C-tec_u,R10LATIN_AM,0.3571018914642544,0.30419944802102167,0.0,0.9507039076334557,1.935024178973102,0.4837207128555375,0.3571018914642544,0.15209972401051083,0.0,0.4609808959920619,0.6232993992705994,0.20454209693474065
IMAGE 3.3,NAVIGATE Demand-2.0°C-ele_u,R10LATIN_AM,0.3469155250239789,0.5091642494928946,0.0,0.8600846500850944,1.9114628056651963,0.3971321071818279,0.3469155250239789,0.2545821247464473,0.0,0.386881428203215,0.6044671223021049,0.15911669853846788
IMAGE 3.3,NAVIGATE Demand-2.0°C-ref,R10LATIN_AM,0.33680326862497373,0.5107524752727953,0.0,0.7796561014596484,2.0414499247468147,0.14877736226902336,0.33680326862497373,0.25537623763639766,0.0,0.3211149144465294,0.7083640130686695,0.02882688565268062
IMAGE 3.3,NAVIGATE Demand-2.0°C-tec_u,R10LATIN_AM,0.2898688892605883,0.5070896495071809,0.0,0.7282273187215043,2.101279893598091,0.1872332680706967,0.2898688892605883,0.25354482475359047,0.0,0.27906154154297236,0.7561852724536469,0.04900130500195699
MESSAGEix-GLOBIOM 2.0-M-R12-NGFS,NGFS Phase 5-Below 2°C,R10LATIN_AM,0.15629382511345255,0.4221054979069997,2.215814166199008,1.060479907995913,1.9739412135432621,0.51796483807013,0.15629382511345255,0.21105274895349985,0.30540063798538186,0.550744853708282,0.6544052420514964,0.2225069667753116
MESSAGEix-GLOBIOM 2.0-M-R12-NGFS,NGFS Phase 5-Delayed Transition,R10LATIN_AM,0.1567114964072963,0.42713302283622623,2.2157951783764283,0.9834958688471342,2.199492729992113,0.6026780992694131,0.1567114964072963,0.21356651141811311,0.30539802093688645,0.4877949191856346,0.8346854223669407,0.2669485374587085
MESSAGEix-GLOBIOM 2.0-M-R12-NGFS,NGFS Phase 5-Low Demand,R10LATIN_AM,0.0,0.5066320532855508,2.215814166199008,0.5393607990777293,1.9482334584092953,0.8551596017954375,0.0,0.2533160266427754,0.30540063798538186,0.12462517815446432,0.6338573920346785,0.3994032958036219
MESSAGEix-GLOBIOM 2.0-M-R12-NGFS,NGFS Phase 5-Nationally Determined Contributions (NDCs),R10LATIN_AM,0.16213336125310904,0.5241993346709044,2.215814166199008,0.8799153047948987,2.4063205333091235,0.3861448222196795,0.16213336125310904,0.2620996673354522,0.30540063798538186,0.403096976638013,1.0,0.1533526399442029
MESSAGEix-GLOBIOM 2.0-M-R12-NGFS,NGFS Phase 5-Net-Zero 2050,R10LATIN_AM,0.19042160968382688,0.39983579561895227,3.490612878157041,1.2499769340522473,1.7116197710906795,0.6744391219434479,0.19042160968382688,0.19991789780947614,0.481103251441803,0.7056967828923182,0.4447353728769151,0.30459521185575034
POLES-JRC ENGAGE,ENGAGE-INDCi2030-1000,R10LATIN_AM,0.39555289649087,0.620580341093487,0.0,0.7856124875589997,1.9584768035480515,1.4447845757808095,0.39555289649087,0.3102901705467435,0.0,0.325985457991551,0.6420447548940502,0.7087274746523609
POLES-JRC ENGAGE,ENGAGE-INDCi2030-1000-COV,R10LATIN_AM,0.3446618631720278,0.6237729323768689,0.0,0.7522276360548061,1.9656102488656189,0.847495076441958,0.3446618631720278,0.31188646618843446,0.0,0.2986866277473259,0.647746418214115,0.39538239588276947
POLES-JRC ENGAGE,ENGAGE-INDCi2030-1000-COV-NDCp,R10LATIN_AM,0.33278709195109896,0.6206017339046445,0.0,0.7543178769977055,1.9229531895705418,0.7854396440162839,0.33278709195109896,0.31030086695232223,0.0,0.3003958200935183,0.6136512258495493,0.36282738799626285
POLES-JRC ENGAGE,ENGAGE-INDCi2030-1000-NDCp,R10LATIN_AM,0.38851140760284575,0.6278282581743228,0.0,0.7676066125784949,2.0108786014152575,1.1458984351326706,0.38851140760284575,0.3139141290871614,0.0,0.3112620339730318,0.6839287808455924,0.5519282987281268
POLES-JRC ENGAGE,ENGAGE-INDCi2030-1000f,R10LATIN_AM,0.5243648814125346,1.6405626964494173,0.0,0.8424896761623556,2.0512518212805415,0.7087615043731458,0.5243648814125346,0.8202813482247087,0.0,0.3724939984371105,0.7161985322169118,0.32260113634948123
POLES-JRC ENGAGE,ENGAGE-INDCi2030-1000f-COV,R10LATIN_AM,0.3551965886803694,0.6503465598238398,0.0,0.7780281122521299,2.0128396647553646,0.5585068771852388,0.3551965886803694,0.3251732799119199,0.0,0.31978370585900895,0.6854962314135635,0.2437757961353882
POLES-JRC ENGAGE,ENGAGE-INDCi2030-1000f-COV-NDCp,R10LATIN_AM,0.33427922676653204,0.6495016254350819,0.0,0.7720126020851792,1.9777186017845911,0.4881525041341246,0.33427922676653204,0.32475081271754097,0.0,0.3148648164980852,0.6574244557725563,0.2068670666333816
POLES-JRC ENGAGE,ENGAGE-INDCi2030-1000f-NDCp,R10LATIN_AM,0.5196876582274681,1.6489730107044263,0.0,0.8104252350527493,2.0739281840017236,0.780565862818302,0.5196876582274681,0.8244865053522131,0.0,0.3462748692426272,0.7343234325706639,0.3602705452004698
POLES-JRC ENGAGE,ENGAGE-INDCi2030-1200,R10LATIN_AM,0.29067133994717054,0.6312491483126486,0.0,0.7580706044484702,2.068213460894695,0.6372327032961176,0.29067133994717054,0.3156245741563243,0.0,0.3034644295081326,0.7297557341201789,0.28507628812665914
POLES-JRC ENGAGE,ENGAGE-INDCi2030-1200f,R10LATIN_AM,0.30323668864430253,1.650300344819584,0.0,0.778509293313354,2.092373252105084,0.48402888622930695,0.30323668864430253,0.825150172409792,0.0,0.320177168148498,0.7490663181693009,0.2047037683021184
POLES-JRC ENGAGE,ENGAGE-INDCi2030-300f,R10LATIN_AM,1.0,1.6402700558570995,0.0,1.040753456303138,1.8931930963587025,1.9690043602322098,1.0,0.8201350279285498,0.0,0.5346145121965239,0.5898643985432851,0.98373932373614
POLES-JRC ENGAGE,ENGAGE-INDCi2030-400f,R10LATIN_AM,0.873178358996853,1.637812332132552,0.0,1.0299139992220137,1.9068403292773728,1.8457187935421056,0.873178358996853,0.818906166066276,0.0,0.525751076073107,0.6007724414157998,0.9190622690609355
POLES-JRC ENGAGE,ENGAGE-INDCi2030-500f,R10LATIN_AM,0.7919066264807006,1.6363135289203337,0.0,1.0446837245791112,1.9255429218366982,1.6774045070784749,0.7919066264807006,0.8181567644601668,0.0,0.5378282969415774,0.6157211627192367,0.8307626197143906
POLES-JRC ENGAGE,ENGAGE-INDCi2030-600f,R10LATIN_AM,0.7003727354793858,1.6359402162004453,0.0,1.0406320296691682,1.9383874045277694,1.5480096570108781,0.7003727354793858,0.8179701081002226,0.0,0.5345152215027357,0.6259875785344017,0.762880563305077
POLES-JRC ENGAGE,ENGAGE-INDCi2030-600f-COV,R10LATIN_AM,0.6644351232048972,1.640746903250832,0.0,1.016384272711195,1.9021247597555715,1.31196945131162,0.6644351232048972,0.820373451625416,0.0,0.5146878036417998,0.5970033524862951,0.6390511021652207
POLES-JRC ENGAGE,ENGAGE-INDCi2030-600f-COV-NDCp,R10LATIN_AM,0.6679806732402093,1.6416192726951193,0.0,1.018987377531346,1.8640427798500763,1.2446915922187483,0.6679806732402093,0.8208096363475597,0.0,0.5168163653514214,0.5665649572485991,0.6037563479794524
POLES-JRC ENGAGE,ENGAGE-INDCi2030-600f-NDCp,R10LATIN_AM,0.7161780707315246,1.6365978410136517,0.0,1.0195151568768208,1.9673197700471143,1.5389364000189552,0.7161780707315246,0.8182989205068258,0.0,0.5172479311098227,0.6491128146440985,0.7581206262394198
POLES-JRC ENGAGE,ENGAGE-INDCi2030-700f,R10LATIN_AM,0.7118659061852418,1.6359438088862888,0.0,1.0220125252882168,1.9608341597785497,1.3379329262117277,0.7118659061852418,0.8179719044431444,0.0,0.5192900320402829,0.6439289568404305,0.6526718457020012
POLES-JRC ENGAGE,ENGAGE-INDCi2030-800f,R10LATIN_AM,0.633206771436865,1.6371436026540125,0.0,0.9891246203717445,1.9872657967751155,1.1350246891117377,0.633206771436865,0.8185718013270062,0.0,0.4923975555741163,0.6650553955307855,0.5462238039944654
POLES-JRC ENGAGE,ENGAGE-INDCi2030-900,R10LATIN_AM,0.4338246944349352,0.6146798445077511,0.0,0.742534540097049,1.8969077112274568,2.0,0.4338246944349352,0.3073399222538756,0.0,0.29076057239079517,0.5928334383834288,1.0
POLES-JRC ENGAGE,ENGAGE-INDCi2030-900f,R10LATIN_AM,0.6068558126194106,1.6444243438191424,0.0,0.9142949189306069,2.026277137701131,0.8777564168841028,0.6068558126194106,0.8222121719095712,0.0,0.4312092253935533,0.6962366160662022,0.41125785010557653
POLES-JRC ENGAGE,ENGAGE-NPi2020-1000f,R10LATIN_AM,0.3306959286408276,1.4493993121151312,0.0,0.7822869485702945,1.909008479034337,0.41719595269144333,0.3306959286408276,0.7246996560575656,0.0,0.3232661610579758,0.6025054132675984,0.1696424272823859
POLES-JRC ENGAGE,ENGAGE-NPi2020-1000f-COV,R10LATIN_AM,0.2930023039866743,0.4436232531026912,0.0,0.7531022531244481,1.9045876982700831,0.3758503663174253,0.2930023039866743,0.2218116265513456,0.0,0.29940180309893283,0.598971944879256,0.14795204760304753
POLES-JRC ENGAGE,ENGAGE-NPi2020-1200f,R10LATIN_AM,0.25258062133020937,1.4441451723733656,0.0,0.7752697717403715,2.018389624910107,0.3484630027125084,0.25258062133020937,0.7220725861866828,0.0,0.31752820775152735,0.6899322371349768,0.1335843153466236
POLES-JRC ENGAGE,ENGAGE-NPi2020-900f,R10LATIN_AM,0.4125554650905701,1.458140969987224,0.0,0.8097775186496238,1.8693879330076688,0.4955402833063731,0.4125554650905701,0.729070484993612,0.0,0.34574523081865205,0.5708372635945552,0.21074278226076662
REMIND-MAgPIE 2.1-4.2,NGFS Phase 2-Delayed Transition,R10LATIN_AM,0.31966988923365186,0.6460959081421663,0.0,1.0867930118803522,2.3852288408885176,1.3558916509958412,0.31966988923365186,0.32304795407108317,0.0,0.5722611080504567,0.9831417045089696,0.6620932034159881
REMIND-MAgPIE 3.2.0-4.8.0,RESCUE-End-of-Century-Budget-1150,R10LATIN_AM,0.6016718676378408,1.555208316010263,1.1423326749250953,1.4427571459338808,2.1293794931023937,0.2907223653014402,0.6016718676378408,0.7776041580051315,0.15744512018899112,0.8633333767810584,0.778644890305856,0.10329289954607006
REMIND-MAgPIE 3.2.0-4.8.0,RESCUE-End-of-Century-Budget-1150-with-OAE,R10LATIN_AM,0.6294330009781077,1.562726812461733,1.1423326749250953,1.4883189806101897,2.125944298532061,0.2881164327846199,0.6294330009781077,0.7813634062308665,0.15744512018899112,0.9005893397224473,0.7758991872119082,0.10192579677487594
REMIND-MAgPIE 3.2.0-4.8.0,RESCUE-End-of-Century-Budget-500,R10LATIN_AM,0.7211445097694928,1.3555564828952031,1.1457254438133253,1.5776344831318787,2.0943355819507783,0.4713379158355958,0.7211445097694928,0.6777782414476016,0.15791273782534723,0.9736227255744399,0.7506347810375181,0.1980459363427724
REMIND-MAgPIE 3.2.0-4.8.0,RESCUE-End-of-Century-Budget-500-with-OAE,R10LATIN_AM,0.6843077813808776,1.4053271188866285,1.147941389154977,1.5777552814736748,2.0907415080566545,0.46677866545592306,0.6843077813808776,0.7026635594433143,0.15821815654294757,0.9737215025130181,0.7477620879166691,0.1956541001043483
REMIND-MAgPIE 3.2.0-4.8.0,RESCUE-Peak-Budget-1150,R10LATIN_AM,0.6606761825339681,1.735032020896768,4.758584572013188,1.6080553212076465,1.9318932548769019,0.4006875169653824,0.6606761825339681,0.867516010448384,0.6558649124863933,0.9984978787382371,0.6207968953215962,0.16098190822308356
REMIND-MAgPIE 3.2.0-4.8.0,RESCUE-Peak-Budget-1150-with-OAE,R10LATIN_AM,0.6609947447973525,1.7354781840919098,4.756657604615871,1.6098923264865028,1.9213561474939935,0.4007043662484059,0.6609947447973525,0.8677390920459549,0.6555993229430576,1.0,0.6123747323988977,0.1609907475546339
REMIND-MAgPIE 3.3-4.8,NGFS Phase 5-Below 2°C,R10LATIN_AM,0.43181178736017184,0.6202010379692808,4.800724789309031,1.2958990637439742,1.9399589618091253,0.5687931572238374,0.43181178736017184,0.3101005189846404,0.6616730030037807,0.7432473594689513,0.6272437023438071,0.24917209932255036
REMIND-MAgPIE 3.3-4.8,NGFS Phase 5-Delayed Transition,R10LATIN_AM,0.4241770471877441,0.7129006021155146,1.4061083581885188,1.3145630824362244,2.0140815158386935,0.5569369782862149,0.4241770471877441,0.3564503010577573,0.19380072400384843,0.7585089483333133,0.6864888256587822,0.24295220875486423
REMIND-MAgPIE 3.3-4.8,NGFS Phase 5-Low Demand,R10LATIN_AM,0.1553133677315004,1.7072502793325914,4.330272858808423,0.9987737500231291,1.34191769380759,1.6485721814051355,0.1553133677315004,0.8536251396662957,0.5968316810607942,0.500287659632976,0.14923766040330352,0.8156368434045385
REMIND-MAgPIE 3.3-4.8,NGFS Phase 5-Net-Zero 2050,R10LATIN_AM,0.5409736597711607,1.6426350179027955,7.255433979496365,1.5353738348480008,1.4465638874926983,1.074003968585668,0.5409736597711607,0.8213175089513978,1.0,0.9390661464215396,0.23287990304437403,0.514211618109759
WITCH 5.0,ENGAGE-INDCi2030-1000,R10LATIN_AM,0.18242257031324344,1.1092648059887424,0.0,0.741557169571806,1.275616213794173,1.324878043928852,0.18242257031324344,0.5546324029943712,0.0,0.28996137542414196,0.09624381243371893,0.6458231012961754
WITCH 5.0,ENGAGE-INDCi2030-1000-NDCp,R10LATIN_AM,0.20640520717486296,1.0922842806540178,0.0,0.8104933499757537,1.6454719606874566,1.1377374626078738,0.20640520717486296,0.5461421403270089,0.0,0.34633056689100405,0.3918643508828371,0.5476469567968698
WITCH 5.0,ENGAGE-INDCi2030-1000f,R10LATIN_AM,0.18907377384552862,1.1129073064921189,0.0,0.74010141807882,1.4048243484819036,1.0650863141077633,0.18907377384552862,0.5564536532460594,0.0,0.28877100580755677,0.19951807184225043,0.5095333119484886
WITCH 5.0,ENGAGE-INDCi2030-1000f-NDCp,R10LATIN_AM,0.22355838700001415,1.0554561367099053,0.0,0.8386770797886395,1.7450547682468494,1.0893348109825505,0.22355838700001415,0.5277280683549527,0.0,0.3693764341375434,0.47145949963545797,0.5222543578930179
WITCH 5.0,ENGAGE-INDCi2030-1200,R10LATIN_AM,0.2292453887088034,1.1492304375686695,0.0,0.7015225850156708,1.3991388693255677,0.8814627148949352,0.2292453887088034,0.5746152187843347,0.0,0.2572250510598198,0.19497374767355713,0.4132022175244469
WITCH 5.0,ENGAGE-INDCi2030-1200-NDCp,R10LATIN_AM,0.2372234518570487,1.0991689325444882,0.0,0.730748525858048,1.760753054487036,0.9814175320929777,0.2372234518570487,0.5495844662722441,0.0,0.2811231354255268,0.4840069208125889,0.4656396872991369
WITCH 5.0,ENGAGE-INDCi2030-1200f,R10LATIN_AM,0.21195968653483704,1.111771400508653,0.0,0.7143057889422226,1.4449079616640967,0.8007553921959797,0.21195968653483704,0.5558857002543265,0.0,0.2676778911428262,0.23155634463222305,0.3708622091760998
WITCH 5.0,ENGAGE-INDCi2030-1200f-NDCp,R10LATIN_AM,0.24122971458869527,1.0547484667021507,0.0,0.807922366485394,1.7899363834956943,0.9202196226098363,0.24122971458869527,0.5273742333510754,0.0,0.3442282708285153,0.5073327485379766,0.43353454600876506
WITCH 5.0,ENGAGE-INDCi2030-1400,R10LATIN_AM,0.23692974839229172,1.1104106959144364,0.0,0.7032023855703211,1.4832395447018158,0.5298571510814459,0.23692974839229172,0.5552053479572182,0.0,0.25859862584357446,0.26219424417116727,0.22874581370198319
WITCH 5.0,ENGAGE-INDCi2030-1400-NDCp,R10LATIN_AM,0.25684579795814083,1.0543174529816446,0.0,0.7828431169326747,1.8207174643329012,0.8485640701171691,0.25684579795814083,0.5271587264908223,0.0,0.32372094054710787,0.5319356370088876,0.3959432025062477
WITCH 5.0,ENGAGE-INDCi2030-1400f,R10LATIN_AM,0.2280663993560836,1.1102576885842423,0.0,0.6997466902118022,1.4570646296492509,0.5248488430428416,0.2280663993560836,0.5551288442921212,0.0,0.2557728999014922,0.24127299974899577,0.2261183965473271
WITCH 5.0,ENGAGE-INDCi2030-1400f-NDCp,R10LATIN_AM,0.25610822327131405,1.057058930558249,0.0,0.773184623722367,1.8133104449812625,0.8435275853361781,0.25610822327131405,0.5285294652791245,0.0,0.3158231798956917,0.5260153097801579,0.3933010035019653
WITCH 5.0,ENGAGE-INDCi2030-1600-NDCp,R10LATIN_AM,0.2743847866696603,1.0610124985635545,0.0,0.7626261623676533,1.8490648909884275,0.7144287246261742,0.2743847866696603,0.5305062492817773,0.0,0.30718951429060937,0.554593339645509,0.32557422658220003
WITCH 5.0,ENGAGE-INDCi2030-500f,R10LATIN_AM,0.13504126407825812,1.1248685367660693,0.0,0.8477974514088423,1.1846991686444182,1.5895566611296905,0.13504126407825812,0.5624342683830347,0.0,0.37683417216560955,0.02357508667473208,0.7846766090963729
WITCH 5.0,ENGAGE-INDCi2030-600f,R10LATIN_AM,0.14191943261636994,1.1180126365867484,0.0,0.8168138362746719,1.2255270023296998,1.6238794455541319,0.14191943261636994,0.5590063182933742,0.0,0.3514988355745848,0.05620820452983057,0.8026827444812625
WITCH 5.0,ENGAGE-INDCi2030-600f-NDCp,R10LATIN_AM,0.17908528033241114,1.0572139889729264,0.0,0.9318766557169782,1.574009845681695,1.327852592299404,0.17908528033241114,0.5286069944864632,0.0,0.44558583113851247,0.334745679362474,0.6473835842688483
WITCH 5.0,ENGAGE-INDCi2030-700f,R10LATIN_AM,0.15737782993220578,1.115998613795967,0.0,0.7868044528798894,1.3051178433192052,1.5105087668497736,0.15737782993220578,0.5579993068979835,0.0,0.326960129361525,0.11982405332107454,0.7432071563651123
WITCH 5.0,ENGAGE-INDCi2030-700f-NDCp,R10LATIN_AM,0.19110265276925423,1.0565366730934471,0.0,0.8929484138372299,1.6539168648251084,1.1894090624665845,0.19110265276925423,0.5282683365467236,0.0,0.4137541644124258,0.3986142449409768,0.5747544842953451
WITCH 5.0,ENGAGE-INDCi2030-800,R10LATIN_AM,0.17159203192018488,1.1336948555027035,0.0,0.6854143462701512,1.155203987640079,1.5752450573907382,0.17159203192018488,0.5668474277513518,0.0,0.24405332630339388,0.0,0.7771685738707995
WITCH 5.0,ENGAGE-INDCi2030-800-NDCp,R10LATIN_AM,0.18251496643906753,1.1026410674725142,0.0,0.7366035832042366,1.5251272749359464,1.1860090566049841,0.18251496643906753,0.5513205337362571,0.0,0.28591082233627224,0.29567452255061333,0.5729708013313897
WITCH 5.0,ENGAGE-INDCi2030-800f,R10LATIN_AM,0.17381230426601224,1.114601820586478,0.0,0.767890278523317,1.3474670783090132,1.387450799493811,0.17381230426601224,0.557300910293239,0.0,0.3114939879319342,0.15367320601304973,0.6786495029708
WITCH 5.0,ENGAGE-INDCi2030-800f-NDCp,R10LATIN_AM,0.20457747580984878,1.055982814563476,0.0,0.8731123012834189,1.6915176951135948,1.2484454794131539,0.20457747580984878,0.527991407281738,0.0,0.3975341530925069,0.42866806400255686,0.6057256812423428
WITCH 5.0,ENGAGE-INDCi2030-900,R10LATIN_AM,0.1960687147278159,1.1497597380258826,0.0,0.6954759827338799,1.2889892931583558,1.4590325074143284,0.1960687147278159,0.5748798690129413,0.0,0.2522807376419746,0.1069327281949852,0.716202106744421
WITCH 5.0,ENGAGE-INDCi2030-900-NDCp,R10LATIN_AM,0.1849795142049023,1.0907867267391942,0.0,0.8623798133851908,1.572411980495637,1.1906435014116035,0.1849795142049023,0.5453933633695971,0.0,0.38875818578903915,0.3334685280118749,0.5754020854483729
WITCH 5.0,ENGAGE-INDCi2030-900f,R10LATIN_AM,0.18215109354202222,1.1136739754203724,0.0,0.7536378876405687,1.3719256209530386,1.28983499470004,0.18215109354202222,0.5568369877101862,0.0,0.2998397920391169,0.17322257791504625,0.627439106544747
WITCH 5.0,ENGAGE-INDCi2030-900f-NDCp,R10LATIN_AM,0.2134101166996912,1.0554979291432622,0.0,0.8490781563900962,1.731415956039696,1.1502002055403826,0.2134101166996912,0.5277489645716311,0.0,0.3778814060546622,0.4605581873201773,0.5541850579524983
IMAGE 3.0,ENGAGE-INDCi2030-1000,R10INDIA+,0.20038848349640548,1.9539231073437926,0.0,0.3659977569657097,2.1251426433571283,0.49147913077170335,0.20038848349640548,0.9539231073437926,0.0,0.021508924163856663,0.6356265496365276,0.2584630103202869
IMAGE 3.0,ENGAGE-INDCi2030-1000f,R10INDIA+,0.2147795524193553,1.9541789241216416,0.0,0.3530884527829972,2.494149420508348,0.4956107607294021,0.2147795524193553,0.9541789241216416,0.0,0.012450811811528876,0.8623075494166775,0.2606357852145526
IMAGE 3.0,ENGAGE-INDCi2030-1200,R10INDIA+,0.17566067594347648,1.9540261007090427,0.0,0.408740712691274,2.2646152515597406,0.18562913883367255,0.17566067594347648,0.9540261007090427,0.0,0.05150050928361968,0.721304624476755,0.09762014910130504
IMAGE 3.0,ENGAGE-INDCi2030-1200f,R10INDIA+,0.1760504911464376,1.9538500289080432,0.0,0.405599983552957,2.44711878570893,0.057118300383260365,0.1760504911464376,0.9538500289080432,0.0,0.04929674392179619,0.8334166130524973,0.03003783261001454
IMAGE 3.0,ENGAGE-INDCi2030-1400f,R10INDIA+,0.18127076446686408,1.954126023709588,0.0,0.42035678299568113,2.4707382229663786,0.169390333270847,0.18127076446686408,0.9541260237095881,0.0,0.059651194124617044,0.8479260421017335,0.08908035502462974
IMAGE 3.0,ENGAGE-INDCi2030-800f,R10INDIA+,0.2167697968176181,1.9544491985045394,0.0,0.3530919860318254,2.1814214360958246,0.6480864557660706,0.2167697968176181,0.9544491985045394,0.0,0.012453290997424678,0.6701986328457191,0.34082093382498546
IMAGE 3.0,ENGAGE-NPi2020-1000,R10INDIA+,0.18798476222863517,1.9535703722036397,0.0,0.35809353918996584,1.7508945876992361,0.10794589464951228,0.18798476222863517,0.9535703722036397,0.0,0.015962746642853326,0.4057258305298358,0.056767457936661235
IMAGE 3.0,ENGAGE-NPi2020-1200,R10INDIA+,0.1803536467671036,1.953779757931151,0.0,0.3826248996459154,1.9790771180170574,0.0,0.1803536467671036,0.9537797579311511,0.0,0.03317574402988619,0.5458984433586003,0.0
IMAGE 3.0,ENGAGE-NPi2020-1400,R10INDIA+,0.18267185777398678,1.9538250716316425,0.0,0.4099057403325189,1.9953474433361098,0.01068665684733903,0.18267185777398678,0.9538250716316425,0.0,0.0523179779185362,0.5558933102240391,0.005619985317964958
IMAGE 3.0,ENGAGE-NPi2020-1400f,R10INDIA+,0.18628407884619022,1.953607103906152,0.0,0.4065224720399877,1.9835526387385585,0.09728270736061477,0.18628407884619022,0.953607103906152,0.0,0.049944029340203394,0.5486477573942905,0.05115981497943122
IMAGE 3.2,SSP2021-SSP1-SPA1-19-Default,R10INDIA+,0.22159277552768317,1.5489634796180554,0.0,0.38935120375467613,1.9718176604075779,0.2803014821842347,0.22159277552768317,0.5489634796180554,0.0,0.037895411137480586,0.541438955862239,0.14740720479590036
IMAGE 3.2,SSP2021-SSP1-SPA1-19-Lifestyle-Renewables,R10INDIA+,0.2446090065159369,1.8438858502438538,0.0,0.3460152404377147,2.2081689444010415,0.4577787106450156,0.2446090065159369,0.8438858502438538,0.0,0.007487728502883902,0.6866296370973557,0.24074036150440437
IMAGE 3.2,SSP2021-SSP1-SPA1-19-Renewables,R10INDIA+,0.2811914057887883,1.6753934184662682,1.2416718886298237,0.37980252452906726,1.3562636693128345,0.44828247329401727,0.2811914057887883,0.6753934184662682,0.1711368185747056,0.031195359142599965,0.16330391130495034,0.23574640359493806
IMAGE 3.2,SSP2021-SSP1-SPA1-26-Default,R10INDIA+,0.1733511157997424,1.818415823628397,0.0,0.35969025288800294,1.684979745723802,0.31465170356421956,0.1733511157997424,0.8184158236283969,0.0,0.017083117800478484,0.36523431870803835,0.1654715763371677
IMAGE 3.2,SSP2021-SSP1-SPA1-26-Lifestyle,R10INDIA+,0.14405760900503833,1.8413040172390196,0.0,0.33534399226574274,1.9354188860664836,0.355937843843962,0.14405760900503833,0.8413040172390196,0.0,0.0,0.5190791753126529,0.18718346486527823
IMAGE 3.2,SSP2021-SSP1-SPA1-26-Lifestyle-Renewables,R10INDIA+,0.2073898379930643,1.8395965190121286,0.0,0.4193808658232967,1.8856935507633144,0.4746165060217685,0.2073898379930643,0.8395965190121286,0.0,0.058966419231337955,0.4885328834316601,0.24959515717680517
IMAGE 3.2,SSP2021-SSP1-SPA1-26-Renewables,R10INDIA+,0.2019039920245782,1.8115099192047437,1.0056945101199,0.3739802840134975,1.7597682443936962,0.5251180742849566,0.2019039920245782,0.8115099192047437,0.1386125920188871,0.02711004919979678,0.4111769211215452,0.27615332931873116
IMAGE 3.2,SSP2021-SSP2-SPA0-26-Default,R10INDIA+,0.21917335032658236,1.9965285508658375,0.0,0.3807097093100257,2.171759022343088,0.09470809185655236,0.21917335032658236,0.9965285508658375,0.0,0.03183190636109742,0.664263008501177,0.04980585540732814
IMAGE 3.2,SSP2021-SSP2-SPA2-19-Renewables,R10INDIA+,0.3494578648973069,1.8901439499712658,1.2321510564371054,0.42691014085243784,1.1744705073871309,0.4368857184070326,0.3494578648973069,0.8901439499712658,0.16982458388004448,0.06424950948781112,0.051628304649017215,0.2297529861911363
IMAGE 3.2,SSP2021-SSP2-SPA2-26-Default,R10INDIA+,0.2124562791578795,2.0,0.0,0.4593111649129776,2.5504832971115245,0.11358206030795179,0.2124562791578795,1.0,0.0,0.0869844386611337,0.8969134706642068,0.05973145020314216
IMAGE 3.2,SSP2021-SSP2-SPA2-26-Lifestyle,R10INDIA+,0.1916279030551072,1.9763284355578998,0.0,0.3781730941279447,1.630876729846085,0.1476604412844797,0.1916279030551072,0.9763284355578998,0.0,0.030052031552300244,0.3319988160298412,0.07765286411995484
IMAGE 3.2,SSP2021-SSP2-SPA2-26-Lifestyle-Renewables,R10INDIA+,0.236361805029516,1.9796445041699715,0.0,0.38848664702950897,1.372089411219091,0.4709200152539533,0.236361805029516,0.9796445041699715,0.0,0.037288774881902076,0.17302567041536013,0.24765121679022042
IMAGE 3.2,SSP2021-SSP2-SPA2-26-Renewables,R10INDIA+,0.28536795068766363,1.9804471501297254,0.0,0.4177725848070664,1.821467574247912,0.39215714986758016,0.28536795068766363,0.9804471501297254,0.0,0.05783793159692009,0.4490788422870402,0.20623076571786414
IMAGE 3.3,NAVIGATE Demand-1.5°C-ele_u,R10INDIA+,0.2817153327290374,1.9573054108186203,0.0,0.5708860089621566,1.10539693530489,0.4211901644899281,0.2817153327290374,0.9573054108186203,0.0,0.16527351286579453,0.009196383753504586,0.22149888167261994
IMAGE 3.3,NAVIGATE Demand-1.5°C-tec_u,R10INDIA+,0.27579571021016674,1.9580522790750161,0.0,0.5761921920028223,1.164758736546708,0.2394671616394237,0.27579571021016674,0.9580522790750161,0.0,0.16899671912572076,0.04566236022724148,0.12593292287507166
IMAGE 3.3,NAVIGATE Demand-2.0°C-ele_u,R10INDIA+,0.20527185459596223,1.994302376782622,0.0,0.4134190557320121,1.425966768526942,0.4069170376892859,0.20527185459596223,0.994302376782622,0.0,0.05478317706229716,0.2061225509505681,0.21399281460160374
IMAGE 3.3,NAVIGATE Demand-2.0°C-ref,R10INDIA+,0.19837577878559431,1.99285221660058,0.0,0.442018697860765,1.4199932177212606,0.2284814217002517,0.19837577878559431,0.99285221660058,0.0,0.0748507785357778,0.20245299647971773,0.12015565332790726
IMAGE 3.3,NAVIGATE Demand-2.0°C-tec_u,R10INDIA+,0.1732115715670465,1.9928504735473502,0.0,0.48313713095472144,1.5347926074280724,0.14487042834240355,0.1732115715670465,0.9928504735473502,0.0,0.10370247971542043,0.2729743040659655,0.07618562960542054
MESSAGEix-GLOBIOM 2.0-M-R12-NGFS,NGFS Phase 5-Below 2°C,R10INDIA+,0.04560672739998121,1.407876736581465,2.215814166199008,0.8384856816263782,1.6673395578685906,0.4131729345645544,0.04560672739998121,0.40787673658146506,0.30540063798538186,0.35304102272776644,0.35439794477962583,0.21728271612010025
MESSAGEix-GLOBIOM 2.0-M-R12-NGFS,NGFS Phase 5-Delayed Transition,R10INDIA+,0.04384589567008244,1.4056081220345553,2.2157951783764283,0.7906499041728496,1.8639604242248118,0.48451915516498684,0.04384589567008244,0.4056081220345553,0.30539802093688645,0.31947594125612,0.4751822157552305,0.25480284219830956
MESSAGEix-GLOBIOM 2.0-M-R12-NGFS,NGFS Phase 5-Low Demand,R10INDIA+,0.0,1.44701122992402,2.215814166199008,0.7903688265804605,1.2219912497941552,0.6813685777397009,0.0,0.4470112299240201,0.30540063798538186,0.31927871665163726,0.08082031429794795,0.35832360463349894
MESSAGEix-GLOBIOM 2.0-M-R12-NGFS,NGFS Phase 5-Nationally Determined Contributions (NDCs),R10INDIA+,0.026964685580624613,1.5211403903791445,2.215814166199008,0.5218011997503881,2.3337951269238415,0.3601412547101218,0.026964685580624613,0.5211403903791445,0.30540063798538186,0.13083201932440122,0.7638018475176591,0.1893939884827812
MESSAGEix-GLOBIOM 2.0-M-R12-NGFS,NGFS Phase 5-Net-Zero 2050,R10INDIA+,0.07129959672104838,1.3423516473827082,3.490612878157041,1.115595050171823,1.090426435202906,0.5146201382420618,0.07129959672104838,0.3423516473827082,0.481103251441803,0.5474812310178956,0.0,0.2706325900199209
POLES-JRC ENGAGE,ENGAGE-INDCi2030-1000,R10INDIA+,0.3912688269208263,1.9839071897768932,0.0,0.621485993630219,2.4963594201227886,1.1276126382839564,0.3912688269208263,0.9839071897768932,0.0,0.2007781643684805,0.8636651529977897,0.5929980312866054
POLES-JRC ENGAGE,ENGAGE-INDCi2030-1000-COV,R10INDIA+,0.3297839523344601,1.9890748852307096,0.0,0.6190506970133252,2.385956728718789,0.8933623299495537,0.3297839523344601,0.9890748852307096,0.0,0.19906938207821512,0.795844738806258,0.4698085893147776
POLES-JRC ENGAGE,ENGAGE-INDCi2030-1000-COV-NDCp,R10INDIA+,0.32265512414562064,1.988632947701749,0.0,0.6164992440029237,2.3816868505146473,0.889952439633043,0.32265512414562064,0.988632947701749,0.0,0.19727909596342583,0.7932217510450937,0.468015368685687
POLES-JRC ENGAGE,ENGAGE-INDCi2030-1000-NDCp,R10INDIA+,0.37974631898812333,1.9898178474939852,0.0,0.6117340730044478,2.680036781750441,1.1695354959390523,0.37974631898812333,0.9898178474939852,0.0,0.19393550333664036,0.9764982242280069,0.6150447618848129
POLES-JRC ENGAGE,ENGAGE-INDCi2030-1000f,R10INDIA+,0.36590643863580663,1.9955694648515951,0.0,0.6432360344851609,2.4298465482742673,0.8370168067097317,0.36590643863580663,0.9955694648515951,0.0,0.21603958442205826,0.822806271203613,0.4401771509833689
POLES-JRC ENGAGE,ENGAGE-INDCi2030-1000f-COV,R10INDIA+,0.31164878209255265,1.995391850435531,0.0,0.6357413734532322,2.32918812398083,0.7055754491395919,0.31164878209255265,0.995391850435531,0.0,0.2107807818786389,0.760971763904631,0.3710537094553008
POLES-JRC ENGAGE,ENGAGE-INDCi2030-1000f-COV-NDCp,R10INDIA+,0.2970985895097145,1.9953852423577088,0.0,0.6207717856080257,2.3182703902344604,0.6763750816223203,0.2970985895097145,0.9953852423577088,0.0,0.20027702376350323,0.7542649960233833,0.35569758461003553
POLES-JRC ENGAGE,ENGAGE-INDCi2030-1000f-NDCp,R10INDIA+,0.3375647661849516,1.995580359250167,0.0,0.6131292421152329,2.71829457372844,0.9109282562863236,0.3375647661849516,0.9955803592501671,0.0,0.19491445606539487,1.0,0.4790463003706615
POLES-JRC ENGAGE,ENGAGE-INDCi2030-1200,R10INDIA+,0.29254149087459885,1.9931479615230803,0.0,0.5700254460517683,2.41861808026481,0.7890341917127935,0.29254149087459885,0.9931479615230803,0.0,0.16466967896288115,0.8159086191495419,0.4149436663068676
POLES-JRC ENGAGE,ENGAGE-INDCi2030-1200f,R10INDIA+,0.27252070644122306,1.9953494337197792,0.0,0.5771444359780169,2.4184433638875875,0.6317924578279651,0.27252070644122306,0.9953494337197792,0.0,0.1696648831717497,0.8158012908143486,0.33225211473673094
POLES-JRC ENGAGE,ENGAGE-INDCi2030-300f,R10INDIA+,0.5249412263589049,1.993762512760564,0.0,0.851901908637787,2.5358363493216816,1.3660562321496204,0.5249412263589049,0.993762512760564,0.0,0.36245482922683536,0.887915845215803,0.7183926720831331
POLES-JRC ENGAGE,ENGAGE-INDCi2030-400f,R10INDIA+,0.5159221422769639,1.995351666178503,0.0,0.8310210386890047,2.5334642373697536,1.3288071377000066,0.5159221422769639,0.9953516661785029,0.0,0.3478032830758271,0.8864586559657717,0.69880381778522
POLES-JRC ENGAGE,ENGAGE-INDCi2030-500f,R10INDIA+,0.501265332021258,1.9951577994629295,0.0,0.6967698293731119,2.52027159252633,1.25001620558985,0.501265332021258,0.9951577994629295,0.0,0.253602811833719,0.8783544093556175,0.657368606757731
POLES-JRC ENGAGE,ENGAGE-INDCi2030-600f,R10INDIA+,0.48794190094702283,1.9953811346336567,0.0,0.6891779096915692,2.5190423101985595,1.1825039806484874,0.48794190094702283,0.9953811346336567,0.0,0.24827576550558664,0.8775992607666883,0.6218647332476462
POLES-JRC ENGAGE,ENGAGE-INDCi2030-600f-COV,R10INDIA+,0.4486847453046608,1.9954867745804656,0.0,0.8029916234383611,2.4153921955007402,1.1154333778783423,0.4486847453046608,0.9954867745804656,0.0,0.3281357945019362,0.813926956945015,0.5865931035677682
POLES-JRC ENGAGE,ENGAGE-INDCi2030-600f-COV-NDCp,R10INDIA+,0.48948732760344627,1.9954526626111666,0.0,0.8553333894816646,2.4201839413948654,1.2433840644020346,0.48948732760344627,0.9954526626111666,0.0,0.3648626072587705,0.8168705282212889,0.6538808428447843
POLES-JRC ENGAGE,ENGAGE-INDCi2030-600f-NDCp,R10INDIA+,0.48608218666284436,1.993831540384303,0.0,0.6564052818232498,2.6604540166933606,1.3023900094991654,0.48608218666284436,0.993831540384303,0.0,0.2252800919115129,0.9644685244055029,0.6849113652855879
POLES-JRC ENGAGE,ENGAGE-INDCi2030-700f,R10INDIA+,0.47449682699402707,1.9952849603118357,0.0,0.6853818585923439,2.4981101989274417,1.0677582777579648,0.47449682699402707,0.9952849603118357,0.0,0.24561217830791202,0.8647406570654834,0.5615213372954427
POLES-JRC ENGAGE,ENGAGE-INDCi2030-800f,R10INDIA+,0.44660827476746845,1.9953710439202252,0.0,0.6967186420976742,2.4860285483118587,1.006884359067992,0.44660827476746845,0.9953710439202252,0.0,0.2535668950960419,0.857318894620691,0.529508469831674
POLES-JRC ENGAGE,ENGAGE-INDCi2030-900,R10INDIA+,0.4707670938541217,1.979817861185013,0.0,0.7665766066963295,2.535142696607638,1.4971759322203906,0.4707670938541217,0.979817861185013,0.0,0.3025843543706439,0.8874897340968324,0.7873469577704464
POLES-JRC ENGAGE,ENGAGE-INDCi2030-900f,R10INDIA+,0.5349710651611815,1.9951312778532904,0.0,0.673433643998651,2.450843145275494,0.9096143321758097,0.5349710651611815,0.9951312778532904,0.0,0.23722843673148167,0.8357044885126912,0.4783553233592824
POLES-JRC ENGAGE,ENGAGE-NPi2020-1000f,R10INDIA+,0.31395380814960844,1.8412912970204056,0.0,0.6077753271859656,2.03004324199969,0.5160802677254707,0.31395380814960844,0.8412912970204056,0.0,0.19115775762001683,0.577206952184626,0.2714004546923165
POLES-JRC ENGAGE,ENGAGE-NPi2020-1000f-COV,R10INDIA+,0.2889768970899992,1.8363154144201363,0.0,0.6129815951714401,2.0416354622575126,0.42294397736120265,0.2889768970899992,0.8363154144201363,0.0,0.1948108561667153,0.584328057379499,0.2224211909343303
POLES-JRC ENGAGE,ENGAGE-NPi2020-1200f,R10INDIA+,0.278633614952652,1.8356141544858207,0.0,0.5728342469605029,2.0966171651708234,0.44723851131761316,0.278633614952652,0.8356141544858207,0.0,0.16664053919256802,0.6181033378288795,0.23519739644857635
POLES-JRC ENGAGE,ENGAGE-NPi2020-900f,R10INDIA+,0.34112774557644615,1.8475701318302238,0.0,0.6466323114889356,1.9711237795722703,0.5757842784529595,0.34112774557644615,0.8475701318302238,0.0,0.2184226608640106,0.5410127046082915,0.30279808151848875
REMIND-MAgPIE 2.1-4.2,NGFS Phase 2-Delayed Transition,R10INDIA+,0.6827233588151478,1.3868465470788163,0.0,1.4503038929305179,2.1136273000389525,1.6113955921896541,0.6827233588151478,0.38684654707881627,0.0,0.7823374448087176,0.6285526699741332,0.8474137140273431
REMIND-MAgPIE 3.2.0-4.8.0,RESCUE-End-of-Century-Budget-1150,R10INDIA+,0.9660541920337411,1.9009276002554532,1.1423326749250953,1.737383957860055,2.0419612159234464,0.3289230968147795,0.9660541920337411,0.9009276002554532,0.15744512018899112,0.9837738232099363,0.5845281679770495,0.17297673175488115
REMIND-MAgPIE 3.2.0-4.8.0,RESCUE-End-of-Century-Budget-1150-with-OAE,R10INDIA+,0.9640209044585708,1.9012926776250327,1.1423326749250953,1.753392894181342,2.0429512471559415,0.3207305629354536,0.9640209044585708,0.9012926776250327,0.15744512018899112,0.9950068642621156,0.5851363445296,0.1686683759447845
REMIND-MAgPIE 3.2.0-4.8.0,RESCUE-End-of-Century-Budget-500,R10INDIA+,1.0,1.900080850126011,1.1457254438133253,1.739114623420983,2.0240066904944944,0.6465655362787073,1.0,0.9000808501260109,0.15791273782534723,0.9849881847954495,0.5734986963607462,0.3400211004148842
REMIND-MAgPIE 3.2.0-4.8.0,RESCUE-End-of-Century-Budget-500-with-OAE,R10INDIA+,0.9950014440092423,1.9009276002554532,1.147941389154977,1.7605089361952566,2.023317993898887,0.6542821683934854,0.9950014440092423,0.9009276002554532,0.15821815654294757,1.0,0.5730756297871652,0.34407918516568153
REMIND-MAgPIE 3.2.0-4.8.0,RESCUE-Peak-Budget-1150,R10INDIA+,0.8914348786211269,1.835085609941905,4.758584572013188,1.7416571652433035,2.0330739750674094,0.3624541492405313,0.8914348786211269,0.8350856099419051,0.6558649124863933,0.9867722181686743,0.5790687326298557,0.19061031211781393
REMIND-MAgPIE 3.2.0-4.8.0,RESCUE-Peak-Budget-1150-with-OAE,R10INDIA+,0.8917339837155618,1.8255515475363548,4.756657604615871,1.7428858187526046,2.0637300283494073,0.36545210522578897,0.8917339837155618,0.8255515475363548,0.6555993229430576,0.9876343313679461,0.5979007575073529,0.1921869013974864
REMIND-MAgPIE 3.3-4.8,NGFS Phase 5-Below 2°C,R10INDIA+,0.6250897147294805,1.7826004817153613,4.800724789309031,1.312972315384893,2.179541286831142,0.7194504293127714,0.6250897147294805,0.7826004817153613,0.6616730030037807,0.6859755618346882,0.6690436564565468,0.37835039596580106
REMIND-MAgPIE 3.3-4.8,NGFS Phase 5-Delayed Transition,R10INDIA+,0.677311820535031,1.765697972923806,1.4061083581885188,1.2996616346413477,2.2475495811810835,1.2333627794894704,0.677311820535031,0.765697972923806,0.19380072400384843,0.6766358143196781,0.7108211768468293,0.6486107686877969
REMIND-MAgPIE 3.3-4.8,NGFS Phase 5-Low Demand,R10INDIA+,0.48520169657470846,1.7043554178353313,4.330272858808423,1.1043211375326036,1.8329568353563124,1.2193035632089226,0.48520169657470846,0.7043554178353313,0.5968316810607942,0.5395706290295148,0.45613669963831616,0.6412171946068207
REMIND-MAgPIE 3.3-4.8,NGFS Phase 5-Net-Zero 2050,R10INDIA+,0.7479455380390994,1.7956515198278509,7.255433979496365,1.5048020587382096,1.9372191612043812,1.2393821314953342,0.7479455380390994,0.7956515198278509,1.0,0.8205773454179954,0.5201850849961781,0.6517762740820344
WITCH 5.0,ENGAGE-INDCi2030-1000,R10INDIA+,0.1235371479161811,1.0000583185721186,0.0,0.6701489381220888,1.5341597913387084,1.0985304726378011,0.1235371479161811,5.8318572118576384e-05,0.0,0.2349236467557294,0.27258556490805236,0.5777040673949217
WITCH 5.0,ENGAGE-INDCi2030-1000-NDCp,R10INDIA+,0.12144895320041217,1.0,0.0,0.6684334108600458,1.535990429014336,1.0759005860118231,0.12144895320041217,0.0,0.0,0.23371990730834108,0.2737101263097429,0.565803280048421
WITCH 5.0,ENGAGE-INDCi2030-1000f,R10INDIA+,0.11844588715757758,1.0000583185721186,0.0,0.6726560634726827,1.6091975941794137,0.8953449315120444,0.11844588715757758,5.8318572118576384e-05,0.0,0.23668282934106666,0.3186813149659605,0.4708512158191878
WITCH 5.0,ENGAGE-INDCi2030-1000f-NDCp,R10INDIA+,0.11747944460688188,1.0,0.0,0.6740552815744789,1.6174748777450882,0.852505254537856,0.11747944460688188,0.0,0.0,0.23766462313816797,0.32376605332392844,0.4483223408809746
WITCH 5.0,ENGAGE-INDCi2030-1200,R10INDIA+,0.11687316718072367,1.0000583185721186,0.0,0.6765030495089868,1.6206930619502982,0.8125269949886909,0.11687316718072367,5.8318572118576384e-05,0.0,0.23938215621736283,0.3257429850722977,0.42729825122284687
WITCH 5.0,ENGAGE-INDCi2030-1200-NDCp,R10INDIA+,0.11751247421029291,1.0,0.0,0.6794715131860599,1.6202766267110686,0.7916339916624422,0.11751247421029291,0.0,0.0,0.24146504752739492,0.3254871687507087,0.4163108700783922
WITCH 5.0,ENGAGE-INDCi2030-1200f,R10INDIA+,0.11509533051518335,1.0000583185721186,0.0,0.6924856232436604,1.6212458859257446,0.7198364627305543,0.11509533051518335,5.8318572118576384e-05,0.0,0.2505966993498973,0.32608258504502474,0.3785534063338868
WITCH 5.0,ENGAGE-INDCi2030-1200f-NDCp,R10INDIA+,0.11353441372343695,1.0,0.0,0.6985969344555701,1.6197801906199827,0.6929691192418151,0.11353441372343695,0.0,0.0,0.2548848424437482,0.32518220787621455,0.36442419098652273
WITCH 5.0,ENGAGE-INDCi2030-1400,R10INDIA+,0.11397762246769784,1.0000583185721186,0.0,0.7045381335556985,1.616890285035211,0.5959560841156795,0.11397762246769784,5.8318572118576384e-05,0.0,0.2590536224333451,0.32340693780588237,0.31340619341735226
WITCH 5.0,ENGAGE-INDCi2030-1400-NDCp,R10INDIA+,0.11283991261784664,1.0,0.0,0.7070107952613194,1.6183057890075903,0.5893674154689558,0.11283991261784664,0.0,0.0,0.26078862280376064,0.3242764824200189,0.3099412911950316
WITCH 5.0,ENGAGE-INDCi2030-1400f,R10INDIA+,0.1122490577175432,1.0000583185721186,0.0,0.7141349967770294,1.6182012648215105,0.5673839396545253,0.1122490577175432,5.8318572118576384e-05,0.0,0.26578748384511275,0.3242122731738238,0.29838044358105587
WITCH 5.0,ENGAGE-INDCi2030-1400f-NDCp,R10INDIA+,0.11165871364098516,1.0,0.0,0.7235639344624547,1.7081539594903292,0.4835040481713603,0.11165871364098516,0.0,0.0,0.2724035164142465,0.37947024680201624,0.2542690095430798
WITCH 5.0,ENGAGE-INDCi2030-1600-NDCp,R10INDIA+,0.11300934406404554,1.0,0.0,0.7382304670879525,1.7705010159350745,0.3328260917247795,0.11300934406404554,0.0,0.0,0.2826946288135304,0.4177700666518089,0.1750292702057395
WITCH 5.0,ENGAGE-INDCi2030-500f,R10INDIA+,0.13971525981507266,1.0000583185721186,0.0,0.683843330772876,1.5628450152777795,1.9015453320096491,0.13971525981507266,5.8318572118576384e-05,0.0,0.24453263461998923,0.29020690859074966,1.0
WITCH 5.0,ENGAGE-INDCi2030-600f,R10INDIA+,0.13631921712325573,1.0000583185721186,0.0,0.6604981167458199,1.548989751387733,1.63937761650519,0.13631921712325573,5.8318572118576384e-05,0.0,0.22815192435448986,0.2816956148550076,0.8621291267206409
WITCH 5.0,ENGAGE-INDCi2030-600f-NDCp,R10INDIA+,0.1336847819356903,1.0,0.0,0.6562542096365093,1.5245916158582489,1.5566012342257682,0.1336847819356903,0.0,0.0,0.22517408861176577,0.2667078311690494,0.8185980150053396
WITCH 5.0,ENGAGE-INDCi2030-700f,R10INDIA+,0.1307349421825464,1.0000583185721186,0.0,0.6543759119262278,1.5274928077256404,1.3869937976797595,0.1307349421825464,5.8318572118576384e-05,0.0,0.22385613750843414,0.26849003440697217,0.7294034879588773
WITCH 5.0,ENGAGE-INDCi2030-700f-NDCp,R10INDIA+,0.12806215407164487,1.0,0.0,0.6543956250183922,1.5268765645773927,1.2875617878007701,0.12806215407164487,0.0,0.0,0.22386996965624859,0.26811147601292074,0.6771133804314882
WITCH 5.0,ENGAGE-INDCi2030-800,R10INDIA+,0.12708506598751565,1.0000583185721186,0.0,0.6423343785659481,1.5892386139664536,1.8648025855572632,0.12708506598751565,5.8318572118576384e-05,0.0,0.21540691665749293,0.30642050603395565,0.9806774280718544
WITCH 5.0,ENGAGE-INDCi2030-800-NDCp,R10INDIA+,0.12484153917262851,1.0,0.0,0.6458968137843845,1.56960270412348,1.7813993769770424,0.12484153917262851,0.0,0.0,0.2179065818601844,0.29435815934980764,0.9368166758845394
WITCH 5.0,ENGAGE-INDCi2030-800f,R10INDIA+,0.12662910220692622,1.0000583185721186,0.0,0.6581498748777058,1.5310468217418685,1.1815727647100902,0.12662910220692622,5.8318572118576384e-05,0.0,0.22650422604552117,0.27067326653254664,0.6213750178973353
WITCH 5.0,ENGAGE-INDCi2030-800f-NDCp,R10INDIA+,0.12500937435190515,1.0,0.0,0.6593028960384024,1.5338369208025806,1.1047540055382976,0.12500937435190515,0.0,0.0,0.22731327005520433,0.27238722541820876,0.5809769490852673
WITCH 5.0,ENGAGE-INDCi2030-900,R10INDIA+,0.12602202236290802,1.0000583185721186,0.0,0.6514724408227931,1.546152929282517,1.4128885961607744,0.12602202236290802,5.8318572118576384e-05,0.0,0.2218188497433919,0.2799529539858136,0.7430212534915286
WITCH 5.0,ENGAGE-INDCi2030-900-NDCp,R10INDIA+,0.1205358984157202,1.0,0.0,0.6640354089151087,1.5250578971355337,1.3068544106185918,0.1205358984157202,0.0,0.0,0.2306339473542527,0.2669942679302647,0.6872591405630294
WITCH 5.0,ENGAGE-INDCi2030-900f,R10INDIA+,0.12274152706825113,1.0000583185721186,0.0,0.6629454225185847,1.537622125050836,1.0425229366302662,0.12274152706825113,5.8318572118576384e-05,0.0,0.22986913314719068,0.27471247778888536,0.5482503725159553
WITCH 5.0,ENGAGE-INDCi2030-900f-NDCp,R10INDIA+,0.12187999999454589,1.0,0.0,0.6659225910195246,1.5400389337036793,0.9983413000374174,0.12187999999454589,0.0,0.0,0.2319581323985553,0.2761971242388321,0.5250157770271613
IMAGE 3.0,ENGAGE-INDCi2030-1000,R10AFRICA,0.19071083244370438,0.8766344477774731,0.0,0.24034201547521733,1.9558441100388708,0.8091707214181982,0.19071083244370438,0.30127076670184416,0.0,0.011688664028441218,0.5659424313982463,0.3542652151990147
IMAGE 3.0,ENGAGE-INDCi2030-1000f,R10AFRICA,0.21067775826423835,1.8742937190333309,0.0,0.24430517153139306,2.302960694704303,0.6359731789599069,0.21067775826423835,0.9218111565315258,0.0,0.014173711160722365,0.7148536789315991,0.26034774120093007
IMAGE 3.0,ENGAGE-INDCi2030-1200,R10AFRICA,0.17038393073316208,0.8717243392149888,0.0,0.24836928400965405,2.2755861773897927,0.42853935863516535,0.17038393073316208,0.2982166972722737,0.0,0.01672206174702658,0.703110150376615,0.14786542678608344
IMAGE 3.0,ENGAGE-INDCi2030-1200f,R10AFRICA,0.18081227175989167,0.8778447782284639,0.0,0.23183755467302902,2.2299282130852025,0.24038190872539458,0.18081227175989167,0.3020235877816654,0.0,0.006356048903396443,0.6835231161501085,0.045835847390045925
IMAGE 3.0,ENGAGE-INDCi2030-1400f,R10AFRICA,0.18994104843825171,1.876776991510064,0.0,0.2554663883987489,2.248407966916716,0.37242719765792626,0.18994104843825171,0.9233557428599078,0.0,0.021172211743552004,0.691450836457141,0.11743824898230326
IMAGE 3.0,ENGAGE-INDCi2030-800f,R10AFRICA,0.21900434089895984,1.8734263876270814,0.0,0.24730166082253882,2.0110995702560728,0.7534536307182107,0.21900434089895984,0.9212716795934043,0.0,0.016052622062620692,0.5896467425071603,0.3240522667772717
IMAGE 3.0,ENGAGE-NPi2020-1000,R10AFRICA,0.18028819063082185,0.8718823136682898,0.0,0.2500809984582786,1.91648713340685,0.4835016510418445,0.18028819063082185,0.2983149568000092,0.0,0.017795370751654375,0.5490584888028095,0.17766908101069512
IMAGE 3.0,ENGAGE-NPi2020-1200,R10AFRICA,0.17524285299024617,0.8715296755949867,0.0,0.26347531985752926,2.076450575127171,0.25119045611400076,0.17524285299024617,0.2980956172180687,0.0,0.02619411142960259,0.6176819908727582,0.051696851269884124
IMAGE 3.0,ENGAGE-NPi2020-1400,R10AFRICA,0.18620111403055528,0.8754600436436105,0.0,0.27997271846552035,2.07098078480335,0.2432264422914197,0.18620111403055528,0.3005402916588695,0.0,0.03653859762186407,0.6153354786723942,0.047378313890621
IMAGE 3.0,ENGAGE-NPi2020-1400f,R10AFRICA,0.190909374373204,1.877876520566253,0.0,0.27276594993141917,2.073825934646331,0.24534850783532342,0.190909374373204,0.924039645880523,0.0,0.03201968410323677,0.6165560334694115,0.04852901749018161
IMAGE 3.2,SSP2021-SSP1-SPA1-19-Default,R10AFRICA,0.2363775144687808,1.330697654223973,0.0,0.25589648374624097,1.685109029677033,0.3868513898911221,0.2363775144687808,0.5836964076533283,0.0,0.021441897618834933,0.449798460327023,0.12525985938033057
IMAGE 3.2,SSP2021-SSP1-SPA1-19-Lifestyle-Renewables,R10AFRICA,0.3931162833990011,1.6343725247352143,0.0,0.5038907208472461,2.0921175788265582,0.7358419732948911,0.3931162833990011,0.7725810579120399,0.0,0.1769435632092595,0.6244030556937722,0.3145022330144306
IMAGE 3.2,SSP2021-SSP1-SPA1-19-Renewables,R10AFRICA,0.34092137839978226,1.3154920706467446,1.2416718886298237,0.3958413172475685,1.5132540111583261,0.8525822393893606,0.34092137839978226,0.5742385907087482,0.1711368185747056,0.10919254438635563,0.37607353235461255,0.3778053881853367
IMAGE 3.2,SSP2021-SSP1-SPA1-26-Default,R10AFRICA,0.23285275590178708,1.404422567600103,0.0,0.23330229179662232,1.5477965116252435,0.24942881795436359,0.23285275590178708,0.6295530320587668,0.0,0.007274493884350244,0.390892089187349,0.05074159172229787
IMAGE 3.2,SSP2021-SSP1-SPA1-26-Lifestyle,R10AFRICA,0.207124617255949,1.6339038540646227,0.0,0.2217009204910763,1.5322069785589556,0.23006867133399075,0.207124617255949,0.7722895464822263,0.0,0.0,0.3842042588735053,0.04024342852084346
IMAGE 3.2,SSP2021-SSP1-SPA1-26-Lifestyle-Renewables,R10AFRICA,0.3544657553397086,1.6342760198268622,0.0,0.4548319644379366,2.1736524227401803,0.6035273760851435,0.3544657553397086,0.7725210322147155,0.0,0.14618188736299595,0.659381088611206,0.24275379728817859
IMAGE 3.2,SSP2021-SSP1-SPA1-26-Renewables,R10AFRICA,0.32484147404854674,0.392273431984527,1.0056945101199,0.40945053546669563,1.467253000684795,0.7635928727903287,0.32484147404854674,0.0,0.1386125920188871,0.11772603341092476,0.3563393330681948,0.3295503355728942
IMAGE 3.2,SSP2021-SSP2-SPA0-26-Default,R10AFRICA,0.4612209656671391,1.9836532832540092,0.0,0.5191668013539519,2.9676453222171237,0.2514361717844831,0.4612209656671391,0.9898324024301169,0.0,0.1865222372552966,1.0,0.05183009216213871
IMAGE 3.2,SSP2021-SSP2-SPA2-19-Renewables,R10AFRICA,0.5466758753838785,1.2354442683313216,1.2321510564371054,0.5929723365428995,2.0503339486108345,0.8082534651410498,0.5466758753838785,0.5244491526861923,0.16982458388004448,0.2328010693194451,0.6064780910658423,0.3537678271221636
IMAGE 3.2,SSP2021-SSP2-SPA2-26-Default,R10AFRICA,0.3142097709871244,1.4039457918308538,0.0,0.3981559377612541,2.362023845913296,0.1815281335107928,0.3142097709871244,0.6292564792874595,0.0,0.110643898052051,0.7401914700897468,0.013922011749233848
IMAGE 3.2,SSP2021-SSP2-SPA2-26-Lifestyle,R10AFRICA,0.2609818282406816,1.8278465396847767,0.0,0.36489148275807515,2.34193658997378,0.15585390997820572,0.2609818282406816,0.8929211821586528,0.0,0.08978584014546633,0.731574139562719,0.0
IMAGE 3.2,SSP2021-SSP2-SPA2-26-Lifestyle-Renewables,R10AFRICA,0.3636813905330588,1.8284546321366997,0.0,0.46169678434952816,2.17771432079768,0.65166813794967,0.3636813905330588,0.893299413422613,0.0,0.15048638630099354,0.6611236221973743,0.26885843299193546
IMAGE 3.2,SSP2021-SSP2-SPA2-26-Renewables,R10AFRICA,0.4486019053935282,1.5002670416382595,0.0,0.5087106238946402,2.080412990788768,0.6690774407350706,0.4486019053935282,0.6891679416739408,0.0,0.1799658227609961,0.6193818470175828,0.2782987386594733
IMAGE 3.3,NAVIGATE Demand-1.5°C-ele_u,R10AFRICA,0.44118224984523774,1.2129420814381635,0.0,0.9495907253697071,1.5122239995457063,0.9758602309254938,0.44118224984523774,0.5104528753708686,0.0,0.45641414231257343,0.3756316626169367,0.4446536667480596
IMAGE 3.3,NAVIGATE Demand-1.5°C-tec_u,R10AFRICA,0.40909980227052173,1.2127264132841458,0.0,0.9146903667683778,2.052494432152386,0.7045402397799635,0.40909980227052173,0.5103187305739185,0.0,0.4345303116411396,0.6074049275054144,0.29752866802177985
IMAGE 3.3,NAVIGATE Demand-2.0°C-ele_u,R10AFRICA,0.418342686682576,1.6987883016495338,0.0,0.6855923360143139,1.6886796043348657,0.907086239306161,0.418342686682576,0.8126474337472245,0.0,0.29087727444885375,0.4513302186762281,0.40736053037917247
IMAGE 3.3,NAVIGATE Demand-2.0°C-ref,R10AFRICA,0.3850602879550546,1.6992190439824273,0.0,0.682309821671385,1.9796249956258143,0.41846485309702786,0.3850602879550546,0.8129153538907755,0.0,0.28881901513760205,0.5761443102385009,0.14240246178962893
IMAGE 3.3,NAVIGATE Demand-2.0°C-tec_u,R10AFRICA,0.3830666927151661,1.6986889845513593,0.0,0.6682812723505921,2.0476056237704574,0.4019508015768227,0.3830666927151661,0.812585658878195,0.0,0.28002258982263706,0.6053076536001465,0.1334476118406154
MESSAGEix-GLOBIOM 2.0-M-R12-NGFS,NGFS Phase 5-Below 2°C,R10AFRICA,0.29423065416458744,0.5306436925572212,2.215814166199008,1.043018655144936,1.5907515649642145,0.40382124234416916,0.29423065416458744,0.08606579211009376,0.30540063798538186,0.514996949971915,0.40931958837104016,0.13446187029739762
MESSAGEix-GLOBIOM 2.0-M-R12-NGFS,NGFS Phase 5-Delayed Transition,R10AFRICA,0.27112114942745114,0.5337626664863179,2.2157951783764283,1.022183537695315,1.7679993528284772,0.6024292044930827,0.27112114942745114,0.08800578239895651,0.30539802093688645,0.501932551766288,0.4853579869362784,0.2421583067259055
MESSAGEix-GLOBIOM 2.0-M-R12-NGFS,NGFS Phase 5-Low Demand,R10AFRICA,0.12825828439266054,0.7451196717543324,2.215814166199008,0.44536206311260756,1.4911286425846733,0.7093118587339771,0.12825828439266054,0.21946906071555913,0.30540063798538186,0.14024390490711386,0.36658186188426184,0.3001161088865962
MESSAGEix-GLOBIOM 2.0-M-R12-NGFS,NGFS Phase 5-Nationally Determined Contributions (NDCs),R10AFRICA,0.26686918493678213,0.780792197261833,2.215814166199008,0.8726832588990093,1.5652056325049166,0.5357953805756573,0.26686918493678213,0.2416572401094804,0.30540063798538186,0.40819028327321044,0.3983605134089971,0.20602568996741547
MESSAGEix-GLOBIOM 2.0-M-R12-NGFS,NGFS Phase 5-Net-Zero 2050,R10AFRICA,0.3491748699834919,0.4882009227026116,3.490612878157041,1.2755280852080655,1.1743509436334452,0.6101018825215282,0.3491748699834919,0.05966654568412991,0.481103251441803,0.6607890621715674,0.2306858418567581,0.2463188654093853
POLES-JRC ENGAGE,ENGAGE-INDCi2030-1000,R10AFRICA,0.21622047445273992,1.8598530353845426,0.0,0.47744101024331853,2.1426350235325415,0.8087633139403556,0.21622047445273992,0.9128291045233827,0.0,0.16035860502081464,0.6460747822712154,0.3540442958911318
POLES-JRC ENGAGE,ENGAGE-INDCi2030-1000-COV,R10AFRICA,0.2226209458963491,1.8601120654471202,0.0,0.5051410578444118,2.3293864727714007,0.7119429915003586,0.2226209458963491,0.912990220267646,0.0,0.17772757128896904,0.7261902031797962,0.3015428574400963
POLES-JRC ENGAGE,ENGAGE-INDCi2030-1000-COV-NDCp,R10AFRICA,0.3148569373889429,1.8599697089821339,0.0,0.49995945055595525,2.1900137550450247,0.8163609263067677,0.3148569373889429,0.9129016750710818,0.0,0.17447850964459585,0.666400016868899,0.3581641497397617
POLES-JRC ENGAGE,ENGAGE-INDCi2030-1000-NDCp,R10AFRICA,0.1846546976668119,1.8605281278989092,0.0,0.5214887017768692,2.148321903199671,0.7671151526983507,0.1846546976668119,0.9132490095792529,0.0,0.18797815569646467,0.6485144246945832,0.3314603143576988
POLES-JRC ENGAGE,ENGAGE-INDCi2030-1000f,R10AFRICA,0.21701588870239252,1.8403665877968485,0.0,0.5207175409990366,2.2770286221856146,0.6309653107215365,0.21701588870239252,0.9007086059414954,0.0,0.1874946090350874,0.7037289518500475,0.2576321926522187
POLES-JRC ENGAGE,ENGAGE-INDCi2030-1000f-COV,R10AFRICA,0.18011870242065053,1.85099342452843,0.0,0.5366784106112762,2.439172574443268,0.6272193074502748,0.18011870242065053,0.9073184592231384,0.0,0.19750267147229636,0.7732878818387939,0.25560089844427586
POLES-JRC ENGAGE,ENGAGE-INDCi2030-1000f-COV-NDCp,R10AFRICA,0.18838653744525027,1.8507943211564395,0.0,0.5374397400082686,2.2798710328416334,0.6861918667544598,0.18838653744525027,0.9071946176595594,0.0,0.19798005349003675,0.704948331549804,0.2875791455166041
POLES-JRC ENGAGE,ENGAGE-INDCi2030-1000f-NDCp,R10AFRICA,0.16561437133244808,1.8424310011378822,0.0,0.550011509721539,2.314738087149436,0.6246243198919004,0.16561437133244808,0.9019926634311852,0.0,0.205863023484362,0.7199061203278666,0.2541937498607579
POLES-JRC ENGAGE,ENGAGE-INDCi2030-1200,R10AFRICA,0.1360676082921571,1.858412104224349,0.0,0.45821440338615993,2.2891674488769396,0.5747733210061523,0.1360676082921571,0.9119328506523204,0.0,0.14830280314053648,0.7089364466977471,0.2271617272051347
POLES-JRC ENGAGE,ENGAGE-INDCi2030-1200f,R10AFRICA,0.11810979142923499,1.849089712557664,0.0,0.4648576459767,2.3466912426523328,0.5230417489396215,0.11810979142923499,0.9061343573934871,0.0,0.15246836480771944,0.7336138613542706,0.1991099517268051
POLES-JRC ENGAGE,ENGAGE-INDCi2030-300f,R10AFRICA,0.4016549520687733,1.8344583053024557,0.0,0.7231281851627098,2.0000488896845567,1.156947612602056,0.4016549520687733,0.8970336760050662,0.0,0.31441365630255463,0.5849060568047381,0.5428494564723011
POLES-JRC ENGAGE,ENGAGE-INDCi2030-400f,R10AFRICA,0.33863119666230473,1.8388571689902702,0.0,0.7034408876036676,2.02033583770726,1.101558461119453,0.33863119666230473,0.8997697530067943,0.0,0.3020689841150373,0.5936090542187533,0.5128143351864661
POLES-JRC ENGAGE,ENGAGE-INDCi2030-500f,R10AFRICA,0.3736383313094033,1.8359520697898604,0.0,0.6917102894177329,2.081548306347031,0.9542952820968411,0.3736383313094033,0.8979627920109355,0.0,0.29471346014154304,0.6198688916118016,0.43295993546216255
POLES-JRC ENGAGE,ENGAGE-INDCi2030-600f,R10AFRICA,0.3449975961998702,1.8367127718622078,0.0,0.6717742353254738,2.119303329955933,0.8709991791937839,0.3449975961998702,0.8984359458963542,0.0,0.28221280830024853,0.6360656045164059,0.38779209146447097
POLES-JRC ENGAGE,ENGAGE-INDCi2030-600f-COV,R10AFRICA,0.3732653038860486,1.8426599455557975,0.0,0.7737932630739242,2.206221992812843,1.0411769508079103,0.3732653038860486,0.9021350660153498,0.0,0.34618255583248053,0.6733532683496641,0.4800720754282768
POLES-JRC ENGAGE,ENGAGE-INDCi2030-600f-COV-NDCp,R10AFRICA,0.38017991127547257,1.8402719280855941,0.0,0.7952759992252867,2.0388383696490986,1.1546097314505515,0.38017991127547257,0.9006497279499653,0.0,0.3596530351953373,0.6015465462191442,0.541581725480622
POLES-JRC ENGAGE,ENGAGE-INDCi2030-600f-NDCp,R10AFRICA,0.29301481360422904,1.8343443222909723,0.0,0.6643761840395888,2.1087438842277635,0.8927973596265275,0.29301481360422904,0.8969627789920099,0.0,0.27757395333923607,0.6315356560607364,0.3996122940778583
POLES-JRC ENGAGE,ENGAGE-INDCi2030-700f,R10AFRICA,0.28022534102398106,1.8364591229718459,0.0,0.6703866138800598,2.1606629661530095,0.8176250004117817,0.28022534102398106,0.8982781772213769,0.0,0.28134271773486585,0.6538086778690333,0.35884960199967403
POLES-JRC ENGAGE,ENGAGE-INDCi2030-800f,R10AFRICA,0.3268142641622605,1.8367391885258129,0.0,0.6577806730353786,2.1975478898646905,0.7842820407846997,0.3268142641622605,0.8984523769637575,0.0,0.2734383211626023,0.6696321223477032,0.34076916910583105
POLES-JRC ENGAGE,ENGAGE-INDCi2030-900,R10AFRICA,0.2499913345774374,1.8570098196646159,0.0,0.43684742269161947,1.9722861027372187,1.182698222872307,0.2499913345774374,0.9110606348243118,0.0,0.134904906780202,0.572995962554083,0.5568128894180862
POLES-JRC ENGAGE,ENGAGE-INDCi2030-900f,R10AFRICA,0.24761792979324637,1.8351928353099347,0.0,0.5857121196479776,2.242392840513079,0.6894855512574711,0.24761792979324637,0.8974905509625943,0.0,0.22824864167876463,0.6888703778550269,0.28936516698249154
POLES-JRC ENGAGE,ENGAGE-NPi2020-1000f,R10AFRICA,0.13730836048727635,1.5319138827979468,0.0,0.481654454624181,2.352717492713572,0.5428741836635703,0.13730836048727635,0.7088521602402554,0.0,0.16300059229743782,0.7361990919488618,0.20986421616998402
POLES-JRC ENGAGE,ENGAGE-NPi2020-1000f-COV,R10AFRICA,0.15538525272517925,1.5293920698185568,0.0,0.5044828736358767,2.5607002299606454,0.6263153848655014,0.15538525272517925,0.7072836018612625,0.0,0.17731486516366168,0.8254226273172873,0.25511074064730727
POLES-JRC ENGAGE,ENGAGE-NPi2020-1200f,R10AFRICA,0.1133304943077914,1.529667732595256,0.0,0.4325115843491474,2.423620512994401,0.5249307455044432,0.1133304943077914,0.7074550630924091,0.0,0.1321861739101691,0.7666161266580429,0.2001342721833256
POLES-JRC ENGAGE,ENGAGE-NPi2020-900f,R10AFRICA,0.15081128905160607,1.535280784413982,0.0,0.5070700976941076,2.3056782241681253,0.6002595854911386,0.15081128905160607,0.7109463606366517,0.0,0.1789371514514945,0.7160194852357158,0.24098181695989218
REMIND-MAgPIE 2.1-4.2,NGFS Phase 2-Delayed Transition,R10AFRICA,0.5316495886854996,0.9980234503596345,0.0,1.2871623838134303,2.325922962208895,1.6173402260070011,0.5316495886854996,0.3767742789265629,0.0,0.6680842027049086,0.7247043747823868,0.7925002926484656
REMIND-MAgPIE 3.2.0-4.8.0,RESCUE-End-of-Century-Budget-1150,R10AFRICA,0.7923584338922423,1.916414233852219,1.1423326749250953,1.5248588690474574,1.3316536832813748,0.41720600295504334,0.7923584338922423,0.9480099615129477,0.15744512018899112,0.8171287925750624,0.29816791628418643,0.1417198422570464
REMIND-MAgPIE 3.2.0-4.8.0,RESCUE-End-of-Century-Budget-1150-with-OAE,R10AFRICA,0.8147018777854217,1.9040780552338878,1.1423326749250953,1.5675109227666868,1.32868602295391,0.40903702492105154,0.8147018777854217,0.9403369038775572,0.15744512018899112,0.8438732261220852,0.296894805113068,0.137290161724581
REMIND-MAgPIE 3.2.0-4.8.0,RESCUE-End-of-Century-Budget-500,R10AFRICA,0.7850118172513529,1.7495455568693923,1.1457254438133253,1.5781452989378124,1.2307107417008512,0.8822272152623187,0.7850118172513529,0.8442182594271855,0.15791273782534723,0.8505413778761586,0.2548639082808516,0.39388056576121294
REMIND-MAgPIE 3.2.0-4.8.0,RESCUE-End-of-Century-Budget-500-with-OAE,R10AFRICA,0.8302424099173782,1.749729186862809,1.147941389154977,1.668027600948908,1.22541760923042,0.8548315199660911,0.8302424099173782,0.8443324766063192,0.15821815654294757,0.9069009442645272,0.25259318140016707,0.3790250749492546
REMIND-MAgPIE 3.2.0-4.8.0,RESCUE-Peak-Budget-1150,R10AFRICA,0.8361615726002447,1.9745896725392673,4.758584572013188,1.5803142288451806,0.9771343904218929,0.39019772182127627,0.8361615726002447,0.9841948699696501,0.6558649124863933,0.8519013780805474,0.1460809446252813,0.12707442924996307
REMIND-MAgPIE 3.2.0-4.8.0,RESCUE-Peak-Budget-1150-with-OAE,R10AFRICA,0.8331113236032882,1.9715856545258656,4.756657604615871,1.5792401022135722,0.9779289230846551,0.3927199952953464,0.8331113236032882,0.9823263818366775,0.6555993229430576,0.8512278604931122,0.14642179509237135,0.1284421481566796
REMIND-MAgPIE 3.3-4.8,NGFS Phase 5-Below 2°C,R10AFRICA,0.8787088007280194,1.9622094073880687,4.800724789309031,1.5997047908780506,1.0274555313428204,0.7298674023103483,0.8787088007280194,0.9764943906732979,0.6616730030037807,0.8640599859905275,0.1676684578783846,0.31126248372511467
REMIND-MAgPIE 3.3-4.8,NGFS Phase 5-Delayed Transition,R10AFRICA,0.8908169768453578,2.0,1.4061083581885188,1.613558681646946,1.4261212443985083,0.9822126031269689,0.8908169768453578,1.0,0.19380072400384843,0.8727468938584455,0.33869401903708235,0.44809828116111844
REMIND-MAgPIE 3.3-4.8,NGFS Phase 5-Low Demand,R10AFRICA,0.4407610193400414,0.7479331398499469,4.330272858808423,1.1980251800138022,1.2923660693399532,1.2550666959323449,0.4407610193400414,0.22121902750194336,0.5968316810607942,0.6121918407736519,0.28131372992986775,0.5960551563141879
REMIND-MAgPIE 3.3-4.8,NGFS Phase 5-Net-Zero 2050,R10AFRICA,1.0,1.9640618084907686,7.255433979496365,1.8165020832914576,0.6366153267314857,1.2075679734383324,1.0,0.9776465773321191,1.0,1.0,0.0,0.5702986705612338
WITCH 5.0,ENGAGE-INDCi2030-1000,R10AFRICA,0.012081770778313726,1.0006625614152205,0.0,0.5046834216759344,2.3615511756218592,1.4551216359764019,0.012081770778313726,0.3784157962766454,0.0,0.17744061628846367,0.739988696941245,0.7045362257514215
WITCH 5.0,ENGAGE-INDCi2030-1000-NDCp,R10AFRICA,0.017456931021061908,1.0023261145204283,0.0,0.45577204244460195,2.1629558772648276,1.5861483111778871,0.017456931021061908,0.3794505201770293,0.0,0.1467713514470418,0.6547923250620161,0.7755862775398548
WITCH 5.0,ENGAGE-INDCi2030-1000f,R10AFRICA,0.014769847902373675,1.0064447526080633,0.0,0.4952306511371948,2.474629141898558,1.2543039542088832,0.014769847902373675,0.38201229788822244,0.0,0.17151337547673698,0.7884985687557176,0.5956415547413035
WITCH 5.0,ENGAGE-INDCi2030-1000f-NDCp,R10AFRICA,0.0156951382193258,1.0056648943095323,0.0,0.47731875384233274,2.303898881699999,1.4826953867437762,0.0156951382193258,0.3815272289007181,0.0,0.160281945683063,0.7152561563761249,0.7194882682802477
WITCH 5.0,ENGAGE-INDCi2030-1200,R10AFRICA,0.0171847974625519,1.0019620524242754,0.0,0.4593426326470833,2.4274368177902805,1.152562576997171,0.0171847974625519,0.3792240748949797,0.0,0.149010245100851,0.7682533019853748,0.5404716428985222
WITCH 5.0,ENGAGE-INDCi2030-1200-NDCp,R10AFRICA,0.017903610872771994,1.0020818095158226,0.0,0.4448751237669797,2.2611506948655506,1.4907211706166217,0.017903610872771994,0.37929856336455514,0.0,0.1399385757181303,0.6969174018696466,0.7238403008639301
WITCH 5.0,ENGAGE-INDCi2030-1200f,R10AFRICA,0.006896578119690664,1.0010552428219675,0.0,0.47905575517823207,2.4966730808283657,1.1153281002394868,0.006896578119690664,0.3786600426644075,0.0,0.1613711105121438,0.7979553063234446,0.5202810099767866
WITCH 5.0,ENGAGE-INDCi2030-1200f-NDCp,R10AFRICA,0.0070840164772159415,1.000079182672514,0.0,0.47055681483937184,2.3331148845737917,1.5177872496556186,0.0070840164772159415,0.3780529368487349,0.0,0.15604195692415884,0.7277896728604145,0.7385170551544089
WITCH 5.0,ENGAGE-INDCi2030-1400,R10AFRICA,0.013832003224197312,1.0020471475605073,0.0,0.4453245768564749,2.5173174249066324,1.1036520831004146,0.013832003224197312,0.37927700375609624,0.0,0.1402203996219366,0.806811624825672,0.5139496150822888
WITCH 5.0,ENGAGE-INDCi2030-1400-NDCp,R10AFRICA,0.015304594635267354,1.0013784726030523,0.0,0.4306018150053714,2.3668584445067213,1.4283996344032537,0.015304594635267354,0.3788610903969731,0.0,0.13098867707587877,0.7422654882717471,0.6900460496651916
WITCH 5.0,ENGAGE-INDCi2030-1400f,R10AFRICA,0.007890020106519185,1.0,0.0,0.4667001536254919,2.515967375447459,1.108383547627576,0.007890020106519185,0.37800368551826047,0.0,0.15362368604259774,0.8062324604812459,0.5165152819525883
WITCH 5.0,ENGAGE-INDCi2030-1400f-NDCp,R10AFRICA,0.012257161620267399,1.000185833811118,0.0,0.45488339144578055,2.370326057543809,1.4438510760846222,0.012257161620267399,0.37811927346388197,0.0,0.146214134021102,0.7437530766098652,0.6984246926398303
WITCH 5.0,ENGAGE-INDCi2030-1600-NDCp,R10AFRICA,0.021562662387915106,1.0014975663102268,0.0,0.42638208773005215,2.394203256255344,1.3613813944014046,0.021562662387915106,0.37893516624391355,0.0,0.128342750189351,0.7539962732902067,0.6537049808287975
WITCH 5.0,ENGAGE-INDCi2030-500f,R10AFRICA,0.032626478300655876,1.0253203802224207,0.0,0.6156052787589054,2.372536244828276,2.0,0.032626478300655876,0.39375286869788245,0.0,0.24699277092083075,0.7447012357020893,1.0
WITCH 5.0,ENGAGE-INDCi2030-600f,R10AFRICA,0.025402770903668725,1.0197885521454169,0.0,0.584446566310153,2.374396588814361,1.8940026485528063,0.025402770903668725,0.39031209202163947,0.0,0.22745509238412878,0.7454993138004784,0.9425222589356026
WITCH 5.0,ENGAGE-INDCi2030-600f-NDCp,R10AFRICA,0.02230797732533672,1.0179474876662358,0.0,0.5639737873017552,2.2018888217452868,1.809865253118913,0.02230797732533672,0.3891669567008656,0.0,0.21461789393836844,0.6714943600233243,0.8968982186878481
WITCH 5.0,ENGAGE-INDCi2030-700f,R10AFRICA,0.017371070236534728,1.0157317417466716,0.0,0.5552366265935401,2.40990266108929,1.723950530725422,0.017371070236534728,0.3877887709050687,0.0,0.209139367265568,0.7607312380329814,0.8503104115404894
WITCH 5.0,ENGAGE-INDCi2030-700f-NDCp,R10AFRICA,0.018740060814090298,1.0125463848487033,0.0,0.5361780773418764,2.202705721096154,1.684833347812351,0.018740060814090298,0.38580749065422343,0.0,0.19718894379196206,0.6718448056857349,0.8290988691769401
WITCH 5.0,ENGAGE-INDCi2030-800,R10AFRICA,0.009634323989908334,1.0007662116333005,0.0,0.551481404396448,2.3808210947756168,1.8220848476125544,0.009634323989908334,0.37848026633028636,0.0,0.20678470244296518,0.7482553941485209,0.9035243718759055
WITCH 5.0,ENGAGE-INDCi2030-800-NDCp,R10AFRICA,0.009905194833918227,1.0023362368116338,0.0,0.4878161442151993,2.13648172237842,1.6928359172304237,0.009905194833918227,0.3794568162048532,0.0,0.16686420221618073,0.6434350474046379,0.8334383135741994
WITCH 5.0,ENGAGE-INDCi2030-800f,R10AFRICA,0.013074262232851958,1.0106334063439781,0.0,0.532172825823117,2.4188557567087523,1.5161947166866194,0.013074262232851958,0.3846176250746016,0.0,0.19467750122960123,0.764572070470488,0.7376534939768992
WITCH 5.0,ENGAGE-INDCi2030-800f-NDCp,R10AFRICA,0.012949555088261379,1.0097065009212187,0.0,0.5134577182495697,2.220261673983012,1.5978775357170723,0.012949555088261379,0.3840410933177721,0.0,0.1829424285383545,0.6793762200908938,0.7819465244870186
WITCH 5.0,ENGAGE-INDCi2030-900,R10AFRICA,0.006490819396311032,1.0021192062000142,0.0,0.4858932020280633,2.325565162124228,1.7084876948317966,0.006490819396311032,0.3793218239642961,0.0,0.16565844551622988,0.7245508803677461,0.8419255899814541
WITCH 5.0,ENGAGE-INDCi2030-900-NDCp,R10AFRICA,0.0,1.0012758712302858,0.0,0.4994934945435658,2.1318769365295074,1.7179166967407502,0.0,0.3787972727212515,0.0,0.1741863377906631,0.641459617719979,0.8470385265107082
WITCH 5.0,ENGAGE-INDCi2030-900f,R10AFRICA,0.01226955112972859,1.0082787455996352,0.0,0.5098511813191982,2.4581887707295857,1.3531356599107716,0.01226955112972859,0.3831530347697654,0.0,0.1806809949411789,0.7814457332277271,0.6492336786173032
WITCH 5.0,ENGAGE-INDCi2030-900f-NDCp,R10AFRICA,0.015769490780207472,1.0074485450251476,0.0,0.4908071474659909,2.284592476964333,1.527906384991855,0.015769490780207472,0.38263665307215355,0.0,0.16873967316551186,0.7069738070399707,0.7440042209440328
IMAGE 3.0,ENGAGE-INDCi2030-1000,R10CHINA+,0.15158077624690444,1.8719364598415986,0.0,0.5078774857823056,2.1475841357783874,0.8406718132359899,0.15158077624690444,0.9085286080257229,0.0,0.030417010332874053,0.6554051292423685,0.4945961459505005
IMAGE 3.0,ENGAGE-INDCi2030-1000f,R10CHINA+,0.1845183841951103,1.892688267105009,0.0,0.5101246286313166,1.819531568973887,1.0030638833941246,0.1845183841951103,0.9233509118135003,0.0,0.032443996584979665,0.4529460891790609,0.60106084020682
IMAGE 3.0,ENGAGE-INDCi2030-1200,R10CHINA+,0.14293202493081505,1.8846766037528209,0.0,0.551782432157313,1.7767372172859177,0.5843508854137783,0.14293202493081505,0.9176284556175565,0.0,0.07002051072482464,0.4265353726061858,0.3265514305557512
IMAGE 3.0,ENGAGE-INDCi2030-1200f,R10CHINA+,0.15235648646689037,1.90478236861427,0.0,0.6114234542640075,1.8186142082844265,0.6180629978485809,0.15235648646689037,0.9319893134878721,0.0,0.12381839541426715,0.4523799361189306,0.34865318552205504
IMAGE 3.0,ENGAGE-INDCi2030-1400f,R10CHINA+,0.1528331811902912,1.9039427481724065,0.0,0.6617724492146367,1.8534159493910396,0.6084084320308993,0.1528331811902912,0.9313896014195322,0.0,0.16923460943785681,0.4738579789997095,0.3423236252365309
IMAGE 3.0,ENGAGE-INDCi2030-800f,R10CHINA+,0.19465552236449513,1.8991445339239017,0.0,0.47833407034651587,2.14508938633657,0.8533038137071574,0.19465552236449513,0.927962401642307,0.0,0.00376801605333917,0.6538654839894482,0.5028777207016502
IMAGE 3.0,ENGAGE-NPi2020-1000,R10CHINA+,0.14002064464101302,1.8743171948207409,0.0,0.474156799622344,1.6707892307246406,0.5437966338138414,0.14002064464101302,0.9102290853215608,0.0,0.0,0.36114912105272867,0.29996395006377435
IMAGE 3.0,ENGAGE-NPi2020-1200,R10CHINA+,0.13557074533859015,1.884807153265703,0.0,0.5288411127054555,1.5784257909341601,0.4332844283765539,0.13557074533859015,0.917721702654536,0.0,0.04932679329847351,0.30414663044862456,0.22751183985903842
IMAGE 3.0,ENGAGE-NPi2020-1400,R10CHINA+,0.13178001141146561,1.8697224152009388,0.0,0.6113666415313622,1.6011511561489686,0.3321883040563883,0.13178001141146561,0.9069471919183449,0.0,0.12376714872647106,0.3181716864672232,0.16123293870478678
IMAGE 3.0,ENGAGE-NPi2020-1400f,R10CHINA+,0.11253157987049076,1.8918558211869656,0.0,0.6155970826309699,1.6315610732601895,0.5421820719171406,0.11253157987049076,0.9227563242613168,0.0,0.1275831259586357,0.3369392964472774,0.2989054387798012
IMAGE 3.2,SSP2021-SSP1-SPA1-19-Default,R10CHINA+,0.4454238205731276,1.2323768944455369,0.0,0.5235678485637916,2.2988033488017607,0.5321532502083675,0.4454238205731276,0.4517131582507024,0.0,0.04457016025951077,0.7487307111942576,0.2923305152879339
IMAGE 3.2,SSP2021-SSP1-SPA1-19-Lifestyle-Renewables,R10CHINA+,0.5196269045584315,1.2493025626175978,0.0,0.6342936836172463,2.30094367274565,0.48512218201521873,0.5196269045584315,0.46380258218727444,0.0,0.14444798756588353,0.7500516212402459,0.26149681576765677
IMAGE 3.2,SSP2021-SSP1-SPA1-19-Renewables,R10CHINA+,0.44771624951944083,1.1638699950202231,1.2416718886298237,0.6119280769354434,1.7952063057918806,0.6119152482580557,0.44771624951944083,0.40278103094480144,0.1711368185747056,0.12427357930164289,0.43793364930977846,0.3446227037387862
IMAGE 3.2,SSP2021-SSP1-SPA1-26-Default,R10CHINA+,0.38357321282102114,1.2212199503454915,0.0,0.6313747046834522,2.058967821502522,0.4877762794075319,0.38357321282102114,0.4437441359532706,0.0,0.14181498620969896,0.6007151931232831,0.26323684942277276
IMAGE 3.2,SSP2021-SSP1-SPA1-26-Lifestyle,R10CHINA+,0.3402739811462855,1.2730286607126198,0.0,0.622366533023223,1.7199921258175195,0.49727189148069717,0.3402739811462855,0.4807493198472323,0.0,0.13368936120996708,0.39151489750701374,0.26946219918992403
IMAGE 3.2,SSP2021-SSP1-SPA1-26-Lifestyle-Renewables,R10CHINA+,0.44035910454962457,1.2541227593645807,0.0,0.831072807348259,1.8461029932088484,0.38855746348265713,0.44035910454962457,0.46724548330878846,0.0,0.3219483092208724,0.4693447569173662,0.19818871689001133
IMAGE 3.2,SSP2021-SSP1-SPA1-26-Renewables,R10CHINA+,0.46829392277325654,1.1770087744234232,1.0056945101199,0.6975020513929628,1.5656452970288197,0.5112294420443652,0.46829392277325654,0.41216561018856707,0.1386125920188871,0.20146371870011218,0.2962590941527961,0.2786128082798938
IMAGE 3.2,SSP2021-SSP2-SPA0-26-Default,R10CHINA+,0.38069333021269847,2.0,0.0,0.6703647478030563,2.197891452040868,0.14287953777851783,0.38069333021269847,1.0,0.0,0.1769851051931127,0.6864525039295258,0.03712158337697907
IMAGE 3.2,SSP2021-SSP2-SPA2-19-Renewables,R10CHINA+,0.6569583194337183,1.436082419966115,1.2321510564371054,0.687755752291874,1.4056900385727233,0.6850988189918116,0.6569583194337183,0.5972130245605948,0.16982458388004448,0.19267228192273442,0.19754202452109082,0.392602056888037
IMAGE 3.2,SSP2021-SSP2-SPA2-26-Default,R10CHINA+,0.38953947547433226,1.5074420036105356,0.0,0.7442751599911299,2.0643554878419805,0.22024559966146268,0.38953947547433226,0.6481827263085422,0.0,0.24365438234148062,0.6040402143718387,0.08784298939244774
IMAGE 3.2,SSP2021-SSP2-SPA2-26-Lifestyle,R10CHINA+,0.33117234373949783,1.6236560132798523,0.0,0.7013441055241194,2.0544204603480645,0.3915364297365329,0.33117234373949783,0.7311904052952075,0.0,0.20492935992854036,0.5979087698017997,0.20014173547712544
IMAGE 3.2,SSP2021-SSP2-SPA2-26-Lifestyle-Renewables,R10CHINA+,0.44659606232066323,1.5854619328346091,0.0,0.7813153943223337,1.6051792411414596,0.38512643264111046,0.44659606232066323,0.7039096843407296,0.0,0.27706571878462916,0.32065763629171934,0.19593932349799678
IMAGE 3.2,SSP2021-SSP2-SPA2-26-Renewables,R10CHINA+,0.5350242323220851,1.6036452341861183,0.0,0.7700757927806056,2.4096222894640853,0.3141208199520945,0.5350242323220851,0.716897392499141,0.0,0.26692728107282315,0.817123092835635,0.14938784571920302
IMAGE 3.3,NAVIGATE Demand-1.5°C-ele_u,R10CHINA+,0.5801912853441907,1.4396976121809602,0.0,1.3450761391668182,1.2538653444704768,0.47759052602374136,0.5801912853441907,0.5997952322969843,0.0,0.785593816933596,0.10384276734026131,0.25655904108693756
IMAGE 3.3,NAVIGATE Demand-1.5°C-tec_u,R10CHINA+,0.4783701677075019,1.438712452821484,0.0,1.151760328603816,1.3399315852436327,0.35810719304849103,0.4783701677075019,0.5990915667742578,0.0,0.6112175014722425,0.1569589147264051,0.17822543463959814
IMAGE 3.3,NAVIGATE Demand-2.0°C-ele_u,R10CHINA+,0.4357684677457853,1.7393293290939367,0.0,1.1809837739959774,1.8807959886972494,0.3467932252615652,0.4357684677457853,0.8138118852160898,0.0,0.6375778737445891,0.49075568697629224,0.17080796579344115
IMAGE 3.3,NAVIGATE Demand-2.0°C-ref,R10CHINA+,0.3778446001273681,1.7389346645319774,0.0,1.0168666053449817,1.7633224399706198,0.2034465189774507,0.3778446001273681,0.8135299898631996,0.0,0.4895395571166616,0.41825638560000644,0.0768294652279429
IMAGE 3.3,NAVIGATE Demand-2.0°C-tec_u,R10CHINA+,0.364014905552893,1.7382515043894151,0.0,0.9618997118940182,1.9078009649084782,0.25601694472688646,0.364014905552893,0.8130420320173972,0.0,0.4399578683534858,0.5074219231649457,0.11129478301647817
MESSAGEix-GLOBIOM 2.0-M-R12-NGFS,NGFS Phase 5-Below 2°C,R10CHINA+,0.11133213512864724,1.5841638457462244,2.215814166199008,0.9872717069227441,1.8672023321892266,0.3756261172669059,0.11133213512864724,0.7029825052799953,0.30540063798538186,0.4628441237307775,0.4823663039137761,0.18971089023356233
MESSAGEix-GLOBIOM 2.0-M-R12-NGFS,NGFS Phase 5-Delayed Transition,R10CHINA+,0.09392150429877866,1.5835128083464403,2.2157951783764283,0.9427833599071048,2.286737085597317,0.2716908742234657,0.09392150429877866,0.7025174916070022,0.30539802093688645,0.42271437950054536,0.7412839654201915,0.12157065492342195
MESSAGEix-GLOBIOM 2.0-M-R12-NGFS,NGFS Phase 5-Low Demand,R10CHINA+,0.0,1.5875687476882276,2.215814166199008,0.7808772834628629,1.5468243436254947,0.3580027908568283,0.0,0.7054145098910323,0.30540063798538186,0.27667053042825196,0.2846436625278266,0.17815698827147045
MESSAGEix-GLOBIOM 2.0-M-R12-NGFS,NGFS Phase 5-Nationally Determined Contributions (NDCs),R10CHINA+,0.08432877125955432,0.5999607375121792,2.215814166199008,0.9447337926499226,2.6687228181345874,0.13036464098523215,0.08432877125955432,0.0,0.30540063798538186,0.4244737248652997,0.9770280886279304,0.02891678212375845
MESSAGEix-GLOBIOM 2.0-M-R12-NGFS,NGFS Phase 5-Net-Zero 2050,R10CHINA+,0.1750836758636296,1.5767720538963337,3.490612878157041,1.1640297981829972,1.4651629319369752,0.2852058169850642,0.1750836758636296,0.697702802025991,0.481103251441803,0.622284909211174,0.2342459741886741,0.13043108910351522
POLES-JRC ENGAGE,ENGAGE-INDCi2030-1000,R10CHINA+,0.568143270190125,1.6561703172365658,0.0,0.7406824938927018,2.5939851743897835,1.226110496043144,0.568143270190125,0.7544142568170118,0.0,0.24041369615496386,0.9309034331906699,0.7472908217413958
POLES-JRC ENGAGE,ENGAGE-INDCi2030-1000-COV,R10CHINA+,0.512067068902111,1.6585811411149194,0.0,0.6873656291277603,2.433826663509835,0.825752743991403,0.512067068902111,0.7561362255809946,0.0,0.19232037982152422,0.8320609254591366,0.4848151625307615
POLES-JRC ENGAGE,ENGAGE-INDCi2030-1000-COV-NDCp,R10CHINA+,0.4846128630111117,1.6494389677285453,0.0,0.6860900424482816,2.518444318496856,0.8606914654728897,0.4846128630111117,0.749606284863383,0.0,0.19116976464643184,0.8842830719521707,0.5077210858102108
POLES-JRC ENGAGE,ENGAGE-INDCi2030-1000-NDCp,R10CHINA+,0.5175399032897784,1.6494050754107745,0.0,0.7432400939036513,2.6099273993665224,0.9476269146574563,0.5175399032897784,0.7495820767438832,0.0,0.24272072352657115,0.9407422452953998,0.5647162088384337
POLES-JRC ENGAGE,ENGAGE-INDCi2030-1000f,R10CHINA+,0.798812940705411,1.749797751967536,0.0,0.8060374404091938,2.5841653699400604,0.8348519681286866,0.798812940705411,0.8212891204294777,0.0,0.2993657018782908,0.9248430990135406,0.4907806392612587
POLES-JRC ENGAGE,ENGAGE-INDCi2030-1000f-COV,R10CHINA+,0.4990913335698405,1.7132241235515955,0.0,0.7316687643289231,2.422150298599218,0.5494619976908853,0.4990913335698405,0.7951658327504232,0.0,0.23228305776941624,0.8248548070792089,0.303678178427468
POLES-JRC ENGAGE,ENGAGE-INDCi2030-1000f-COV-NDCp,R10CHINA+,0.47859693236770373,1.706576201287318,0.0,0.7210166626437656,2.514040425492804,0.5482181824405804,0.47859693236770373,0.7904174500140245,0.0,0.2226745615043263,0.8815651906113025,0.3028627296792249
POLES-JRC ENGAGE,ENGAGE-INDCi2030-1000f-NDCp,R10CHINA+,0.6192288371583758,1.7387899182207973,0.0,0.776973082606336,2.5916096072360086,0.6648932518722354,0.6192288371583758,0.8134266025403877,0.0,0.2731488311000931,0.9294373417948791,0.3793552307125566
POLES-JRC ENGAGE,ENGAGE-INDCi2030-1200,R10CHINA+,0.4695919057808275,1.6779347718911821,0.0,0.719736885330853,2.5761490135061447,0.7568362737222367,0.4695919057808275,0.7699598598852726,0.0,0.22152016625963936,0.9198957704673106,0.43963333235095836
POLES-JRC ENGAGE,ENGAGE-INDCi2030-1200f,R10CHINA+,0.48027299206775526,1.7152086863564475,0.0,0.7302382976920316,2.588528128911832,0.5570801505467737,0.48027299206775526,0.7965833378576196,0.0,0.23099273650285723,0.9275355943110362,0.3086726606938143
POLES-JRC ENGAGE,ENGAGE-INDCi2030-300f,R10CHINA+,0.8414727638457447,1.7594271739772462,0.0,1.0232631386421642,2.5677620968552937,1.5329664707687103,0.8414727638457447,0.8281670861178105,0.0,0.4953094106265225,0.9147197491035328,0.9484664548746485
POLES-JRC ENGAGE,ENGAGE-INDCi2030-400f,R10CHINA+,1.0,1.7462866382015538,0.0,1.0384463033229256,2.578951859663367,1.4619112660856488,1.0,0.8187812523574471,0.0,0.5090050535559003,0.9216255589215329,0.9018824644462009
POLES-JRC ENGAGE,ENGAGE-INDCi2030-500f,R10CHINA+,0.6646666372509931,1.7533462031495244,0.0,1.0589328170960508,2.594745035616623,1.3404538641722363,0.6646666372509931,0.8238236573364518,0.0,0.5274844669986078,0.9313723847860371,0.8222546528955109
POLES-JRC ENGAGE,ENGAGE-INDCi2030-600f,R10CHINA+,0.8241182823904809,1.7554564654845701,0.0,1.0701958969683554,2.59782918839936,1.2748495500549848,0.8241182823904809,0.8253309453044305,0.0,0.5376440828270262,0.9332757828233816,0.7792442815295489
POLES-JRC ENGAGE,ENGAGE-INDCi2030-600f-COV,R10CHINA+,0.7672132523319961,1.7494221431491646,0.0,1.0724365737678503,2.447513842007666,1.028016977667608,0.7672132523319961,0.8210208359402954,0.0,0.5396652365200312,0.8405080260163392,0.617420158429616
POLES-JRC ENGAGE,ENGAGE-INDCi2030-600f-COV-NDCp,R10CHINA+,0.7750617000162761,1.7498491491087707,0.0,1.0671917086984055,2.5378661666097417,1.0683490762645,0.7750617000162761,0.821325831643664,0.0,0.5349342202454794,0.8962693483087081,0.6438619947930078
POLES-JRC ENGAGE,ENGAGE-INDCi2030-600f-NDCp,R10CHINA+,0.745245601625653,1.7514451606991792,0.0,1.1255754097900403,2.6395576657592117,1.102419437877633,0.745245601625653,0.8224658079523087,0.0,0.5875979659044944,0.9590286905109282,0.6661986189201112
POLES-JRC ENGAGE,ENGAGE-INDCi2030-700f,R10CHINA+,0.746558944476066,1.7536753496971056,0.0,1.0574528943498547,2.601283469876293,1.173591511285012,0.746558944476066,0.8240587554200558,0.0,0.5261495349260704,0.935407607362176,0.7128592288102755
POLES-JRC ENGAGE,ENGAGE-INDCi2030-800f,R10CHINA+,0.794489710986478,1.7551701498880177,0.0,1.021455754757024,2.5974179426932986,1.0843612070047106,0.794489710986478,0.8251264398993152,0.0,0.49367909936746346,0.9330219807827806,0.6543595923788302
POLES-JRC ENGAGE,ENGAGE-INDCi2030-900,R10CHINA+,0.5645383571959335,1.6223949465842646,0.0,0.66594801825197,2.5587546282076596,1.611571299664809,0.5645383571959335,0.730289668630618,0.0,0.17300109052165516,0.9091607514295804,1.0
POLES-JRC ENGAGE,ENGAGE-INDCi2030-900f,R10CHINA+,0.7001770411938499,1.7483981109765192,0.0,0.9265496645816993,2.5866943386472974,0.9440616893108149,0.7001770411938499,0.8202894049011218,0.0,0.408071128289368,0.9264038628319882,0.5623788371544873
POLES-JRC ENGAGE,ENGAGE-NPi2020-1000f,R10CHINA+,0.5057704128347119,1.6788353391919484,0.0,0.7244198220304805,2.542421119538062,0.4233488564907197,0.5057704128347119,0.7706031042034113,0.0,0.2257443072900165,0.899080456925794,0.22099805121124932
POLES-JRC ENGAGE,ENGAGE-NPi2020-1000f-COV,R10CHINA+,0.46308362190990504,1.6679601882826358,0.0,0.7162826419372683,2.705945134745673,0.41818480654061063,0.46308362190990504,0.7628353571118134,0.0,0.21840434125843639,1.0,0.21761248565667918
POLES-JRC ENGAGE,ENGAGE-NPi2020-1200f,R10CHINA+,0.4458317834015048,1.6679605607256884,0.0,0.7352407152915678,2.6248860172020008,0.3159202646783886,0.4458317834015048,0.7628356231351048,0.0,0.23550505831898647,0.9499740200598681,0.1505675667020656
POLES-JRC ENGAGE,ENGAGE-NPi2020-900f,R10CHINA+,0.5574120449909928,1.6956601747530022,0.0,0.7645467950315951,2.4558308994765605,0.48261242423244466,0.5574120449909928,0.7826205068662171,0.0,0.26193996910460543,0.8456409334881689,0.2598514115632503
REMIND-MAgPIE 2.1-4.2,NGFS Phase 2-Delayed Transition,R10CHINA+,0.6767405829551898,1.2566045628376408,0.0,1.0987642738551782,1.8108529114208542,0.877210013949461,0.6767405829551898,0.46901815036146094,0.0,0.5634135648250438,0.4475900186738352,0.5185506922768555
REMIND-MAgPIE 3.2.0-4.8.0,RESCUE-End-of-Century-Budget-1150,R10CHINA+,0.8097883330259458,1.576799591077826,1.1423326749250953,1.5027262354387267,2.245891273921157,0.38973716685318377,0.8097883330259458,0.6977224708897366,0.15744512018899112,0.9277986518095506,0.7160757986220634,0.19896213371100488
REMIND-MAgPIE 3.2.0-4.8.0,RESCUE-End-of-Century-Budget-1150-with-OAE,R10CHINA+,0.8447015676456245,1.530474255644379,1.1423326749250953,1.5421306181315304,2.245578945348345,0.38608839902447545,0.8447015676456245,0.6646338735377391,0.15744512018899112,0.9633425167784272,0.7158830437119225,0.19656999134273873
REMIND-MAgPIE 3.2.0-4.8.0,RESCUE-End-of-Century-Budget-500,R10CHINA+,0.7874246112328452,1.0496957497242394,1.1457254438133253,1.421569713834732,2.223708992852236,0.7672608810802123,0.7874246112328452,0.3212302856513444,0.15791273782534723,0.8545931795217462,0.7023859092992203,0.4464677340186524
REMIND-MAgPIE 3.2.0-4.8.0,RESCUE-End-of-Century-Budget-500-with-OAE,R10CHINA+,0.8656665497798233,1.0,1.147941389154977,1.5177249565460813,2.224610063190849,0.737748523022229,0.8656665497798233,0.28573431703405594,0.15821815654294757,0.9413279214317088,0.7029420086998807,0.4271193497387638
REMIND-MAgPIE 3.2.0-4.8.0,RESCUE-Peak-Budget-1150,R10CHINA+,0.9505470016354138,1.6364304798411007,4.758584572013188,1.5827695722430972,2.0115225650703286,0.4584934701779979,0.9505470016354138,0.7403147683781032,0.6558649124863933,1.0,0.5714341508611027,0.24403895799523806
REMIND-MAgPIE 3.2.0-4.8.0,RESCUE-Peak-Budget-1150-with-OAE,R10CHINA+,0.9487171872139336,1.6287257804563855,4.756657604615871,1.5800978919144002,2.020436388064304,0.4560315651941918,0.9487171872139336,0.7348115660100323,0.6555993229430576,0.997590068963051,0.5769353547206963,0.24242492621934045
REMIND-MAgPIE 3.3-4.8,NGFS Phase 5-Below 2°C,R10CHINA+,0.6009151779284588,1.5056298276544422,4.800724789309031,0.9971208641645414,1.8918822814036413,0.49725745686550393,0.6009151779284588,0.6468883512116087,0.6616730030037807,0.4717283414531783,0.49759763977995547,0.26945273581593193
REMIND-MAgPIE 3.3-4.8,NGFS Phase 5-Delayed Transition,R10CHINA+,0.5933912565473207,1.383715211955166,1.4061083581885188,1.050412316944675,2.0757234238867968,0.8555564064524013,0.5933912565473207,0.5598089249656345,0.19380072400384843,0.5197987354593316,0.6110559845624319,0.5043545267899823
REMIND-MAgPIE 3.3-4.8,NGFS Phase 5-Low Demand,R10CHINA+,0.48939643805571265,1.4815167632713022,4.330272858808423,0.8708887946762158,1.286320380650596,1.036498603269962,0.48939643805571265,0.6296652168115834,0.5968316810607942,0.35786345318392826,0.123872531271853,0.6229807358375636
REMIND-MAgPIE 3.3-4.8,NGFS Phase 5-Net-Zero 2050,R10CHINA+,0.7263311298510132,1.5185869335417845,7.255433979496365,1.2033449505842562,1.2996484976906084,1.2740881800413735,0.7263311298510132,0.6561431672974933,1.0,0.6577482859394775,0.13209803551971458,0.778745125224465
WITCH 5.0,ENGAGE-INDCi2030-1000,R10CHINA+,0.39861021261126944,1.193244751250111,0.0,1.2430825056434105,1.35347021810009,0.4185059457929597,0.39861021261126944,0.4237624112653004,0.0,0.6935926817831364,0.16531433970779652,0.21782302544647156
WITCH 5.0,ENGAGE-INDCi2030-1000-NDCp,R10CHINA+,0.4045279859530023,1.193244520251537,0.0,1.2364971576347696,1.0942617480529315,0.2232054557924515,0.4045279859530023,0.42376224627094616,0.0,0.6876525120762033,0.005342727434752858,0.08978347932968148
WITCH 5.0,ENGAGE-INDCi2030-1000f,R10CHINA+,0.39580412440522067,1.1847616462446466,0.0,1.2357233976370705,1.3606799673716456,0.3609396098243294,0.39580412440522067,0.4177032204749006,0.0,0.6869545587269288,0.1697638672052789,0.18008237498004984
WITCH 5.0,ENGAGE-INDCi2030-1000f-NDCp,R10CHINA+,0.38455830293111215,1.1893803463003838,0.0,1.2378404248667345,1.1563539426118075,0.14295881770248503,0.38455830293111215,0.4210021994246266,0.0,0.6888641770192198,0.043663190000454356,0.03717355951631649
WITCH 5.0,ENGAGE-INDCi2030-1200,R10CHINA+,0.4006917220852677,1.193294879141415,0.0,1.2515262201074344,1.4176841264788602,0.3196364396051054,0.4006917220852677,0.4237982158978184,0.0,0.7012091504659417,0.20494422700212955,0.15300390135184647
WITCH 5.0,ENGAGE-INDCi2030-1200-NDCp,R10CHINA+,0.4012013004401793,1.193294879141415,0.0,1.2483044643626762,1.1634847791122982,0.12374780238037854,0.4012013004401793,0.4237982158978184,0.0,0.6983030358835325,0.04806401614487562,0.024578764273975755
WITCH 5.0,ENGAGE-INDCi2030-1200f,R10CHINA+,0.3896176687059906,1.1935088427930851,0.0,1.25493145760931,1.4249193876939847,0.29788611596257564,0.3896176687059906,0.4239510427916084,0.0,0.7042807707701401,0.20940949930434063,0.13874432849017287
WITCH 5.0,ENGAGE-INDCi2030-1200f-NDCp,R10CHINA+,0.3881564513261976,1.1939225474022526,0.0,1.2547769174645957,1.1677619306798537,0.11336715796892369,0.3881564513261976,0.42424653779682153,0.0,0.7041413711993152,0.05070367846792218,0.01777318483667371
WITCH 5.0,ENGAGE-INDCi2030-1400,R10CHINA+,0.4111935879800596,1.1939225474022526,0.0,1.2648354938285835,1.431721141139403,0.2571758279412942,0.4111935879800596,0.42424653779682153,0.0,0.7132144908786143,0.21360723043847119,0.11205455008503364
WITCH 5.0,ENGAGE-INDCi2030-1400-NDCp,R10CHINA+,0.41045576758521635,1.1946812667486642,0.0,1.2671318784437757,1.1737592597431568,0.09895351821308479,0.41045576758521635,0.42478846498896566,0.0,0.7152858945931535,0.05440495566543826,0.00832356239986502
WITCH 5.0,ENGAGE-INDCi2030-1400f,R10CHINA+,0.4049388103703183,1.1946812667486642,0.0,1.272473428568447,1.4350909867756718,0.24682970957952802,0.4049388103703183,0.42478846498896566,0.0,0.7201041235154524,0.2156869450382569,0.10527160602223234
WITCH 5.0,ENGAGE-INDCi2030-1400f-NDCp,R10CHINA+,0.4062185943778595,1.1946812667486642,0.0,1.2705185369326053,1.175638546893485,0.09475964480520328,0.4062185943778595,0.42478846498896566,0.0,0.7183407561033845,0.05556476574150295,0.005574047293092749
WITCH 5.0,ENGAGE-INDCi2030-1600-NDCp,R10CHINA+,0.4253108388733266,1.1958749161397162,0.0,1.2849026805490442,1.2646286612631734,0.08625747340079944,0.4253108388733266,0.4256410477864873,0.0,0.7313156594886621,0.11048539418196884,0.0
WITCH 5.0,ENGAGE-INDCi2030-500f,R10CHINA+,0.4121330243145255,1.179094519205131,0.0,1.2164406277015276,1.3451394167162396,0.6645263077298366,0.4121330243145255,0.4136553861095662,0.0,0.6695609561889041,0.16017295012026267,0.37911466110905573
WITCH 5.0,ENGAGE-INDCi2030-600f,R10CHINA+,0.4018033688482803,1.179094519205131,0.0,1.2076928542807617,1.348930428332958,0.5795377403957567,0.4018033688482803,0.4136553861095662,0.0,0.6616702177482074,0.16251258910027724,0.32339591925365374
WITCH 5.0,ENGAGE-INDCi2030-600f-NDCp,R10CHINA+,0.40541195148968084,1.179094519205131,0.0,1.2096703081238058,1.0856047108163653,0.3767199542188203,0.40541195148968084,0.4136553861095662,0.0,0.6634539369077562,0.0,0.1904280127909534
WITCH 5.0,ENGAGE-INDCi2030-700f,R10CHINA+,0.39529489008234003,1.179094519205131,0.0,1.209861080065764,1.350218997534533,0.5338460834664621,0.39529489008234003,0.4136553861095662,0.0,0.6636260185819618,0.163307835076089,0.2934403414948077
WITCH 5.0,ENGAGE-INDCi2030-700f-NDCp,R10CHINA+,0.4003491570594239,1.179094519205131,0.0,1.2115007542589442,1.0892824467253275,0.3222905481714423,0.4003491570594239,0.4136553861095662,0.0,0.6651050509670063,0.002269730394088221,0.15474394233268363
WITCH 5.0,ENGAGE-INDCi2030-800,R10CHINA+,0.4094560440157644,1.1932456291461941,0.0,1.2110269969025746,1.3802724419842052,0.7247446804896294,0.4094560440157644,0.4237630383163458,0.0,0.6646777084646738,0.18185544643345614,0.4185939942947302
WITCH 5.0,ENGAGE-INDCi2030-800-NDCp,R10CHINA+,0.40478628888991924,1.1932455956163006,0.0,1.2201399145171,1.119225964908762,0.5235628979610484,0.40478628888991924,0.4237630143670935,0.0,0.6728978172705488,0.020749500287640426,0.2866986563882086
WITCH 5.0,ENGAGE-INDCi2030-800f,R10CHINA+,0.3939756868655121,1.179094519205131,0.0,1.2153737020093272,1.3507495080207743,0.4748748831895877,0.3939756868655121,0.4136553861095662,0.0,0.6685985591116287,0.16363524188419354,0.25477865806844413
WITCH 5.0,ENGAGE-INDCi2030-800f-NDCp,R10CHINA+,0.3965561493441649,1.179094519205131,0.0,1.2195059451714465,1.0939617611625054,0.24244033490148642,0.3965561493441649,0.4136553861095662,0.0,0.6723259590335606,0.005157589246508051,0.10239391973731052
WITCH 5.0,ENGAGE-INDCi2030-900,R10CHINA+,0.40629263951004396,1.1932454226713063,0.0,1.2185000453400932,1.3569874777653652,0.5545931608456017,0.40629263951004396,0.42376289083841906,0.0,0.6714186090045912,0.16748503150399693,0.3070421833072273
WITCH 5.0,ENGAGE-INDCi2030-900-NDCp,R10CHINA+,0.3892855040071889,1.193245399870404,0.0,1.2335050536168555,1.090050646677117,0.30273448914767964,0.3892855040071889,0.423762874552517,0.0,0.6849535498309454,0.0027438282691054803,0.14192293547689327
WITCH 5.0,ENGAGE-INDCi2030-900f,R10CHINA+,0.3910702169161154,1.179094519205131,0.0,1.224800397639622,1.356806445316045,0.39810992591940253,0.3910702169161154,0.4136553861095662,0.0,0.6771017045408575,0.16737330655617327,0.2044513379141336
WITCH 5.0,ENGAGE-INDCi2030-900f-NDCp,R10CHINA+,0.39121901810789556,1.179094519205131,0.0,1.22588790472246,1.0994387656339393,0.17923846264486273,0.39121901810789556,0.4136553861095662,0.0,0.6780826666131843,0.008537745904052993,0.060958595957793175
IMAGE 3.0,ENGAGE-INDCi2030-1000,R10MIDDLE_EAST,0.14007175471674563,0.6606295402541861,0.0,0.6504666263404872,1.4722735809136747,1.029566433626647,0.14007175471674563,0.33031477012709304,0.0,0.2834404005727027,0.522574385660624,0.624219817114434
IMAGE 3.0,ENGAGE-INDCi2030-1000f,R10MIDDLE_EAST,0.18642883590458872,0.6606295402541861,0.0,0.5643300826045787,1.4369587413548173,0.8150701709093415,0.18642883590458872,0.33031477012709304,0.0,0.23620845791132833,0.5041956537037319,0.47263693973649445
IMAGE 3.0,ENGAGE-INDCi2030-1200,R10MIDDLE_EAST,0.13891879175136962,0.6606295402541861,0.0,0.7257387018048607,1.463654826061239,0.6221277000888559,0.13891879175136962,0.33031477012709304,0.0,0.324714942110336,0.5180889685607932,0.33628596315130316
IMAGE 3.0,ENGAGE-INDCi2030-1200f,R10MIDDLE_EAST,0.1634240170626229,0.6606295402541861,0.0,0.6978839781632897,1.409675220507247,0.4575262746501154,0.1634240170626229,0.33031477012709304,0.0,0.3094411378360342,0.4899966222834686,0.21996338777199034
IMAGE 3.0,ENGAGE-INDCi2030-1400f,R10MIDDLE_EAST,0.17768837140239538,1.660629540254186,0.0,0.6717168978502928,1.4201523056987062,0.47364507513354753,0.17768837140239538,0.830314770127093,0.0,0.2950927325790466,0.4954491612962094,0.2313544214720961
IMAGE 3.0,ENGAGE-INDCi2030-800f,R10MIDDLE_EAST,0.16137252733188978,0.6606295402541861,0.0,0.598159026932197,1.4687740822230695,1.1350598019076539,0.16137252733188978,0.33031477012709304,0.0,0.2547581545845047,0.5207531584025775,0.6987711780833705
IMAGE 3.0,ENGAGE-NPi2020-1000,R10MIDDLE_EAST,0.14339707646645292,0.6606295402541861,0.0,0.6465441731151872,1.4326973924328752,0.528582914754186,0.14339707646645292,0.33031477012709304,0.0,0.2812895703002772,0.5019779403971023,0.27017857486818353
IMAGE 3.0,ENGAGE-NPi2020-1200,R10MIDDLE_EAST,0.14325716772846114,0.6606295402541861,0.0,0.634115292420084,1.5227216550310692,0.31713291272915933,0.14325716772846114,0.33031477012709304,0.0,0.2744743423508482,0.548828834032101,0.12074846675125217
IMAGE 3.0,ENGAGE-NPi2020-1400,R10MIDDLE_EAST,0.15744620225821696,0.6606295402541861,0.0,0.6497818785065461,1.4984587842929997,0.27529948042334473,0.15744620225821696,0.33031477012709304,0.0,0.2830649272947248,0.5362018250078492,0.09118509833085207
IMAGE 3.0,ENGAGE-NPi2020-1400f,R10MIDDLE_EAST,0.1760347375665847,1.660629540254186,0.0,0.6164883331996077,1.486197965758579,0.32561381581134297,0.1760347375665847,0.830314770127093,0.0,0.26480881026555225,0.5298209862377721,0.12674185645266217
IMAGE 3.2,SSP2021-SSP1-SPA1-19-Default,R10MIDDLE_EAST,0.3678060428165985,1.260020601129589,0.0,0.4060040932429102,1.7140614749545011,0.594049481180057,0.3678060428165985,0.6300103005647945,0.0,0.1493922968837498,0.6484068954640906,0.31644329941476607
IMAGE 3.2,SSP2021-SSP1-SPA1-19-Lifestyle-Renewables,R10MIDDLE_EAST,0.8942195245531122,0.6381995991229122,0.0,0.9512482833574776,1.4317160584816913,0.9386686015234791,0.8942195245531122,0.3190997995614561,0.0,0.4483704216956336,0.501467229492726,0.5599830105469721
IMAGE 3.2,SSP2021-SSP1-SPA1-19-Renewables,R10MIDDLE_EAST,0.7448858051816337,1.2593998980938879,1.2416718886298237,0.5533237173062411,1.963758712079065,0.8623896347588704,0.7448858051816337,0.6296999490469439,0.1711368185747056,0.23017324925151642,0.7783556266154934,0.5060772449214215
IMAGE 3.2,SSP2021-SSP1-SPA1-26-Default,R10MIDDLE_EAST,0.3881524618742676,0.28910068274853334,0.0,0.7278366166265108,1.265699582972705,0.3746065063642522,0.3881524618742676,0.14455034137426667,0.0,0.32586530858972984,0.4150680742955922,0.16136461822210446
IMAGE 3.2,SSP2021-SSP1-SPA1-26-Lifestyle,R10MIDDLE_EAST,0.36158749497601317,0.6379531349936114,0.0,0.9063431478466717,1.2274113704541003,0.30448783678036245,0.36158749497601317,0.3189765674968057,0.0,0.4237472281745376,0.3951419241621575,0.1118122877582064
IMAGE 3.2,SSP2021-SSP1-SPA1-26-Lifestyle-Renewables,R10MIDDLE_EAST,0.9393700719883952,0.6379967307181186,0.0,1.1915832552933496,1.2433810491238022,0.7344660468364601,0.9393700719883952,0.3189983653590593,0.0,0.5801552266304748,0.40345294715913255,0.41567461833885433
IMAGE 3.2,SSP2021-SSP1-SPA1-26-Renewables,R10MIDDLE_EAST,0.8017221775846279,0.2892347717325905,1.0056945101199,1.0414030242501284,1.1157098619103658,0.6391505762659478,0.8017221775846279,0.14461738586629524,0.1386125920188871,0.4978056946681385,0.33700964576728404,0.34831590026760983
IMAGE 3.2,SSP2021-SSP2-SPA0-26-Default,R10MIDDLE_EAST,0.4413036641015756,1.660629540254186,0.0,0.5994793544833296,1.5844620421111018,0.3778230400270127,0.4413036641015756,0.830314770127093,0.0,0.255482140392207,0.580960086481019,0.1636377180962353
IMAGE 3.2,SSP2021-SSP2-SPA2-19-Renewables,R10MIDDLE_EAST,0.8686330148591159,1.2478326758644966,1.2321510564371054,0.6872539354129004,1.083513263912728,1.3770063719355259,0.8686330148591159,0.6239163379322483,0.16982458388004448,0.3036122811406263,0.3202537252558462,0.8697529788473475
IMAGE 3.2,SSP2021-SSP2-SPA2-26-Default,R10MIDDLE_EAST,0.48271651875749094,1.3387365720627558,0.0,0.8753164158222885,1.4081398349250678,0.4859027982684675,0.48271651875749094,0.6693682860313779,0.0,0.4067340910739996,0.4891975689558068,0.24001686117782714
IMAGE 3.2,SSP2021-SSP2-SPA2-26-Lifestyle,R10MIDDLE_EAST,0.42124376104702577,0.6606295402541861,0.0,1.2203711676843105,1.250762234895204,0.4972656482902609,0.42124376104702577,0.33031477012709304,0.0,0.5959407337847826,0.407294302139396,0.2480469008610242
IMAGE 3.2,SSP2021-SSP2-SPA2-26-Lifestyle-Renewables,R10MIDDLE_EAST,0.9315607820915883,0.6606295402541861,0.0,1.130233359644385,1.2333809867446195,0.8120645768314496,0.9315607820915883,0.33031477012709304,0.0,0.5465147457393752,0.3982486628323444,0.4705129092625584
IMAGE 3.2,SSP2021-SSP2-SPA2-26-Renewables,R10MIDDLE_EAST,1.0,1.4370809809315086,0.0,0.877955632894415,1.7329022198766544,0.8836177369227836,1.0,0.7185404904657543,0.0,0.40818127416279165,0.6582120936504032,0.52107898325716
IMAGE 3.3,NAVIGATE Demand-1.5°C-ele_u,R10MIDDLE_EAST,0.48735500927558095,0.28455434275806374,0.0,1.5156395270869658,0.4681438819518891,0.6656480455889222,0.48735500927558095,0.14227717137903187,0.0,0.7578476041577398,0.0,0.3670414602952163
IMAGE 3.3,NAVIGATE Demand-1.5°C-tec_u,R10MIDDLE_EAST,0.41885168964858693,0.28455434275806374,0.0,1.22301820066953,0.7731935309755711,0.8582493088148534,0.41885168964858693,0.14227717137903187,0.0,0.5973922026359589,0.15875552042665586,0.5031513080686019
IMAGE 3.3,NAVIGATE Demand-2.0°C-ele_u,R10MIDDLE_EAST,0.3843834527996152,0.6321534301068464,0.0,0.9037920590509051,0.8022846565650515,0.6319145664832826,0.3843834527996152,0.3160767150534232,0.0,0.4223483691711493,0.1738952748815008,0.3432022671921613
IMAGE 3.3,NAVIGATE Demand-2.0°C-ref,R10MIDDLE_EAST,0.4025525912989636,0.6321534301068464,0.0,0.8503375167124045,0.9337080194499089,0.28731210998072476,0.4025525912989636,0.3160767150534232,0.0,0.3930372107566337,0.2422913029962128,0.09967433226954689
IMAGE 3.3,NAVIGATE Demand-2.0°C-tec_u,R10MIDDLE_EAST,0.3581088039428347,0.6319827043947069,0.0,0.7213680704288022,0.9872182332769228,0.28454666284022484,0.3581088039428347,0.31599135219735347,0.0,0.32231835871385206,0.27013936599657296,0.09772001180967926
MESSAGEix-GLOBIOM 2.0-M-R12-NGFS,NGFS Phase 5-Below 2°C,R10MIDDLE_EAST,0.0731164527784834,1.7230156796412783,2.215814166199008,0.604439427253953,2.0282828277315104,0.2979357274390489,0.0731164527784834,0.8615078398206392,0.30540063798538186,0.2582019369215013,0.8119356015253432,0.10718196192283204
MESSAGEix-GLOBIOM 2.0-M-R12-NGFS,NGFS Phase 5-Delayed Transition,R10MIDDLE_EAST,0.0902890553806706,1.722986062601107,2.2157951783764283,0.5425215984719791,2.324952225198395,0.3941721597605373,0.0902890553806706,0.8614930313005535,0.30539802093688645,0.22425003669535112,0.9663298279742363,0.1751915166585455
MESSAGEix-GLOBIOM 2.0-M-R12-NGFS,NGFS Phase 5-Low Demand,R10MIDDLE_EAST,0.0,0.7222720965013144,2.215814166199008,0.13355846875119656,1.755490038453269,0.9929200289383311,0.0,0.3611360482506572,0.30540063798538186,0.0,0.6699673633414527,0.5983220816581641
MESSAGEix-GLOBIOM 2.0-M-R12-NGFS,NGFS Phase 5-Nationally Determined Contributions (NDCs),R10MIDDLE_EAST,0.09666132471222377,1.7218575515284287,2.215814166199008,0.40049351624528706,1.818559550688939,0.5334515050217137,0.09666132471222377,0.8609287757642143,0.30540063798538186,0.14637063795138286,0.7027903259971212,0.2736191705791621
MESSAGEix-GLOBIOM 2.0-M-R12-NGFS,NGFS Phase 5-Net-Zero 2050,R10MIDDLE_EAST,0.06944178695456937,1.7222128897930542,3.490612878157041,0.69135669147529,1.5711838885627785,0.7017993706851696,0.06944178695456937,0.8611064448965271,0.481103251441803,0.3058619783154574,0.5740498009467929,0.3925893267694062
POLES-JRC ENGAGE,ENGAGE-INDCi2030-1000,R10MIDDLE_EAST,0.15236942850026455,0.4400618697923999,0.0,0.4364464449678501,1.7108278972350135,0.8764679045701549,0.15236942850026455,0.22003093489619996,0.0,0.1660849960424037,0.6467240601769815,0.5160262511160423
POLES-JRC ENGAGE,ENGAGE-INDCi2030-1000-COV,R10MIDDLE_EAST,0.13114575535940332,0.43988191749099587,0.0,0.5978412009680079,1.4251090335735699,0.6816500426026824,0.13114575535940332,0.21994095874549793,0.0,0.25458387852157255,0.49802876732396856,0.3783499498717261
POLES-JRC ENGAGE,ENGAGE-INDCi2030-1000-COV-NDCp,R10MIDDLE_EAST,0.1355146501026137,0.43995596270229803,0.0,0.5827485311133888,1.3785082030651052,0.6769304441528334,0.1355146501026137,0.21997798135114902,0.0,0.24630799367337136,0.473776521424445,0.3750146455450515
POLES-JRC ENGAGE,ENGAGE-INDCi2030-1000-NDCp,R10MIDDLE_EAST,0.17805565998380704,0.4401036043660309,0.0,0.6291563325118341,1.9051361055313898,1.1408955462201398,0.17805565998380704,0.22005180218301545,0.0,0.27175515604631495,0.7478469456809982,0.702895254201631
POLES-JRC ENGAGE,ENGAGE-INDCi2030-1000f,R10MIDDLE_EAST,0.14362457325844818,0.4401318761739899,0.0,0.5745181366680446,1.6530295573677847,0.666347110452428,0.14362457325844818,0.22006593808699496,0.0,0.24179495540108076,0.6166443483832259,0.3675354841170843
POLES-JRC ENGAGE,ENGAGE-INDCi2030-1000f-COV,R10MIDDLE_EAST,0.112269313918295,0.44008700028833697,0.0,0.6549750307992552,1.5264406874685252,0.5402840739755743,0.112269313918295,0.22004350014416849,0.0,0.28591253018987983,0.5507643121812534,0.2784476950895139
POLES-JRC ENGAGE,ENGAGE-INDCi2030-1000f-COV-NDCp,R10MIDDLE_EAST,0.12167827406239567,0.4401273885854325,0.0,0.6829327701887732,1.4442393505578934,0.510535832262865,0.12167827406239567,0.22006369429271624,0.0,0.30124282191641993,0.5079846661046861,0.25742483893984774
POLES-JRC ENGAGE,ENGAGE-INDCi2030-1000f-NDCp,R10MIDDLE_EAST,0.1521940432758328,0.44010136057175225,0.0,0.6704146084939575,1.9325632226553529,0.9199657969847206,0.1521940432758328,0.22005068028587613,0.0,0.2943786377995355,0.7621207082201564,0.5467658808352129
POLES-JRC ENGAGE,ENGAGE-INDCi2030-1200,R10MIDDLE_EAST,0.1156427470646902,0.44014982652824575,0.0,0.6123536657184259,1.6763799354137572,0.6139687511273398,0.1156427470646902,0.22007491326412287,0.0,0.26254161484622157,0.6287964732281877,0.3305200959781472
POLES-JRC ENGAGE,ENGAGE-INDCi2030-1200f,R10MIDDLE_EAST,0.09115339184484599,0.44014982652824575,0.0,0.6985895359167886,1.8228944379364622,0.48858265670761897,0.09115339184484599,0.22007491326412287,0.0,0.30982802198429676,0.7050463105005422,0.24191069675344978
POLES-JRC ENGAGE,ENGAGE-INDCi2030-300f,R10MIDDLE_EAST,0.2284312634912184,0.439571825121217,0.0,0.39259254924906006,1.7142293805060194,0.9619800141597075,0.2284312634912184,0.2197859125606085,0.0,0.14203823727740927,0.6484942777420218,0.5764570085475856
POLES-JRC ENGAGE,ENGAGE-INDCi2030-400f,R10MIDDLE_EAST,0.2510632397622762,0.4394726494139776,0.0,0.38114186309585196,1.7102040187551506,0.9279961816640445,0.2510632397622762,0.2197363247069888,0.0,0.13575939059556533,0.6463993781028646,0.5524408926080192
POLES-JRC ENGAGE,ENGAGE-INDCi2030-500f,R10MIDDLE_EAST,0.23343661500826032,0.4395067550870559,0.0,0.47118448993039236,1.7105449829453283,0.9039992232142264,0.23343661500826032,0.21975337754352794,0.0,0.18513318716636504,0.6465768244550626,0.5354824245952857
POLES-JRC ENGAGE,ENGAGE-INDCi2030-600f,R10MIDDLE_EAST,0.22174409777778029,0.4395767614686459,0.0,0.5055749861068799,1.7103515463346741,0.884224726125455,0.22174409777778029,0.21978838073432294,0.0,0.2039908040738208,0.6464761551709239,0.521507937909855
POLES-JRC ENGAGE,ENGAGE-INDCi2030-600f-COV,R10MIDDLE_EAST,0.2286592555223974,0.43963689515540444,0.0,0.529391796846298,1.6209731167784691,0.7846994410606865,0.2286592555223974,0.21981844757770222,0.0,0.21705046714400328,0.5999613693171268,0.45117417595587506
POLES-JRC ENGAGE,ENGAGE-INDCi2030-600f-COV-NDCp,R10MIDDLE_EAST,0.23946025934650197,0.4397414559689443,0.0,0.5103190768579283,1.4987830769492825,0.7696128494874489,0.23946025934650197,0.21987072798447216,0.0,0.2065921694480907,0.5363705950739138,0.4405125964414986
POLES-JRC ENGAGE,ENGAGE-INDCi2030-600f-NDCp,R10MIDDLE_EAST,0.24502298094576846,0.43988371252640307,0.0,0.5518378771166177,1.8863643228277565,1.255765757999688,0.24502298094576846,0.21994185626320154,0.0,0.22935850656976423,0.7380776371701071,0.7840731591495869
POLES-JRC ENGAGE,ENGAGE-INDCi2030-700f,R10MIDDLE_EAST,0.21648732315603803,0.43968177104103096,0.0,0.513522306849447,1.7169192790526115,0.8435965379930697,0.21648732315603803,0.21984088552051548,0.0,0.20834862226972314,0.6498941686942845,0.4927963063795851
POLES-JRC ENGAGE,ENGAGE-INDCi2030-800f,R10MIDDLE_EAST,0.18799254711641714,0.43977331784774387,0.0,0.5022626796446448,1.736760535853768,0.7947296181494212,0.18799254711641714,0.21988665892387194,0.0,0.20217454047516925,0.6602200584616318,0.45826242581375026
POLES-JRC ENGAGE,ENGAGE-INDCi2030-900,R10MIDDLE_EAST,0.1486340572682147,0.43887939020584327,0.0,0.4210223689320172,1.7284856710749685,1.1028679413763407,0.1486340572682147,0.21943969510292163,0.0,0.1576273885818267,0.655913610417443,0.6760214351010557
POLES-JRC ENGAGE,ENGAGE-INDCi2030-900f,R10MIDDLE_EAST,0.13745498619618796,0.4398060772442602,0.0,0.5299777069005187,1.566368763852903,0.7227037566685308,0.13745498619618796,0.2199030386221301,0.0,0.21737174390860764,0.5715438887725547,0.40736229734257284
POLES-JRC ENGAGE,ENGAGE-NPi2020-1000f,R10MIDDLE_EAST,0.10525656590010433,0.40849706935264257,0.0,0.708604507134143,1.7548958470236007,0.5023353447677931,0.10525656590010433,0.20424853467632129,0.0,0.31531961156726956,0.6696581311559643,0.25162961680097484
POLES-JRC ENGAGE,ENGAGE-NPi2020-1000f-COV,R10MIDDLE_EAST,0.10746601854360956,0.40849437679949235,0.0,0.8037278633637535,1.699089849251021,0.4515477816332552,0.10746601854360956,0.20424718839974618,0.0,0.3674793652830606,0.6406152843680077,0.2157384322301124
POLES-JRC ENGAGE,ENGAGE-NPi2020-1200f,R10MIDDLE_EAST,0.0818916138431675,0.40849706935264257,0.0,0.7608794130593675,1.8135012005412767,0.44598293341597806,0.0818916138431675,0.20424853467632129,0.0,0.3439839304753853,0.7001578331791077,0.2118057963218677
POLES-JRC ENGAGE,ENGAGE-NPi2020-900f,R10MIDDLE_EAST,0.11431845633478999,0.40847552892751976,0.0,0.6546755200145127,1.7122447918570938,0.556366858775655,0.11431845633478999,0.20423776446375988,0.0,0.2857482970363556,0.647461447824658,0.2898132767801348
REMIND-MAgPIE 2.1-4.2,NGFS Phase 2-Delayed Transition,R10MIDDLE_EAST,0.31968560279634345,2.0,0.0,0.984353893347512,1.876936739623448,1.3167207213321772,0.31968560279634345,1.0,0.0,0.4665234866434588,0.7331712854245609,0.8271495681058724
REMIND-MAgPIE 3.2.0-4.8.0,RESCUE-End-of-Century-Budget-1150,R10MIDDLE_EAST,0.731396944811364,0.8415199637187886,1.1423326749250953,1.7313811558268948,2.3238796167996223,0.19732326862294913,0.731396944811364,0.4207599818593943,0.15744512018899112,0.8761469437453332,0.9657716155484682,0.03607990254796077
REMIND-MAgPIE 3.2.0-4.8.0,RESCUE-End-of-Century-Budget-1150-with-OAE,R10MIDDLE_EAST,0.6975882692388746,0.8638890210995608,1.1423326749250953,1.7051298833386548,2.324694521933949,0.18991569604710518,0.6975882692388746,0.4319445105497804,0.15744512018899112,0.8617523727168723,0.9661957127048244,0.030845027351500062
REMIND-MAgPIE 3.2.0-4.8.0,RESCUE-End-of-Century-Budget-500,R10MIDDLE_EAST,0.8356070013724596,0.8659300687315576,1.1457254438133253,1.9572510564869499,2.2918111278069158,0.6101486763546707,0.8356070013724596,0.4329650343657788,0.15791273782534723,1.0,0.9490823661897896,0.32782047819225024
REMIND-MAgPIE 3.2.0-4.8.0,RESCUE-End-of-Century-Budget-500-with-OAE,R10MIDDLE_EAST,0.835189456498701,1.833128990120623,1.147941389154977,1.9358180073590716,2.2646621505800275,0.6287747162804739,0.835189456498701,0.9165644950603115,0.15821815654294757,0.9882474440747226,0.9349533546583866,0.34098335893591475
REMIND-MAgPIE 3.2.0-4.8.0,RESCUE-Peak-Budget-1150,R10MIDDLE_EAST,0.5887672518962697,0.895082001576214,4.758584572013188,1.6643682598510163,2.0473246524143374,0.29845545395220074,0.5887672518962697,0.447541000788107,0.6558649124863933,0.8394012244138312,0.8218454466835674,0.10754924869657408
REMIND-MAgPIE 3.2.0-4.8.0,RESCUE-Peak-Budget-1150-with-OAE,R10MIDDLE_EAST,0.5904659045704661,0.8259337818018481,4.756657604615871,1.6682829428181503,2.038376895745986,0.291240163004555,0.5904659045704661,0.41296689090092403,0.6555993229430576,0.8415477939582051,0.8171888087523925,0.10245025746424385
REMIND-MAgPIE 3.3-4.8,NGFS Phase 5-Below 2°C,R10MIDDLE_EAST,0.36549498499368327,0.7495285037804171,4.800724789309031,1.4701953438406332,2.0048742459778843,0.14626866146935474,0.36549498499368327,0.37476425189020857,0.6616730030037807,0.7329288302635305,0.799753186004982,0.0
REMIND-MAgPIE 3.3-4.8,NGFS Phase 5-Delayed Transition,R10MIDDLE_EAST,0.3763536843890978,0.799812495441042,1.4061083581885188,1.4795176929021712,2.2757292920259693,0.386641567011193,0.3763536843890978,0.399906247720521,0.19380072400384843,0.7380406287783845,0.9407129738072992,0.16986970404117832
REMIND-MAgPIE 3.3-4.8,NGFS Phase 5-Low Demand,R10MIDDLE_EAST,0.20586457015375992,1.6878435086805748,4.330272858808423,0.6488119888373158,1.576921964364238,1.1789589801977796,0.20586457015375992,0.8439217543402874,0.5968316810607942,0.2825330999046522,0.5770360401148229,0.7297943934785708
REMIND-MAgPIE 3.3-4.8,NGFS Phase 5-Net-Zero 2050,R10MIDDLE_EAST,0.45807614003039954,1.6820502320686064,7.255433979496365,1.0697983804697695,1.54621332971468,1.0122914884332352,0.45807614003039954,0.8410251160343032,1.0,0.5133759483449909,0.5610544932060305,0.6120117447415614
WITCH 5.0,ENGAGE-INDCi2030-1000,R10MIDDLE_EAST,0.3148622865118367,0.0,0.0,1.0572266208852543,2.326598782807301,0.9329134404166953,0.3148622865118367,0.0,0.0,0.5064823744668825,0.9671867380246195,0.5559158819672557
WITCH 5.0,ENGAGE-INDCi2030-1000-NDCp,R10MIDDLE_EAST,0.3154098933713813,0.0,0.0,1.0525091423923056,2.296196411070973,0.9080899803347771,0.3154098933713813,0.0,0.0,0.50389560160578,0.9513645780495045,0.538373331537588
WITCH 5.0,ENGAGE-INDCi2030-1000f,R10MIDDLE_EAST,0.31485997144488875,0.0,0.0,1.0490330731279252,2.36538202739661,0.849571724221162,0.31485997144488875,0.0,0.0,0.5019895406348922,0.9873705153156798,0.49701892503899264
WITCH 5.0,ENGAGE-INDCi2030-1000f-NDCp,R10MIDDLE_EAST,0.3145375951665411,0.0,0.0,1.0558696806925076,2.3242421479864683,0.8117814543298192,0.3145375951665411,0.0,0.0,0.5057383125554221,0.9659602859089254,0.47031282874412
WITCH 5.0,ENGAGE-INDCi2030-1200,R10MIDDLE_EAST,0.3415490515025776,0.0,0.0,1.0639147020308135,2.3725580075194492,0.7265482596689284,0.3415490515025776,0.0,0.0,0.5101497037034743,0.9911050761080582,0.41007917837120145
WITCH 5.0,ENGAGE-INDCi2030-1200-NDCp,R10MIDDLE_EAST,0.34277416327296734,0.0,0.0,1.066510276127783,2.3415700975172955,0.7114217528764333,0.34277416327296734,0.0,0.0,0.5115729556892665,0.9749781872718597,0.3993893910749757
WITCH 5.0,ENGAGE-INDCi2030-1200f,R10MIDDLE_EAST,0.33076979662319383,0.0,0.0,1.07308750979748,2.3767160709231034,0.6768591971068115,0.33076979662319383,0.0,0.0,0.5151795030393674,0.9932690370295898,0.3749642957995413
WITCH 5.0,ENGAGE-INDCi2030-1200f-NDCp,R10MIDDLE_EAST,0.33048282741696494,0.0,0.0,1.0756677941265202,2.345200552245542,0.6655091123182829,0.33048282741696494,0.0,0.0,0.5165943710639417,0.9768675673501939,0.3669432772095986
WITCH 5.0,ENGAGE-INDCi2030-1400,R10MIDDLE_EAST,0.3470989575827627,0.0,0.0,1.0809803376125864,2.388557439836586,0.5588242328130552,0.3470989575827627,0.0,0.0,0.5195074406908035,0.9994315836525429,0.2915498843212829
WITCH 5.0,ENGAGE-INDCi2030-1400-NDCp,R10MIDDLE_EAST,0.344576142307812,0.0,0.0,1.0923114805039082,2.3566988672159517,0.5644750180534617,0.344576142307812,0.0,0.0,0.525720737255983,0.9828515800609093,0.2955432512701258
WITCH 5.0,ENGAGE-INDCi2030-1400f,R10MIDDLE_EAST,0.3395471772424829,0.0,0.0,1.0904262277344814,2.3896496551297934,0.5552386750615741,0.3395471772424829,0.0,0.0,0.5246869814672579,1.0,0.2890159979304949
WITCH 5.0,ENGAGE-INDCi2030-1400f-NDCp,R10MIDDLE_EAST,0.3410096987439664,0.0,0.0,1.0965157344882455,2.3579072597250965,0.5482179529599082,0.3410096987439664,0.0,0.0,0.5280260896013348,0.9834804579576155,0.28405450702170454
WITCH 5.0,ENGAGE-INDCi2030-1600-NDCp,R10MIDDLE_EAST,0.3640466820087691,0.0,0.0,1.1277113556558396,2.385982266395216,0.44620514408325773,0.3640466820087691,0.0,0.0,0.5451318350418675,0.9980913985345399,0.21196283091027315
WITCH 5.0,ENGAGE-INDCi2030-500f,R10MIDDLE_EAST,0.28070715923679,0.0,0.0,1.0068670921040508,2.237348684849329,1.5613114844295288,0.28070715923679,0.0,0.0,0.4788683296876971,0.9207387391667423,1.0
WITCH 5.0,ENGAGE-INDCi2030-600f,R10MIDDLE_EAST,0.2851518163008518,0.0,0.0,1.0079359640864476,2.2523478578182368,1.3895603954486837,0.2851518163008518,0.0,0.0,0.4794544328443283,0.9285446865535676,0.878624811776683
WITCH 5.0,ENGAGE-INDCi2030-600f-NDCp,R10MIDDLE_EAST,0.2863334643038713,0.0,0.0,1.0118488223323645,2.2248639369828056,1.2902153329825714,0.2863334643038713,0.0,0.0,0.4816000018246656,0.9142413619322854,0.8084184117623786
WITCH 5.0,ENGAGE-INDCi2030-700f,R10MIDDLE_EAST,0.2949525870988439,0.0,0.0,1.0132950406924945,2.2751036297000375,1.243579632963064,0.2949525870988439,0.0,0.0,0.48239301835050763,0.9403873633747597,0.7754613172753378
WITCH 5.0,ENGAGE-INDCi2030-700f-NDCp,R10MIDDLE_EAST,0.29479540108279384,0.0,0.0,1.0183338624631755,2.2447237145317698,1.0965810758250432,0.29479540108279384,0.0,0.0,0.4851559959513197,0.9245768903632612,0.6715785550346095
WITCH 5.0,ENGAGE-INDCi2030-800,R10MIDDLE_EAST,0.3018466742600827,0.0,0.0,1.0117253425478026,2.32622177384914,1.4123321572319165,0.3018466742600827,0.0,0.0,0.48153229316291396,0.9669905330673286,0.8947174426241338
WITCH 5.0,ENGAGE-INDCi2030-800-NDCp,R10MIDDLE_EAST,0.2985930962067869,0.0,0.0,1.0124577894294575,2.289700231375739,1.323752835487995,0.2985930962067869,0.0,0.0,0.481933921642725,0.9479838025213153,0.8321191096926825
WITCH 5.0,ENGAGE-INDCi2030-800f,R10MIDDLE_EAST,0.30329742994646713,0.0,0.0,1.0299862810215585,2.307962445610475,1.031596450921291,0.30329742994646713,0.0,0.0,0.4915454601827066,0.9574879187668435,0.625654414896003
WITCH 5.0,ENGAGE-INDCi2030-800f-NDCp,R10MIDDLE_EAST,0.30157181862144683,0.0,0.0,1.0324646885629147,2.260300031844203,0.9846232012655912,0.30157181862144683,0.0,0.0,0.4929044652902688,0.9326831982025928,0.5924587766485082
WITCH 5.0,ENGAGE-INDCi2030-900,R10MIDDLE_EAST,0.31814680215074065,0.0,0.0,1.0185540569405735,2.3200924041000275,1.1762361244919215,0.31814680215074065,0.0,0.0,0.4852767369571662,0.9638006546736896,0.727870172061609
WITCH 5.0,ENGAGE-INDCi2030-900-NDCp,R10MIDDLE_EAST,0.29804485157619776,0.0,0.0,1.0371287389118822,2.244575774745956,1.0641798709719779,0.29804485157619776,0.0,0.0,0.49546194146818007,0.9244998987726666,0.6486808700124105
WITCH 5.0,ENGAGE-INDCi2030-900f,R10MIDDLE_EAST,0.30719093518801455,0.0,0.0,1.0402096351788983,2.350873792043387,0.9076299897518342,0.30719093518801455,0.0,0.0,0.4971513140563756,0.9798200642289632,0.5380482596913659
WITCH 5.0,ENGAGE-INDCi2030-900f-NDCp,R10MIDDLE_EAST,0.30649977125309724,0.0,0.0,1.0419054633137081,2.3117152489576505,0.8847911039895927,0.30649977125309724,0.0,0.0,0.49808120111421317,0.9594409721479784,0.5219081928385028
IMAGE 3.0,ENGAGE-INDCi2030-1000,R10EUROPE,0.08789152085859803,1.9010641950634874,0.0,0.4501057133606433,2.7327537766220154,0.8675942685851225,0.08789152085859803,0.9010641950634874,0.0,0.24447321923856466,0.9478810872072398,0.44195071025039084
IMAGE 3.0,ENGAGE-INDCi2030-1000f,R10EUROPE,0.24437238554944055,1.98590732279504,0.0,0.4392490909787501,2.6672971212441814,0.8279094879667116,0.24437238554944055,0.9859073227950399,0.0,0.23746795619037828,0.9103360774634371,0.413062161168167
IMAGE 3.0,ENGAGE-INDCi2030-1200,R10EUROPE,0.034657881789559475,1.9067329105726847,0.0,0.524212733048419,2.682303452294675,0.514454518395518,0.034657881789559475,0.9067329105726847,0.0,0.29229096110787933,0.9189434962546562,0.18488251314150186
IMAGE 3.0,ENGAGE-INDCi2030-1200f,R10EUROPE,0.11300064127059822,1.9966963389242796,0.0,0.51572293217513,2.50020378801684,0.468981209876266,0.11300064127059822,0.9966963389242796,0.0,0.2868128956237835,0.8144937099007729,0.15178020327311673
IMAGE 3.0,ENGAGE-INDCi2030-1400f,R10EUROPE,0.13307917377002995,1.9947386820275104,0.0,0.6117917298269226,2.4928359860416966,0.45282417792739904,0.13307917377002995,0.9947386820275104,0.0,0.34880153026545724,0.8102676431188631,0.14001868656055202
IMAGE 3.0,ENGAGE-INDCi2030-800f,R10EUROPE,0.2447641518152929,1.9802775095100085,0.0,0.3846085908737861,2.761354573210874,0.9268595942527396,0.2447641518152929,0.9802775095100085,0.0,0.20221103531247095,0.9642860987436659,0.4850929235307298
IMAGE 3.0,ENGAGE-NPi2020-1000,R10EUROPE,0.04620328356218435,1.904826308989618,0.0,0.4770451791594845,2.823618840624461,0.7121192522255682,0.04620328356218435,0.904826308989618,0.0,0.26185597767485774,1.0,0.3287726210390614
IMAGE 3.0,ENGAGE-NPi2020-1200,R10EUROPE,0.02392718241931808,1.908449679422235,0.0,0.5793719130594606,2.7666879238353563,0.3951194368891277,0.02392718241931808,0.908449679422235,0.0,0.32788256150691863,0.9673452330670964,0.09801250137358518
IMAGE 3.0,ENGAGE-NPi2020-1400,R10EUROPE,0.054211638518432775,1.8742427474075336,0.0,0.6668981274352453,2.6168034220085503,0.35383614861623613,0.054211638518432775,0.8742427474075336,0.0,0.3843590726856561,0.8813736072782525,0.06796031811938978
IMAGE 3.0,ENGAGE-NPi2020-1400f,R10EUROPE,0.0799993275938448,1.9687982777959372,0.0,0.6485922572699989,2.5528551621132984,0.45460390928607386,0.0799993275938448,0.9687982777959372,0.0,0.37254716366620144,0.8446937918033007,0.141314242587499
IMAGE 3.2,SSP2021-SSP1-SPA1-19-Default,R10EUROPE,0.16730056475300198,1.2937181080746636,0.0,0.17983879259199032,2.0343459414818206,0.37714593058974666,0.16730056475300198,0.2937181080746636,0.0,0.07008280511074103,0.5472842521852284,0.08492868156109906
IMAGE 3.2,SSP2021-SSP1-SPA1-19-Lifestyle-Renewables,R10EUROPE,0.22670752515846523,1.2717406126587878,0.0,0.07122580471166859,2.13710233348113,0.4688373140950336,0.22670752515846523,0.2717406126587878,0.0,0.0,0.6062238621696172,0.1516754542919184
IMAGE 3.2,SSP2021-SSP1-SPA1-19-Renewables,R10EUROPE,0.21529076480639625,1.3519664382779033,1.2416718886298237,0.24360913227910105,1.8544919555489747,0.3869375256648996,0.21529076480639625,0.3519664382779033,0.1711368185747056,0.11123077806828506,0.44412255509984455,0.09205647641126356
IMAGE 3.2,SSP2021-SSP1-SPA1-26-Default,R10EUROPE,0.08480323132187272,1.4162884906809357,0.0,0.30191762820108825,2.0043629803215604,0.2804927215487416,0.08480323132187272,0.41628849068093565,0.0,0.14885448252344477,0.530086450641411,0.014569946302269045
IMAGE 3.2,SSP2021-SSP1-SPA1-26-Lifestyle,R10EUROPE,0.0,1.257645307537184,0.0,0.16805202538242597,2.335137352372189,0.32043189957716217,0.0,0.25764530753718407,0.0,0.06247736376017459,0.7198139420623461,0.04364368406264442
IMAGE 3.2,SSP2021-SSP1-SPA1-26-Lifestyle-Renewables,R10EUROPE,0.12385579775388864,1.2485455331128177,0.0,0.19049946337794654,2.5446251735413155,0.41866623087596344,0.12385579775388864,0.24854553311281768,0.0,0.07696162989608978,0.8399731870100542,0.11515339778822076
IMAGE 3.2,SSP2021-SSP1-SPA1-26-Renewables,R10EUROPE,0.14459181087757247,1.4031709257344391,1.0056945101199,0.3574892865550312,1.9192057737451638,0.34492466316731674,0.14459181087757247,0.40317092573443913,0.1386125920188871,0.18471223561639402,0.4812414839652106,0.061473199360638255
IMAGE 3.2,SSP2021-SSP2-SPA0-26-Default,R10EUROPE,0.13391604551719566,2.0,0.0,0.5132786611374991,2.7160186617815185,0.30078152230178307,0.13391604551719566,1.0,0.0,0.2852357235552196,0.9382820625378113,0.029339185472556515
IMAGE 3.2,SSP2021-SSP2-SPA2-19-Renewables,R10EUROPE,0.4377236754669984,1.696149913500557,1.2321510564371054,0.4065607608336254,2.6461222487777865,0.676222487516195,0.4377236754669984,0.6961499135005571,0.16982458388004448,0.21637572849583578,0.898190470748802,0.3026415593816694
IMAGE 3.2,SSP2021-SSP2-SPA2-26-Default,R10EUROPE,0.13232748339999156,1.8352898541162719,0.0,0.36746629708489514,2.220064371642578,0.28962408506042403,0.13232748339999156,0.8352898541162719,0.0,0.19114992689253055,0.653809711357263,0.021217125369008938
IMAGE 3.2,SSP2021-SSP2-SPA2-26-Lifestyle,R10EUROPE,0.006457463368343954,1.4539993838661989,0.0,0.25468376566352174,2.547976217064608,0.3450839842633121,0.006457463368343954,0.45399938386619887,0.0,0.11837671326719953,0.8418952980774115,0.061589177204783394
IMAGE 3.2,SSP2021-SSP2-SPA2-26-Lifestyle-Renewables,R10EUROPE,0.12763120832447367,1.4535504710488472,0.0,0.20496467746214553,2.339594546991969,0.36848003138566615,0.12763120832447367,0.45355047104884716,0.0,0.08629534586627474,0.7223705257200919,0.07862033738991968
IMAGE 3.2,SSP2021-SSP2-SPA2-26-Renewables,R10EUROPE,0.24371759216548017,1.8915340227592572,0.0,0.42051457979261364,2.1459370225375993,0.33842948580339777,0.24371759216548017,0.8915340227592572,0.0,0.22537946546816623,0.6112913145897563,0.05674503286579129
IMAGE 3.3,NAVIGATE Demand-1.5°C-ele_u,R10EUROPE,0.19370194245608655,1.671793038190179,0.0,0.6412440155120172,1.1504734212022953,0.6664047788655914,0.19370194245608655,0.6717930381901791,0.0,0.3678056920882471,0.04030750253889741,0.29549475514568085
IMAGE 3.3,NAVIGATE Demand-1.5°C-tec_u,R10EUROPE,0.07226996175681714,1.6655827308689335,0.0,0.38819059413232093,1.1354540737768102,0.7245399177357114,0.07226996175681714,0.6655827308689335,0.0,0.20452233197388442,0.031692617739477034,0.33781424857566905
IMAGE 3.3,NAVIGATE Demand-2.0°C-ele_u,R10EUROPE,0.1438044078110815,1.941395028846216,0.0,0.5949978908905479,1.2445153811886762,0.5609244878064563,0.1438044078110815,0.9413950288462161,0.0,0.3379652632203411,0.09424863783880218,0.2187103426332575
IMAGE 3.3,NAVIGATE Demand-2.0°C-ref,R10EUROPE,0.06028952663053505,1.9403475391256877,0.0,0.5479835600537811,1.2961091449743847,0.41525302431610184,0.06028952663053505,0.9403475391256877,0.0,0.30762914734922997,0.12384208945762491,0.11266875295219549
IMAGE 3.3,NAVIGATE Demand-2.0°C-tec_u,R10EUROPE,0.03079847730803744,1.9342072407046607,0.0,0.41877385149636415,1.2925222698888164,0.4504618862172397,0.03079847730803744,0.9342072407046607,0.0,0.22425625613272995,0.12178470874881665,0.13829905553445007
MESSAGEix-GLOBIOM 2.0-M-R12-NGFS,NGFS Phase 5-Below 2°C,R10EUROPE,0.20935618869570094,1.6250347907395002,2.215814166199008,1.015891136759834,1.910303572845449,0.5471105728630095,0.20935618869570094,0.6250347907395002,0.30540063798538186,0.6095476945515452,0.4761353077086971,0.20865449871418357
MESSAGEix-GLOBIOM 2.0-M-R12-NGFS,NGFS Phase 5-Delayed Transition,R10EUROPE,0.23002635743788244,1.6240986337877856,2.2157951783764283,1.0300418066208208,1.9326627276678026,0.721169332152956,0.23002635743788244,0.6240986337877856,0.30539802093688645,0.6186784500662239,0.488960201996723,0.33536062969392344
MESSAGEix-GLOBIOM 2.0-M-R12-NGFS,NGFS Phase 5-Low Demand,R10EUROPE,0.08180119272964678,1.6258713159840479,2.215814166199008,0.4313343603491318,1.6448044344488206,0.844659169974415,0.08180119272964678,0.6258713159840479,0.30540063798538186,0.23236095623535685,0.32384876510224064,0.4252550976856667
MESSAGEix-GLOBIOM 2.0-M-R12-NGFS,NGFS Phase 5-Nationally Determined Contributions (NDCs),R10EUROPE,0.13404880958925422,1.6563335840543874,2.215814166199008,1.0836058822154278,1.9886558422135319,0.49060875071184673,0.13404880958925422,0.6563335840543874,0.30540063798538186,0.6532408053065586,0.5210770588552109,0.16752397872608263
MESSAGEix-GLOBIOM 2.0-M-R12-NGFS,NGFS Phase 5-Net-Zero 2050,R10EUROPE,0.3778805201572629,1.5826094592873634,3.490612878157041,1.2253032624128792,1.5056380786666632,0.6313377849109922,0.3778805201572629,0.5826094592873634,0.481103251441803,0.7446713982299651,0.24402491596588521,0.26996772538169345
POLES-JRC ENGAGE,ENGAGE-INDCi2030-1000,R10EUROPE,0.5709694134687174,1.5905819594794322,0.0,0.5475656230625576,2.411827115083909,1.4099654949264289,0.5709694134687174,0.5905819594794322,0.0,0.30735947244868533,0.763802102955096,0.8367700225607082
POLES-JRC ENGAGE,ENGAGE-INDCi2030-1000-COV,R10EUROPE,0.4729726542610984,1.5921736611666863,0.0,0.5772734377766037,2.3863219978356214,1.044405125589755,0.4729726542610984,0.5921736611666863,0.0,0.32652851502363606,0.7491727292103437,0.5706602316652263
POLES-JRC ENGAGE,ENGAGE-INDCi2030-1000-COV-NDCp,R10EUROPE,0.4583767757192313,1.5907059152402403,0.0,0.5624230294586092,1.7881357171810905,0.832628270847895,0.4583767757192313,0.5907059152402403,0.0,0.3169462514999429,0.40606155730361476,0.4164972007160027
POLES-JRC ENGAGE,ENGAGE-INDCi2030-1000-NDCp,R10EUROPE,0.5041495789943241,1.5926316052103022,0.0,0.46758472001007384,1.6491409799017083,1.0254504602199568,0.5041495789943241,0.5926316052103022,0.0,0.2557515924833111,0.32633614610793504,0.5568621767852526
POLES-JRC ENGAGE,ENGAGE-INDCi2030-1000f,R10EUROPE,0.5915588162481694,1.640523853064413,0.0,0.6509725398414582,2.4398416171273576,0.9328565221481904,0.5915588162481694,0.6405238530644131,0.0,0.374083047015142,0.7798708242503983,0.4894583891613982
POLES-JRC ENGAGE,ENGAGE-INDCi2030-1000f-COV,R10EUROPE,0.47289532103185716,1.6167020114412667,0.0,0.6258530665827611,2.4046168165815978,0.7779044423436132,0.47289532103185716,0.6167020114412667,0.0,0.35787464336811653,0.7596663779327529,0.3766609717869778
POLES-JRC ENGAGE,ENGAGE-INDCi2030-1000f-COV-NDCp,R10EUROPE,0.4429578082374174,1.612206557890453,0.0,0.587984422527439,1.7932195914570475,0.6838504040202883,0.4429578082374174,0.612206557890453,0.0,0.33343980502206644,0.40897759552960256,0.30819430370555706
POLES-JRC ENGAGE,ENGAGE-INDCi2030-1000f-NDCp,R10EUROPE,0.5212265428376028,1.627757585256369,0.0,0.5210919591301354,1.6644583617305808,0.8686814283477897,0.5212265428376028,0.627757585256369,0.0,0.2902772738447065,0.3351219792168066,0.44274210855660867
POLES-JRC ENGAGE,ENGAGE-INDCi2030-1200,R10EUROPE,0.401055758520718,1.5957304992304977,0.0,0.6222126265194915,2.444729622304539,0.8558820466646908,0.401055758520718,0.5957304992304977,0.0,0.3555256402106619,0.7826745147375721,0.4334247944575412
POLES-JRC ENGAGE,ENGAGE-INDCi2030-1200f,R10EUROPE,0.414404411595177,1.6146995185340542,0.0,0.6538278364916823,2.449583016821832,0.6993301411157737,0.414404411595177,0.6146995185340542,0.0,0.37592543439971066,0.7854583530408041,0.3194627834072034
POLES-JRC ENGAGE,ENGAGE-INDCi2030-300f,R10EUROPE,1.0,1.6489783151611537,0.0,0.5977784549183163,2.451242680026946,1.618485418466305,1.0,0.6489783151611537,0.0,0.3397594291912722,0.7864103123312347,0.9885621693719886
POLES-JRC ENGAGE,ENGAGE-INDCi2030-400f,R10EUROPE,0.9797680900031516,1.645792038207365,0.0,0.621449782112931,2.440931419179013,1.5934413762517279,0.9797680900031516,0.645792038207365,0.0,0.35503341292810425,0.780495919260402,0.9703313506183264
POLES-JRC ENGAGE,ENGAGE-INDCi2030-500f,R10EUROPE,0.9269993784399718,1.6463650560394663,0.0,0.638398076360511,2.4252276131704313,1.5276509303784647,0.9269993784399718,0.6463650560394663,0.0,0.36596934265339126,0.7714884387192157,0.9224391739416732
POLES-JRC ENGAGE,ENGAGE-INDCi2030-600f,R10EUROPE,0.8924831136453605,1.6461926412825993,0.0,0.6475539404053499,2.4176216643996478,1.4660806782725362,0.8924831136453605,0.6461926412825993,0.0,0.3718771870833955,0.7671257743108133,0.8776190887037107
POLES-JRC ENGAGE,ENGAGE-INDCi2030-600f-COV,R10EUROPE,0.868769632175285,1.6350538642855845,0.0,0.6525508344600219,2.370264134160001,1.3422937365373508,0.868769632175285,0.6350538642855845,0.0,0.37510144560925873,0.739962166209748,0.7875083438204123
POLES-JRC ENGAGE,ENGAGE-INDCi2030-600f-COV-NDCp,R10EUROPE,0.8338897056145705,1.6392440653464002,0.0,0.6799887477344209,1.7707848834251727,1.1702804867036383,0.8338897056145705,0.6392440653464002,0.0,0.39280582853972323,0.3961093649914845,0.6622912421210095
POLES-JRC ENGAGE,ENGAGE-INDCi2030-600f-NDCp,R10EUROPE,0.8042161413458168,1.6495363120106497,0.0,0.5776496027807323,1.6474015916749074,1.1781491445654995,0.8042161413458168,0.6495363120106497,0.0,0.3267712364438669,0.32533845767508535,0.668019234195335
POLES-JRC ENGAGE,ENGAGE-INDCi2030-700f,R10EUROPE,0.8470082966492057,1.6476835064605344,0.0,0.6560452559811559,2.4174196127953937,1.3534391262137206,0.8470082966492057,0.6476835064605344,0.0,0.3773562299331212,0.7670098803744874,0.79562163389507
POLES-JRC ENGAGE,ENGAGE-INDCi2030-800f,R10EUROPE,0.7983483115820886,1.6465609818995421,0.0,0.6653506796936106,2.4207877261751114,1.2309397790965442,0.7983483115820886,0.6465609818995421,0.0,0.38336057811688923,0.7689417824695424,0.7064481939367507
POLES-JRC ENGAGE,ENGAGE-INDCi2030-900,R10EUROPE,0.5659777266342748,1.5887351623223598,0.0,0.44018796447598707,2.448109503052764,1.634197796333786,0.5659777266342748,0.5887351623223598,0.0,0.23807376668887043,0.7846131664284124,1.0
POLES-JRC ENGAGE,ENGAGE-INDCi2030-900f,R10EUROPE,0.7146730134427022,1.6366259733868302,0.0,0.6748353053596274,2.4314247558031603,1.0542677849134878,0.7146730134427022,0.6366259733868302,0.0,0.38948055681439286,0.7750430318952113,0.5778397577584794
POLES-JRC ENGAGE,ENGAGE-NPi2020-1000f,R10EUROPE,0.4226566139000408,1.6233991491903683,0.0,0.6518853866650636,2.356936899031289,0.6077152908516962,0.4226566139000408,0.6233991491903683,0.0,0.37467206373665224,0.7323178530398012,0.2527717230744532
POLES-JRC ENGAGE,ENGAGE-NPi2020-1000f-COV,R10EUROPE,0.3888060455291872,1.6135095954771954,0.0,0.6759398934783991,2.4175059109038943,0.5782473438948965,0.3888060455291872,0.6135095954771954,0.0,0.39019329509152056,0.7670593797463362,0.23132052141103918
POLES-JRC ENGAGE,ENGAGE-NPi2020-1200f,R10EUROPE,0.35243504076399246,1.612946504555337,0.0,0.6981969376909587,2.4260248739015804,0.5151457209497186,0.35243504076399246,0.6129465045553371,0.0,0.4045547091574766,0.77194573617425,0.18538567426779812
POLES-JRC ENGAGE,ENGAGE-NPi2020-900f,R10EUROPE,0.5134975421945341,1.6355020120361963,0.0,0.6455496407475234,2.2933389825039288,0.6867157492458544,0.5134975421945341,0.6355020120361963,0.0,0.37058390766033283,0.6958389895549143,0.310280132703384
REMIND-MAgPIE 2.1-4.2,NGFS Phase 2-Delayed Transition,R10EUROPE,0.6240893748379268,1.8977379290020593,0.0,1.1190487447863902,1.1965885226172428,1.6186128605174084,0.6240893748379268,0.8977379290020593,0.0,0.6761104020150529,0.06675847107626891,0.9886549408549368
REMIND-MAgPIE 3.2.0-4.8.0,RESCUE-End-of-Century-Budget-1150,R10EUROPE,0.45410332289597005,1.7159716893140606,1.1423326749250953,1.0441479684283508,2.0376356102506112,0.4161358532718912,0.45410332289597005,0.7159716893140606,0.15744512018899112,0.6277804866468493,0.5491711595633275,0.11331140858045154
REMIND-MAgPIE 3.2.0-4.8.0,RESCUE-End-of-Century-Budget-1150-with-OAE,R10EUROPE,0.5570903535566284,1.6680415279805905,1.1423326749250953,1.1732357079680356,2.0370825559264936,0.4113855273637664,0.5570903535566284,0.6680415279805905,0.15744512018899112,0.7110746770461994,0.5488539354419911,0.10985340727579627
REMIND-MAgPIE 3.2.0-4.8.0,RESCUE-End-of-Century-Budget-500,R10EUROPE,0.4396802475706551,1.5308969654173519,1.1457254438133253,1.0159063210562884,2.038464823804371,0.6309501939102521,0.4396802475706551,0.5308969654173519,0.15791273782534723,0.6095574922572334,0.549646784704513,0.2696855783854337
REMIND-MAgPIE 3.2.0-4.8.0,RESCUE-End-of-Century-Budget-500-with-OAE,R10EUROPE,0.6040185356944255,1.5394355556512649,1.147941389154977,1.2629347526763304,2.031886588043204,0.6228639138082144,0.6040185356944255,0.5394355556512649,0.15821815654294757,0.7689532124920513,0.5458736019116492,0.26379916812991244
REMIND-MAgPIE 3.2.0-4.8.0,RESCUE-Peak-Budget-1150,R10EUROPE,0.5276160835966123,1.8239327867188235,4.758584572013188,1.2055937909281669,1.8466451936692352,0.6526769809971708,0.5276160835966123,0.8239327867188235,0.6558649124863933,0.7319538119094338,0.4396217637054238,0.28550160017965004
REMIND-MAgPIE 3.2.0-4.8.0,RESCUE-Peak-Budget-1150-with-OAE,R10EUROPE,0.5257946181157543,1.8168984136072115,4.756657604615871,1.202279316002728,1.8374734069210454,0.65817262577019,0.5257946181157543,0.8168984136072115,0.6555993229430576,0.7298151385815265,0.43436095682732784,0.28950215659674106
REMIND-MAgPIE 3.3-4.8,NGFS Phase 5-Below 2°C,R10EUROPE,0.5668123828688091,1.4664993917291254,4.800724789309031,1.483449209352486,2.0463561346566452,0.7716345132302674,0.5668123828688091,0.46649939172912536,0.6616730030037807,0.911240723340797,0.5541731287581436,0.37209677483009895
REMIND-MAgPIE 3.3-4.8,NGFS Phase 5-Delayed Transition,R10EUROPE,0.658204040749108,1.2057592406090092,1.4061083581885188,1.4875510034306136,2.1957499501736923,1.587740221301722,0.658204040749108,0.2057592406090092,0.19380072400384843,0.9138874163430976,0.6398633038346847,0.9661811930004158
REMIND-MAgPIE 3.3-4.8,NGFS Phase 5-Low Demand,R10EUROPE,0.38935857112982686,1.1593204398412376,4.330272858808423,1.015511452463654,1.5339577757644216,1.563490143100731,0.38935857112982686,0.15932043984123756,0.5968316810607942,0.609302702299218,0.26026869281851284,0.9485283406111528
REMIND-MAgPIE 3.3-4.8,NGFS Phase 5-Net-Zero 2050,R10EUROPE,0.7359084519716902,1.4288508023744553,7.255433979496365,1.6210066348125385,1.741654407693352,1.5070516659014468,0.7359084519716902,0.4288508023744553,1.0,1.0,0.379400537006314,0.907443932601572
WITCH 5.0,ENGAGE-INDCi2030-1000,R10EUROPE,0.3160868780778584,1.1804164285170529,0.0,1.395440044082561,1.203677724469265,0.6213052054892386,0.3160868780778584,0.18041642851705286,0.0,0.8544525868762384,0.070824736776427,0.2626645058972904
WITCH 5.0,ENGAGE-INDCi2030-1000-NDCp,R10EUROPE,0.32620663333698985,1.1804156511091943,0.0,1.3981351142468554,1.2093329956808838,0.6059987568860696,0.32620663333698985,0.18041565110919433,0.0,0.85619158771555,0.07406852018574524,0.2515221716105275
WITCH 5.0,ENGAGE-INDCi2030-1000f,R10EUROPE,0.31641317186001383,1.0102169951151574,0.0,1.372203432825413,1.2139357805171866,0.5423376394978231,0.31641317186001383,0.01021699511515739,0.0,0.8394591046974482,0.07670861232809656,0.20518004030373685
WITCH 5.0,ENGAGE-INDCi2030-1000f-NDCp,R10EUROPE,0.32148864306079705,1.0824687344354502,0.0,1.3885313817442424,1.2199377982265618,0.514293925224889,0.32148864306079705,0.08246873443545022,0.0,0.8499947550305129,0.08015128461375197,0.18476560929020946
WITCH 5.0,ENGAGE-INDCi2030-1200,R10EUROPE,0.342121935055511,1.1804164285170529,0.0,1.405726536003404,1.2427885973507118,0.49324216512944624,0.342121935055511,0.18041642851705286,0.0,0.8610899718025788,0.09325817910473477,0.1694409736160926
WITCH 5.0,ENGAGE-INDCi2030-1200-NDCp,R10EUROPE,0.34590671433701936,1.1804156511091943,0.0,1.4095149260962847,1.247290599606269,0.4751687062761381,0.34590671433701936,0.18041565110919433,0.0,0.863534440090804,0.09584046378726012,0.15628439330915442
WITCH 5.0,ENGAGE-INDCi2030-1200f,R10EUROPE,0.34245563615369357,1.1804164285170529,0.0,1.4137759709832132,1.2441539498219358,0.45669313548926366,0.34245563615369357,0.18041642851705286,0.0,0.8662838900802268,0.09404132592975864,0.1428350954881376
WITCH 5.0,ENGAGE-INDCi2030-1200f-NDCp,R10EUROPE,0.34287860365992023,1.1804156511091943,0.0,1.421335169532697,1.2481396342898365,0.4291331093387,0.34287860365992023,0.18041565110919433,0.0,0.8711614820614051,0.09632745804755899,0.1227727654021155
WITCH 5.0,ENGAGE-INDCi2030-1400,R10EUROPE,0.36704872177475,1.1804164285170529,0.0,1.447120101202523,1.2335343764895346,0.38238859471581216,0.36704872177475,0.18041642851705286,0.0,0.8877992744311479,0.08795008918784816,0.08874508063317038
WITCH 5.0,ENGAGE-INDCi2030-1400-NDCp,R10EUROPE,0.36782728980159196,1.1804156511091943,0.0,1.4636393719501257,1.2469613203705832,0.34466728081324877,0.36782728980159196,0.18041565110919433,0.0,0.8984583756580792,0.09565159388486595,0.06128583779147939
WITCH 5.0,ENGAGE-INDCi2030-1400f,R10EUROPE,0.36075627145001143,1.1804164285170529,0.0,1.451960084256919,1.2402787666500583,0.36108529496985403,0.36075627145001143,0.18041642851705286,0.0,0.8909222857372568,0.0918185757891147,0.07323733658786433
WITCH 5.0,ENGAGE-INDCi2030-1400f-NDCp,R10EUROPE,0.36395383079719834,1.1804156511091943,0.0,1.4628200790751076,1.2512871499124385,0.34611757143432614,0.36395383079719834,0.18041565110919433,0.0,0.8979297248584918,0.09813282839587929,0.06234157732531584
WITCH 5.0,ENGAGE-INDCi2030-1600-NDCp,R10EUROPE,0.3896417621947992,1.1804156511091943,0.0,1.484882057668932,1.3018350701133343,0.26047769341486543,0.3896417621947992,0.18041565110919433,0.0,0.9121652723406403,0.12712639895821315,0.0
WITCH 5.0,ENGAGE-INDCi2030-500f,R10EUROPE,0.339185231327477,1.0000007774078585,0.0,1.3581175582138414,1.0802005854557213,1.1669952602185822,0.339185231327477,7.774078585320865e-07,0.0,0.8303701584813211,0.0,0.659899760422463
WITCH 5.0,ENGAGE-INDCi2030-600f,R10EUROPE,0.3232306015991363,1.0000007774078585,0.0,1.344802791759868,1.152398306223576,0.9353354206163632,0.3232306015991363,7.774078585320865e-07,0.0,0.8217787717540077,0.041411589303834054,0.49126290411528545
WITCH 5.0,ENGAGE-INDCi2030-600f-NDCp,R10EUROPE,0.3051165285082857,1.0,0.0,1.3499993236167986,1.1635233130802762,0.8501956597777726,0.3051165285082857,0.0,0.0,0.82513184707666,0.047792735551280795,0.42928538725600446
WITCH 5.0,ENGAGE-INDCi2030-700f,R10EUROPE,0.302848760564382,1.0000007774078585,0.0,1.3450137658609185,1.1736137928969987,0.7414016925524154,0.302848760564382,7.774078585320865e-07,0.0,0.8219149033262616,0.05358049175195559,0.3500887830902879
WITCH 5.0,ENGAGE-INDCi2030-700f-NDCp,R10EUROPE,0.2973944746775454,1.0,0.0,1.348619344855157,1.1832216886108122,0.7575708207557302,0.2973944746775454,0.0,0.0,0.8242414122907608,0.059091444551336234,0.3618591052752499
WITCH 5.0,ENGAGE-INDCi2030-800,R10EUROPE,0.3163739949527253,1.1804164285170529,0.0,1.4011614763210005,1.1097609631753602,1.0256644760825744,0.3163739949527253,0.18041642851705286,0.0,0.8581443554975261,0.016955413671963578,0.5570179697027202
WITCH 5.0,ENGAGE-INDCi2030-800-NDCp,R10EUROPE,0.3126416755036714,1.1804156511091943,0.0,1.4063804642997808,1.1197738155656567,0.9652872528148361,0.3126416755036714,0.18041565110919433,0.0,0.861511920689593,0.022698643881129518,0.5130663501992659
WITCH 5.0,ENGAGE-INDCi2030-800f,R10EUROPE,0.30462473708568777,1.0000007774078585,0.0,1.346111354642026,1.1937517843649819,0.6823020601267208,0.30462473708568777,7.774078585320865e-07,0.0,0.8226231252630603,0.06513135822262589,0.3070671862598142
WITCH 5.0,ENGAGE-INDCi2030-800f-NDCp,R10EUROPE,0.30408803813735014,1.0,0.0,1.3516101060782095,1.198908053059095,0.6564839599060469,0.30408803813735014,0.0,0.0,0.8261712085335351,0.06808892086075145,0.2882728917264411
WITCH 5.0,ENGAGE-INDCi2030-900,R10EUROPE,0.30932681780118254,1.1804164285170529,0.0,1.392471115764701,1.1712812740468257,0.7809683751326658,0.30932681780118254,0.18041642851705286,0.0,0.8525368783707545,0.05224259200055756,0.3788913626668537
WITCH 5.0,ENGAGE-INDCi2030-900-NDCp,R10EUROPE,0.29125411350390223,1.1804156511091943,0.0,1.3996654006987743,1.1765360992195464,0.7577761512771151,0.29125411350390223,0.18041565110919433,0.0,0.857179008918727,0.05525668523787547,0.36200857569571515
WITCH 5.0,ENGAGE-INDCi2030-900f,R10EUROPE,0.3158614298489944,1.0000007774078585,0.0,1.3566649067009788,1.207375365068481,0.5998792454411961,0.3158614298489944,7.774078585320865e-07,0.0,0.8294328314189081,0.07294565101387618,0.24706747124480477
WITCH 5.0,ENGAGE-INDCi2030-900f-NDCp,R10EUROPE,0.31157110465665117,1.0,0.0,1.370684505142543,1.2108895403294861,0.5706066546993542,0.31157110465665117,0.0,0.0,0.8384790127687262,0.07496133213376036,0.2257584792022172
IMAGE 3.0,ENGAGE-INDCi2030-1000,R10REST_ASIA,0.27513441838204883,1.2121606454145268,0.0,0.459877901453425,1.5192132708799675,0.8891511152689825,0.27513441838204883,0.21216064541452684,0.0,0.07005620116990673,0.26499106894791924,0.4935109980985997
IMAGE 3.0,ENGAGE-INDCi2030-1000f,R10REST_ASIA,0.34224908132314036,1.2186021886210971,0.0,0.39736178002629347,1.5156023950002884,0.6015373596860238,0.34224908132314036,0.21860218862109715,0.0,0.031106282249121604,0.26292964139344455,0.3060108040210948
IMAGE 3.0,ENGAGE-INDCi2030-1200,R10REST_ASIA,0.23129660917898573,1.212866634149973,0.0,0.5551908284541568,1.5981015906819789,0.44947526156716217,0.23129660917898573,0.21286663414997298,0.0,0.12943977606279905,0.3100279413259668,0.206878991457647
IMAGE 3.0,ENGAGE-INDCi2030-1200f,R10REST_ASIA,0.2528933160728327,1.2208704026918185,0.0,0.5407510765344578,1.4817995576212462,0.2986651443485234,0.2528933160728327,0.22087040269181846,0.0,0.12044326198500087,0.24363180266552417,0.10856336608002179
IMAGE 3.0,ENGAGE-INDCi2030-1400f,R10REST_ASIA,0.25470899040672995,1.2190291983953379,0.0,0.6030749569343198,1.493916485394188,0.3129472962363383,0.25470899040672995,0.21902919839533785,0.0,0.15927340744168644,0.2505492846336227,0.11787413859638458
IMAGE 3.0,ENGAGE-INDCi2030-800f,R10REST_ASIA,0.3796929834110828,1.2197747050688477,0.0,0.3628929251648788,1.5309806033302478,0.9705747840616553,0.3796929834110828,0.21977470506884766,0.0,0.009630876041951649,0.27170896902645303,0.5465924429348675
IMAGE 3.0,ENGAGE-NPi2020-1000,R10REST_ASIA,0.265606565109384,1.2113745159576226,0.0,0.504057247782867,1.428718241392629,0.5442114140899812,0.265606565109384,0.21137451595762258,0.0,0.09758161250737728,0.2133279950721209,0.2686390659999132
IMAGE 3.0,ENGAGE-NPi2020-1200,R10REST_ASIA,0.2149981620483334,1.212439553316394,0.0,0.5833121932882708,1.5444361180978492,0.2420700752617949,0.2149981620483334,0.21243955331639408,0.0,0.14696045481295572,0.2793906423450163,0.07166809861938528
IMAGE 3.0,ENGAGE-NPi2020-1400,R10REST_ASIA,0.20827760053419153,1.2089136742333013,0.0,0.6413115157886137,1.47088570105497,0.13873391469714905,0.20827760053419153,0.20891367423330132,0.0,0.1830962363886247,0.23740114689086336,0.004301535703006745
IMAGE 3.0,ENGAGE-NPi2020-1400f,R10REST_ASIA,0.2466633629255499,1.2180664296358956,0.0,0.6421165415628405,1.4263192413965553,0.204881083003671,0.2466633629255499,0.21806642963589562,0.0,0.1835977980325572,0.2119584202487597,0.04742397562251493
IMAGE 3.2,SSP2021-SSP1-SPA1-19-Default,R10REST_ASIA,0.36050433066341137,1.3151585476332,0.0,0.5490058970263029,2.0251546726463885,0.47894664845258905,0.36050433066341137,0.31515854763319995,0.0,0.12558632878958134,0.5538300047918009,0.226091879066414
IMAGE 3.2,SSP2021-SSP1-SPA1-19-Lifestyle-Renewables,R10REST_ASIA,0.5736479294695244,1.6328724211642507,0.0,0.5615187955797505,2.144406156512793,0.4607197459815095,0.5736479294695244,0.6328724211642507,0.0,0.13338234001028507,0.6219099673675423,0.21420945799155197
IMAGE 3.2,SSP2021-SSP1-SPA1-19-Renewables,R10REST_ASIA,0.49739715443169064,1.3284314240258117,1.2416718886298237,0.5867822334328741,2.0451181531321874,0.5811629635196889,0.49739715443169064,0.3284314240258117,0.1711368185747056,0.14912242166564518,0.5652270370155452,0.29272839606513085
IMAGE 3.2,SSP2021-SSP1-SPA1-26-Default,R10REST_ASIA,0.35574477085807704,1.3715299233312133,0.0,0.6410611852545658,2.1606311882375593,0.3849674402990892,0.35574477085807704,0.37152992333121326,0.0,0.18294027095471777,0.6311727414379243,0.1648252691564827
IMAGE 3.2,SSP2021-SSP1-SPA1-26-Lifestyle,R10REST_ASIA,0.3118046473766694,1.6355798064838565,0.0,0.6277197376642012,2.0255857050900934,0.3695871144399684,0.3118046473766694,0.6355798064838565,0.0,0.17462804220366984,0.5540760786492066,0.15479857875109765
IMAGE 3.2,SSP2021-SSP1-SPA1-26-Lifestyle-Renewables,R10REST_ASIA,0.47184540064205255,1.6286572306190532,0.0,0.6301743949174262,2.2154097469121705,0.4222419317725376,0.47184540064205255,0.6286572306190532,0.0,0.17615738693601815,0.6624454946449073,0.1891251305148036
IMAGE 3.2,SSP2021-SSP1-SPA1-26-Renewables,R10REST_ASIA,0.45729333985087084,1.3800366876873973,1.0056945101199,0.6569593641956545,2.1496891462638468,0.6572214600242355,0.45729333985087084,0.3800366876873973,0.1386125920188871,0.19284544047911495,0.6249259947818653,0.34231219579313904
IMAGE 3.2,SSP2021-SSP2-SPA0-26-Default,R10REST_ASIA,0.39061994139459844,2.0,0.0,0.7808818446573685,2.629240555017787,0.18360471379680102,0.39061994139459844,1.0,0.0,0.2700538541852084,0.8986990406391997,0.03355355642970932
IMAGE 3.2,SSP2021-SSP2-SPA2-19-Renewables,R10REST_ASIA,0.793085374002984,1.4757480834132541,1.2321510564371054,0.6819852826326269,2.177802484779999,0.5874467990971476,0.793085374002984,0.47574808341325414,0.16982458388004448,0.2084375385137704,0.6409757324623034,0.2968249330612023
IMAGE 3.2,SSP2021-SSP2-SPA2-26-Default,R10REST_ASIA,0.40064488150789346,1.5838005791217789,0.0,0.840468100312697,2.806683216027273,0.16530830752861966,0.40064488150789346,0.5838005791217789,0.0,0.3071783554112389,1.0,0.021625824672751086
IMAGE 3.2,SSP2021-SSP2-SPA2-26-Lifestyle,R10REST_ASIA,0.3440520775241314,1.830314041022616,0.0,0.7359879668490088,2.497963774847534,0.1606016495152945,0.3440520775241314,0.830314041022616,0.0,0.24208326258807256,0.8237539079558447,0.018557475980018383
IMAGE 3.2,SSP2021-SSP2-SPA2-26-Lifestyle-Renewables,R10REST_ASIA,0.511250855630835,1.8266623680830718,0.0,0.6309144275162353,2.324644271353791,0.4435165794191576,0.511250855630835,0.8266623680830718,0.0,0.1766184553622792,0.724806834687398,0.20299442739382997
IMAGE 3.2,SSP2021-SSP2-SPA2-26-Renewables,R10REST_ASIA,0.6195704588555451,1.6401403713074316,0.0,0.687070921050075,2.431424454274512,0.3597943103229957,0.6195704588555451,0.6401403713074316,0.0,0.21160608447436582,0.7857670057592944,0.1484144867636553
IMAGE 3.3,NAVIGATE Demand-1.5°C-ele_u,R10REST_ASIA,0.47195535229280294,1.4923517676420965,0.0,0.8561323799090013,1.2360320925189852,0.5686331443049708,0.47195535229280294,0.49235176764209654,0.0,0.31693779675693584,0.10332461919063196,0.2845599983827813
IMAGE 3.3,NAVIGATE Demand-1.5°C-tec_u,R10REST_ASIA,0.4254479441067771,1.495548424105938,0.0,0.7940621911263092,1.4014679722612446,0.4481954233745551,0.4254479441067771,0.495548424105938,0.0,0.2782657108166451,0.19777097856805903,0.2060446436392847
IMAGE 3.3,NAVIGATE Demand-2.0°C-ele_u,R10REST_ASIA,0.3802011574292273,1.7854479247013186,0.0,0.6542994022478802,1.687932391094051,0.4107626733522044,0.3802011574292273,0.7854479247013186,0.0,0.19118818312160368,0.36131181077495456,0.1816416108990059
IMAGE 3.3,NAVIGATE Demand-2.0°C-ref,R10REST_ASIA,0.378291860752436,1.7865343168645116,0.0,0.7390285333223784,1.7557321029285278,0.1321356237225565,0.378291860752436,0.7865343168645116,0.0,0.24397765102592606,0.400018262843159,0.0
IMAGE 3.3,NAVIGATE Demand-2.0°C-tec_u,R10REST_ASIA,0.3264610141089844,1.7885064893820133,0.0,0.6323788378210825,1.8604242012104792,0.13755351890422512,0.3264610141089844,0.7885064893820133,0.0,0.17753083862180444,0.45978635881918767,0.003532016040037541
MESSAGEix-GLOBIOM 2.0-M-R12-NGFS,NGFS Phase 5-Below 2°C,R10REST_ASIA,0.0607740239188442,1.4324320677825257,2.215814166199008,0.6984314766921309,1.3650872451440916,0.8970276588410686,0.0607740239188442,0.43243206778252574,0.30540063798538186,0.2186841422785262,0.1770014379274683,0.49864584794412486
MESSAGEix-GLOBIOM 2.0-M-R12-NGFS,NGFS Phase 5-Delayed Transition,R10REST_ASIA,0.03993579999831871,1.4333635525916093,2.2157951783764283,0.6648921305213555,1.5299351418795317,0.9557935892798957,0.03993579999831871,0.4333635525916093,0.30539802093688645,0.1977878553018857,0.27111212130488616,0.5369563360502719
MESSAGEix-GLOBIOM 2.0-M-R12-NGFS,NGFS Phase 5-Low Demand,R10REST_ASIA,0.0,1.46619492045537,2.215814166199008,0.34743499783740994,1.2522655906760776,0.6895843150900484,0.0,0.4661949204553699,0.30540063798538186,0.0,0.11259222669685243,0.36341007963198
MESSAGEix-GLOBIOM 2.0-M-R12-NGFS,NGFS Phase 5-Nationally Determined Contributions (NDCs),R10REST_ASIA,0.035712809986631816,1.4921335874058954,2.215814166199008,0.5555276785814387,1.453531483354302,0.8899702140270336,0.035712809986631816,0.4921335874058954,0.30540063798538186,0.12964964649056349,0.22749372726565906,0.49404498221139687
MESSAGEix-GLOBIOM 2.0-M-R12-NGFS,NGFS Phase 5-Net-Zero 2050,R10REST_ASIA,0.07017421162507162,1.401819195834758,3.490612878157041,0.7928001200450587,1.055044711030551,0.6819839929030759,0.07017421162507162,0.4018191958347579,0.481103251441803,0.2774793925812077,0.0,0.35845530310461793
POLES-JRC ENGAGE,ENGAGE-INDCi2030-1000,R10REST_ASIA,0.34126171310535924,1.5742090435544336,0.0,0.6473860774088,1.9637480291710414,1.1502840731504622,0.34126171310535924,0.5742090435544336,0.0,0.18688091907821472,0.5187733174101417,0.6637479194293241
POLES-JRC ENGAGE,ENGAGE-INDCi2030-1000-COV,R10REST_ASIA,0.32157893964709244,1.59622754668721,0.0,0.6368354789283902,1.9784068529088388,0.9285939341335527,0.32157893964709244,0.59622754668721,0.0,0.18030749535971488,0.5271419526599272,0.5192244281710972
POLES-JRC ENGAGE,ENGAGE-INDCi2030-1000-COV-NDCp,R10REST_ASIA,0.3098297184622356,1.5921691581126747,0.0,0.6374435674371327,1.973806732972308,0.9174727155307179,0.3098297184622356,0.5921691581126747,0.0,0.18068635760470858,0.5245157715595412,0.5119743206712546
POLES-JRC ENGAGE,ENGAGE-INDCi2030-1000-NDCp,R10REST_ASIA,0.34575482282259856,1.6000778467554746,0.0,0.6477961662355802,2.065431642835829,1.2168913923877036,0.34575482282259856,0.6000778467554746,0.0,0.18713641999843778,0.5768238874191502,0.7071703393989518
POLES-JRC ENGAGE,ENGAGE-INDCi2030-1000f,R10REST_ASIA,0.4103494097366191,1.6065087093824002,0.0,0.6539780580598415,1.9571288992782245,0.8296443482725595,0.4103494097366191,0.6065087093824002,0.0,0.1909879734831289,0.5149944955391134,0.4547175463106656
POLES-JRC ENGAGE,ENGAGE-INDCi2030-1000f-COV,R10REST_ASIA,0.30974384384901543,1.6204345135478297,0.0,0.633105383000912,2.004234274630498,0.7089880813673446,0.30974384384901543,0.6204345135478297,0.0,0.17798350387359282,0.5418866740439252,0.37605971780889325
POLES-JRC ENGAGE,ENGAGE-INDCi2030-1000f-COV-NDCp,R10REST_ASIA,0.2795769492321047,1.6197181324163679,0.0,0.6333031392080272,2.007964993863612,0.6627356972797847,0.2795769492321047,0.6197181324163679,0.0,0.17810671350428298,0.5440165194557905,0.3459070188345796
POLES-JRC ENGAGE,ENGAGE-INDCi2030-1000f-NDCp,R10REST_ASIA,0.37639488381533576,1.6226521361746398,0.0,0.6453724508033444,2.086757391430445,0.9449867684592703,0.37639488381533576,0.6226521361746398,0.0,0.18562635319618614,0.5889986304005259,0.5299111896972366
POLES-JRC ENGAGE,ENGAGE-INDCi2030-1200,R10REST_ASIA,0.258161283792878,1.5868498680585268,0.0,0.6299012988704403,1.962819571765737,0.7632387380487559,0.258161283792878,0.5868498680585268,0.0,0.1759872377225855,0.5182432666019093,0.4114266238039812
POLES-JRC ENGAGE,ENGAGE-INDCi2030-1200f,R10REST_ASIA,0.2604999304425369,1.6003897586141314,0.0,0.6335237777385228,1.996432308541583,0.6141655097276639,0.2604999304425369,0.6003897586141314,0.0,0.17824417969184264,0.537432578026591,0.31424330520605437
POLES-JRC ENGAGE,ENGAGE-INDCi2030-300f,R10REST_ASIA,0.642980098526276,1.6109260616752903,0.0,0.718367705877401,1.9529120314057908,1.3694625342606301,0.642980098526276,0.6109260616752903,0.0,0.23110517052893614,0.5125871107617151,0.8066340060577912
POLES-JRC ENGAGE,ENGAGE-INDCi2030-400f,R10REST_ASIA,0.5864330858148491,1.6079324147145833,0.0,0.7090858253610794,1.9637798641946587,1.327355129358463,0.5864330858148491,0.6079324147145833,0.0,0.22532220630642702,0.5187914918357017,0.7791834880001484
POLES-JRC ENGAGE,ENGAGE-INDCi2030-500f,R10REST_ASIA,0.5348986258679331,1.6081659068070766,0.0,0.7375604341431223,1.9754173848447572,1.2461489867285842,0.5348986258679331,0.6081659068070766,0.0,0.243062969457487,0.5254352831299107,0.7262438520897374
POLES-JRC ENGAGE,ENGAGE-INDCi2030-600f,R10REST_ASIA,0.501085996767949,1.6077011316295877,0.0,0.736653248256087,1.9721285952275731,1.194390665234694,0.501085996767949,0.6077011316295877,0.0,0.24249775818174765,0.5235577327062346,0.692501740883825
POLES-JRC ENGAGE,ENGAGE-INDCi2030-600f-COV,R10REST_ASIA,0.4772948580963594,1.6234743287652353,0.0,0.7429385184556268,1.9814428157580808,1.168205486408822,0.4772948580963594,0.6234743287652353,0.0,0.24641372032205172,0.5288751657861411,0.6754311870020964
POLES-JRC ENGAGE,ENGAGE-INDCi2030-600f-COV-NDCp,R10REST_ASIA,0.4693500176748896,1.623854719856317,0.0,0.7525851718144092,1.9731483285361162,1.1607128557653739,0.4693500176748896,0.6238547198563169,0.0,0.2524239518847927,0.5241398923845211,0.6705466163842896
POLES-JRC ENGAGE,ENGAGE-INDCi2030-600f-NDCp,R10REST_ASIA,0.554730247021877,1.625726191008258,0.0,0.7082342280003786,2.0769036434994064,1.343364552455718,0.554730247021877,0.6257261910082581,0.0,0.2247916287946549,0.5833731843379223,0.7896202973652638
POLES-JRC ENGAGE,ENGAGE-INDCi2030-700f,R10REST_ASIA,0.4616146328135465,1.6078294749651967,0.0,0.7211835439924569,1.960720294915589,1.1143226325482578,0.4616146328135465,0.6078294749651967,0.0,0.23285954466110817,0.5170448019391609,0.6403040577873342
POLES-JRC ENGAGE,ENGAGE-INDCi2030-800f,R10REST_ASIA,0.47308583373646085,1.6073817091454394,0.0,0.7303225286776343,1.9554661938829305,1.0347811070447255,0.47308583373646085,0.6073817091454394,0.0,0.23855347935155222,0.5140452669222778,0.5884496134861424
POLES-JRC ENGAGE,ENGAGE-INDCi2030-900,R10REST_ASIA,0.38314303881128936,1.5696620225214355,0.0,0.6295460929580341,1.9352695202527572,1.463891137922438,0.38314303881128936,0.5696620225214355,0.0,0.17576593094326887,0.5025151061199431,0.8681935843789673
POLES-JRC ENGAGE,ENGAGE-INDCi2030-900f,R10REST_ASIA,0.4468240466099087,1.6065296949536267,0.0,0.6971272495989347,1.951548240514315,0.9236931380299087,0.4468240466099087,0.6065296949536267,0.0,0.21787155924594803,0.5118085306565248,0.5160295176262067
POLES-JRC ENGAGE,ENGAGE-NPi2020-1000f,R10REST_ASIA,0.28013559074445243,1.4982154303252857,0.0,0.6437866058891626,1.9051609295199383,0.4750758920157544,0.28013559074445243,0.4982154303252857,0.0,0.18463831156119256,0.48532629082104944,0.22356846852347179
POLES-JRC ENGAGE,ENGAGE-NPi2020-1000f-COV,R10REST_ASIA,0.25376672022108715,1.489474387657402,0.0,0.6554631110340927,1.9784013506694138,0.4546615653973073,0.25376672022108715,0.4894743876574019,0.0,0.19191321791000165,0.5271388114641786,0.2102600292412054
POLES-JRC ENGAGE,ENGAGE-NPi2020-1200f,R10REST_ASIA,0.2460900150878728,1.491496071319178,0.0,0.6695634640041983,1.9806533536707696,0.3815310700421987,0.2460900150878728,0.49149607131917805,0.0,0.20069827354689396,0.5284244665779089,0.16258504219382175
POLES-JRC ENGAGE,ENGAGE-NPi2020-900f,R10REST_ASIA,0.32771762647199015,1.5091725493147314,0.0,0.6413338439301595,1.8451017881785865,0.557754930969639,0.32771762647199015,0.5091725493147314,0.0,0.18311014766915534,0.45103888438985534,0.277468310061209
REMIND-MAgPIE 2.1-4.2,NGFS Phase 2-Delayed Transition,R10REST_ASIA,0.681974681407799,1.580786492976183,0.0,1.4574412019424234,1.8873425574678981,1.6660740657492934,0.681974681407799,0.580786492976183,0.0,0.6915760393397539,0.47515388823843235,1.0
REMIND-MAgPIE 3.2.0-4.8.0,RESCUE-End-of-Century-Budget-1150,R10REST_ASIA,0.9243310244675169,1.5738907226396106,1.1423326749250953,1.8264191301820576,2.4425793672781153,0.324207369296082,0.9243310244675169,0.5738907226396106,0.15744512018899112,0.9214633077820957,0.7921352792197046,0.12521476762766837
REMIND-MAgPIE 3.2.0-4.8.0,RESCUE-End-of-Century-Budget-1150-with-OAE,R10REST_ASIA,0.9493729734907943,1.54750279444777,1.1423326749250953,1.8735697558894513,2.442680010951497,0.32576626112422913,0.9493729734907943,0.54750279444777,0.15744512018899112,0.9508399390644426,0.7921927360939937,0.12623103515538442
REMIND-MAgPIE 3.2.0-4.8.0,RESCUE-End-of-Century-Budget-500,R10REST_ASIA,0.9326147815806082,1.5777832843108313,1.1457254438133253,1.8179643820923799,2.416752189978381,0.7548215243704053,0.9326147815806082,0.5777832843108313,0.15791273782534723,0.9161956784879071,0.7773906973747292,0.40593930211770207
REMIND-MAgPIE 3.2.0-4.8.0,RESCUE-End-of-Century-Budget-500-with-OAE,R10REST_ASIA,0.9704709346939485,1.5603816593435074,1.147941389154977,1.9072570452853868,2.4139649238472694,0.7397233292699946,0.9704709346939485,0.5603816593435074,0.15821815654294757,0.9718284002913935,0.7757994637251145,0.3960965374494785
REMIND-MAgPIE 3.2.0-4.8.0,RESCUE-Peak-Budget-1150,R10REST_ASIA,1.0,1.7376923254821008,4.758584572013188,1.951395044303235,2.0060404545914965,0.37391276236564197,1.0,0.7376923254821008,0.6558649124863933,0.999328050682769,0.542917811436627,0.15761854062646358
REMIND-MAgPIE 3.2.0-4.8.0,RESCUE-Peak-Budget-1150-with-OAE,R10REST_ASIA,0.9993474666270037,1.7350232179467608,4.756657604615871,1.9524735488617253,2.031587584374034,0.39070874217642515,0.9993474666270037,0.7350232179467608,0.6555993229430576,1.0,0.5575025158203579,0.16856811940394778
REMIND-MAgPIE 3.3-4.8,NGFS Phase 5-Below 2°C,R10REST_ASIA,0.6272139057455045,1.5945704658377986,4.800724789309031,1.4627269891324186,2.049254017700882,0.4026381721170636,0.6272139057455045,0.5945704658377986,0.6616730030037807,0.694869285590208,0.5675881774888202,0.17634511332612665
REMIND-MAgPIE 3.3-4.8,NGFS Phase 5-Delayed Transition,R10REST_ASIA,0.6275307420318563,1.6094393451650342,1.4061083581885188,1.5074897992024203,2.335447812133331,0.5958921454545383,0.6275307420318563,0.6094393451650342,0.19380072400384843,0.7227582170064876,0.7309745118358061,0.3023305949091654
REMIND-MAgPIE 3.3-4.8,NGFS Phase 5-Low Demand,R10REST_ASIA,0.47634866107361856,1.663711922749582,4.330272858808423,1.2929638010067244,1.745965339524323,1.2476605493901867,0.47634866107361856,0.663711922749582,0.5968316810607942,0.5891003693125563,0.39444247572935437,0.7272292649460742
REMIND-MAgPIE 3.3-4.8,NGFS Phase 5-Net-Zero 2050,R10REST_ASIA,0.7012524755510137,1.5575327279542706,7.255433979496365,1.623543769819301,1.6572461511975538,1.0665853638356235,0.7012524755510137,0.5575327279542706,1.0,0.7950642501187866,0.34379321900561316,0.6091833378127043
WITCH 5.0,ENGAGE-INDCi2030-1000,R10REST_ASIA,0.0732745736016078,1.0390769963385906,0.0,0.6477020052145213,1.8522694227361045,0.9589877668575991,0.0732745736016078,0.03907699633859063,0.0,0.18707775410471272,0.45513084431027934,0.53903867357451
WITCH 5.0,ENGAGE-INDCi2030-1000-NDCp,R10REST_ASIA,0.07596973582490074,1.0393282969697275,0.0,0.6478017283804463,1.8684732849486339,0.9401180469991524,0.07596973582490074,0.039328296969727505,0.0,0.18713988542602047,0.4643815328320869,0.5267371891462855
WITCH 5.0,ENGAGE-INDCi2030-1000f,R10REST_ASIA,0.07993694244324674,1.0397548186970627,0.0,0.6439729190463043,1.8910688814762007,0.9598002528203337,0.07993694244324674,0.039754818697062655,0.0,0.18475439173697575,0.47728122444260507,0.5395683466959822
WITCH 5.0,ENGAGE-INDCi2030-1000f-NDCp,R10REST_ASIA,0.07911893489024567,1.0396828216185232,0.0,0.6432419184149596,1.8977623803520376,0.9416017591080088,0.07911893489024567,0.03968282161852321,0.0,0.18429895056961054,0.48110250312353325,0.527704445763765
WITCH 5.0,ENGAGE-INDCi2030-1200,R10REST_ASIA,0.07896864022409776,1.0394437202541982,0.0,0.6403701660051245,1.879499794455576,0.9241419332704934,0.07896864022409776,0.03944372025419818,0.0,0.18250973970735285,0.4706765015002727,0.5163220947129324
WITCH 5.0,ENGAGE-INDCi2030-1200-NDCp,R10REST_ASIA,0.08016250030824283,1.0394574157458345,0.0,0.6412094967343107,1.8791938165682331,0.8944429054224687,0.08016250030824283,0.0394574157458345,0.0,0.18303267464162626,0.47050182054500134,0.4969608041719741
WITCH 5.0,ENGAGE-INDCi2030-1200f,R10REST_ASIA,0.08313637920337569,1.039715746029151,0.0,0.6391056724538882,1.8829430955078132,0.8284221483927551,0.08313637920337569,0.03971574602915107,0.0,0.18172191218107356,0.47264226158285527,0.45392077386770524
WITCH 5.0,ENGAGE-INDCi2030-1200f-NDCp,R10REST_ASIA,0.08374270690684327,1.0395940274859126,0.0,0.6420331967117585,1.8929527433748647,0.7227546636005833,0.08374270690684327,0.039594027485912564,0.0,0.18354587102368333,0.4783567099913014,0.38503438188670946
WITCH 5.0,ENGAGE-INDCi2030-1400,R10REST_ASIA,0.08956582924255488,1.039321544742821,0.0,0.6477840430268467,1.9367209725198449,0.5900318054652498,0.08956582924255488,0.03932154474282101,0.0,0.18712886677878093,0.5033437315828724,0.2985101417353435
WITCH 5.0,ENGAGE-INDCi2030-1400-NDCp,R10REST_ASIA,0.09009205796126658,1.0392718830454697,0.0,0.6510094581866404,1.9407366299846371,0.5412643886987109,0.09009205796126658,0.03927188304546969,0.0,0.18913842297151867,0.5056362465357792,0.26671785109941404
WITCH 5.0,ENGAGE-INDCi2030-1400f,R10REST_ASIA,0.08762703993076287,1.0393499466369136,0.0,0.6491401624072042,1.9365207046714856,0.5774443122533821,0.08762703993076287,0.0393499466369136,0.0,0.1879737806778845,0.5032293998598668,0.2903041454143723
WITCH 5.0,ENGAGE-INDCi2030-1400f-NDCp,R10REST_ASIA,0.0896576728128101,1.03927362769666,0.0,0.6532309445875573,1.9635845484823733,0.5277552900434098,0.0896576728128101,0.039273627696660096,0.0,0.19052249340365823,0.5186799872577148,0.2579110448514058
WITCH 5.0,ENGAGE-INDCi2030-1600-NDCp,R10REST_ASIA,0.09389496143885696,1.0389666393704606,0.0,0.6806888745838119,2.051895489110153,0.4190768456248083,0.09389496143885696,0.03896663937046063,0.0,0.20762982704292274,0.5690961777992357,0.18706175817794019
WITCH 5.0,ENGAGE-INDCi2030-500f,R10REST_ASIA,0.1047934649975768,1.0358600502449342,0.0,0.7298273908638768,2.0445453186884257,1.3468236109833,0.1047934649975768,0.035860050244934216,0.0,0.23824498968104463,0.5649000092400495,0.791875315189194
WITCH 5.0,ENGAGE-INDCi2030-600f,R10REST_ASIA,0.09435770847908678,1.023492855850937,0.0,0.6971880273123344,1.9583018094629983,1.2437928817589223,0.09435770847908678,0.023492855850937078,0.0,0.21790942607061772,0.5156641029846153,0.7247078680468908
WITCH 5.0,ENGAGE-INDCi2030-600f-NDCp,R10REST_ASIA,0.08977301835647775,1.0204666847236223,0.0,0.687150782576551,1.9353159866456786,1.2236869410692046,0.08977301835647775,0.02046668472362234,0.0,0.2116558412396629,0.5025416335071802,0.7116004706840915
WITCH 5.0,ENGAGE-INDCi2030-700f,R10REST_ASIA,0.08689859843636406,1.016837623603173,0.0,0.6696911304041746,1.8935083156142503,1.1643863696256473,0.08689859843636406,0.01683762360317309,0.0,0.20077781456470614,0.4786738828770314,0.6729414412088242
WITCH 5.0,ENGAGE-INDCi2030-700f-NDCp,R10REST_ASIA,0.08531477830507779,1.0140334015280676,0.0,0.6618971859016437,1.8752700500412862,1.0498246720569953,0.08531477830507779,0.014033401528067646,0.0,0.19592189101224264,0.4682617655817461,0.5982567638906876
WITCH 5.0,ENGAGE-INDCi2030-800,R10REST_ASIA,0.07336396200470159,1.0392408904521158,0.0,0.6850611374001588,1.9197406789048554,1.2964387869703582,0.07336396200470159,0.03924089045211576,0.0,0.21035391289964975,0.49364978299327955,0.7590286098505038
WITCH 5.0,ENGAGE-INDCi2030-800-NDCp,R10REST_ASIA,0.07351476468601298,1.0392822658464105,0.0,0.6790001304645131,1.8979877252532649,1.3001163750193,0.07351476468601298,0.03928226584641048,0.0,0.20657767529353266,0.48123115118680915,0.7614260907064387
WITCH 5.0,ENGAGE-INDCi2030-800f,R10REST_ASIA,0.08440870957674998,1.0,0.0,0.6558731576989847,1.874872018477154,1.0394065259273413,0.08440870957674998,0.0,0.0,0.19216869256176644,0.4680345317301284,0.5914650010374868
WITCH 5.0,ENGAGE-INDCi2030-800f-NDCp,R10REST_ASIA,0.08218192158693591,1.0030667165354514,0.0,0.653257519563042,1.873521132504454,1.0150407678821196,0.08218192158693591,0.0030667165354514303,0.0,0.19053905062308937,0.4672633189662811,0.5755805578436464
WITCH 5.0,ENGAGE-INDCi2030-900,R10REST_ASIA,0.07428685508568456,1.0394701362009555,0.0,0.6563969959366673,1.8440005227903433,1.1761622175873638,0.07428685508568456,0.03947013620095552,0.0,0.192495063686839,0.45041017853239573,0.6806183124828483
WITCH 5.0,ENGAGE-INDCi2030-900-NDCp,R10REST_ASIA,0.06768495588565199,1.0391011341906,0.0,0.653108335231747,1.8361878711832362,1.0503055163265331,0.06768495588565199,0.03910113419060002,0.0,0.1904461031165016,0.44594998221630616,0.5985702342727862
WITCH 5.0,ENGAGE-INDCi2030-900f,R10REST_ASIA,0.08139345090627989,1.0399391444198105,0.0,0.6472663514569332,1.8939675626158476,0.9623295520044248,0.08139345090627989,0.0399391444198105,0.0,0.18680632526126845,0.4789360642576572,0.5412172389297208
WITCH 5.0,ENGAGE-INDCi2030-900f-NDCp,R10REST_ASIA,0.07927847887161991,1.0398632275339155,0.0,0.6469525655883113,1.8919560633443437,0.9159002332452003,0.07927847887161991,0.03986322753391547,0.0,0.1866108247429652,0.47778771129226744,0.5109491932981901
IMAGE 3.0,ENGAGE-INDCi2030-1000,R10PAC_OECD,0.21346702443190718,0.7275042546956959,0.0,0.8044954013603343,1.690081362606217,0.4790666533572019,0.21346702443190718,0.36375212734784795,0.0,0.43312091756203086,0.5404890876799412,0.2502084797796124
IMAGE 3.0,ENGAGE-INDCi2030-1000f,R10PAC_OECD,0.4162861650023869,0.7587989270548043,0.0,0.7769908896899564,1.676784299689246,0.5460623787110424,0.4162861650023869,0.37939946352740217,0.0,0.4125642908080794,0.5330948246447756,0.2938981075953755
IMAGE 3.0,ENGAGE-INDCi2030-1200,R10PAC_OECD,0.16708762657788917,0.7373307793540541,0.0,0.9221737802032366,1.6808632545152453,0.33281409427524344,0.16708762657788917,0.36866538967702706,0.0,0.5210726885250823,0.5353630597490484,0.15483344145222483
IMAGE 3.0,ENGAGE-INDCi2030-1200f,R10PAC_OECD,0.23253894186660337,0.7486926998643876,0.0,1.0158165179667336,1.6729751202956649,0.29150337383809327,0.23253894186660337,0.3743463499321938,0.0,0.5910604356805991,0.5309766069180382,0.12789366296385493
IMAGE 3.0,ENGAGE-INDCi2030-1400f,R10PAC_OECD,0.2014370099352934,0.7484336639240712,0.0,1.104949576622324,1.6754643970960612,0.3373010552683444,0.2014370099352934,0.3742168319620356,0.0,0.6576776888854392,0.5323608500057334,0.15775950359689256
IMAGE 3.0,ENGAGE-INDCi2030-800f,R10PAC_OECD,0.40814853356008046,0.7683841393653589,0.0,0.7216337719814137,1.6303236153524654,0.5409214443844566,0.40814853356008046,0.38419206968267944,0.0,0.3711908746737859,0.5072588544816587,0.2905455726960584
IMAGE 3.0,ENGAGE-NPi2020-1000,R10PAC_OECD,0.1472471696632895,0.7395522620803765,0.0,0.8648844022971091,1.866791373648252,0.44796583986174776,0.1472471696632895,0.36977613104018825,0.0,0.4782551183498339,0.638754419712337,0.2299268430153653
IMAGE 3.0,ENGAGE-NPi2020-1200,R10PAC_OECD,0.15041299700218375,0.7358868001919296,0.0,1.068757619734947,1.8140976574787127,0.2018281724978529,0.15041299700218375,0.3679434000959648,0.0,0.6306281430456496,0.6094523700724392,0.06941416818763882
IMAGE 3.0,ENGAGE-NPi2020-1400,R10PAC_OECD,0.13528765450394645,0.7244197438925443,0.0,1.1339869048273055,1.8887407440908548,0.1180184037259389,0.13528765450394645,0.36220987194627213,0.0,0.6793799290486288,0.6509600789261286,0.014759672163734092
IMAGE 3.0,ENGAGE-NPi2020-1400f,R10PAC_OECD,0.16692844747933105,0.7426083233412801,0.0,1.0913503806801155,1.8507995517808484,0.18059230211905145,0.16692844747933105,0.37130416167064006,0.0,0.647513771107582,0.6298616485765267,0.05556571340498694
IMAGE 3.2,SSP2021-SSP1-SPA1-19-Default,R10PAC_OECD,0.2122639791229904,1.1320103377093376,0.0,0.49664182841024357,1.972099969128191,0.14008336128807233,0.2122639791229904,0.5660051688546688,0.0,0.2030339023898594,0.6973146792000686,0.029148795926015384
IMAGE 3.2,SSP2021-SSP1-SPA1-19-Lifestyle-Renewables,R10PAC_OECD,0.36750623414768296,1.6021131524592156,0.0,0.4308194834951852,1.974240822085688,0.35883177541254374,0.36750623414768296,0.8010565762296078,0.0,0.15383886876394062,0.6985051699111519,0.1718002374606912
IMAGE 3.2,SSP2021-SSP1-SPA1-19-Renewables,R10PAC_OECD,0.31919158539008735,1.130878155420213,1.2416718886298237,0.4454038460071525,1.6955613125074753,0.21784547681150035,0.31919158539008735,0.5654390777101065,0.1711368185747056,0.16473909125091984,0.543536391527599,0.07985946242662356
IMAGE 3.2,SSP2021-SSP1-SPA1-26-Default,R10PAC_OECD,0.13203626854350511,1.2134860851947353,0.0,0.39445745072356797,1.3337107837858453,0.10626488315493292,0.13203626854350511,0.6067430425973677,0.0,0.12666220972490308,0.3423176708606032,0.00709490047031544
IMAGE 3.2,SSP2021-SSP1-SPA1-26-Lifestyle,R10PAC_OECD,0.06226556226775366,1.5960979173163496,0.0,0.2836581718547676,1.4393400220139538,0.18607336527383725,0.06226556226775366,0.7980489586581748,0.0,0.043851816738870286,0.40105623414633046,0.059140055021598116
IMAGE 3.2,SSP2021-SSP1-SPA1-26-Lifestyle-Renewables,R10PAC_OECD,0.2999537101464126,0.5869978064936234,0.0,0.2249849848723907,1.5152419567249351,0.3196064212109807,0.2999537101464126,0.2934989032468117,0.0,0.0,0.4432639663075921,0.14622037968683205
IMAGE 3.2,SSP2021-SSP1-SPA1-26-Renewables,R10PAC_OECD,0.20776938606001197,1.2244458454415603,1.0056945101199,0.45041730274454894,1.380743375018215,0.18481136686250416,0.20776938606001197,0.6122229227207802,0.1386125920188871,0.16848610410949522,0.3684716683989395,0.05831707354622752
IMAGE 3.2,SSP2021-SSP2-SPA0-26-Default,R10PAC_OECD,0.3150441531375747,2.0,0.0,0.4330377879876963,2.1300163417837403,0.13799100055467928,0.3150441531375747,1.0,0.0,0.15549680976015462,0.7851291991632745,0.027784313920403075
IMAGE 3.2,SSP2021-SSP2-SPA2-19-Renewables,R10PAC_OECD,0.6754353097729653,1.1139314345138915,1.2321510564371054,0.342273303327754,2.0747065221468444,0.46212773950094854,0.6754353097729653,0.5569657172569458,0.16982458388004448,0.0876602433077258,0.7543723803547541,0.2391621803616368
IMAGE 3.2,SSP2021-SSP2-SPA2-26-Default,R10PAC_OECD,0.3029533842050754,1.3194300852385785,0.0,0.4528658303527657,1.7941558262774278,0.09538522985766702,0.3029533842050754,0.6597150426192893,0.0,0.17031611180939799,0.5983630681547221,0.0
IMAGE 3.2,SSP2021-SSP2-SPA2-26-Lifestyle,R10PAC_OECD,0.16788080774519218,0.6841751146557942,0.0,0.2714553515636877,1.437113648835166,0.20074762188562872,0.16788080774519218,0.3420875573278971,0.0,0.03473153767063882,0.39981818714292905,0.06870951346773194
IMAGE 3.2,SSP2021-SSP2-SPA2-26-Lifestyle-Renewables,R10PAC_OECD,0.3144465876257824,0.6831115326961288,0.0,0.2559472211095019,1.2975786533898606,0.2978648882862611,0.3144465876257824,0.3415557663480644,0.0,0.023140899261245584,0.32222522805296466,0.13204216941135055
IMAGE 3.2,SSP2021-SSP2-SPA2-26-Renewables,R10PAC_OECD,0.5470751661067897,1.464693623844707,0.0,0.3425931586499121,1.6960710053936008,0.28004742908814356,0.5470751661067897,0.7323468119223535,0.0,0.0878993003232317,0.543819822785366,0.12042294808227395
IMAGE 3.3,NAVIGATE Demand-1.5°C-ele_u,R10PAC_OECD,0.38553917757114586,0.24836712086257412,0.0,0.484917675621473,0.7181227819286045,0.34490053453359865,0.38553917757114586,0.12418356043128706,0.0,0.19427137514438855,0.0,0.16271531859761085
IMAGE 3.3,NAVIGATE Demand-1.5°C-tec_u,R10PAC_OECD,0.24144566939164416,0.22958796068495402,0.0,0.4341427823044345,0.9991124826117732,0.3606499466155838,0.24144566939164416,0.11479398034247701,0.0,0.15632267265881816,0.15625343506286693,0.17298591345339998
IMAGE 3.3,NAVIGATE Demand-2.0°C-ele_u,R10PAC_OECD,0.275576777065529,0.9525125949861598,0.0,0.4959935556048649,0.8599417562159257,0.2714534209740921,0.275576777065529,0.4762562974930799,0.0,0.20254938907602152,0.07886303959045325,0.1148185753560216
IMAGE 3.3,NAVIGATE Demand-2.0°C-ref,R10PAC_OECD,0.18641072531002856,0.9390342397043422,0.0,0.4556933025913169,0.988931846675512,0.14788577850164364,0.18641072531002856,0.4695171198521711,0.0,0.17242933934681526,0.15059216231052877,0.03423695195871505
IMAGE 3.3,NAVIGATE Demand-2.0°C-tec_u,R10PAC_OECD,0.12600481051635912,0.9382971459227203,0.0,0.3837106732072065,1.0921379759017462,0.19422918898415265,0.12600481051635912,0.46914857296136014,0.0,0.1186301640423932,0.20798327725863333,0.06445867647920175
MESSAGEix-GLOBIOM 2.0-M-R12-NGFS,NGFS Phase 5-Below 2°C,R10PAC_OECD,0.17567137606958455,0.385097449120311,2.215814166199008,0.9530709943529603,1.619364883767724,0.4714028825628949,0.17567137606958455,0.1925487245601555,0.30540063798538186,0.5441649908580417,0.5011648964117202,0.24521073862672269
MESSAGEix-GLOBIOM 2.0-M-R12-NGFS,NGFS Phase 5-Delayed Transition,R10PAC_OECD,0.1900231152528079,0.38578685549828723,2.2157951783764283,0.9465247598073615,1.7813101054156077,0.5273004408640771,0.1900231152528079,0.19289342774914361,0.30539802093688645,0.5392723935339953,0.5912197885055461,0.2816629675576029
MESSAGEix-GLOBIOM 2.0-M-R12-NGFS,NGFS Phase 5-Low Demand,R10PAC_OECD,0.0,0.4050141759033257,2.215814166199008,0.511956699271747,1.1931610999821252,0.7549850468420314,0.0,0.20250708795166286,0.30540063798538186,0.2144801003030532,0.2641604614043972,0.4301419285960516
MESSAGEix-GLOBIOM 2.0-M-R12-NGFS,NGFS Phase 5-Nationally Determined Contributions (NDCs),R10PAC_OECD,0.14429956083435602,0.42187199807712844,2.215814166199008,1.2652594008922957,1.820169749197102,0.26921585512899154,0.14429956083435602,0.21093599903856422,0.30540063798538186,0.7774918219994081,0.6128289535796224,0.11335940137933291
MESSAGEix-GLOBIOM 2.0-M-R12-NGFS,NGFS Phase 5-Net-Zero 2050,R10PAC_OECD,0.2821579812699819,0.37611950382112497,3.490612878157041,1.1926081602088034,1.27747196605992,0.6671905089865647,0.2821579812699819,0.18805975191056248,0.481103251441803,0.7231929325720965,0.31104425253891654,0.37288886262947224
POLES-JRC ENGAGE,ENGAGE-INDCi2030-1000,R10PAC_OECD,0.47328613755605387,1.4512107027971912,0.0,0.6307373375254961,1.978422838106947,1.0210013417503592,0.47328613755605387,0.7256053513985956,0.0,0.30325569012049314,0.7008307155351408,0.6036179654042252
POLES-JRC ENGAGE,ENGAGE-INDCi2030-1000-COV,R10PAC_OECD,0.40402014341820647,0.4461355289955814,0.0,0.6031082302599213,1.968258078124984,0.8264721155979731,0.40402014341820647,0.2230677644977907,0.0,0.2826059417297591,0.6951782711220191,0.47676047643759567
POLES-JRC ENGAGE,ENGAGE-INDCi2030-1000-COV-NDCp,R10PAC_OECD,0.4319321189044653,0.44639173023704887,0.0,0.6105946513633205,1.914037160428594,0.7715059790954775,0.4319321189044653,0.22319586511852443,0.0,0.28820122610309434,0.6650269715486771,0.4409156515091228
POLES-JRC ENGAGE,ENGAGE-INDCi2030-1000-NDCp,R10PAC_OECD,0.5470206237594831,0.447602126443611,0.0,0.6018971461657302,1.9769153534353985,0.9044885623447749,0.5470206237594831,0.2238010632218055,0.0,0.28170078827747125,0.69999242979847,0.5276369988406878
POLES-JRC ENGAGE,ENGAGE-INDCi2030-1000f,R10PAC_OECD,0.5505263209966975,1.4516896135274926,0.0,0.6938568827845853,1.956849024598198,0.70147787278295,0.5505263209966975,0.7258448067637463,0.0,0.3504306753854623,0.6888338969330643,0.39524853043120123
POLES-JRC ENGAGE,ENGAGE-INDCi2030-1000f-COV,R10PAC_OECD,0.416582610139201,0.44983924752542737,0.0,0.6223592313538766,1.9797511525571445,0.6280831587106925,0.416582610139201,0.22491962376271368,0.0,0.2969939682786745,0.7015693678600564,0.34738595823684754
POLES-JRC ENGAGE,ENGAGE-INDCi2030-1000f-COV-NDCp,R10PAC_OECD,0.47674012222910717,0.44952651561869167,0.0,0.6192918584602233,1.9284753488404014,0.5482732160597968,0.47674012222910717,0.22476325780934583,0.0,0.29470144113092195,0.6730557944199238,0.29533985123525885
POLES-JRC ENGAGE,ENGAGE-INDCi2030-1000f-NDCp,R10PAC_OECD,0.5856310206903623,0.4464354615064091,0.0,0.6557581529435335,1.9839053567160443,0.6247570785023855,0.5856310206903623,0.22321773075320456,0.0,0.3219560244435363,0.703879447796091,0.34521693617433796
POLES-JRC ENGAGE,ENGAGE-INDCi2030-1200,R10PAC_OECD,0.3550537454998621,0.45896223028359595,0.0,0.603500601363425,1.962788310398016,0.6460782090041295,0.3550537454998621,0.22948111514179798,0.0,0.2828991963935911,0.6921366294025653,0.3591209912661023
POLES-JRC ENGAGE,ENGAGE-INDCi2030-1200f,R10PAC_OECD,0.3613443366392479,0.4573484397826014,0.0,0.6177229775903522,1.9884624718051214,0.5235646736645457,0.3613443366392479,0.2286742198913007,0.0,0.2935288735591047,0.7064135794205381,0.2792267781187717
POLES-JRC ENGAGE,ENGAGE-INDCi2030-300f,R10PAC_OECD,0.9103157997848462,0.4553933320573374,0.0,0.7952777225076081,2.031257718859259,1.172372820341921,0.9103157997848462,0.2276966660286687,0.0,0.4262317065851511,0.7302112643190065,0.7023311822051235
POLES-JRC ENGAGE,ENGAGE-INDCi2030-400f,R10PAC_OECD,1.0,1.4520200512652373,0.0,0.8115967578589942,2.0184181517169693,1.14849210533328,1.0,0.7260100256326186,0.0,0.4384284080835557,0.7230714066451297,0.6867579565225684
POLES-JRC ENGAGE,ENGAGE-INDCi2030-500f,R10PAC_OECD,0.8686335642449032,1.4514698905643697,0.0,0.8374702580349239,2.002738486162503,1.097091777544677,0.8686335642449032,0.7257349452821849,0.0,0.45776603139092414,0.7143522201498042,0.6532384867529414
POLES-JRC ENGAGE,ENGAGE-INDCi2030-600f,R10PAC_OECD,0.856319800705894,1.4520972742872287,0.0,0.8230556554433728,1.9923416013232345,1.0539242149986716,0.856319800705894,0.7260486371436143,0.0,0.44699268595464836,0.70857069518238,0.6250878139840773
POLES-JRC ENGAGE,ENGAGE-INDCi2030-600f-COV,R10PAC_OECD,0.8117566371077574,1.45406390146881,0.0,0.8073971221979923,1.9958381839124937,1.0191488552312846,0.8117566371077574,0.727031950734405,0.0,0.43528963784031677,0.710515083319114,0.6024099115153445
POLES-JRC ENGAGE,ENGAGE-INDCi2030-600f-COV-NDCp,R10PAC_OECD,0.8051272008034367,1.4469224785207864,0.0,0.8253280682182728,1.9427576518305933,0.968490947363693,0.8051272008034367,0.7234612392603932,0.0,0.44869106699861505,0.6809979321473932,0.5693745927846187
POLES-JRC ENGAGE,ENGAGE-INDCi2030-600f-NDCp,R10PAC_OECD,0.8537344040600985,1.4476650568068363,0.0,0.821926289935371,2.007760376763407,1.0287231047068406,0.8537344040600985,0.7238325284034182,0.0,0.4461486082449618,0.7171448052694486,0.6086535247308603
POLES-JRC ENGAGE,ENGAGE-INDCi2030-700f,R10PAC_OECD,0.7324062938140844,1.4509645277491874,0.0,0.8346297771662303,1.9742574114481453,0.9795968078979524,0.7324062938140844,0.7254822638745937,0.0,0.4556430813193415,0.6985143949641099,0.5766170087858322
POLES-JRC ENGAGE,ENGAGE-INDCi2030-800f,R10PAC_OECD,0.7447267337197883,1.451137959563769,0.0,0.8372726019924316,1.9567426295232706,0.9025473066808015,0.7447267337197883,0.7255689797818845,0.0,0.4576183050273416,0.6887747325014473,0.5263710563196344
POLES-JRC ENGAGE,ENGAGE-INDCi2030-900,R10PAC_OECD,0.454629589501154,0.43955130641617585,0.0,0.5133656615867156,2.033237969322034,1.2042635021403467,0.454629589501154,0.21977565320808792,0.0,0.21553314617299263,0.7313124468048454,0.7231279123129837
POLES-JRC ENGAGE,ENGAGE-INDCi2030-900f,R10PAC_OECD,0.6663766427300272,1.451028524728737,0.0,0.7410450911557911,1.950699911775437,0.7861983540405123,0.6663766427300272,0.7255142623643684,0.0,0.38569872152638984,0.6854144833431374,0.45049692538425395
POLES-JRC ENGAGE,ENGAGE-NPi2020-1000f,R10PAC_OECD,0.39721313893535204,0.3633336769741432,0.0,0.6162003201021944,2.015867085725724,0.37159187958806067,0.39721313893535204,0.1816668384870716,0.0,0.2923908529305879,0.7216528036741489,0.1801214280944865
POLES-JRC ENGAGE,ENGAGE-NPi2020-1000f-COV,R10PAC_OECD,0.3600985616970511,0.3583726311193987,0.0,0.6207832819717609,2.072003472636223,0.39499465038832404,0.3600985616970511,0.17918631555969936,0.0,0.2958161177638383,0.7528692620192681,0.19538297412180336
POLES-JRC ENGAGE,ENGAGE-NPi2020-1200f,R10PAC_OECD,0.27668115849613345,0.3597178476295483,0.0,0.6393981312707648,2.0794736988686062,0.33430169248031144,0.27668115849613345,0.17985892381477414,0.0,0.3097286901340215,0.7570233235619819,0.15580354232919208
POLES-JRC ENGAGE,ENGAGE-NPi2020-900f,R10PAC_OECD,0.49283479539635405,0.3671444837831017,0.0,0.6501412563785179,1.9644252145763,0.41802204152318073,0.49283479539635405,0.18357224189155086,0.0,0.3177580060389074,0.6930468830528015,0.21039972545834545
REMIND-MAgPIE 2.1-4.2,NGFS Phase 2-Delayed Transition,R10PAC_OECD,0.33235053939259873,0.6473362942469038,0.0,0.5925070416821105,1.238688983956676,1.4569081937525068,0.33235053939259873,0.3236681471234519,0.0,0.2746827079216485,0.2894777176770337,0.8878839842543823
REMIND-MAgPIE 3.2.0-4.8.0,RESCUE-End-of-Century-Budget-1150,R10PAC_OECD,0.2418606180652864,0.5350494625447663,1.1423326749250953,0.5755483837732215,1.4272903459248147,0.40826390782643907,0.2418606180652864,0.26752473127238313,0.15744512018899112,0.26200795822753076,0.3943556210073249,0.20403619663414918
REMIND-MAgPIE 3.2.0-4.8.0,RESCUE-End-of-Century-Budget-1150-with-OAE,R10PAC_OECD,0.23425441549947024,0.5173558742145238,1.1423326749250953,0.5993731234554044,1.4271309743910294,0.41164371045138415,0.23425441549947024,0.2586779371072619,0.15744512018899112,0.2798143562114715,0.3942669972978272,0.20624025246002026
REMIND-MAgPIE 3.2.0-4.8.0,RESCUE-End-of-Century-Budget-500,R10PAC_OECD,0.33467921524820143,0.40889911684703734,1.1457254438133253,0.6262133689399745,1.4013743743650977,0.7469004094523416,0.33467921524820143,0.20444955842351867,0.15791273782534723,0.29987451634167167,0.3799442046125178,0.4248697295607336
REMIND-MAgPIE 3.2.0-4.8.0,RESCUE-End-of-Century-Budget-500-with-OAE,R10PAC_OECD,0.29601550551812345,0.5152640214070072,1.147941389154977,0.6693915672028006,1.4030607994646158,0.7221938978078204,0.29601550551812345,0.2576320107035036,0.15821815654294757,0.33214551668642495,0.380881995976882,0.4087579807487913
REMIND-MAgPIE 3.2.0-4.8.0,RESCUE-Peak-Budget-1150,R10PAC_OECD,0.13674339558532586,0.532027897378354,4.758584572013188,0.6402412888069894,1.2705464555476353,0.4563256396965141,0.13674339558532586,0.266013948689177,0.6558649124863933,0.3103588585578302,0.30719309783652893,0.23537848252618793
REMIND-MAgPIE 3.2.0-4.8.0,RESCUE-Peak-Budget-1150-with-OAE,R10PAC_OECD,0.1374859735661023,0.5139856669135251,4.756657604615871,0.6383517888554576,1.2696243110421894,0.45606850055237247,0.1374859735661023,0.25699283345676255,0.6555993229430576,0.30894666314346547,0.3066803094807637,0.23521079550667923
REMIND-MAgPIE 3.3-4.8,NGFS Phase 5-Below 2°C,R10PAC_OECD,0.3965662547955092,0.2678733734069702,4.800724789309031,0.7492214298954097,1.2851335942361581,0.5014203481235354,0.3965662547955092,0.1339366867034851,0.6616730030037807,0.3918096441887701,0.31530474933933667,0.2647858964653816
REMIND-MAgPIE 3.3-4.8,NGFS Phase 5-Delayed Transition,R10PAC_OECD,0.5337991511113765,0.0,1.4061083581885188,0.8093638789742948,1.412185551992788,1.2350061417408826,0.5337991511113765,0.0,0.19380072400384843,0.4367595743165858,0.38595611051972467,0.7431759747099164
REMIND-MAgPIE 3.3-4.8,NGFS Phase 5-Low Demand,R10PAC_OECD,0.21183256310792634,0.33582953614003824,4.330272858808423,0.620400900928745,1.0180591480479362,1.2002672670043641,0.21183256310792634,0.16791476807001912,0.5968316810607942,0.29553032958212955,0.16678934278542598,0.7205218650639507
REMIND-MAgPIE 3.3-4.8,NGFS Phase 5-Net-Zero 2050,R10PAC_OECD,0.6183832192555876,0.21525746459568826,7.255433979496365,1.1332278176580624,0.9178332342449983,1.245055942309347,0.6183832192555876,0.10762873229784413,1.0,0.6788125940674137,0.11105547326654962,0.7497297069688011
WITCH 5.0,ENGAGE-INDCi2030-1000,R10PAC_OECD,0.3677740181329828,1.2125399765929878,0.0,0.8341859072662994,1.9169320609174016,0.6535139407412116,0.3677740181329828,0.6062699882964939,0.0,0.4553113369142946,0.6666367748419708,0.3639700223112204
WITCH 5.0,ENGAGE-INDCi2030-1000-NDCp,R10PAC_OECD,0.3976441478698508,1.22866794307569,0.0,1.2303569692771827,2.141123413040687,0.40190376567734487,0.3976441478698508,0.614333971537845,0.0,0.7514060558489074,0.7913056463183352,0.1998885850980149
WITCH 5.0,ENGAGE-INDCi2030-1000f,R10PAC_OECD,0.38547732362040926,1.1880705001493108,0.0,0.8679192462406257,1.9289424748838981,0.5133061633253895,0.38547732362040926,0.5940352500746554,0.0,0.48052333365032773,0.6733155550044798,0.2725369408747571
WITCH 5.0,ENGAGE-INDCi2030-1000f-NDCp,R10PAC_OECD,0.37651887412708573,1.2100726888668585,0.0,0.8778935523488122,1.9679431381677464,0.5833880665391931,0.37651887412708573,0.6050363444334292,0.0,0.48797804109079734,0.6950031385458525,0.31823914428937977
WITCH 5.0,ENGAGE-INDCi2030-1200,R10PAC_OECD,0.3972838462299178,1.2262835187345191,0.0,1.2752308188525414,2.2075208956773364,0.32565219358587816,0.3972838462299178,0.6131417593672596,0.0,0.7849443708638616,0.8282281196911289,0.15016298264430494
WITCH 5.0,ENGAGE-INDCi2030-1200-NDCp,R10PAC_OECD,0.39113177253085296,1.2266045052427637,0.0,1.303547157107245,2.3779692747065524,0.29324142709717016,0.39113177253085296,0.6133022526213818,0.0,0.8061077495675629,0.9230114681891681,0.12902709199402052
WITCH 5.0,ENGAGE-INDCi2030-1200f,R10PAC_OECD,0.3636747809770801,1.2125399765929878,0.0,0.9107780359626705,2.0029628180848684,0.5200490041007501,0.3636747809770801,0.6062699882964939,0.0,0.5125556108999919,0.714476967189922,0.2769341199834324
WITCH 5.0,ENGAGE-INDCi2030-1200f-NDCp,R10PAC_OECD,0.3667385457229988,1.2125399765929878,0.0,0.9188104374207833,1.995535989854123,0.525691179039149,0.3667385457229988,0.6062699882964939,0.0,0.5185589561217198,0.7103470385133391,0.2806135267191331
WITCH 5.0,ENGAGE-INDCi2030-1400,R10PAC_OECD,0.3968287666409276,1.2125399765929878,0.0,1.409660719023065,2.4266831656399086,0.1916416989041972,0.3968287666409276,0.6062699882964939,0.0,0.885416079487309,0.9501004069478075,0.06277130794974448
WITCH 5.0,ENGAGE-INDCi2030-1400-NDCp,R10PAC_OECD,0.39533004469147315,1.2125399765929878,0.0,1.4577512383942968,2.516417331869958,0.22821140024323855,0.39533004469147315,0.6062699882964939,0.0,0.921358504823396,1.0,0.08661934649844187
WITCH 5.0,ENGAGE-INDCi2030-1400f,R10PAC_OECD,0.36384019811516805,1.2125399765929878,0.0,0.9606268116706541,2.0468339052827833,0.6943473824417695,0.36384019811516805,0.6062699882964939,0.0,0.5498121413431076,0.738872907887927,0.3905985551155416
WITCH 5.0,ENGAGE-INDCi2030-1400f-NDCp,R10PAC_OECD,0.3733571337623119,1.2125399765929878,0.0,0.9755339289108147,2.0650797654295068,0.561742312259406,0.3733571337623119,0.6062699882964939,0.0,0.5609535878358084,0.7490191101034198,0.3041233937205094
WITCH 5.0,ENGAGE-INDCi2030-1600-NDCp,R10PAC_OECD,0.40478329793129414,1.2210163044746132,0.0,1.5629725836933297,2.419193209177403,0.21978038589412702,0.40478329793129414,0.6105081522373066,0.0,1.0,0.9459353737708176,0.08112126617948721
WITCH 5.0,ENGAGE-INDCi2030-500f,R10PAC_OECD,0.4112267503501397,1.1880705001493108,0.0,0.8634599346156729,1.7857014644340072,1.6288321531493457,0.4112267503501397,0.5940352500746554,0.0,0.47719048390726404,0.5936617460917173,1.0
WITCH 5.0,ENGAGE-INDCi2030-600f,R10PAC_OECD,0.40644155668392395,1.1880705001493108,0.0,0.8382921340914076,1.8209422180622439,1.1935873929032468,0.40644155668392395,0.5940352500746554,0.0,0.45838029422654974,0.6132585099418807,0.7161657481357048
WITCH 5.0,ENGAGE-INDCi2030-600f-NDCp,R10PAC_OECD,0.41156397345031126,1.1880705001493108,0.0,0.8401274508651209,1.8305814662325253,1.0182482684600926,0.41156397345031126,0.5940352500746554,0.0,0.4597519936169855,0.6186187264707,0.6018226158238453
WITCH 5.0,ENGAGE-INDCi2030-700f,R10PAC_OECD,0.4038135566673274,1.1870598555432876,0.0,0.8275348945763403,1.847807783037042,1.0299575632796478,0.4038135566673274,0.5935299277716438,0.0,0.4503404293395009,0.6281979785487751,0.6094585467724172
WITCH 5.0,ENGAGE-INDCi2030-700f-NDCp,R10PAC_OECD,0.4013288229617607,1.1785345123684245,0.0,0.8303568732656643,1.8612793322095051,0.9265825728547974,0.4013288229617607,0.5892672561842123,0.0,0.4524495510472139,0.6356892703245871,0.5420450687741393
WITCH 5.0,ENGAGE-INDCi2030-800,R10PAC_OECD,0.400003975808447,1.2296206289643254,0.0,1.109767920545869,1.8288165958340894,1.0485688221345792,0.400003975808447,0.6148103144821627,0.0,0.6612788761668392,0.6176373130540307,0.6215954251816032
WITCH 5.0,ENGAGE-INDCi2030-800-NDCp,R10PAC_OECD,0.39520157157049723,1.2400435728643573,0.0,1.13266884403741,1.8660094698626954,0.9188189418953753,0.39520157157049723,0.6200217864321786,0.0,0.6783948221679245,0.6383196167566244,0.5369822062508269
WITCH 5.0,ENGAGE-INDCi2030-800f,R10PAC_OECD,0.3947143958149524,1.1880705001493108,0.0,0.8239822213000414,1.8805388075296863,0.900282761911688,0.3947143958149524,0.5940352500746554,0.0,0.44768519301337234,0.6463991261270245,0.5248942886958471
WITCH 5.0,ENGAGE-INDCi2030-800f-NDCp,R10PAC_OECD,0.39303513458186234,1.1880705001493108,0.0,0.8375621598153375,1.8880705084561482,0.7193678156247543,0.39303513458186234,0.5940352500746554,0.0,0.45783471796208114,0.6505873726668963,0.4069150202001473
WITCH 5.0,ENGAGE-INDCi2030-900,R10PAC_OECD,0.39318601186397134,1.22866794307569,0.0,1.1669458617931083,1.9906908584039393,0.7145973175000102,0.39318601186397134,0.614333971537845,0.0,0.7040131595769588,0.7076527460514387,0.4038040562324452
WITCH 5.0,ENGAGE-INDCi2030-900-NDCp,R10PAC_OECD,0.3617038999002673,1.2125399765929878,0.0,0.7917691710055421,1.8637104442530106,0.8589854471423526,0.3617038999002673,0.6062699882964939,0.0,0.4236094464796331,0.6370411690130332,0.4979632523866887
WITCH 5.0,ENGAGE-INDCi2030-900f,R10PAC_OECD,0.3941371391403629,1.1880705001493108,0.0,0.8591244543991976,1.9193259817498514,0.6452748708442965,0.3941371391403629,0.5940352500746554,0.0,0.4739501846546433,0.6679679921514643,0.3585971138839569
WITCH 5.0,ENGAGE-INDCi2030-900f-NDCp,R10PAC_OECD,0.3942318134787725,1.1880705001493108,0.0,0.8644465390856207,1.9131450834920498,0.6536462189463659,0.3942318134787725,0.5940352500746554,0.0,0.47792786329016507,0.6645309032396377,0.36405628431556175
IMAGE 3.0,ENGAGE-INDCi2030-1000,R10REF_ECON,0.09609663754579129,1.8367501426194228,0.0,0.5498318767647399,1.9581691589923953,0.8574455253699897,0.09609663754579129,0.9704027412300106,0.0,0.2305145322826478,0.5932964351638264,0.4696854072764362
IMAGE 3.0,ENGAGE-INDCi2030-1000f,R10REF_ECON,0.13261408749529463,0.842901712241872,0.0,0.5026500032714083,1.9577160982478887,0.781812759600561,0.13261408749529463,0.4453268374219277,0.0,0.18834869951447533,0.5930148320509303,0.42825582913673
IMAGE 3.0,ENGAGE-INDCi2030-1200,R10REF_ECON,0.08159008487876396,1.8345768818305483,0.0,0.5872149896205814,1.961265940752275,0.6617076321342792,0.08159008487876396,0.9692545511860866,0.0,0.2639233388501936,0.595221261788326,0.3624654972253854
IMAGE 3.0,ENGAGE-INDCi2030-1200f,R10REF_ECON,0.12111170865699629,1.8424202904979543,0.0,0.5853450897554878,1.9963899910867124,0.657473851540856,0.12111170865699629,0.9733984274242468,0.0,0.26225223341992904,0.6170528639114986,0.3601463470245806
IMAGE 3.0,ENGAGE-INDCi2030-1400f,R10REF_ECON,0.14433928030263915,1.8414028269751799,0.0,0.6409664828910654,1.9904895047154811,0.6783346871295535,0.14433928030263915,0.9728608750546067,0.0,0.3119603562145657,0.6133853748388154,0.37157334707263173
IMAGE 3.0,ENGAGE-INDCi2030-800f,R10REF_ECON,0.12686642025596387,1.842022470982612,0.0,0.5133804430794652,1.9571936944667692,0.8670348239168878,0.12686642025596387,0.9731882490558094,0.0,0.1979383553923712,0.5926901282827586,0.4749381649855067
IMAGE 3.0,ENGAGE-NPi2020-1000,R10REF_ECON,0.07361765876242057,1.8293130413356056,0.0,0.7279612988310347,1.9868808780625975,0.6732239941001195,0.07361765876242057,0.9664735277212373,0.0,0.3897065029660535,0.611142407397797,0.3687738480187895
IMAGE 3.0,ENGAGE-NPi2020-1200,R10REF_ECON,0.07936986123162515,1.8330967308578452,0.0,0.7213814665510174,1.9606463653133184,0.5790780581459598,0.07936986123162515,0.9684725490356487,0.0,0.38382619158755255,0.5948361602883624,0.3172032572772142
IMAGE 3.0,ENGAGE-NPi2020-1400,R10REF_ECON,0.10757278286635587,1.8275204198213433,0.0,0.6750706011204962,1.9660556718689963,0.5164505166156871,0.10757278286635587,0.9655264392789589,0.0,0.34243876750892444,0.5981983530697013,0.28289758831045936
IMAGE 3.0,ENGAGE-NPi2020-1400f,R10REF_ECON,0.13312884866812216,1.8444264782387874,0.0,0.6556597900489062,1.9262362382480367,0.5843829605321028,0.13312884866812216,0.9744583484434172,0.0,0.3250915756121267,0.5734483022268877,0.3201091389502478
IMAGE 3.2,SSP2021-SSP1-SPA1-19-Default,R10REF_ECON,0.2812913932982767,0.32432315724971883,0.0,0.8776278199488229,2.1727085592453985,0.4306732530919656,0.2812913932982767,0.17134833613823228,0.0,0.5234615455956928,0.7266449180828207,0.23591112939131947
IMAGE 3.2,SSP2021-SSP1-SPA1-19-Lifestyle-Renewables,R10REF_ECON,0.4539741913155204,0.061289510590403766,0.0,0.9877206523080571,2.003664105735682,0.5394161458228248,0.4539741913155204,0.032380838147508986,0.0,0.6218500921821273,0.6215741413639154,0.295477537226584
IMAGE 3.2,SSP2021-SSP1-SPA1-19-Renewables,R10REF_ECON,0.3620686183330456,0.28985758059027816,1.2416718886298237,0.8173614022198279,1.7311009810705849,0.4207697249696186,0.3620686183330456,0.15313927803482738,0.1711368185747056,0.46960222413706554,0.45216060179547585,0.23048624524184416
IMAGE 3.2,SSP2021-SSP1-SPA1-26-Default,R10REF_ECON,0.28320521563471446,0.3228450490284615,0.0,0.9180878589179804,1.6611911259479033,0.2645325397284753,0.28320521563471446,0.17056741322636731,0.0,0.5596201614083598,0.40870763646275593,0.1449037518816441
IMAGE 3.2,SSP2021-SSP1-SPA1-26-Lifestyle,R10REF_ECON,0.25737306276245814,0.019763772061034357,0.0,1.0432739484648423,1.7433555897618385,0.3370666423283165,0.25737306276245814,0.010441713404590552,0.0,0.6714973575837192,0.4597775405760331,0.18463596636411717
IMAGE 3.2,SSP2021-SSP1-SPA1-26-Lifestyle-Renewables,R10REF_ECON,0.40627685451892426,0.0,0.0,1.0748305737131805,1.8063532273729421,0.4925876620135714,0.40627685451892426,0.0,0.0,0.6996991072055814,0.49893416818389674,0.2698261636532057
IMAGE 3.2,SSP2021-SSP1-SPA1-26-Renewables,R10REF_ECON,0.3439223880259777,0.3170172131361011,1.0056945101199,0.8931001269722869,1.688435961786629,0.37513802739653546,0.3439223880259777,0.16748841636437714,0.1386125920188871,0.5372889471417847,0.4256418570403594,0.20549043871514905
IMAGE 3.2,SSP2021-SSP2-SPA0-26-Default,R10REF_ECON,0.33687086320060133,1.0,0.0,0.9779285593303692,1.9365250408322556,0.3911017821319295,0.33687086320060133,0.5283259375965539,0.0,0.6130990247832047,0.5798433803059755,0.21423495066687834
IMAGE 3.2,SSP2021-SSP2-SPA2-19-Renewables,R10REF_ECON,0.6217701703117954,0.5736628269529354,1.2321510564371054,1.056581687059596,1.6167379913806326,1.391027235375378,0.6217701703117954,0.3030809509141992,0.16982458388004448,0.6833903121987632,0.3810774759954994,0.7619669987757877
IMAGE 3.2,SSP2021-SSP2-SPA2-26-Default,R10REF_ECON,0.36259916174416146,0.7066144137604476,0.0,1.1589562087753533,1.8643224223827275,0.47294202231853943,0.36259916174416146,0.3733227226692277,0.0,0.7748811039537443,0.5349653316973316,0.25906481496299516
IMAGE 3.2,SSP2021-SSP2-SPA2-26-Lifestyle,R10REF_ECON,0.31929706652911355,0.45100358112464817,0.0,1.1745028560598922,1.8337211293024192,0.37572028893358933,0.31929706652911355,0.23827688985708317,0.0,0.7887749424338606,0.5159448813613728,0.20580938579584498
IMAGE 3.2,SSP2021-SSP2-SPA2-26-Lifestyle-Renewables,R10REF_ECON,0.44179656000733797,0.4277183420438338,0.0,1.050155658255752,1.847091626205057,0.47552660454035983,0.44179656000733797,0.225974694087552,0.0,0.6776474530063523,0.5242554083589186,0.26048057901747707
IMAGE 3.2,SSP2021-SSP2-SPA2-26-Renewables,R10REF_ECON,0.5415446633184074,0.8343249756223081,0.0,0.9881132564660013,1.7021531896514537,0.45080596894921743,0.5415446633184074,0.4407955250058779,0.0,0.6222009574624199,0.4341678971219082,0.24693928519505265
IMAGE 3.3,NAVIGATE Demand-1.5°C-ele_u,R10REF_ECON,0.20364784898553767,0.42242483340400566,0.0,0.6036135566649374,1.3581767617244216,1.1358605123249443,0.20364784898553767,0.22317799617223935,0.0,0.2785785270492741,0.22036691338711542,0.6221935872956568
IMAGE 3.3,NAVIGATE Demand-1.5°C-tec_u,R10REF_ECON,0.1563102791486012,0.41822701061684586,0.0,0.5253157943241082,1.3843670736497666,1.1655303593137623,0.1563102791486012,0.22096017751234898,0.0,0.2086048251051974,0.236645687161543,0.6384459249129757
IMAGE 3.3,NAVIGATE Demand-2.0°C-ele_u,R10REF_ECON,0.20802207556084534,0.9530225885493325,0.0,0.6495104184991624,1.4890915671279568,0.8789885878128334,0.20802207556084534,0.5035065526460208,0.0,0.31959596144512037,0.30173793741165195,0.4814861126951071
IMAGE 3.3,NAVIGATE Demand-2.0°C-ref,R10REF_ECON,0.1912353616885492,0.9481196563146007,0.0,0.6549807864157086,1.4755357282101094,0.3861727937382792,0.1912353616885492,0.5009162063761338,0.0,0.3244847588088381,0.29331220977254474,0.21153498448519756
IMAGE 3.3,NAVIGATE Demand-2.0°C-tec_u,R10REF_ECON,0.16264999506336764,0.9445496022361141,0.0,0.5941264069192328,1.5132027091710891,0.44942652576563275,0.16264999506336764,0.49903005420784696,0.0,0.27009998348994446,0.31672438842766326,0.24618366362572075
MESSAGEix-GLOBIOM 2.0-M-R12-NGFS,NGFS Phase 5-Below 2°C,R10REF_ECON,0.059478230845924886,0.8754305199950986,2.215814166199008,0.6652755715237775,1.268221414237969,0.6848901900301785,0.059478230845924886,0.46251265027704913,0.30540063798538186,0.33368507569138955,0.16445453037670615,0.3751642737947151
MESSAGEix-GLOBIOM 2.0-M-R12-NGFS,NGFS Phase 5-Delayed Transition,R10REF_ECON,0.0634449168353976,0.8756828384881373,2.2157951783764283,0.6285712783240535,1.4346439831676985,0.5653163967927242,0.0634449168353976,0.46264595668145675,0.30539802093688645,0.300882921509185,0.2678956561749989,0.309664992365626
MESSAGEix-GLOBIOM 2.0-M-R12-NGFS,NGFS Phase 5-Low Demand,R10REF_ECON,0.0,0.8750136714171777,2.215814166199008,0.2918953725735107,1.1558917496080292,0.9743590932166518,0.0,0.46229241836128326,0.30540063798538186,0.0,0.09463523216137883,0.5337274893743116
MESSAGEix-GLOBIOM 2.0-M-R12-NGFS,NGFS Phase 5-Nationally Determined Contributions (NDCs),R10REF_ECON,0.08506556428675878,0.8754339229305627,2.215814166199008,1.2580038030874336,2.2182088575871215,0.0,0.08506556428675878,0.46251444813611875,0.30540063798538186,0.8633986635297378,0.7549259506068009,0.0
MESSAGEix-GLOBIOM 2.0-M-R12-NGFS,NGFS Phase 5-Net-Zero 2050,R10REF_ECON,0.09708060491467721,0.8759330885673693,3.490612878157041,0.7496209386145157,1.0036366544897783,0.8772211119981583,0.09708060491467721,0.4627781702892006,0.481103251441803,0.4090634441239369,0.0,0.4805179373728221
POLES-JRC ENGAGE,ENGAGE-INDCi2030-1000,R10REF_ECON,0.0675436113861883,0.5183498820444732,0.0,0.8305961708129799,2.3496910050327764,0.8345312897796617,0.0675436113861883,0.2738576874342094,0.0,0.4814299664013311,0.8366496100937448,0.45713361038994904
POLES-JRC ENGAGE,ENGAGE-INDCi2030-1000-COV,R10REF_ECON,0.06991405491360538,0.518439273484063,0.0,0.806985739584728,2.420785243080233,0.7237653639766759,0.06991405491360538,0.2739049152503438,0.0,0.4603296280500867,0.8808387370174249,0.3964590398967647
POLES-JRC ENGAGE,ENGAGE-INDCi2030-1000-COV-NDCp,R10REF_ECON,0.06427645169558717,0.5177560042626498,0.0,0.723719804606191,2.4216704630775947,0.7078665185444823,0.06427645169558717,0.27354392639830977,0.0,0.3859159341960956,0.8813889517731227,0.3877500835011701
POLES-JRC ENGAGE,ENGAGE-INDCi2030-1000-NDCp,R10REF_ECON,0.07864646473132253,0.520536874591249,0.0,0.9529105410311852,2.424073337092172,0.8855104306182021,0.07864646473132253,0.27501313232200136,0.0,0.5907407439925201,0.8828824751264623,0.4850586013297766
POLES-JRC ENGAGE,ENGAGE-INDCi2030-1000f,R10REF_ECON,0.09611773547895545,0.5566842060761036,0.0,0.78314435575803,2.3649260005757666,0.6720585274088413,0.09611773547895545,0.2941107051203506,0.0,0.4390228903356455,0.8461190294197036,0.3681354369694999
POLES-JRC ENGAGE,ENGAGE-INDCi2030-1000f-COV,R10REF_ECON,0.06784032800606984,0.5409645886648294,0.0,0.7378763627412888,2.4260442650066683,0.6198805339569853,0.06784032800606984,0.2858056235128801,0.0,0.398567467903883,0.8841075193236161,0.33955374707762337
POLES-JRC ENGAGE,ENGAGE-INDCi2030-1000f-COV-NDCp,R10REF_ECON,0.06251848326955128,0.5385824395593488,0.0,0.7103411061160416,2.4217349970189037,0.594793264509017,0.06251848326955128,0.28454707235323223,0.0,0.3739595636363049,0.8814290633011693,0.32581162117051315
POLES-JRC ENGAGE,ENGAGE-INDCi2030-1000f-NDCp,R10REF_ECON,0.0926425515127631,0.5532612219908543,0.0,0.8584204582660289,2.4541731676661325,0.6889419945394233,0.0926425515127631,0.29230225384413316,0.0,0.5062961737977932,0.901591237891824,0.3773837424312888
POLES-JRC ENGAGE,ENGAGE-INDCi2030-1200,R10REF_ECON,0.047704349700819215,0.5221928288830376,0.0,0.9095793865516155,2.3717886818342464,0.644396613782954,0.047704349700819215,0.2758880159258277,0.0,0.5520162492202721,0.8503845775357871,0.3529829907988651
POLES-JRC ENGAGE,ENGAGE-INDCi2030-1200f,R10REF_ECON,0.04137084459350382,0.5394077615139716,0.0,0.9330194510961451,2.391084422958273,0.5625688111268661,0.04137084459350382,0.2849831113487274,0.0,0.5729643330601284,0.8623779820230386,0.3081599394446972
POLES-JRC ENGAGE,ENGAGE-INDCi2030-300f,R10REF_ECON,0.22207707297996065,0.5733787212171507,0.0,0.48649828413879315,2.3594622731621513,0.9255656036400167,0.22207707297996065,0.3029308504849642,0.0,0.1739141161153952,0.8427230109688767,0.5069997389270148
POLES-JRC ENGAGE,ENGAGE-INDCi2030-400f,R10REF_ECON,0.2200964987423448,0.5714329085445148,0.0,0.4988254463203858,2.359272172808706,0.891800392926471,0.2200964987423448,0.3019028271803066,0.0,0.18493074221712555,0.8426048527485013,0.48850407211608443
POLES-JRC ENGAGE,ENGAGE-INDCi2030-500f,R10REF_ECON,0.1970433873185631,0.5726697851467483,0.0,0.5107017348694896,2.354203754411062,0.8749580727714246,0.1970433873185631,0.30255630117087284,0.0,0.1955444283595134,0.8394545414148838,0.47927830585170317
POLES-JRC ENGAGE,ENGAGE-INDCi2030-600f,R10REF_ECON,0.17428916288519833,0.5704566832191038,0.0,0.5400359259922713,2.352636201434989,0.8476035735624061,0.17428916288519833,0.3013870620199533,0.0,0.22176001722220753,0.8384802177661369,0.46429425296241106
POLES-JRC ENGAGE,ENGAGE-INDCi2030-600f-COV,R10REF_ECON,0.17685343493938813,0.5601996793240961,0.0,0.5806336901297782,2.4233547083936395,0.7967551989281082,0.17685343493938813,0.29596802082019186,0.0,0.2580417162443069,0.8824358063718265,0.4364408922032543
POLES-JRC ENGAGE,ENGAGE-INDCi2030-600f-COV-NDCp,R10REF_ECON,0.17584052359237015,0.5637443596761103,0.0,0.5710265023772533,2.426600515972095,0.7884010408880955,0.17584052359237015,0.2978407673906498,0.0,0.2494558962640415,0.884453261048793,0.4318647109703043
POLES-JRC ENGAGE,ENGAGE-INDCi2030-600f-NDCp,R10REF_ECON,0.17152327208807785,0.5740615479066833,0.0,0.5688146964796543,2.4235302361459987,0.8758742202915305,0.17152327208807785,0.30329160553592743,0.0,0.24747923381533657,0.8825449068888396,0.4797801466198623
POLES-JRC ENGAGE,ENGAGE-INDCi2030-700f,R10REF_ECON,0.15780727202892614,0.5692392780195532,0.0,0.5569168161733119,2.353110342060857,0.8024083663640655,0.15780727202892614,0.30074387527646584,0.0,0.23684625139754698,0.8387749232285144,0.43953754402660344
POLES-JRC ENGAGE,ENGAGE-INDCi2030-800f,R10REF_ECON,0.15144000941059552,0.5674713631623386,0.0,0.5806209098777091,2.355715304643051,0.7699470457706578,0.15144000941059552,0.29980984000193706,0.0,0.25803029469760724,0.8403940561616103,0.42175611286563636
POLES-JRC ENGAGE,ENGAGE-INDCi2030-900,R10REF_ECON,0.10701774978359245,0.5115614430182658,0.0,0.8292026444538358,2.358587849797108,1.0146435441013435,0.10701774978359245,0.27027117902087133,0.0,0.4801845898389525,0.8421795069364241,0.5557942191674603
POLES-JRC ENGAGE,ENGAGE-INDCi2030-900f,R10REF_ECON,0.13797587878150805,0.5586043518997488,0.0,0.7260085479996495,2.3586700554587505,0.7122596680941204,0.13797587878150805,0.2951251679629501,0.0,0.3879613546941068,0.8422306024473395,0.3901565316945497
POLES-JRC ENGAGE,ENGAGE-NPi2020-1000f,R10REF_ECON,0.061572569572627536,0.5320422609173463,0.0,0.8711636845691028,2.241815514616217,0.4278072661682677,0.061572569572627536,0.28109172634014734,0.0,0.5176846310471294,0.7695988353911651,0.23434121947205652
POLES-JRC ENGAGE,ENGAGE-NPi2020-1000f-COV,R10REF_ECON,0.06896136502586327,0.5256029795437915,0.0,0.8807414517351073,2.3183373806787717,0.4384376762041403,0.06896136502586327,0.277689686971016,0.0,0.5262441582280778,0.8171615429289816,0.2401642698227594
POLES-JRC ENGAGE,ENGAGE-NPi2020-1200f,R10REF_ECON,0.04473388845965524,0.5261114486729382,0.0,0.9293674579426281,2.289691300992458,0.3873692116168597,0.04473388845965524,0.2779583244004113,0.0,0.569700593806462,0.7993563693187179,0.21219034975558188
POLES-JRC ENGAGE,ENGAGE-NPi2020-900f,R10REF_ECON,0.07947392104089328,0.5411088540574335,0.0,0.7674498293306232,2.204231323318681,0.4472080592653561,0.07947392104089328,0.28588184266169037,0.0,0.424996894169825,0.7462381152374156,0.24496844783546756
REMIND-MAgPIE 2.1-4.2,NGFS Phase 2-Delayed Transition,R10REF_ECON,0.15570990416651778,0.8779652123070173,0.0,0.7717529772698906,2.127776529266112,1.4592152171150379,0.15570990416651778,0.46385179396926235,0.0,0.42884256207043303,0.6987170967821982,0.7993185261056791
REMIND-MAgPIE 3.2.0-4.8.0,RESCUE-End-of-Century-Budget-1150,R10REF_ECON,0.589399381937828,1.8927709749575672,1.1423326749250953,1.0670028879388338,2.380290231789175,0.6725457263185698,0.589399381937828,1.0,0.15744512018899112,0.6927036052281207,0.8556687760914503,0.3684023113207792
REMIND-MAgPIE 3.2.0-4.8.0,RESCUE-End-of-Century-Budget-1150-with-OAE,R10REF_ECON,0.542611089154817,1.8927709749575672,1.1423326749250953,1.0510141705641831,2.377992845285023,0.6543459750447238,0.542611089154817,1.0,0.15744512018899112,0.6784146944011189,0.8542408192469456,0.3584329810992498
REMIND-MAgPIE 3.2.0-4.8.0,RESCUE-End-of-Century-Budget-500,R10REF_ECON,1.0,1.6614382514389587,1.1457254438133253,1.4108552127060956,2.3612792026640808,0.8695822418771588,1.0,0.8777809219502668,0.15791273782534723,1.0,0.8438523363625682,0.4763335714653025
REMIND-MAgPIE 3.2.0-4.8.0,RESCUE-End-of-Century-Budget-500-with-OAE,R10REF_ECON,0.9651526641165883,1.6614238717119187,1.147941389154977,1.3775721673942358,2.3651772355937353,0.8765908430441822,0.9651526641165883,0.877773324767496,0.15821815654294757,0.9702553709989127,0.8462751863235765,0.48017269313096284
REMIND-MAgPIE 3.2.0-4.8.0,RESCUE-Peak-Budget-1150,R10REF_ECON,0.296739602255011,0.8902250064437024,4.758584572013188,1.0632343547287315,2.058025757169654,0.6226382243875336,0.296739602255011,0.47032896120126727,0.6558649124863933,0.6893357156265996,0.6553630106305518,0.3410643351146366
REMIND-MAgPIE 3.2.0-4.8.0,RESCUE-Peak-Budget-1150-with-OAE,R10REF_ECON,0.29732800063725096,0.8901031571777287,4.756657604615871,1.063220847628558,2.0581280054906403,0.625959316416868,0.29732800063725096,0.4702645850735762,0.6555993229430576,0.6893236445051089,0.6554265637982613,0.3428835392695913
REMIND-MAgPIE 3.3-4.8,NGFS Phase 5-Below 2°C,R10REF_ECON,0.19681690246562897,0.7724247688743949,4.800724789309031,1.0931481225883721,1.8285630584639267,0.6266617579498895,0.19681690246562897,0.4080920402383661,0.6616730030037807,0.7160692647556693,0.5127388459185099,0.3432683176931335
REMIND-MAgPIE 3.3-4.8,NGFS Phase 5-Delayed Transition,R10REF_ECON,0.21454255946400289,0.7788267747182683,1.4061083581885188,1.0131638893102193,2.034423406670885,1.4242906270794575,0.21454255946400289,0.41147438597832914,0.19380072400384843,0.6445883854520158,0.6406928026005974,0.7801877827412584
REMIND-MAgPIE 3.3-4.8,NGFS Phase 5-Low Demand,R10REF_ECON,0.04447047855401453,0.77981519174535,4.330272858808423,0.4884294064205217,1.4379214368126392,1.825574122777323,0.04447047855401453,0.4119965923308984,0.5968316810607942,0.17563993523103005,0.26993278068860693,1.0
REMIND-MAgPIE 3.3-4.8,NGFS Phase 5-Net-Zero 2050,R10REF_ECON,0.2788854464431753,0.7842471749847081,7.255433979496365,1.0554235471729752,1.2763051060561021,1.7258522239360699,0.2788854464431753,0.41433812403124454,1.0,0.6823552974957479,0.16947900624949,0.945375047993372
WITCH 5.0,ENGAGE-INDCi2030-1000,R10REF_ECON,0.09344776135607698,0.3066001634481128,0.0,0.5566656588977589,2.2947643234047064,1.2105241799542483,0.09344776135607698,0.16198481882098084,0.0,0.23662179537460046,0.802509542310204,0.6630923197534301
WITCH 5.0,ENGAGE-INDCi2030-1000-NDCp,R10REF_ECON,0.09796164757741481,0.3066001634481128,0.0,0.5665446485234547,2.3280496861733764,1.1901859620510202,0.09796164757741481,0.16198481882098084,0.0,0.24545052118885777,0.8231982951610846,0.6519515955015511
WITCH 5.0,ENGAGE-INDCi2030-1000f,R10REF_ECON,0.09094436802076235,0.3066001634481128,0.0,0.5574513470315878,2.356273517558754,1.0617954771169835,0.09094436802076235,0.16198481882098084,0.0,0.23732395474230025,0.8407410173508698,0.5816227694450605
WITCH 5.0,ENGAGE-INDCi2030-1000f-NDCp,R10REF_ECON,0.09196787235201126,0.3066001634481128,0.0,0.556091697983346,2.3577154362084416,1.0077626666338113,0.09196787235201126,0.16198481882098084,0.0,0.23610885389642833,0.8416372520947057,0.5520250610808721
WITCH 5.0,ENGAGE-INDCi2030-1200,R10REF_ECON,0.10855586447815335,0.3066001634481128,0.0,0.565691255658678,2.3781169483585556,0.9773809119177357,0.10855586447815335,0.16198481882098084,0.0,0.2446878549749608,0.8543179563908064,0.5353827597155052
WITCH 5.0,ENGAGE-INDCi2030-1200-NDCp,R10REF_ECON,0.10988221963056007,0.3066001634481128,0.0,0.569202538524302,2.3953745595577303,0.9461150200069843,0.10988221963056007,0.16198481882098084,0.0,0.24782584325629894,0.8650445467956548,0.5182561519702195
WITCH 5.0,ENGAGE-INDCi2030-1200f,R10REF_ECON,0.09898217746568601,0.3066001634481128,0.0,0.5648700530034367,2.4079845867575007,0.8971341154913715,0.09898217746568601,0.16198481882098084,0.0,0.24395395673680426,0.8728823984661342,0.49142574070151884
WITCH 5.0,ENGAGE-INDCi2030-1200f-NDCp,R10REF_ECON,0.09914387106043873,0.3066001634481128,0.0,0.5666987834180847,2.406916993420289,0.883615689396219,0.09914387106043873,0.16198481882098084,0.0,0.24558826955935492,0.8722188282700596,0.48402071346844966
WITCH 5.0,ENGAGE-INDCi2030-1400,R10REF_ECON,0.11071783758777745,0.3066001634481128,0.0,0.5791188093505419,2.4920051875600766,0.8276781194017628,0.11071783758777745,0.16198481882098084,0.0,0.2566878867994032,0.925105997664012,0.4533796294957233
WITCH 5.0,ENGAGE-INDCi2030-1400-NDCp,R10REF_ECON,0.11118875610998595,0.3066001634481128,0.0,0.5875296416993605,2.513742061316733,0.8030860863115996,0.11118875610998595,0.16198481882098084,0.0,0.2642045393611448,0.9386167054194807,0.43990878063599564
WITCH 5.0,ENGAGE-INDCi2030-1400f,R10REF_ECON,0.10462463613078345,0.3066001634481128,0.0,0.5838254111598081,2.5146255437143026,0.8160808046603867,0.10462463613078345,0.16198481882098084,0.0,0.2608941162282525,0.9391658401577273,0.4470269349670932
WITCH 5.0,ENGAGE-INDCi2030-1400f-NDCp,R10REF_ECON,0.10544964000222319,0.3066001634481128,0.0,0.5878564455328918,2.5136967044380714,0.797615541976376,0.10544964000222319,0.16198481882098084,0.0,0.2644965997388368,0.9385885135304741,0.43691216479500145
WITCH 5.0,ENGAGE-INDCi2030-1600-NDCp,R10REF_ECON,0.11932616036110341,0.3537173500455657,0.0,0.6077255961898251,2.6124993543626385,0.676984738161291,0.11932616036110341,0.18687805060699195,0.0,0.28225340382090197,1.0,0.37083388163465286
WITCH 5.0,ENGAGE-INDCi2030-500f,R10REF_ECON,0.08356175702275952,0.3066001634481128,0.0,0.5127442395402871,2.1749046616325676,1.6587065149037286,0.08356175702275952,0.16198481882098084,0.0,0.19736978848196032,0.72800992106744,0.9085944493890329
WITCH 5.0,ENGAGE-INDCi2030-600f,R10REF_ECON,0.07941102441436453,0.3066001634481128,0.0,0.5205124009857736,2.228597086719521,1.4640852637837498,0.07941102441436453,0.16198481882098084,0.0,0.2043120943332284,0.7613828279607358,0.8019862056087731
WITCH 5.0,ENGAGE-INDCi2030-600f-NDCp,R10REF_ECON,0.08231096041314664,0.3066001634481128,0.0,0.5261160398135575,2.2289198387749147,1.4196700196375225,0.08231096041314664,0.16198481882098084,0.0,0.2093199941941563,0.7615834367854784,0.7776567392824996
WITCH 5.0,ENGAGE-INDCi2030-700f,R10REF_ECON,0.08495871963325793,0.3066001634481128,0.0,0.5324932406113959,2.236163384108189,1.3423378111623867,0.08495871963325793,0.16198481882098084,0.0,0.21501921642637048,0.7660857136633293,0.7352962525127337
WITCH 5.0,ENGAGE-INDCi2030-700f-NDCp,R10REF_ECON,0.08615148445888904,0.3066001634481128,0.0,0.5406896561660166,2.267490272023143,1.3185066254014775,0.08615148445888904,0.16198481882098084,0.0,0.2223442474602363,0.7855571626051374,0.7222421751879226
WITCH 5.0,ENGAGE-INDCi2030-800,R10REF_ECON,0.08975355503942374,0.3066001634481128,0.0,0.5481696326055799,2.2124218167249907,1.4992841415166809,0.08975355503942374,0.16198481882098084,0.0,0.2290290060827415,0.7513289743933627,0.8212671963358884
WITCH 5.0,ENGAGE-INDCi2030-800-NDCp,R10REF_ECON,0.09049403054735686,0.3066001634481128,0.0,0.5536400234172751,2.244140046353605,1.4183442906189403,0.09049403054735686,0.16198481882098084,0.0,0.23391782390755905,0.7710436645475448,0.7769305408761783
WITCH 5.0,ENGAGE-INDCi2030-800f,R10REF_ECON,0.0868876436919322,0.3066001634481128,0.0,0.5487509849683752,2.29776744281783,1.2898138730585151,0.0868876436919322,0.16198481882098084,0.0,0.2295485532031514,0.8043761524400558,0.7065250635215331
WITCH 5.0,ENGAGE-INDCi2030-800f-NDCp,R10REF_ECON,0.08692550785642493,0.3066001634481128,0.0,0.5497668502305135,2.296293472221847,1.2546271112172889,0.08692550785642493,0.16198481882098084,0.0,0.2304564189063727,0.8034599955821092,0.6872507095513447
WITCH 5.0,ENGAGE-INDCi2030-900,R10REF_ECON,0.09726426383149135,0.3066001634481128,0.0,0.5608136878217297,2.2610512302261307,1.3130479045746406,0.09726426383149135,0.16198481882098084,0.0,0.24032883540874442,0.7815549305952082,0.7192520359442023
WITCH 5.0,ENGAGE-INDCi2030-900-NDCp,R10REF_ECON,0.09048739122215436,0.3066001634481128,0.0,0.5549894628640122,2.261369226186706,1.3023754215725716,0.09048739122215436,0.16198481882098084,0.0,0.23512380056403775,0.7817525832355486,0.713405939163518
WITCH 5.0,ENGAGE-INDCi2030-900f,R10REF_ECON,0.08805345744175021,0.3066001634481128,0.0,0.5557795153889254,2.333128367008494,1.1777917973902052,0.08805345744175021,0.16198481882098084,0.0,0.23582986033184825,0.8263549851853601,0.6451624081953905
WITCH 5.0,ENGAGE-INDCi2030-900f-NDCp,R10REF_ECON,0.08831577421028029,0.3066001634481128,0.0,0.5543662814943415,2.3265802619384135,1.136118667323328,0.08831577421028029,0.16198481882098084,0.0,0.23456687139882587,0.8222849641260129,0.6223349976033307
IMAGE 3.0,ENGAGE-INDCi2030-1000,R10NORTH_AM,0.3345845310638952,1.7866984972095832,0.0,0.7195068777812899,2.191994867887981,0.8192661969366675,0.3345845310638952,0.8923417928166203,0.0,0.4415306255607059,0.6121396302371199,0.4887272045941625
IMAGE 3.0,ENGAGE-INDCi2030-1000f,R10NORTH_AM,0.46946864837141994,1.807847686898776,0.0,0.7306403794238457,2.065745070734648,0.9397201927179382,0.46946864837141994,0.9030162785353492,0.0,0.4487000384162484,0.5353389626412864,0.5626196488375363
IMAGE 3.0,ENGAGE-INDCi2030-1200,R10NORTH_AM,0.3306589615405591,1.7931576528840623,0.0,0.8121030854450251,2.199520983156482,0.47451797476121627,0.3306589615405591,0.8956018782390658,0.0,0.5011579075167598,0.616717939985389,0.2772415779042859
IMAGE 3.0,ENGAGE-INDCi2030-1200f,R10NORTH_AM,0.41692983450326365,1.8137691267011375,0.0,0.8165971699476657,1.9635916700318008,0.5799634414375837,0.41692983450326365,0.9060049663070098,0.0,0.5040518710011654,0.4731966895599688,0.3419270473780311
IMAGE 3.0,ENGAGE-INDCi2030-1400f,R10NORTH_AM,0.42945699660086945,1.814957177031413,0.0,0.9054073090319348,1.9566636042239114,0.6210450655717701,0.42945699660086945,0.9066046028164945,0.0,0.5612411159750504,0.46898218711171885,0.3671285494209763
IMAGE 3.0,ENGAGE-INDCi2030-800f,R10NORTH_AM,0.47714766160581434,1.812416189960243,0.0,0.6904889624647492,2.177659767366716,0.894142614689801,0.47714766160581434,0.9053221078083504,0.0,0.42284455339844484,0.6034192574926839,0.5346601060980185
IMAGE 3.0,ENGAGE-NPi2020-1000,R10NORTH_AM,0.2960351510957012,1.7862717586212375,0.0,0.6927104769668775,2.8295842865642937,0.7748776532061565,0.2960351510957012,0.8921264079704928,0.0,0.4242750965592285,1.0,0.4614970743574922
IMAGE 3.0,ENGAGE-NPi2020-1200,R10NORTH_AM,0.3014855992343599,1.7946612120108685,0.0,0.7942787436252374,2.8176997339283787,0.33155461394124164,0.3014855992343599,0.8963607593433646,0.0,0.48967993145072913,0.992770352134447,0.1895407747908877
IMAGE 3.0,ENGAGE-NPi2020-1400,R10NORTH_AM,0.3365604866986109,1.774175992214015,0.0,0.8693148929123022,2.6577073626661822,0.2062634762583489,0.3365604866986109,0.8860213946026778,0.0,0.5379994225327454,0.8954432973570542,0.11268098823608119
IMAGE 3.0,ENGAGE-NPi2020-1400f,R10NORTH_AM,0.3760255561660997,0.807699843441099,0.0,0.9263396184434567,2.57499763599291,0.37879618919849833,0.3760255561660997,0.3982185047907631,0.0,0.5747204662288407,0.8451290602778342,0.21852109580908652
IMAGE 3.2,SSP2021-SSP1-SPA1-19-Default,R10NORTH_AM,0.517465676947302,1.3053921379357032,0.0,0.6627686794829566,1.975736967130332,0.49343535236360603,0.517465676947302,0.6494153292543879,0.0,0.4049940909339405,0.4805849543045376,0.2888464338548826
IMAGE 3.2,SSP2021-SSP1-SPA1-19-Lifestyle-Renewables,R10NORTH_AM,0.7189270214392736,1.0716845339549401,0.0,0.5986722376640479,2.4550312235129974,0.6873450765976774,0.7189270214392736,0.5314576903229165,0.0,0.36371921904507043,0.7721507207059737,0.40780025845222356
IMAGE 3.2,SSP2021-SSP1-SPA1-19-Renewables,R10NORTH_AM,0.6712658824519246,1.2991078430539977,1.2416718886298237,0.7293876965464472,1.7013616829392062,0.5748509116153463,0.6712658824519246,0.6462435001227346,0.1711368185747056,0.4478933738992369,0.31367613169405517,0.3387907684826571
IMAGE 3.2,SSP2021-SSP1-SPA1-26-Default,R10NORTH_AM,0.4137257634691589,1.3948726248663814,0.0,0.667063092531542,1.908439033727391,0.36899671756472907,0.4137257634691589,0.69457820281519,0.0,0.40775947608463325,0.4396460670373483,0.2125096147733913
IMAGE 3.2,SSP2021-SSP1-SPA1-26-Lifestyle,R10NORTH_AM,0.3224517210128713,0.01871581952791173,0.0,0.6128912248488871,2.2640263363711175,0.33551869760787334,0.3224517210128713,0.0,0.0,0.37287552878378966,0.6559580362238983,0.19197253995909805
IMAGE 3.2,SSP2021-SSP1-SPA1-26-Lifestyle-Renewables,R10NORTH_AM,0.5709180608094766,1.014660794258573,0.0,0.6145889213414029,2.3268383296268524,0.6095677827929873,0.5709180608094766,0.5026764885859805,0.0,0.3739687595973307,0.6941680224879284,0.36008781596671496
IMAGE 3.2,SSP2021-SSP1-SPA1-26-Renewables,R10NORTH_AM,0.5693368754280497,1.3828037514690377,1.0056945101199,0.697683932153722,1.902320291934849,0.500464842381463,0.5693368754280497,0.6884867629721343,0.1386125920188871,0.4274777505577456,0.43592389508056467,0.2931586710358481
IMAGE 3.2,SSP2021-SSP2-SPA0-26-Default,R10NORTH_AM,0.5592996649063219,2.0,0.0,0.7579036150116555,2.7121105670240735,0.14911510191792698,0.5592996649063219,1.0,0.0,0.4662561854382968,0.9285380231170022,0.07762334621134323
IMAGE 3.2,SSP2021-SSP2-SPA2-19-Renewables,R10NORTH_AM,1.0,1.463522579012275,1.2321510564371054,0.9019462509329603,2.160068870343288,0.6448384412965588,1.0,0.7292274241750134,0.16982458388004448,0.559012369330444,0.5927183085369557,0.3817245840124578
IMAGE 3.2,SSP2021-SSP2-SPA2-26-Default,R10NORTH_AM,0.5149192945682975,1.6916568964190544,0.0,0.6985985864373079,1.881008904352271,0.0225792657737911,0.5149192945682975,0.8443720963302319,0.0,0.42806674172958437,0.42295968578565624,0.0
IMAGE 3.2,SSP2021-SSP2-SPA2-26-Lifestyle,R10NORTH_AM,0.36068086510822206,1.155761107321544,0.0,0.6023134967143787,1.9828192350607894,0.19929160101435367,0.36068086510822206,0.5738930835871833,0.0,0.36606400600284283,0.48489326146554707,0.10840409480969658
IMAGE 3.2,SSP2021-SSP2-SPA2-26-Lifestyle-Renewables,R10NORTH_AM,0.5792129576690732,1.1716169709589743,0.0,0.5635918196805223,1.7698061809023171,0.5624548843240458,0.5792129576690732,0.5818959050873542,0.0,0.34112920130010904,0.35531250066536024,0.3311864316607798
IMAGE 3.2,SSP2021-SSP2-SPA2-26-Renewables,R10NORTH_AM,0.7969150568944791,1.6896066630532545,0.0,0.708119339719465,1.7078172756123178,0.3149426525297897,0.7969150568944791,0.8433372960799662,0.0,0.4341976260790904,0.31760321782172307,0.17935017526442804
IMAGE 3.3,NAVIGATE Demand-1.5°C-ele_u,R10NORTH_AM,0.4123264402632797,1.452839244170196,0.0,1.3694790327358013,1.318861220784678,0.5950828818820628,0.4123264402632797,0.7238352977211832,0.0,0.8600798720676475,0.08099226596471404,0.35120206065416515
IMAGE 3.3,NAVIGATE Demand-1.5°C-tec_u,R10NORTH_AM,0.3466135501789689,1.4321943124041403,0.0,1.0842908401027942,1.3904713424197332,0.5947041550172427,0.3466135501789689,0.7134153226517125,0.0,0.6764330770021335,0.12455435693196996,0.3509697308459203
IMAGE 3.3,NAVIGATE Demand-2.0°C-ele_u,R10NORTH_AM,0.3557686546814924,1.9774029824948198,0.0,1.0165573174670657,1.7246591724503957,0.4231010372064423,0.3557686546814924,0.9885947620599302,0.0,0.6328161087268862,0.3278485326650697,0.2456998829460691
IMAGE 3.3,NAVIGATE Demand-2.0°C-ref,R10NORTH_AM,0.34412222521607,1.9740713920991224,0.0,0.9919348658507424,1.606497083822124,0.2075022452357439,0.34412222521607,0.9869132312484827,0.0,0.6169604932322702,0.25596780496657173,0.11344091045367867
IMAGE 3.3,NAVIGATE Demand-2.0°C-tec_u,R10NORTH_AM,0.2829849195679905,1.9730796654467873,0.0,0.8079335099852607,1.6538926392802327,0.15742022222623028,0.2829849195679905,0.9864126838448797,0.0,0.49847291146941325,0.2847996160453431,0.0827181181641989
MESSAGEix-GLOBIOM 2.0-M-R12-NGFS,NGFS Phase 5-Below 2°C,R10NORTH_AM,0.3875020857339771,0.6956702990303912,2.215814166199008,1.087908348725756,1.8790788684731503,0.5834366595391767,0.3875020857339771,0.3416745998250382,0.30540063798538186,0.6787625698839924,0.4217856003824111,0.3440576913077108
MESSAGEix-GLOBIOM 2.0-M-R12-NGFS,NGFS Phase 5-Delayed Transition,R10NORTH_AM,0.362613505776085,0.6965741704458971,2.2157951783764283,1.0196911456251323,1.9177625633730215,0.38900495458335405,0.362613505776085,0.34213080465643725,0.30539802093688645,0.634834135813497,0.4453177854660465,0.22478365789431565
MESSAGEix-GLOBIOM 2.0-M-R12-NGFS,NGFS Phase 5-Low Demand,R10NORTH_AM,0.22889631232769775,0.7193031147469349,2.215814166199008,0.6110687784726572,1.7673026142797212,0.9657813338957755,0.22889631232769775,0.3536026291049735,0.30540063798538186,0.37170196534456246,0.3537895232640383,0.5786068430265852
MESSAGEix-GLOBIOM 2.0-M-R12-NGFS,NGFS Phase 5-Nationally Determined Contributions (NDCs),R10NORTH_AM,0.3529978371879395,0.7879772984288713,2.215814166199008,1.093032055790416,2.115404293925948,0.3326573990518071,0.3529978371879395,0.38826407967264176,0.30540063798538186,0.6820619785046369,0.565547815086018,0.1902172777725144
MESSAGEix-GLOBIOM 2.0-M-R12-NGFS,NGFS Phase 5-Net-Zero 2050,R10NORTH_AM,0.4756199836709305,0.6828262756540245,3.490612878157041,1.1906191649930937,1.712851042860418,0.8812726916595353,0.4756199836709305,0.33519192383995755,0.481103251441803,0.7449031490289801,0.3206653747035009,0.5267650581690374
POLES-JRC ENGAGE,ENGAGE-INDCi2030-1000,R10NORTH_AM,0.12481852657669644,1.7066849381286433,0.0,0.10604050470811613,1.9811890576935294,1.1997321632904994,0.12481852657669644,0.8519570969362571,0.0,0.04648925917310571,0.4839015869208891,0.7221238638162656
POLES-JRC ENGAGE,ENGAGE-INDCi2030-1000-COV,R10NORTH_AM,0.11777131512752577,1.6983192242455032,0.0,0.1457156216115192,1.9093019575427659,0.7847910861000098,0.11777131512752577,0.8477347274419694,0.0,0.07203803100650272,0.44017100352516414,0.4675784648719228
POLES-JRC ENGAGE,ENGAGE-INDCi2030-1000-COV-NDCp,R10NORTH_AM,0.11085504567259834,1.6958451380413964,0.0,0.14144624819484977,1.71415007438331,0.5892153465051911,0.11085504567259834,0.8464859988504367,0.0,0.06928877011435139,0.32145560558256503,0.34760262397405023
POLES-JRC ENGAGE,ENGAGE-INDCi2030-1000-NDCp,R10NORTH_AM,0.134302559770944,1.6995850943700708,0.0,0.10272334050793287,1.8713380849942507,0.8680203169517463,0.134302559770944,0.8483736414034516,0.0,0.04435317293319028,0.4170767030035721,0.5186353954472976
POLES-JRC ENGAGE,ENGAGE-INDCi2030-1000f,R10NORTH_AM,0.22346969887670443,1.727212576898601,0.0,0.1573427315815934,1.9817100093751296,0.6832462150310471,0.22346969887670443,0.8623178715148269,0.0,0.07952530269950084,0.48421849386121063,0.4052858138477995
POLES-JRC ENGAGE,ENGAGE-INDCi2030-1000f-COV,R10NORTH_AM,0.1311461527938488,1.7120453649462064,0.0,0.17834812915154677,1.9193271107469547,0.487620685601056,0.1311461527938488,0.8546626284649477,0.0,0.09305171803662866,0.4462695357699099,0.28527942940012185
POLES-JRC ENGAGE,ENGAGE-INDCi2030-1000f-COV-NDCp,R10NORTH_AM,0.06386655205050086,1.7097322062949687,0.0,0.1805140213110964,1.7314812253985927,0.3135852872311123,0.06386655205050086,0.8534951237354209,0.0,0.09444644321752234,0.33199854504219317,0.17851750019209137
POLES-JRC ENGAGE,ENGAGE-INDCi2030-1000f-NDCp,R10NORTH_AM,0.16008894077455188,1.7155418308905404,0.0,0.15092006899290505,1.882837564112832,0.4921190797006507,0.16008894077455188,0.8564273757832758,0.0,0.07538943231401954,0.42407210175450055,0.28803896703964205
POLES-JRC ENGAGE,ENGAGE-INDCi2030-1200,R10NORTH_AM,0.0662319263198103,1.7115343150130964,0.0,0.1634393334616146,1.9871215677000302,0.6000686752344776,0.0662319263198103,0.8544046897309957,0.0,0.08345120645350744,0.48751046978083434,0.35426059312469677
POLES-JRC ENGAGE,ENGAGE-INDCi2030-1200f,R10NORTH_AM,0.041360580768408456,1.7207292955730198,0.0,0.1916005014794559,1.9930627614005347,0.43199298219965815,0.041360580768408456,0.8590456093176713,0.0,0.10158557661809973,0.49112463513240906,0.25115464221216655
POLES-JRC ENGAGE,ENGAGE-INDCi2030-300f,R10NORTH_AM,0.3915580051123743,1.7296908612127824,0.0,0.1847079492685832,2.051408937967816,1.3274244721766226,0.3915580051123743,0.863568718989716,0.0,0.0971471210436876,0.52661796195803,0.8004566476602255
POLES-JRC ENGAGE,ENGAGE-INDCi2030-400f,R10NORTH_AM,0.32852936075425926,1.7289906164522988,0.0,0.1812145117904895,2.029686290994661,1.3128205378017217,0.32852936075425926,0.863215289245823,0.0,0.0948975237139719,0.5134035740769888,0.7914978713279667
POLES-JRC ENGAGE,ENGAGE-INDCi2030-500f,R10NORTH_AM,0.3415966841176415,1.7291781320356419,0.0,0.18553924194232546,2.0122912791548586,1.2750940535539246,0.3415966841176415,0.8633099327024212,0.0,0.09768243154825208,0.5028217866028138,0.7683545781918802
POLES-JRC ENGAGE,ENGAGE-INDCi2030-600f,R10NORTH_AM,0.2993670497690328,1.7294059494757037,0.0,0.17826655071620973,2.0010488153053223,1.2367308802825994,0.2993670497690328,0.8634249174392434,0.0,0.09299918564369265,0.4959827361763188,0.7448207084886465
POLES-JRC ENGAGE,ENGAGE-INDCi2030-600f-COV,R10NORTH_AM,0.3190697597555365,1.7167301759157256,0.0,0.19129143332509718,1.9236357195815263,1.0957622460134062,0.3190697597555365,0.8570271610321046,0.0,0.10138655233353606,0.448890562039778,0.6583435693930203
POLES-JRC ENGAGE,ENGAGE-INDCi2030-600f-COV-NDCp,R10NORTH_AM,0.3035774977946568,1.7185636305224112,0.0,0.2171415483669708,1.7249108561339546,0.914707578336261,0.3035774977946568,0.8579525480234088,0.0,0.11803272108156677,0.3280016376629084,0.54727567289393
POLES-JRC ENGAGE,ENGAGE-INDCi2030-600f-NDCp,R10NORTH_AM,0.3528766535553197,1.722140700180182,0.0,0.14844172111933165,1.8809598064866888,1.0787019277846481,0.3528766535553197,0.859757977902185,0.0,0.0737935014311976,0.4229298184200107,0.6478779255983398
POLES-JRC ENGAGE,ENGAGE-INDCi2030-700f,R10NORTH_AM,0.2956128389341912,1.729806729050848,0.0,0.17223482510240956,1.9777359188641928,1.144027615232686,0.2956128389341912,0.8636272001703602,0.0,0.08911505892911153,0.48180096281396834,0.6879519363117708
POLES-JRC ENGAGE,ENGAGE-INDCi2030-800f,R10NORTH_AM,0.2806789782737172,1.7301115118422814,0.0,0.1786100487987058,1.9726987439955008,1.0144696776834823,0.2806789782737172,0.8637810311020546,0.0,0.09322038106338777,0.47873673299787883,0.6084746834855129
POLES-JRC ENGAGE,ENGAGE-INDCi2030-900,R10NORTH_AM,0.07934905476312112,1.702344652059267,0.0,0.03384655329341405,2.061455028359331,1.3318539938087848,0.07934905476312112,0.8497664540632383,0.0,0.0,0.5327292307774116,0.8031739355186018
POLES-JRC ENGAGE,ENGAGE-INDCi2030-900f,R10NORTH_AM,0.23312222509282315,1.7282089283563637,0.0,0.16939762945938697,1.9723954588632617,0.8205638158081189,0.23312222509282315,0.8628207531648108,0.0,0.0872880482033013,0.47855223764697097,0.4895232282502145
POLES-JRC ENGAGE,ENGAGE-NPi2020-1000f,R10NORTH_AM,0.050626725377941,1.6940072054506303,0.0,0.1847262395081462,2.1226907509104387,0.391703928685857,0.050626725377941,0.8455583517168852,0.0,0.09715889903437408,0.5699803351647439,0.22643934222500117
POLES-JRC ENGAGE,ENGAGE-NPi2020-1000f-COV,R10NORTH_AM,0.03830380793139513,1.6907673839688724,0.0,0.219010353175085,2.185114480080283,0.34291921820529764,0.03830380793139513,0.8439231388010954,0.0,0.1192361370099914,0.6079541314176039,0.19651238566591972
POLES-JRC ENGAGE,ENGAGE-NPi2020-1200f,R10NORTH_AM,0.0,1.691909549783234,0.0,0.2208377300345441,2.156378826520516,0.3152580969945108,0.0,0.8444996163330006,0.0,0.12041287543144634,0.5904735696507414,0.17954368451557493
POLES-JRC ENGAGE,ENGAGE-NPi2020-900f,R10NORTH_AM,0.10488921080439013,1.6989226326002607,0.0,0.17036284183975162,2.082541972409643,0.44350757348508174,0.10488921080439013,0.8480392816097686,0.0,0.08790959623646137,0.5455569058876778,0.2582182625514073
REMIND-MAgPIE 2.1-4.2,NGFS Phase 2-Delayed Transition,R10NORTH_AM,0.6277061825961215,1.8324638533742528,0.0,1.218439760340831,2.1391483729475786,1.6318299608846967,0.6277061825961215,0.9154406277115543,0.0,0.7628182075917349,0.5799918867710974,0.9871940444219176
REMIND-MAgPIE 3.2.0-4.8.0,RESCUE-End-of-Century-Budget-1150,R10NORTH_AM,0.5085506344026249,1.5708700155729576,1.1423326749250953,1.084875549978141,1.8783645622812022,0.5185157712570976,0.5085506344026249,0.7834081609005772,0.15744512018899112,0.6768096006360863,0.42135107142754213,0.30423200444278625
REMIND-MAgPIE 3.2.0-4.8.0,RESCUE-End-of-Century-Budget-1150-with-OAE,R10NORTH_AM,0.4809706735515822,1.5647561382892772,1.1423326749250953,1.123593326591388,1.8767194154611078,0.5183287400659339,0.4809706735515822,0.7803223454764497,0.15744512018899112,0.7017418936649049,0.4203502906189761,0.30411727025090496
REMIND-MAgPIE 3.2.0-4.8.0,RESCUE-End-of-Century-Budget-500,R10NORTH_AM,0.5229130544369264,1.4980966404716516,1.1457254438133253,1.0619749907707616,1.8796932600466796,0.8282002894033482,0.5229130544369264,0.7466777535119884,0.15791273782534723,0.6620627969033832,0.42215934896717117,0.49420781920704865
REMIND-MAgPIE 3.2.0-4.8.0,RESCUE-End-of-Century-Budget-500-with-OAE,R10NORTH_AM,0.4824054536469461,1.514048630021544,1.147941389154977,1.1067576826437753,1.8712229555513658,0.8376954682405129,0.4824054536469461,0.7547290919858521,0.15821815654294757,0.6909005891028263,0.41700666710432416,0.5000326319768974
REMIND-MAgPIE 3.2.0-4.8.0,RESCUE-Peak-Budget-1150,R10NORTH_AM,0.5072612023232513,1.8413785260087936,4.758584572013188,1.3308909242536398,1.6314577345095076,0.5958428952031871,0.5072612023232513,0.9199400693981158,0.6558649124863933,0.835231078767468,0.27115194529504477,0.35166829045078707
REMIND-MAgPIE 3.2.0-4.8.0,RESCUE-Peak-Budget-1150-with-OAE,R10NORTH_AM,0.5068285864443937,1.841431629171041,4.756657604615871,1.3281059460506104,1.6345664606618127,0.595543540068223,0.5068285864443937,0.9199668717936383,0.6555993229430576,0.8334376934362183,0.2730430552156388,0.35148465119103617
REMIND-MAgPIE 3.3-4.8,NGFS Phase 5-Below 2°C,R10NORTH_AM,0.33759052099798703,0.6446814072042344,4.800724789309031,1.00625750215043,1.729109371241768,0.45501583827084857,0.33759052099798703,0.31593932553742565,0.6616730030037807,0.6261835477670399,0.3305556913759583,0.265278001902557
REMIND-MAgPIE 3.3-4.8,NGFS Phase 5-Delayed Transition,R10NORTH_AM,0.4180612912703413,1.0,1.4061083581885188,0.9766363522858449,1.9444356208367464,1.6527052822382164,0.4180612912703413,0.4952768462716307,0.19380072400384843,0.6071090230170388,0.4615436223879716,1.0
REMIND-MAgPIE 3.3-4.8,NGFS Phase 5-Low Demand,R10NORTH_AM,0.1823322663334219,0.5632842789432055,4.330272858808423,0.7935727983295777,1.1857210089984376,1.6439689248680172,0.1823322663334219,0.2748563102570866,0.5968316810607942,0.4892253383280527,0.0,0.9946406858844278
REMIND-MAgPIE 3.3-4.8,NGFS Phase 5-Net-Zero 2050,R10NORTH_AM,0.4608974402199386,0.7290372833542661,7.255433979496365,1.16387326650795,1.2722339685324642,1.3731428284552294,0.4608974402199386,0.3585156893833894,1.0,0.7276801409773638,0.05262783147156272,0.8285025507479912
WITCH 5.0,ENGAGE-INDCi2030-1000,R10NORTH_AM,0.5283178624218899,1.2177458262428664,0.0,1.3795945926643773,2.0206732884594616,0.5421150772238026,0.5283178624218899,0.6051782064041198,0.0,0.8665937818618257,0.5079207564618002,0.31870898703698436
WITCH 5.0,ENGAGE-INDCi2030-1000-NDCp,R10NORTH_AM,0.5709387535805696,1.2177458264593395,0.0,1.4183976225535915,1.697056662062408,0.9513565288097193,0.5709387535805696,0.6051782065133787,0.0,0.8915809736953797,0.31105728806177146,0.5697579534681313
WITCH 5.0,ENGAGE-INDCi2030-1000f,R10NORTH_AM,0.5668531300932044,1.0989485876521279,0.0,1.4416119702704575,1.995952927207274,0.5733812003299598,0.5668531300932044,0.5452184894883807,0.0,0.9065298413829876,0.49288278974671423,0.3378891748202394
WITCH 5.0,ENGAGE-INDCi2030-1000f-NDCp,R10NORTH_AM,0.5920833340254851,1.1667042801192862,0.0,1.4806603168016101,1.665736015782302,0.8603681661856211,0.5920833340254851,0.5794163562734543,0.0,0.9316750047463316,0.292004215517634,0.5139411873377172
WITCH 5.0,ENGAGE-INDCi2030-1200,R10NORTH_AM,0.5863344608546524,1.2177458262428664,0.0,1.2550524368895695,1.9945955153028636,0.5781493737237035,0.5863344608546524,0.6051782064041198,0.0,0.7863949224790816,0.49205704473316275,0.3408142084345641
WITCH 5.0,ENGAGE-INDCi2030-1200-NDCp,R10NORTH_AM,0.5924785322787688,1.2177458264593395,0.0,1.2423932315210844,1.6595078057459918,0.8808752748094968,0.5924785322787688,0.6051782065133787,0.0,0.7782430334666564,0.28821545149978167,0.5265212629985876
WITCH 5.0,ENGAGE-INDCi2030-1200f,R10NORTH_AM,0.5798404117167216,1.2124435652762995,0.0,1.3355094215999268,2.0139653724373154,0.5812810876326635,0.5798404117167216,0.6025020325271833,0.0,0.8382051578407754,0.5038401762130105,0.34273535678587524
WITCH 5.0,ENGAGE-INDCi2030-1200f-NDCp,R10NORTH_AM,0.5834558144297642,1.2177458264593395,0.0,1.3259936074416014,1.6975274571676588,0.882103467966329,0.5834558144297642,0.6051782065133787,0.0,0.8320774540376088,0.3113436835982349,0.5272746974842822
WITCH 5.0,ENGAGE-INDCi2030-1400,R10NORTH_AM,0.572863323619167,1.2177458262428664,0.0,1.202975209260636,2.1009679119862006,0.5158252074609975,0.572863323619167,0.6051782064041198,0.0,0.7528598176009564,0.5567658305154253,0.30258147941041136
WITCH 5.0,ENGAGE-INDCi2030-1400-NDCp,R10NORTH_AM,0.5684464369434655,1.2177458264593395,0.0,1.2247398197296995,1.7655071313575113,0.8339375572809534,0.5684464369434655,0.6051782065133787,0.0,0.7668751277075581,0.3526972895322472,0.49772734335405217
WITCH 5.0,ENGAGE-INDCi2030-1400f,R10NORTH_AM,0.5703985798248075,1.2177458262428664,0.0,1.2243818075885133,2.110725351183145,0.5192362917123186,0.5703985798248075,0.6051782064041198,0.0,0.7666445859669749,0.5627015061461826,0.3046740073603175
WITCH 5.0,ENGAGE-INDCi2030-1400f-NDCp,R10NORTH_AM,0.5681080179637622,1.2177458264593395,0.0,1.2496784174919655,1.7960519436720133,0.8302448406888312,0.5681080179637622,0.6051782065133787,0.0,0.7829343253559045,0.37127840435569603,0.4954620481837246
WITCH 5.0,ENGAGE-INDCi2030-1600-NDCp,R10NORTH_AM,0.5939152375765789,1.249738094441918,0.0,1.303042290247613,1.8691779958793246,0.8193248281082908,0.5939152375765789,0.621325444904469,0.0,0.8172979647246276,0.4157626709034545,0.4887631718574484
WITCH 5.0,ENGAGE-INDCi2030-500f,R10NORTH_AM,0.5375291632222907,1.0933122920007328,0.0,1.5029415754611901,1.9905301336832948,0.8818759963600934,0.5375291632222907,0.5423737205718631,0.0,0.9460230101987285,0.48958397919599195,0.5271351551397406
WITCH 5.0,ENGAGE-INDCi2030-600f,R10NORTH_AM,0.5300798422553628,1.0908433448975152,0.0,1.5360261129494206,2.004341038872943,0.7321859338562725,0.5300798422553628,0.5411275858035385,0.0,0.9673277816895912,0.49798547181288305,0.43530786019938805
WITCH 5.0,ENGAGE-INDCi2030-600f-NDCp,R10NORTH_AM,0.5534236949202801,1.0899820234863902,0.0,1.5734400688834684,1.714636920898449,1.1713349946447416,0.5534236949202801,0.5406928569445417,0.0,0.991420480039316,0.32175176556240226,0.7047036347303276
WITCH 5.0,ENGAGE-INDCi2030-700f,R10NORTH_AM,0.5424125382364219,1.0888820746383778,0.0,1.5439080259211806,2.0684806573557237,0.6035828878781833,0.5424125382364219,0.540137687293033,0.0,0.9724033356348126,0.537003083166642,0.3564163851359964
WITCH 5.0,ENGAGE-INDCi2030-700f-NDCp,R10NORTH_AM,0.5614829672667989,1.088143851690095,0.0,1.5867633495340967,1.7342876728621968,1.0453553020074067,0.5614829672667989,0.539765089078421,0.0,1.0,0.3337057718547293,0.627421454478661
WITCH 5.0,ENGAGE-INDCi2030-800,R10NORTH_AM,0.532460612841109,1.2177458262428664,0.0,1.495857752700276,2.000359276105909,0.8020863508236052,0.532460612841109,0.6051782064041198,0.0,0.9414613860485727,0.4955632735550511,0.4781882364778671
WITCH 5.0,ENGAGE-INDCi2030-800-NDCp,R10NORTH_AM,0.5582053681898446,1.2177458264593395,0.0,1.5366542925438882,1.6599600142683908,1.2597507568107906,0.5582053681898446,0.6051782065133787,0.0,0.9677322976275915,0.28849054038860256,0.7589422403798551
WITCH 5.0,ENGAGE-INDCi2030-800f,R10NORTH_AM,0.5574181674293327,1.0871283101396096,0.0,1.565343314965566,2.0804150160184993,0.5165945662820327,0.5574181674293327,0.5392525217443179,0.0,0.9862065793734831,0.5442630291887025,0.3030534421993397
WITCH 5.0,ENGAGE-INDCi2030-800f-NDCp,R10NORTH_AM,0.5633828879144507,1.0865325882857915,0.0,1.561686300480476,1.7186008540330737,0.9739993568527494,0.5633828879144507,0.5389518471315139,0.0,0.9838516467113193,0.3241631176430292,0.5836481851522682
WITCH 5.0,ENGAGE-INDCi2030-900,R10NORTH_AM,0.5561326171259432,1.2177458262428664,0.0,1.5413663605325834,2.073866214353569,0.5890720301964754,0.5561326171259432,0.6051782064041198,0.0,0.9707666314696248,0.5402792418784661,0.3475147066552244
WITCH 5.0,ENGAGE-INDCi2030-900-NDCp,R10NORTH_AM,0.5412374449980075,1.2177458264593395,0.0,1.4853511873354632,1.7310080459956965,1.0418920773975984,0.5412374449980075,0.6051782065133787,0.0,0.9346956884978428,0.3317106990824021,0.6252969410515828
WITCH 5.0,ENGAGE-INDCi2030-900f,R10NORTH_AM,0.5608611414358345,1.0864164788361845,0.0,1.510446047614964,2.0404129804931084,0.5069873969842593,0.5608611414358345,0.5388932440039306,0.0,0.9508555113165866,0.5199288670528929,0.2971599289367207
WITCH 5.0,ENGAGE-INDCi2030-900f-NDCp,R10NORTH_AM,0.5813730608450185,1.0870129461985767,0.0,1.5372127797184174,1.6902872145481176,0.9219360581176517,0.5813730608450185,0.5391942948921732,0.0,0.9680919351663709,0.3069392767851195,0.5517099802470931
