model,scenario,region,economic_score,environmental_score,resource_score,resilience_score,robustness_score,transition_speed_score,economic_dimension_score,environmental_dimension_score,resource_dimension_score,resilience_dimension_score,robustness_dimension_score,transition_speed_dimension_score
IMAGE 3.0,ENGAGE-INDCi2030-1000,R10LATIN_AM,0.2336395770259904,0.5658769015464612,0.0,1.0007105125832028,0.9286371806000668,0.3793656952470852,0.2336395770259904,0.2537424510374733,0.0,0.4146704104157594,0.20120597000992885,0.25557919719849337
IMAGE 3.0,ENGAGE-INDCi2030-1000f,R10LATIN_AM,0.3153020224771333,0.5908043918811693,0.0,0.9878708308807912,0.9881605117949618,0.39531015789079693,0.3153020224771333,0.26671367216836916,0.0,0.4086675030664138,0.23874211376917215,0.26632100388606716
IMAGE 3.0,ENGAGE-INDCi2030-1200,R10LATIN_AM,0.2159041999109676,0.5685107551875759,0.0,1.0219656868727225,0.9681695315648327,0.14930493386432986,0.2159041999109676,0.25511299807396115,0.0,0.42460779398269116,0.2261355560926644,0.10058694186875815
IMAGE 3.0,ENGAGE-INDCi2030-1200f,R10LATIN_AM,0.2340991019429159,0.5891284798530777,0.0,1.0055599232504384,0.9911090112631674,0.23798811737517878,0.2340991019429159,0.2658415977950402,0.0,0.4169376444180537,0.24060147374938293,0.16033292610158945
IMAGE 3.0,ENGAGE-INDCi2030-1400f,R10LATIN_AM,0.2539364995498439,0.5864860830096392,0.0,1.0275737612275142,0.9953845720089303,0.33604237495991673,0.2539364995498439,0.26446660523415255,0.0,0.4272297243031081,0.24329769487112848,0.2263922159883024
IMAGE 3.0,ENGAGE-INDCi2030-800f,R10LATIN_AM,0.31787025293701754,0.5899732643518912,0.0,0.9863649545436186,0.9234325398019056,0.46852083903515074,0.31787025293701754,0.2662811882389609,0.0,0.40796346410803985,0.1979238595955212,0.3156431417273447
IMAGE 3.0,ENGAGE-NPi2020-1000,R10LATIN_AM,0.2198396999624806,0.570431489549001,0.0,0.9965138680805112,0.93648949676212,0.22706952948427622,0.2198396999624806,0.2561124677277941,0.0,0.4127083627021415,0.20615773702943224,0.15297705823409408
IMAGE 3.0,ENGAGE-NPi2020-1200,R10LATIN_AM,0.2226221897546233,0.5744382745078352,0.0,1.041186287770044,0.9457513848039405,0.17245146919375098,0.2226221897546233,0.2581974306754127,0.0,0.43359395805276296,0.2119983973896778,0.1161807949544121
IMAGE 3.0,ENGAGE-NPi2020-1400,R10LATIN_AM,0.2317055315297084,0.5621545171163688,0.0,1.046389718429503,0.9513106482219144,0.17814383214593477,0.2317055315297084,0.25180547820432353,0.0,0.4360267062214041,0.21550413718386568,0.12001574780257096
IMAGE 3.0,ENGAGE-NPi2020-1400f,R10LATIN_AM,0.24450336245235055,0.5713810333176548,0.0,1.035924454010635,0.9392917513717902,0.3000418323309867,0.24450336245235055,0.25660657050474006,0.0,0.431133904814881,0.20792487320556755,0.20213860028428002
IMAGE 3.2,SSP2021-SSP1-SPA1-19-Default,R10LATIN_AM,0.3081324708574777,1.4051082402798256,0.0,1.0887885160360593,1.130071065881508,0.23356588717617174,0.3081324708574777,0.6904432632139464,0.0,0.4558493201813755,0.3282326522221566,0.15735366345805227
IMAGE 3.2,SSP2021-SSP1-SPA1-19-Lifestyle-Renewables,R10LATIN_AM,0.40938782360053116,1.0807585618317104,0.0,1.0650047492440438,1.839797279208799,0.287090956276761,0.40938782360053116,0.5216652857122362,0.0,0.4447297494801722,0.7757947197067365,0.19341357705095796
IMAGE 3.2,SSP2021-SSP1-SPA1-19-Renewables,R10LATIN_AM,0.38404173192788776,0.3885769929154299,1.2416718886298237,1.153606599386546,1.184720232742441,0.3134928347677955,0.38404173192788776,0.16148301013665453,0.1711368185747056,0.4861535721039174,0.36269508808446244,0.21120055935803203
IMAGE 3.2,SSP2021-SSP1-SPA1-26-Default,R10LATIN_AM,0.29240013784272245,0.39713351424579896,0.0,1.0841834450515706,1.1298525780240802,0.18373463477658614,0.29240013784272245,0.1659354651891757,0.0,0.45369632175838087,0.3280948710956399,0.12378227932067896
IMAGE 3.2,SSP2021-SSP1-SPA1-26-Lifestyle,R10LATIN_AM,0.26079318668015755,0.07973732583453984,0.0,1.0795326870904267,1.740699798321922,0.17455602165790834,0.26079318668015755,0.0007757924461262519,0.0,0.45152196340651185,0.7133026310739735,0.1175986348803472
IMAGE 3.2,SSP2021-SSP1-SPA1-26-Lifestyle-Renewables,R10LATIN_AM,0.37544571281020195,0.07824644394243412,0.0,1.0635415106623736,1.8591518432508995,0.25626819646985444,0.37544571281020195,0.0,0.0,0.44404564485520287,0.7879999455181588,0.1726482408447932
IMAGE 3.2,SSP2021-SSP1-SPA1-26-Renewables,R10LATIN_AM,0.37258452803109565,0.3802328514614703,1.0056945101199,1.1813886983639421,1.1494860531420898,0.26806254917164235,0.37258452803109565,0.15714106866988423,0.1386125920188871,0.49914247400951006,0.3404759816573139,0.1805941126849856
IMAGE 3.2,SSP2021-SSP2-SPA0-26-Default,R10LATIN_AM,0.35350382744480824,1.941458857437904,0.0,1.0811606263015376,1.4467809869129593,0.10682767620056004,0.35350382744480824,0.9695376431709631,0.0,0.4522830701442926,0.5279538184803169,0.07196995422619071
IMAGE 3.2,SSP2021-SSP2-SPA2-19-Renewables,R10LATIN_AM,0.5096451801752,1.3403454722521135,1.2321510564371054,1.1919911111288517,1.0825600946244143,0.37226633163499173,0.5096451801752,0.6567434332729152,0.16982458388004448,0.5040993960720965,0.29827165018400953,0.2507963460463425
IMAGE 3.2,SSP2021-SSP2-SPA2-26-Default,R10LATIN_AM,0.3512530836478094,1.3676285354874307,0.0,1.1005346548151573,1.2094414776287739,0.12505120522602226,0.3512530836478094,0.6709403958071163,0.0,0.4613409658808353,0.37828460875363545,0.08424717110901285
IMAGE 3.2,SSP2021-SSP2-SPA2-26-Lifestyle,R10LATIN_AM,0.3105561217397022,1.4405409719242623,0.0,1.0318013043350027,1.723628261584211,0.11901281572882094,0.3105561217397022,0.7088809715937483,0.0,0.4292062179715494,0.7025371103224587,0.08017909969559377
IMAGE 3.2,SSP2021-SSP2-SPA2-26-Lifestyle-Renewables,R10LATIN_AM,0.41566379797852593,1.4414001101142249,0.0,1.0301439280253206,1.6885013653858547,0.2675035072496715,0.41566379797852593,0.709328031096906,0.0,0.4284313485736458,0.6803856581263392,0.18021748536362342
IMAGE 3.2,SSP2021-SSP2-SPA2-26-Renewables,R10LATIN_AM,0.46842447001737186,1.3807735094692561,0.0,1.0685126559309375,1.1936831079497843,0.24458396689877088,0.46842447001737186,0.677780489293813,0.0,0.44636979316035297,0.36834718727859905,0.16477655911111544
IMAGE 3.3,NAVIGATE Demand-1.5°C-ele_u,R10LATIN_AM,0.3658504837046724,0.34148623785647086,0.0,1.382301525919512,0.9399815030990815,0.31404325224439383,0.3658504837046724,0.136978955019637,0.0,0.5930747939115375,0.20835983911681702,0.21157137637853624
IMAGE 3.3,NAVIGATE Demand-1.5°C-tec_u,R10LATIN_AM,0.3350587481714831,0.3408351836526499,0.0,1.3359278014410734,1.0455060215827512,0.2422118847074326,0.3350587481714831,0.13664017370099768,0.0,0.5713937913804653,0.2749048965995486,0.16317848403541252
IMAGE 3.3,NAVIGATE Demand-2.0°C-ele_u,R10LATIN_AM,0.32819331408297325,0.5177633446128052,0.0,1.2334245049183763,0.9824016445101357,0.2503623914758744,0.32819331408297325,0.2287061726957488,0.0,0.5234706569687549,0.23511050132487107,0.1686694917958335
IMAGE 3.3,NAVIGATE Demand-2.0°C-ref,R10LATIN_AM,0.32137782887531513,0.519134320821449,0.0,1.1814546300033237,1.0904127610538077,0.11660222960328906,0.32137782887531513,0.22941957125006515,0.0,0.4991732988797655,0.3032236380863999,0.07855508446580342
IMAGE 3.3,NAVIGATE Demand-2.0°C-tec_u,R10LATIN_AM,0.2897448722267821,0.5159725241520997,0.0,1.174454082998968,1.1176266170844493,0.1212700518075796,0.2897448722267821,0.22777430479049082,0.0,0.49590034897057944,0.3203850299591909,0.08169980278531533
MESSAGEix-GLOBIOM 2.0-M-R12-NGFS,NGFS Phase 5-Below 2°C,R10LATIN_AM,0.19971759860105137,0.4426131495404423,2.215814166199008,1.4567521582905254,0.9690152326272664,0.37850042454187627,0.19971759860105137,0.18960116111115635,0.30540063798538186,0.6278825296936046,0.22666886557013496,0.25499626311940476
MESSAGEix-GLOBIOM 2.0-M-R12-NGFS,NGFS Phase 5-Delayed Transition,R10LATIN_AM,0.19999910179999478,0.44695297146850854,2.2157951783764283,1.4059384646281097,1.0150193236939469,0.3861269346408207,0.19999910179999478,0.19185942253827154,0.30539802093688645,0.6041257184109526,0.25567961045163684,0.2601342535938595
MESSAGEix-GLOBIOM 2.0-M-R12-NGFS,NGFS Phase 5-Low Demand,R10LATIN_AM,0.09437827460865034,0.5155775214132199,2.215814166199008,1.2163240703491192,0.9988792866229149,0.36238777727812493,0.09437827460865034,0.22756876192177347,0.30540063798538186,0.5154757294672799,0.24550150483126906,0.24414115021909383
MESSAGEix-GLOBIOM 2.0-M-R12-NGFS,NGFS Phase 5-Nationally Determined Contributions (NDCs),R10LATIN_AM,0.20365334455220518,0.530741816776425,2.215814166199008,1.3292206740319974,1.1312993969903258,0.27796966293659187,0.20365334455220518,0.2354596256151985,0.30540063798538186,0.568258023271091,0.3290072529066103,0.18726854902523188
MESSAGEix-GLOBIOM 2.0-M-R12-NGFS,NGFS Phase 5-Net-Zero 2050,R10LATIN_AM,0.22271913275246105,0.4233896660805513,3.490612878157041,1.5970832817853675,0.8350794887594098,0.402912345515732,0.22271913275246105,0.1795980660736597,0.481103251441803,0.6934912225018454,0.14220734039332775,0.27144260827590994
POLES-JRC ENGAGE,ENGAGE-INDCi2030-1000,R10LATIN_AM,0.36097405783513714,0.6139390979455849,0.0,1.1499374906797155,1.090030840396118,0.6192716362342939,0.36097405783513714,0.2787520035098112,0.0,0.48443816200791445,0.3029827942286406,0.4172041637382982
POLES-JRC ENGAGE,ENGAGE-INDCi2030-1000-COV,R10LATIN_AM,0.3266743851309199,0.6166949823726176,0.0,1.127065484506119,1.141303263587625,0.3717993982018412,0.3266743851309199,0.28018605025235316,0.0,0.4737448646866909,0.3353158140574473,0.2504817723421703
POLES-JRC ENGAGE,ENGAGE-INDCi2030-1000-COV-NDCp,R10LATIN_AM,0.31867099554039025,0.6139575644857356,0.0,1.12888024679954,1.141499359330113,0.3523922068012636,0.31867099554039025,0.278761612723278,0.0,0.4745933163976431,0.33543947444124717,0.23740712046884638
POLES-JRC ENGAGE,ENGAGE-INDCi2030-1000-NDCp,R10LATIN_AM,0.35622821660419884,0.6201955899417482,0.0,1.1277872709607288,1.1333807655460162,0.48748592238043137,0.35622821660419884,0.28200761970286686,0.0,0.4740823198754922,0.33031978948267254,0.3284199447881285
POLES-JRC ENGAGE,ENGAGE-INDCi2030-1000f,R10LATIN_AM,0.44779109877656836,1.6311881151397016,0.0,1.1843065375681294,1.14299154483611,0.32519566713939446,0.44779109877656836,0.8080857539210659,0.0,0.5005066447739407,0.3363804649494089,0.21908477382432354
POLES-JRC ENGAGE,ENGAGE-INDCi2030-1000f-COV,R10LATIN_AM,0.3337746071818465,0.6396336674564469,0.0,1.142483877504465,1.170295238871347,0.2778130076657556,0.3337746071818465,0.2921223804917453,0.0,0.48095339109646057,0.3535985097713517,0.18716301015110895
POLES-JRC ENGAGE,ENGAGE-INDCi2030-1000f-COV-NDCp,R10LATIN_AM,0.31967666849419474,0.6389043096034818,0.0,1.1377870861060746,1.1730345137681268,0.26241332880503654,0.31967666849419474,0.2917428532361999,0.0,0.4787575108357805,0.3553259301669769,0.17678822505681166
POLES-JRC ENGAGE,ENGAGE-INDCi2030-1000f-NDCp,R10LATIN_AM,0.4446387315725612,1.6384480028060233,0.0,1.1543470276228391,1.1721568161499643,0.40218628631354336,0.4446387315725612,0.8118634951634004,0.0,0.48649974284275055,0.3547724432684593,0.2709534611802742
POLES-JRC ENGAGE,ENGAGE-INDCi2030-1200,R10LATIN_AM,0.29028571005451104,0.6231485447743552,0.0,1.1212391604640162,1.1539070126781525,0.3057362108268038,0.29028571005451104,0.28354421362423576,0.0,0.4710208965835378,0.3432638930421135,0.20597491100699153
POLES-JRC ENGAGE,ENGAGE-INDCi2030-1200f,R10LATIN_AM,0.2987545368717181,1.6395937740910833,0.0,1.1313634318831514,1.1685626412495074,0.25933273920737593,0.2987545368717181,0.81245970651498,0.0,0.4757542743040526,0.3525059124300276,0.174712827554791
POLES-JRC ENGAGE,ENGAGE-INDCi2030-300f,R10LATIN_AM,0.7683609090213408,1.63093550414772,0.0,1.3384215479530146,1.0506748692425332,0.8374068691122906,0.7683609090213408,0.8079543057490641,0.0,0.5725596870475772,0.2781644354212576,0.5641621739067022
POLES-JRC ENGAGE,ENGAGE-INDCi2030-400f,R10LATIN_AM,0.6828853253174992,1.6288139665197483,0.0,1.3275861839349457,1.058724152832766,0.7831849782776055,0.6828853253174992,0.8068503464920177,0.0,0.5674938538124212,0.28324041252026466,0.5276328105411314
POLES-JRC ENGAGE,ENGAGE-INDCi2030-500f,R10LATIN_AM,0.6281095889329794,1.6275201809815747,0.0,1.3326411299903786,1.070485228495885,0.7137741177122854,0.6281095889329794,0.8061771147271561,0.0,0.5698571813099405,0.2906570912912948,0.4808706171156378
POLES-JRC ENGAGE,ENGAGE-INDCi2030-600f,R10LATIN_AM,0.5664173359378691,1.6271979328076513,0.0,1.3276456355994128,1.0775703663958587,0.6606215222707498,0.5664173359378691,0.8060094302845242,0.0,0.5675216491146594,0.2951250662757037,0.44506163954554906
POLES-JRC ENGAGE,ENGAGE-INDCi2030-600f-COV,R10LATIN_AM,0.5421960093426075,1.6313471247373332,0.0,1.3136208539103924,1.1042386737783547,0.5593617302942698,0.5421960093426075,0.8081684958507636,0.0,0.5609646746486822,0.31194242847015885,0.3768427766750428
POLES-JRC ENGAGE,ENGAGE-INDCi2030-600f-COV-NDCp,R10LATIN_AM,0.5445856484958491,1.632100164870796,0.0,1.3153975682639216,1.1071774897313533,0.5366637188018311,0.5445856484958491,0.8085603463724338,0.0,0.5617953378923423,0.3137956819067403,0.3615510947229851
POLES-JRC ENGAGE,ENGAGE-INDCi2030-600f-NDCp,R10LATIN_AM,0.5770698574288814,1.6277656027098337,0.0,1.3065461810197116,1.109396074757898,0.6498003995771303,0.5770698574288814,0.8063048219076556,0.0,0.5576570688314985,0.31519474887471305,0.4377714341171949
POLES-JRC ENGAGE,ENGAGE-INDCi2030-700f,R10LATIN_AM,0.5741635334079568,1.6272010340586691,0.0,1.3114951627381832,1.0914406843460476,0.5742045459630213,0.5741635334079568,0.8060110440455646,0.0,0.5599708550621969,0.30387185914016884,0.3868424022614152
POLES-JRC ENGAGE,ENGAGE-INDCi2030-800f,R10LATIN_AM,0.5211486425496229,1.6282367109326028,0.0,1.2873434574752936,1.105781531497484,0.4911155740319455,0.5211486425496229,0.8065499668802169,0.0,0.5486792629197998,0.3129153734983138,0.3308652461604626
POLES-JRC ENGAGE,ENGAGE-INDCi2030-900,R10LATIN_AM,0.38676858503718836,0.60884571604699,0.0,1.1208669198063932,1.0517418936610168,0.8502499016298831,0.38676858503718836,0.2761016210596058,0.0,0.47084686375070284,0.2788373141255036,0.57281454279921
POLES-JRC ENGAGE,ENGAGE-INDCi2030-900f,R10LATIN_AM,0.5033885539065347,1.6345215370857904,0.0,1.2350017504698472,1.1267901594551086,0.389774365869545,0.5033885539065347,0.8098203269809577,0.0,0.5242080630144881,0.32616367233125093,0.2625915330921202
POLES-JRC ENGAGE,ENGAGE-NPi2020-1000f,R10LATIN_AM,0.3172615877835464,1.4661735087765404,0.0,1.1372250378673918,1.2155171286337443,0.25481341579206,0.3172615877835464,0.7222190693802629,0.0,0.47849473769382306,0.3821159889028217,0.17166815307621303
POLES-JRC ENGAGE,ENGAGE-NPi2020-1000f-COV,R10LATIN_AM,0.29185673933857703,0.4611875429359198,0.0,1.1207012876779838,1.2408117292130494,0.22994171290848858,0.29185673933857703,0.19926649688583417,0.0,0.4707694261362852,0.3980670747143441,0.154912052206833
POLES-JRC ENGAGE,ENGAGE-NPi2020-1200f,R10LATIN_AM,0.264613227174379,1.4616380701292084,0.0,1.1255519871660091,1.2372242195305463,0.22005048597280735,0.264613227174379,0.7198590172117444,0.0,0.47303726269804863,0.395804747044221,0.148248318845589
POLES-JRC ENGAGE,ENGAGE-NPi2020-900f,R10LATIN_AM,0.3724334938117455,1.4737194163662615,0.0,1.1592662695930933,1.2014569970582454,0.2867421575963745,0.3724334938117455,0.7261456434021689,0.0,0.4887996249162214,0.3732494972348106,0.19317859089423914
REMIND-MAgPIE 2.1-4.2,NGFS Phase 2-Delayed Transition,R10LATIN_AM,0.30983022869675997,0.6359644521593809,0.0,1.367681108283048,1.2139044119086737,0.5779053359416284,0.30983022869675997,0.29021307464683077,0.0,0.5862393431180847,0.3810989899274624,0.38933562962378016
REMIND-MAgPIE 3.2.0-4.8.0,RESCUE-End-of-Century-Budget-1150,R10LATIN_AM,0.4998946650112059,1.5575091543984088,1.1423326749250953,1.472468291704363,1.0517934268112294,0.25430862464182274,0.4998946650112059,0.769746311015367,0.15744512018899112,0.635230258006488,0.2788698115629944,0.1713280745753182
REMIND-MAgPIE 3.2.0-4.8.0,RESCUE-End-of-Century-Budget-1150-with-OAE,R10LATIN_AM,0.5186051867941609,1.5639992138661394,1.1423326749250953,1.495502308708795,1.0483590939914595,0.2527533592175598,0.5186051867941609,0.7731234659306127,0.15744512018899112,0.6459992998850641,0.27670407910393763,0.1702802900931056
REMIND-MAgPIE 3.2.0-4.8.0,RESCUE-End-of-Century-Budget-500,R10LATIN_AM,0.5804171510953413,1.3851672136763633,1.1457254438133253,1.565373035344492,1.0479611271522338,0.3621030970684291,0.5804171510953413,0.6800667888004577,0.15791273782534723,0.6786658026961706,0.27645311632701103,0.24394936076537166
REMIND-MAgPIE 3.2.0-4.8.0,RESCUE-End-of-Century-Budget-500-with-OAE,R10LATIN_AM,0.5555898358528376,1.428129844491726,1.147941389154977,1.5625655965756138,1.0421826228958422,0.3593820578894427,0.5555898358528376,0.7024227410920197,0.15821815654294757,0.6773532471975892,0.27280912056724554,0.24211619288112732
REMIND-MAgPIE 3.2.0-4.8.0,RESCUE-Peak-Budget-1150,R10LATIN_AM,0.5396625486066137,1.7127352086971857,4.758584572013188,1.5928813885945496,0.9517463420824781,0.3199377217703383,0.5396625486066137,0.8505194433504099,0.6558649124863933,0.6915267208809377,0.215778891083838,0.2155424887068944
REMIND-MAgPIE 3.2.0-4.8.0,RESCUE-Peak-Budget-1150-with-OAE,R10LATIN_AM,0.539877254040114,1.7131203423056771,4.756657604615871,1.5942890903743536,0.9517451109695564,0.31994777771274696,0.539877254040114,0.850719850737339,0.6555993229430576,0.6921848605105272,0.21577811472890815,0.21554926340929917
REMIND-MAgPIE 3.3-4.8,NGFS Phase 5-Below 2°C,R10LATIN_AM,0.38541192062411145,0.6136116787802925,4.800724789309031,1.4365637211138162,0.9373686480437351,0.36442958658945707,0.38541192062411145,0.27858162830001376,0.6616730030037807,0.6184438753165956,0.20671214062597787,0.2455167199955935
REMIND-MAgPIE 3.3-4.8,NGFS Phase 5-Delayed Transition,R10LATIN_AM,0.3802662383296422,0.6936310932769412,1.4061083581885188,1.4474418003576535,0.9831093010763781,0.3789620896023992,0.3802662383296422,0.32022037757898303,0.19380072400384843,0.6235296791046544,0.23555675824748304,0.255307287513601
REMIND-MAgPIE 3.3-4.8,NGFS Phase 5-Low Demand,R10LATIN_AM,0.1990567873518339,1.6887536645104655,4.330272858808423,1.4342128193984296,0.871489596326277,0.7246903488904356,0.1990567873518339,0.8380404529454603,0.5968316810607942,0.6173447635541729,0.16516800143974197,0.48822489726246987
REMIND-MAgPIE 3.3-4.8,NGFS Phase 5-Net-Zero 2050,R10LATIN_AM,0.4589851269690917,1.6329769687430105,7.255433979496365,1.6326443297381708,0.7714819860917866,0.6282405643410389,0.4589851269690917,0.8090165983561758,1.0,0.7101169988297912,0.1021019740615203,0.4232465430940803
WITCH 5.0,ENGAGE-INDCi2030-1000,R10LATIN_AM,0.2173279191247044,1.1725651808300908,0.0,1.226641821612894,1.0195098907735478,0.6877753506652771,0.2173279191247044,0.5694376021515615,0.0,0.5202995643820038,0.25851141720836085,0.4633552115497833
WITCH 5.0,ENGAGE-INDCi2030-1000-NDCp,R10LATIN_AM,0.2334917998968616,1.1579073805734823,0.0,1.2572642369601157,0.9908943994240929,0.6007839531191438,0.2334917998968616,0.5618102972817952,0.0,0.534616392976596,0.24046613688764779,0.4047489858773882
WITCH 5.0,ENGAGE-INDCi2030-1000f,R10LATIN_AM,0.22181071480340894,1.1757094324807689,0.0,1.2197505924644434,1.0757921222621731,0.5805681722715467,0.22181071480340894,0.5710737389188213,0.0,0.5170777236027663,0.29400368368334673,0.3911295861675531
WITCH 5.0,ENGAGE-INDCi2030-1000f-NDCp,R10LATIN_AM,0.2450527452239716,1.1261168695549262,0.0,1.2752046370227088,1.0288726121911493,0.5718964166884759,0.2450527452239716,0.5452678478515084,0.0,0.5430040276455858,0.2644156643338809,0.38528741235481745
WITCH 5.0,ENGAGE-INDCi2030-1200,R10LATIN_AM,0.24888568561757088,1.2070640101230703,0.0,1.1888957762529757,1.0779288289052464,0.49380879889076845,0.24888568561757088,0.5873893468923143,0.0,0.5026522411576884,0.29535111713701423,0.3326796754984782
WITCH 5.0,ENGAGE-INDCi2030-1200-NDCp,R10LATIN_AM,0.2542627616357361,1.1638502975479312,0.0,1.2001368346458365,1.0466879211931537,0.507489525314986,0.2542627616357361,0.5649027421770921,0.0,0.5079077477664116,0.2756502170107971,0.3418963999424647
WITCH 5.0,ENGAGE-INDCi2030-1200f,R10LATIN_AM,0.23723542252868787,1.1747289043352773,0.0,1.1992953191015006,1.0999395849034659,0.4665552859850729,0.23723542252868787,0.5705635131708835,0.0,0.5075143159070584,0.3092313702211973,0.3143189459002477
WITCH 5.0,ENGAGE-INDCi2030-1200f-NDCp,R10LATIN_AM,0.2569629131457606,1.125506000019574,0.0,1.2495418123605195,1.0566627229951744,0.4709655585422638,0.2569629131457606,0.5449499769499941,0.0,0.5310059452678358,0.281940449544737,0.317290152663841
WITCH 5.0,ENGAGE-INDCi2030-1400,R10LATIN_AM,0.25406481060082303,1.173554327238449,0.0,1.182314534038229,1.1217054557174184,0.3554117964339808,0.25406481060082303,0.5699523124822593,0.0,0.499575327868529,0.32295719570032827,0.23944142220953515
WITCH 5.0,ENGAGE-INDCi2030-1400-NDCp,R10LATIN_AM,0.2674878821543077,1.1251339436256462,0.0,1.223994407174609,1.0783391378391656,0.4282002902442642,0.2674878821543077,0.5447563743973906,0.0,0.5190618246968088,0.2956098629904488,0.28847913185590485
WITCH 5.0,ENGAGE-INDCi2030-1400f,R10LATIN_AM,0.24809106726768027,1.1734222494116697,0.0,1.1841858152074458,1.111247607322827,0.3543118722173439,0.24809106726768027,0.5698835847172642,0.0,0.5004502037216643,0.31636234805199265,0.2387004017330154
WITCH 5.0,ENGAGE-INDCi2030-1400f-NDCp,R10LATIN_AM,0.2669907696238041,1.1275004211010906,0.0,1.2232801969326883,1.0742149163828567,0.4251944293521874,0.2669907696238041,0.5459877900843735,0.0,0.5187279115975926,0.2930090782834893,0.28645407918690435
WITCH 5.0,ENGAGE-INDCi2030-1600-NDCp,R10LATIN_AM,0.27930885597103206,1.1309131900808689,0.0,1.2058765385949342,1.094815031377343,0.3481460050058066,0.27930885597103206,0.5477636520147551,0.0,0.5105912185733736,0.30599976382422567,0.23454644840592073
WITCH 5.0,ENGAGE-INDCi2030-500f,R10LATIN_AM,0.18539374152653457,1.1860345149339206,0.0,1.300502214655507,0.9619110851185373,0.7296969353592582,0.18539374152653457,0.5764464790501488,0.0,0.5548313469056919,0.22218890289295543,0.49159784153876535
WITCH 5.0,ENGAGE-INDCi2030-600f,R10LATIN_AM,0.19002950767778562,1.180116416793445,0.0,1.2788768042094083,0.9816563051238939,0.7852020261513107,0.19002950767778562,0.5733669488357666,0.0,0.5447208676657651,0.2346404811531204,0.5289916985026187
WITCH 5.0,ENGAGE-INDCi2030-600f-NDCp,R10LATIN_AM,0.21507864363162396,1.1276342694494572,0.0,1.3462408838518929,0.9325473584051517,0.7142479380573559,0.21507864363162396,0.5460574391545909,0.0,0.5762154434769257,0.2036717761613906,0.4811898305419613
WITCH 5.0,ENGAGE-INDCi2030-700f,R10LATIN_AM,0.20044819902451075,1.1783778873193798,0.0,1.2571209104292531,1.0199710710718213,0.7461277939059865,0.20044819902451075,0.572462290968172,0.0,0.5345493838477553,0.2588022431689954,0.5026673338235639
WITCH 5.0,ENGAGE-INDCi2030-700f-NDCp,R10LATIN_AM,0.22317814396532593,1.127049601974433,0.0,1.3183697318546883,0.9736418918705878,0.6316224541769755,0.22317814396532593,0.5457532027070083,0.0,0.5631849068143755,0.22958649371688153,0.4255249269862228
WITCH 5.0,ENGAGE-INDCi2030-800,R10LATIN_AM,0.210028324326443,1.193653502832851,0.0,1.1935248340378806,0.9558692355391634,0.7465552222872996,0.210028324326443,0.5804110810017957,0.0,0.5048164540752353,0.21837883833792335,0.5029552929192979
WITCH 5.0,ENGAGE-INDCi2030-800-NDCp,R10LATIN_AM,0.21739019250899683,1.1668474875191346,0.0,1.2176964166127076,0.9189319156141733,0.6295932720992714,0.21739019250899683,0.5664623542104644,0.0,0.5161173394123297,0.19508571070288097,0.4241578641946032
WITCH 5.0,ENGAGE-INDCi2030-800f,R10LATIN_AM,0.21152474933119736,1.1771721580818628,0.0,1.2427119158128688,1.0431406852698988,0.7074231500064077,0.21152474933119736,0.5718348800112799,0.0,0.5278127791807464,0.2734132864679268,0.4765919613277321
WITCH 5.0,ENGAGE-INDCi2030-800f-NDCp,R10LATIN_AM,0.23225994069647066,1.1265715044160416,0.0,1.302809686680416,0.9969481955746178,0.6668564049630079,0.23225994069647066,0.5455044207771483,0.0,0.5559101540831419,0.24428373509718393,0.4492620886981174
WITCH 5.0,ENGAGE-INDCi2030-900,R10LATIN_AM,0.22652518348681394,1.2075209088482055,0.0,1.1928815951556788,1.0160004893792882,0.6983930345805666,0.22652518348681394,0.5876270978378999,0.0,0.5045157220553264,0.25629834558418546,0.4705083599898646
WITCH 5.0,ENGAGE-INDCi2030-900-NDCp,R10LATIN_AM,0.21905125490485006,1.1566146734443277,0.0,1.2969914641123743,0.9516227158144347,0.6323591886078019,0.21905125490485006,0.5611376266757855,0.0,0.5531899736438352,0.21570093084074438,0.42602126599825835
WITCH 5.0,ENGAGE-INDCi2030-900f,R10LATIN_AM,0.21714494849525484,1.1763712306166785,0.0,1.231766318351526,1.057580789186519,0.6795005106385227,0.21714494849525484,0.5714181109293861,0.0,0.5226954087531499,0.28251939336133863,0.45778044030008874
WITCH 5.0,ENGAGE-INDCi2030-900f-NDCp,R10LATIN_AM,0.23821298727222792,1.1261529453021901,0.0,1.2836452364827529,1.0192819027814324,0.6082219328247956,0.23821298727222792,0.5452866201582645,0.0,0.5469502420226964,0.25836764518022276,0.4097599631633314
IMAGE 3.0,ENGAGE-INDCi2030-1000,R10INDIA+,0.2585423030212954,1.8208272006048376,0.0,0.5748312613604482,1.1218583842712833,0.19266043778539088,0.2585423030212954,0.9067659852480089,0.0,0.2155600472189288,0.3230536343247723,0.12979560523792197
IMAGE 3.0,ENGAGE-INDCi2030-1000f,R10INDIA+,0.2718867441660775,1.821027942689752,0.0,0.566489232641125,1.2531887060074793,0.3015916568328326,0.2718867441660775,0.9068704430148654,0.0,0.21165991739730938,0.40587214830371315,0.20318271920948316
IMAGE 3.0,ENGAGE-INDCi2030-1200,R10INDIA+,0.23561288934839344,1.820908020569214,0.0,0.6044518621526624,1.1899002723246956,0.049020401035554294,0.23561288934839344,0.9068080405698902,0.0,0.22940849972022548,0.3659616846699498,0.03302511244422125
IMAGE 3.0,ENGAGE-INDCi2030-1200f,R10INDIA+,0.23597435423061355,1.8207698551966205,0.0,0.6024555864146515,1.2586133070079402,0.0612054541358117,0.23597435423061355,0.9067361451012137,0.0,0.22847518543901743,0.40929296832339807,0.041234199686958
IMAGE 3.0,ENGAGE-INDCi2030-1400f,R10INDIA+,0.24081496964681912,1.820986431186489,0.0,0.6116984676037074,1.2656699273217524,0.13654964371294945,0.24081496964681912,0.9068488421685279,0.0,0.23279648877853018,0.41374295976770037,0.0919936851305589
IMAGE 3.0,ENGAGE-INDCi2030-800f,R10INDIA+,0.2737322428832712,1.8212400298076417,0.0,0.5670330514757873,1.148655127821111,0.2893924940986036,0.2737322428832712,0.9069808042613536,0.0,0.21191416778723093,0.3399519899438909,0.19496412628669046
IMAGE 3.0,ENGAGE-NPi2020-1000,R10INDIA+,0.24704067452377057,1.8205504056735116,0.0,0.5687232071624757,1.0577419908204977,0.063761974888817,0.24704067452377057,0.9066219527676456,0.0,0.21270436245313565,0.2826210490917183,0.042956531278507994
IMAGE 3.0,ENGAGE-NPi2020-1200,R10INDIA+,0.2399645517082479,1.8207147128305532,0.0,0.5855142939176816,1.12433423283364,0.022874162346437785,0.2399645517082479,0.9067074513252124,0.0,0.22055466127069848,0.32461493483832143,0.015410355027707249
IMAGE 3.0,ENGAGE-NPi2020-1400,R10INDIA+,0.2421141648126091,1.8207502709623862,0.0,0.6040296731275421,1.1311010061692333,0.0300458281544126,0.2421141648126091,0.9067259542865941,0.0,0.22921111464009286,0.3288821452180527,0.020241916269912556
IMAGE 3.0,ENGAGE-NPi2020-1400f,R10INDIA+,0.2454636777471966,1.8205792294223166,0.0,0.6017800416832457,1.1364501919550167,0.08815922539766342,0.2454636777471966,0.9066369514383722,0.0,0.22815934953848999,0.33225540747705895,0.05939299292230606
IMAGE 3.2,SSP2021-SSP1-SPA1-19-Default,R10INDIA+,0.27820445796914045,1.5030511709820178,0.0,0.5977295971544054,1.0438417244059934,0.21098056310598712,0.27820445796914045,0.7414086590595614,0.0,0.22626565436801505,0.2738553703578076,0.1421378991792974
IMAGE 3.2,SSP2021-SSP1-SPA1-19-Lifestyle-Renewables,R10INDIA+,0.29954677391814266,1.7344798210693009,0.0,0.5597194578840599,1.2274613174903632,0.33008304662619536,0.29954677391814266,0.8618344282003527,0.0,0.20849485991500682,0.389648141102799,0.22237740819082155
IMAGE 3.2,SSP2021-SSP1-SPA1-19-Renewables,R10INDIA+,0.3334686234100164,1.6022620582950882,1.2416718886298237,0.5907095284780672,0.8846675039724696,0.3237102546775584,0.3334686234100164,0.7930338463788966,0.1711368185747056,0.22298357753567533,0.173478151861833,0.21808404938017623
IMAGE 3.2,SSP2021-SSP1-SPA1-26-Default,R10INDIA+,0.2334712979507423,1.7144932264112056,0.0,0.5745832434530607,1.0984052689890011,0.2340325158061006,0.2334712979507423,0.8514342420812244,0.0,0.21544409196758127,0.3082638117599803,0.15766803181586958
IMAGE 3.2,SSP2021-SSP1-SPA1-26-Lifestyle,R10INDIA+,0.2063082373442563,1.732453829871035,0.0,0.5593231843256421,1.20910054715953,0.23437588418875446,0.2063082373442563,0.860780187300483,0.0,0.20830959103441377,0.3780696138121806,0.1578993595734436
IMAGE 3.2,SSP2021-SSP1-SPA1-26-Lifestyle-Renewables,R10INDIA+,0.2650344658699789,1.7311139382621437,0.0,0.6094590389036688,1.2589266011527287,0.3413826553916067,0.2650344658699789,0.8600829638689624,0.0,0.23174949374287662,0.40949053545920244,0.22998997035208904
IMAGE 3.2,SSP2021-SSP1-SPA1-26-Renewables,R10INDIA+,0.25994759226470693,1.7090740914198295,1.0056945101199,0.5846920376194327,1.0768274418606378,0.3598952803286027,0.25994759226470693,0.8486143513755227,0.1386125920188871,0.2201702336431135,0.2946565689386677,0.2424619515531109
IMAGE 3.2,SSP2021-SSP2-SPA0-26-Default,R10INDIA+,0.2759609917351066,1.8542601350402776,0.0,0.578346090634775,1.28881127997609,0.08643143697487303,0.2759609917351066,0.9241630829820321,0.0,0.21720332740075676,0.428336180990021,0.058228979455727296
IMAGE 3.2,SSP2021-SSP2-SPA2-19-Renewables,R10INDIA+,0.3967702273849331,1.7707790328001773,1.2321510564371054,0.6139417230154023,1.0246664586589769,0.31606205201582427,0.3967702273849331,0.8807230164985024,0.16982458388004448,0.23384527290803034,0.26176321225353405,0.2129314445959607
IMAGE 3.2,SSP2021-SSP2-SPA2-26-Default,R10INDIA+,0.2697324369727064,1.8569842172632072,0.0,0.6349037181173502,1.3583320357629087,0.09909749298633751,0.2697324369727064,0.9255805811905526,0.0,0.24364558707242237,0.47217682349238627,0.06676211902959633
IMAGE 3.2,SSP2021-SSP2-SPA2-26-Lifestyle,R10INDIA+,0.2504188584933769,1.8384088945684078,0.0,0.5810036650358619,1.1975746367313593,0.12196701739717884,0.2504188584933769,0.9159147618474595,0.0,0.21844581715038353,0.370801233126775,0.0821693494736334
IMAGE 3.2,SSP2021-SSP2-SPA2-26-Lifestyle-Renewables,R10INDIA+,0.29189937153031886,1.8410110480803985,0.0,0.588488943343465,1.0849359061956383,0.33890199218441897,0.29189937153031886,0.9172688134654665,0.0,0.22194539238955543,0.29976986614222506,0.22831874409479672
IMAGE 3.2,SSP2021-SSP2-SPA2-26-Renewables,R10INDIA+,0.33734141825868125,1.841640892708901,0.0,0.6058884673164829,1.1638151698117063,0.2860453358232459,0.33734141825868125,0.9175965582101124,0.0,0.23008015248357913,0.34951209862954113,0.19270914109527765
IMAGE 3.3,NAVIGATE Demand-1.5°C-ele_u,R10INDIA+,0.33395444640591426,1.8234813293021759,0.0,0.7184700476745302,0.7974487372426682,0.30088132161463516,0.33395444640591426,0.9081470825739237,0.0,0.28271516414475834,0.11847692627930849,0.20270416538375974
IMAGE 3.3,NAVIGATE Demand-1.5°C-tec_u,R10INDIA+,0.3284653437739046,1.8240674045870175,0.0,0.7241227629786608,0.8032303571376409,0.17285033792921706,0.3284653437739046,0.9084520515867267,0.0,0.28535796534726404,0.12212288679903172,0.11644951337696635
IMAGE 3.3,NAVIGATE Demand-2.0°C-ele_u,R10INDIA+,0.2630705183036392,1.8525132330950482,0.0,0.6043072115164003,1.009195613672919,0.2959504899170473,0.2630705183036392,0.923254068431377,0.0,0.22934087153538177,0.25200710738144244,0.19938225720234234
IMAGE 3.3,NAVIGATE Demand-2.0°C-ref,R10INDIA+,0.2566759774759835,1.8513752773251007,0.0,0.6243792508524049,0.9916943864773292,0.1762048459430743,0.2566759774759835,0.9226619239462736,0.0,0.23872510669316022,0.24097061854942664,0.1187094500974417
IMAGE 3.3,NAVIGATE Demand-2.0°C-tec_u,R10INDIA+,0.23334190243396213,1.8513739095331112,0.0,0.655649769951979,1.0408431123055755,0.1200946787690814,0.23334190243396213,0.9226612122046534,0.0,0.2533449417694011,0.27196440873620487,0.08090795233243643
MESSAGEix-GLOBIOM 2.0-M-R12-NGFS,NGFS Phase 5-Below 2°C,R10INDIA+,0.11501745121401348,1.3923389370579313,2.215814166199008,0.9204117973456376,0.9146310640987785,0.30014873473387715,0.11501745121401348,0.6837986530444249,0.30540063798538186,0.3771285336765523,0.19237354091116632,0.20221062058198125
MESSAGEix-GLOBIOM 2.0-M-R12-NGFS,NGFS Phase 5-Delayed Transition,R10INDIA+,0.11338468053441322,1.3905587316396526,2.2157951783764283,0.8862405231431731,0.9693931873899767,0.34802818460465273,0.11338468053441322,0.6828723087623148,0.30539802093688645,0.3611525151271244,0.22690720848580836,0.23446707263758484
MESSAGEix-GLOBIOM 2.0-M-R12-NGFS,NGFS Phase 5-Low Demand,R10INDIA+,0.07272759124227603,1.4230481808053608,2.215814166199008,0.8958455973094619,0.7111819508136461,0.3944457583966979,0.07272759124227603,0.699778456308288,0.30540063798538186,0.3656431537301822,0.06407603116735225,0.26573865674311653
MESSAGEix-GLOBIOM 2.0-M-R12-NGFS,NGFS Phase 5-Nationally Determined Contributions (NDCs),R10INDIA+,0.09773120019201648,1.481218103622102,2.215814166199008,0.695206176654908,1.2390296880353855,0.2645599167728886,0.09773120019201648,0.7300476459415705,0.30540063798538186,0.2718386591382761,0.39694329765941644,0.17823438436012518
MESSAGEix-GLOBIOM 2.0-M-R12-NGFS,NGFS Phase 5-Net-Zero 2050,R10INDIA+,0.13884174003725688,1.340920718399443,3.490612878157041,1.1194990729404466,0.6095727165435564,0.36822853296467706,0.13884174003725688,0.6570427672564616,0.481103251441803,0.47020735739885705,0.0,0.24807607545905067
POLES-JRC ENGAGE,ENGAGE-INDCi2030-1000,R10INDIA+,0.4355403788529596,1.8443560217887784,0.0,0.7495778186872895,1.14449821862679,0.39959767472103924,0.4355403788529596,0.919009397578261,0.0,0.297258909976026,0.33733059194784704,0.2692095099454636
POLES-JRC ENGAGE,ENGAGE-INDCi2030-1000-COV,R10INDIA+,0.37852715109309326,1.848411166132021,0.0,0.7469679627588917,1.1836670852449243,0.3640263850129532,0.37852715109309326,0.9211195247225352,0.0,0.29603872993602004,0.3620309603370243,0.2452450825319981
POLES-JRC ENGAGE,ENGAGE-INDCi2030-1000-COV-NDCp,R10INDIA+,0.3719167854068081,1.8480643731588966,0.0,0.7451580306711458,1.180251132113795,0.3642546398079683,0.3719167854068081,0.9209390681951978,0.0,0.29519253648020366,0.35987681833537666,0.24539885810527093
POLES-JRC ENGAGE,ENGAGE-INDCi2030-1000-NDCp,R10INDIA+,0.4248558751672722,1.8489941763434568,0.0,0.7411317359127821,1.1955317657434155,0.43540622575068205,0.4248558751672722,0.9214228987996108,0.0,0.2933101319973049,0.3695129735897882,0.29333378064167576
POLES-JRC ENGAGE,ENGAGE-INDCi2030-1000f,R10INDIA+,0.4120225359760607,1.8535075302747501,0.0,0.7663264937917704,1.15555233208374,0.37536732324530403,0.4120225359760607,0.9237714590075868,0.0,0.3050893801704395,0.3443014516682561,0.25288548841269876
POLES-JRC ENGAGE,ENGAGE-INDCi2030-1000f-COV,R10INDIA+,0.3617109080996483,1.8533681543960787,0.0,0.7590661577831683,1.1968014966222793,0.32863114040352165,0.3617109080996483,0.923698933642286,0.0,0.3016949716956118,0.37031368147773436,0.2213992569466592
POLES-JRC ENGAGE,ENGAGE-INDCi2030-1000f-COV-NDCp,R10INDIA+,0.34821891597547133,1.8533629689687177,0.0,0.7481599615026084,1.1968018097837148,0.3240051017994476,0.34821891597547133,0.9236962353632352,0.0,0.29659602241296085,0.370313878961182,0.21828268829680164
POLES-JRC ENGAGE,ENGAGE-INDCi2030-1000f-NDCp,R10INDIA+,0.385742085094334,1.8535160792225618,0.0,0.7435219990270401,1.244006649615407,0.40889686483355986,0.385742085094334,0.9237759075216977,0.0,0.2944276463055259,0.40008183076234766,0.27547438727446466
POLES-JRC ENGAGE,ENGAGE-INDCi2030-1200,R10INDIA+,0.34399324414714105,1.8516073514401947,0.0,0.7127749243684429,1.1631493727218818,0.3796722136688095,0.34399324414714105,0.9227826855883491,0.0,0.2800525360250037,0.34909223880690604,0.25578569908607135
POLES-JRC ENGAGE,ENGAGE-INDCi2030-1200f,R10INDIA+,0.3254285231403855,1.8533348695582865,0.0,0.7177405237769242,1.181415300135829,0.34726903562477335,0.3254285231403855,0.9236816136078376,0.0,0.2823740914867313,0.3606109569892081,0.23395563291263752
POLES-JRC ENGAGE,ENGAGE-INDCi2030-300f,R10INDIA+,0.5594911066643314,1.8520895961847983,0.0,0.9140788521190817,1.1491616053831082,0.4543080668858697,0.5594911066643314,0.9230336255400841,0.0,0.3741677061167573,0.3402713809154027,0.30606797733744784
POLES-JRC ENGAGE,ENGAGE-INDCi2030-400f,R10INDIA+,0.5511279588428815,1.8533366213918547,0.0,0.8995706100062313,1.1476053700934712,0.44638840657922696,0.5511279588428815,0.9236825251885982,0.0,0.36738470049217414,0.3392899998269728,0.30073249115982126
POLES-JRC ENGAGE,ENGAGE-INDCi2030-500f,R10INDIA+,0.5375371030923681,1.8531844921648082,0.0,0.8066622441836309,1.1459177313556368,0.4300601301582844,0.5375371030923681,0.9236033635153612,0.0,0.3239474623317123,0.3382257541101193,0.2897321085960221
POLES-JRC ENGAGE,ENGAGE-INDCi2030-600f,R10INDIA+,0.5251826530672447,1.8533597455949522,0.0,0.8013192404303808,1.1486144644381269,0.41323321931959783,0.5251826530672447,0.9236945580546359,0.0,0.32144945987017604,0.33992634711512465,0.2783957953305828
POLES-JRC ENGAGE,ENGAGE-INDCi2030-600f-COV,R10INDIA+,0.4887805757937747,1.8534426423593904,0.0,0.8799521662062042,1.1770976088618572,0.4233685657706443,0.4887805757937747,0.9237376940562199,0.0,0.35821253382952345,0.35788816783889704,0.2852239923492929
POLES-JRC ENGAGE,ENGAGE-INDCi2030-600f-COV-NDCp,R10INDIA+,0.5266156845655048,1.8534158743424713,0.0,0.9172969013768983,1.1729681583133795,0.51175145723929,0.5266156845655048,0.9237237651022003,0.0,0.3756722334086352,0.3552840856021885,0.3447676694151006
POLES-JRC ENGAGE,ENGAGE-INDCi2030-600f-NDCp,R10INDIA+,0.5234581913233534,1.852143762878721,0.0,0.7773013556788977,1.1791564345986996,0.4501518622864683,0.5234581913233534,0.9230618116171968,0.0,0.31022043252884146,0.35918648863650676,0.30326793651083633
POLES-JRC ENGAGE,ENGAGE-INDCi2030-700f,R10INDIA+,0.5127154069569245,1.853284276604842,0.0,0.7983938557217696,1.1463026258406663,0.37776671947437734,0.5127154069569245,0.9236552871554758,0.0,0.3200817613731263,0.3384684732999258,0.25450196499366173
POLES-JRC ENGAGE,ENGAGE-INDCi2030-800f,R10INDIA+,0.4868551219570379,1.853351827307225,0.0,0.8057841755307751,1.1467258109768383,0.3796795507985298,0.4868551219570379,0.9236904377095987,0.0,0.3235369408801978,0.33873533904465564,0.2557906421205817
POLES-JRC ENGAGE,ENGAGE-INDCi2030-900,R10INDIA+,0.509256928324261,1.8411470831322296,0.0,0.8447162215096244,1.1469752174849293,0.5319690155395288,0.509256928324261,0.917339600404511,0.0,0.3417387522917377,0.3388926178520453,0.3583882665972557
POLES-JRC ENGAGE,ENGAGE-INDCi2030-900f,R10INDIA+,0.5687914994499701,1.85316368038202,0.0,0.7886737447939388,1.146236055251882,0.3757207059786967,0.5687914994499701,0.923592533935927,0.0,0.3155373398931008,0.3384264930689712,0.2531235628523117
POLES-JRC ENGAGE,ENGAGE-NPi2020-1000f,R10INDIA+,0.3638482951638238,1.7324438481832558,0.0,0.7396739851341996,1.1116213054756956,0.3692084054206722,0.3638482951638238,0.8607749932485466,0.0,0.29262859307250244,0.31659800669721716,0.2487362168972401
POLES-JRC ENGAGE,ENGAGE-NPi2020-1000f-COV,R10INDIA+,0.34068789468225247,1.728539221380177,0.0,0.7420600745346093,1.1633402223735645,0.2923550100347696,0.34068789468225247,0.8587431891232096,0.0,0.2937441560537269,0.34921259094140783,0.196959977398531
POLES-JRC ENGAGE,ENGAGE-NPi2020-1200f,R10INDIA+,0.3310968545402938,1.7279889354197915,0.0,0.7138534555130662,1.1440611542500603,0.31978804762412244,0.3310968545402938,0.8584568433747389,0.0,0.2805567792519476,0.3370549737835468,0.21544165302615026
POLES-JRC ENGAGE,ENGAGE-NPi2020-900f,R10INDIA+,0.38904593757703926,1.7373709151299712,0.0,0.7679649311163694,1.0825185497818395,0.4092749312247555,0.38904593757703926,0.8633388323689087,0.0,0.30585539506747783,0.2982454514959987,0.2757290911287143
REMIND-MAgPIE 2.1-4.2,NGFS Phase 2-Delayed Transition,R10INDIA+,0.705798124685962,1.3758363287364588,0.0,1.329241056416351,1.0449540612345611,0.6943741325226029,0.705798124685962,0.6752113873830946,0.0,0.568267552601153,0.27455682362441175,0.4678008200766294
REMIND-MAgPIE 3.2.0-4.8.0,RESCUE-End-of-Century-Budget-1150,R10INDIA+,0.9685229888799,1.7792410752793126,1.1423326749250953,1.5025548796389385,1.1082938682934327,0.24360984803163083,0.9685229888799,0.885126308716936,0.15744512018899112,0.6492965724226214,0.3144996839401403,0.1641202938737502
REMIND-MAgPIE 3.2.0-4.8.0,RESCUE-End-of-Century-Budget-1150-with-OAE,R10INDIA+,0.9666375774123747,1.7795275552863734,1.1423326749250953,1.51338751459192,1.108962331882534,0.238111953232317,0.9666375774123747,0.8852753809047603,0.15744512018899112,0.6543611297441488,0.31492122528997113,0.16041635449099917
REMIND-MAgPIE 3.2.0-4.8.0,RESCUE-End-of-Century-Budget-500,R10INDIA+,1.0,1.778576621650372,1.1457254438133253,1.508827438981442,1.0730119546376107,0.3980382426548152,1.0,0.8847805548991031,0.15791273782534723,0.6522291679066082,0.29225047583130837,0.2681589183907593
REMIND-MAgPIE 3.2.0-4.8.0,RESCUE-End-of-Century-Budget-500-with-OAE,R10INDIA+,0.9953649769461398,1.7792410752793126,1.147941389154977,1.5233402944268244,1.0734415033734812,0.3958963505434133,0.9953649769461398,0.885126308716936,0.15821815654294757,0.659014330392117,0.29252135454017036,0.2667159226924758
REMIND-MAgPIE 3.2.0-4.8.0,RESCUE-Peak-Budget-1150,R10INDIA+,0.8993305583919378,1.7275741810217107,4.758584572013188,1.506017180039885,1.0301880956518887,0.2661120679140867,0.8993305583919378,0.858241022570467,0.6558649124863933,0.650915293899072,0.26524522436192344,0.1792800707455
REMIND-MAgPIE 3.2.0-4.8.0,RESCUE-Peak-Budget-1150-with-OAE,R10INDIA+,0.899607910293326,1.7200927031409976,4.756657604615871,1.5068481713461734,1.0325479115919376,0.2681239542074731,0.899607910293326,0.8543479750685484,0.6555993229430576,0.6513038053852115,0.2667333532786502,0.18063548134313837
REMIND-MAgPIE 3.3-4.8,NGFS Phase 5-Below 2°C,R10INDIA+,0.65235603670916,1.6863885552946658,4.800724789309031,1.2214317221202806,1.0552423302131393,0.43736114784527635,0.65235603670916,0.8368097492434456,0.6616730030037807,0.5178636983488795,0.2810447324101148,0.29465081437925866
REMIND-MAgPIE 3.3-4.8,NGFS Phase 5-Delayed Transition,R10INDIA+,0.7007801545498735,1.673124980936377,1.4061083581885188,1.2122271512912492,1.0850167126774963,0.628249602842955,0.7007801545498735,0.8299079410919891,0.19380072400384843,0.5135603061653501,0.2998208237022072,0.4232526323454082
REMIND-MAgPIE 3.3-4.8,NGFS Phase 5-Low Demand,R10INDIA+,0.5226417371584402,1.6249888402736428,4.330272858808423,1.0892052502625915,0.9822386658113835,0.669376504314003,0.5226417371584402,0.8048599111242525,0.5968316810607942,0.45604415499186024,0.23500772495561806,0.4509598831404121
REMIND-MAgPIE 3.3-4.8,NGFS Phase 5-Net-Zero 2050,R10INDIA+,0.7662768519193836,1.6966298405732365,7.255433979496365,1.3630677935972875,0.8661556555220814,0.717247276999303,0.7662768519193836,0.8421388848374916,1.0,0.5840824905360775,0.16180435285337472,0.48321048936407685
WITCH 5.0,ENGAGE-INDCi2030-1000,R10INDIA+,0.1872801799615725,1.0723195849810891,0.0,0.7919804563764485,1.026775598992335,0.4073626995824086,0.1872801799615725,0.5172739958800824,0.0,0.3170833192811323,0.2630932620537062,0.27444081800826187
WITCH 5.0,ENGAGE-INDCi2030-1000-NDCp,R10INDIA+,0.1853438546175263,1.0722738217912986,0.0,0.7908714678371942,1.0279695905580801,0.3945014424979719,0.1853438546175263,0.517250182634286,0.0,0.316564836377356,0.26384620780051576,0.2657761711996914
WITCH 5.0,ENGAGE-INDCi2030-1000f,R10INDIA+,0.18255919433432855,1.0723195849810891,0.0,0.793702795565727,1.0622086332469978,0.34960783195846695,0.18255919433432855,0.5172739958800824,0.0,0.3178885606272199,0.28543776866833737,0.23553128325969083
WITCH 5.0,ENGAGE-INDCi2030-1000f-NDCp,R10INDIA+,0.181663038822419,1.0722738217912986,0.0,0.7942268712131746,1.0663123257197273,0.33007557355579065,0.181663038822419,0.517250182634286,0.0,0.3181335805294722,0.28802560754610024,0.22237237357288278
WITCH 5.0,ENGAGE-INDCi2030-1200,R10INDIA+,0.18110085449308982,1.0723195849810891,0.0,0.7957025053585218,1.0693854436165693,0.3195597102375067,0.18110085449308982,0.5172739958800824,0.0,0.31882348042429487,0.2899635534380609,0.21528782181080103
WITCH 5.0,ENGAGE-INDCi2030-1200-NDCp,R10INDIA+,0.18169366626233427,1.0722738217912986,0.0,0.7977140876397639,1.0693474598125179,0.30703905761561073,0.18169366626233427,0.517250182634286,0.0,0.319763950939044,0.2899396003846821,0.20685264070297532
WITCH 5.0,ENGAGE-INDCi2030-1200f,R10INDIA+,0.17945231560585648,1.0723195849810891,0.0,0.8064998985240948,1.071825770248557,0.28810635640924087,0.17945231560585648,0.5172739958800824,0.0,0.3238715612326546,0.29150245338601366,0.19409765353427155
WITCH 5.0,ENGAGE-INDCi2030-1200f-NDCp,R10INDIA+,0.17800492053250339,1.0722738217912986,0.0,0.8105880761996644,1.0717530803688853,0.2747665064948247,0.17800492053250339,0.517250182634286,0.0,0.3257828976958863,0.2914566142550641,0.18511057806964817
WITCH 5.0,ENGAGE-INDCi2030-1400,R10INDIA+,0.17841589577237668,1.0723195849810891,0.0,0.8144847007192022,1.0737576508424944,0.24554447291900053,0.17841589577237668,0.5172739958800824,0.0,0.32760467774527646,0.29272072101727736,0.1654236533545597
WITCH 5.0,ENGAGE-INDCi2030-1400-NDCp,R10INDIA+,0.17736092881943777,1.0722738217912986,0.0,0.8156063726394258,1.0744351644546783,0.24053140073255125,0.17736092881943777,0.517250182634286,0.0,0.3281290904814738,0.29314796942282295,0.162046339641267
WITCH 5.0,ENGAGE-INDCi2030-1400f,R10INDIA+,0.1768130453728071,1.0723195849810891,0.0,0.8204154007140922,1.0749251836916254,0.2343800531246599,0.1768130453728071,0.5172739958800824,0.0,0.3303774445015896,0.29345698157240535,0.15790216819136882
WITCH 5.0,ENGAGE-INDCi2030-1400f-NDCp,R10INDIA+,0.17626563559894126,1.0722738217912986,0.0,0.8267620862766927,1.1123828578119823,0.2191822525184233,0.17626563559894126,0.517250182634286,0.0,0.3333446960496217,0.3170782509544051,0.14766338875825513
WITCH 5.0,ENGAGE-INDCi2030-1600-NDCp,R10INDIA+,0.17751803792467394,1.0722738217912986,0.0,0.8365392906890308,1.1410500376471802,0.16169491272669256,0.17751803792467394,0.517250182634286,0.0,0.3379158103173418,0.33515612666910227,0.108934087882808
WITCH 5.0,ENGAGE-INDCi2030-500f,R10INDIA+,0.2022816967512097,1.0723195849810891,0.0,0.8055183644658627,1.0218049854289273,0.7251686969878919,0.2022816967512097,0.5172739958800824,0.0,0.32341266683415193,0.25995873208802245,0.4885471610418811
WITCH 5.0,ENGAGE-INDCi2030-600f,R10INDIA+,0.19913264006412454,1.0723195849810891,0.0,0.7881333626049629,1.021613875032352,0.6174068814959482,0.19913264006412454,0.5172739958800824,0.0,0.315284696230365,0.25983821552458874,0.41594787587418847
WITCH 5.0,ENGAGE-INDCi2030-600f-NDCp,R10INDIA+,0.19668980100203465,1.0722738217912986,0.0,0.7847634603376126,1.0131232182789809,0.5886500089906972,0.19668980100203465,0.517250182634286,0.0,0.3137091734443559,0.2544839030876487,0.3965743308201356
WITCH 5.0,ENGAGE-INDCi2030-700f,R10INDIA+,0.19395449598868758,1.0723195849810891,0.0,0.7829392196955458,1.0174577236262667,0.5215328066018083,0.19395449598868758,0.5172739958800824,0.0,0.3128562903424967,0.257217295399114,0.3513573781022875
WITCH 5.0,ENGAGE-INDCi2030-700f-NDCp,R10INDIA+,0.19147609331899293,1.0722738217912986,0.0,0.7825415649702512,1.0193858959887305,0.47747013098646396,0.19147609331899293,0.517250182634286,0.0,0.3126703757280772,0.25843322457406326,0.32167229217786675
WITCH 5.0,ENGAGE-INDCi2030-800,R10INDIA+,0.19057006649765396,1.0723195849810891,0.0,0.7741155750056556,1.0269303105470526,0.7190928673016146,0.19057006649765396,0.5172739958800824,0.0,0.3087309916953342,0.2631908250603881,0.48445386612094177
WITCH 5.0,ENGAGE-INDCi2030-800-NDCp,R10INDIA+,0.18848970598390102,1.0722738217912986,0.0,0.7764484848865694,1.023392818771597,0.6762561908889659,0.18848970598390102,0.517250182634286,0.0,0.3098216917760743,0.2609600392968045,0.45559473756672253
WITCH 5.0,ENGAGE-INDCi2030-800f,R10INDIA+,0.19014726386452052,1.0723195849810891,0.0,0.7847786884000503,1.023651517599564,0.4450691977241078,0.19014726386452052,0.5172739958800824,0.0,0.31371629298594905,0.2611231779552428,0.2998437383169768
WITCH 5.0,ENGAGE-INDCi2030-800f-NDCp,R10INDIA+,0.18864533491486316,1.0722738217912986,0.0,0.7851857078306621,1.0260916241296485,0.40423695483413,0.18864533491486316,0.517250182634286,0.0,0.31390658585986725,0.262661939104232,0.2723349994183861
WITCH 5.0,ENGAGE-INDCi2030-900,R10INDIA+,0.1895843354752495,1.0723195849810891,0.0,0.7799096477052236,1.0245297899427563,0.5370168473445281,0.1895843354752495,0.5172739958800824,0.0,0.3114398814012485,0.26167702728242337,0.36178899791397234
WITCH 5.0,ENGAGE-INDCi2030-900-NDCp,R10INDIA+,0.18449720410799722,1.0722738217912986,0.0,0.7881789290427377,1.017976616410328,0.48352997779716533,0.18449720410799722,0.517250182634286,0.0,0.3153059998039692,0.257544515562152,0.3257548194132726
WITCH 5.0,ENGAGE-INDCi2030-900f,R10INDIA+,0.18654242270145463,1.0723195849810891,0.0,0.7874576212377581,1.0298018514347143,0.38864483633299857,0.18654242270145463,0.5172739958800824,0.0,0.3149687683971471,0.265001654014448,0.26183056747034855
WITCH 5.0,ENGAGE-INDCi2030-900f-NDCp,R10INDIA+,0.18574355241660997,1.0722738217912986,0.0,0.7893343998514569,1.0315814745676832,0.368882389172849,0.18574355241660997,0.517250182634286,0.0,0.3158462144580686,0.2661239062206909,0.24851657929706636
IMAGE 3.0,ENGAGE-INDCi2030-1000,R10AFRICA,0.16318189371871675,0.7911394745402668,0.0,1.1076094681214885,1.325481219051129,0.28938755456660414,0.16318189371871675,0.37095965211081317,0.0,0.46464863734623046,0.4514606949769231,0.19496079851710355
IMAGE 3.0,ENGAGE-INDCi2030-1000f,R10AFRICA,0.1743067331099709,1.7898379850754977,0.0,1.119080746021451,1.4662093000921637,0.28838259713403563,0.1743067331099709,0.8906404964038964,0.0,0.4700117779604667,0.540205551403436,0.1942837572952629
IMAGE 3.0,ENGAGE-INDCi2030-1200,R10AFRICA,0.15185648895264917,0.7884093612877429,0.0,1.1102428203402945,1.4562045656310079,0.08891143148607042,0.15185648895264917,0.3695390156072832,0.0,0.465879802553754,0.5338964429669912,0.059899755211599674
IMAGE 3.0,ENGAGE-INDCi2030-1200f,R10AFRICA,0.15766677843247912,0.7918124411686281,0.0,1.0982850185697124,1.4369467150767024,0.10805905102442759,0.15766677843247912,0.37130983573672094,0.0,0.46028919853456224,0.5217522058688762,0.07279953315986189
IMAGE 3.0,ENGAGE-INDCi2030-1400f,R10AFRICA,0.16275299827914885,1.7912187315522978,0.0,1.112207637376973,1.444639288960525,0.1982475244060912,0.16275299827914885,0.8913589789962392,0.0,0.466798409019472,0.5266032374456595,0.133559633274951
IMAGE 3.0,ENGAGE-INDCi2030-800f,R10AFRICA,0.17894599983144188,1.7893557324050327,0.0,1.1245692358495658,1.3510904368244674,0.25705316209047613,0.17894599983144188,0.8903895523278753,0.0,0.47257779919756726,0.4676101822553543,0.17317707327656126
IMAGE 3.0,ENGAGE-NPi2020-1000,R10AFRICA,0.15737477963199814,0.7884971980724147,0.0,1.113075219063878,1.3254277751566192,0.16868683536517656,0.15737477963199814,0.36958472218833516,0.0,0.4672040275235118,0.45142699260060953,0.11364455590141423
IMAGE 3.0,ENGAGE-NPi2020-1200,R10AFRICA,0.15456370238202252,0.7883011246322823,0.0,1.120995584914862,1.3875046540067555,0.09437579460882335,0.15456370238202252,0.36948269378853626,0.0,0.4709070182578887,0.4905734348757302,0.0635811042571549
IMAGE 3.0,ENGAGE-NPi2020-1400,R10AFRICA,0.16066924387481984,0.7904864836239001,0.0,1.1312247705302667,1.375616938743885,0.13333831755808806,0.16066924387481984,0.37061986300814265,0.0,0.4756894462753215,0.48307689561761946,0.08983021022788633
IMAGE 3.0,ENGAGE-NPi2020-1400f,R10AFRICA,0.16329251400638473,1.7918300905089557,0.0,1.1252743504713087,1.386496974434569,0.16574832953978472,0.16329251400638473,0.8916771045720867,0.0,0.4729074598420517,0.48993797976047465,0.11166488043463911
IMAGE 3.2,SSP2021-SSP1-SPA1-19-Default,R10AFRICA,0.18862569551508473,1.4875882890311076,0.0,1.205551088092727,1.5300442031577468,0.27789926347492927,0.18862569551508473,0.7333624234211937,0.0,0.5104390614360841,0.5804606253421168,0.1872211208098704
IMAGE 3.2,SSP2021-SSP1-SPA1-19-Lifestyle-Renewables,R10AFRICA,0.27595479396540235,1.656437262101823,0.0,1.3750894554318447,1.7280379421741365,0.5205709194394369,0.27595479396540235,0.8212243516785845,0.0,0.5897029509065599,0.7053179090652884,0.3507093533814589
IMAGE 3.2,SSP2021-SSP1-SPA1-19-Renewables,R10AFRICA,0.2468737055506335,1.4791336968956645,1.2416718886298237,1.327730725731057,1.4258054400717446,0.5751788535177401,0.2468737055506335,0.7289630080493354,0.1711368185747056,0.5675614311114754,0.5147263810057136,0.387498794617865
IMAGE 3.2,SSP2021-SSP1-SPA1-26-Default,R10AFRICA,0.18666182920420646,1.5285807356314138,0.0,1.1778721604798599,1.4081671574594063,0.21694527912503622,0.18666182920420646,0.7546931744277907,0.0,0.4974983950052272,0.5036034633444844,0.14615633666788652
IMAGE 3.2,SSP2021-SSP1-SPA1-26-Lifestyle,R10AFRICA,0.17232705314286012,1.656176672342438,0.0,1.1735528807071676,1.4282869606949464,0.2089561405458969,0.17232705314286012,0.8210887516904573,0.0,0.49547901190116594,0.5162912583904997,0.14077404288132248
IMAGE 3.2,SSP2021-SSP1-SPA1-26-Lifestyle-Renewables,R10AFRICA,0.2544201360560411,1.6563836035470532,0.0,1.32270669261868,1.7001342134127877,0.4490996309717394,0.2544201360560411,0.8211964300157882,0.0,0.5652125562723134,0.6877214749750076,0.3025590468087499
IMAGE 3.2,SSP2021-SSP1-SPA1-26-Renewables,R10AFRICA,0.23791457208451638,0.5218255863859944,1.0056945101199,1.332789888007992,1.3333601094442087,0.5611399693674589,0.23791457208451638,0.2308199930450775,0.1386125920188871,0.5699267298094985,0.4564292200329154,0.3780407788150535
IMAGE 3.2,SSP2021-SSP2-SPA0-26-Default,R10AFRICA,0.3139002272702259,1.850643971698744,0.0,1.3147587906339182,2.0904635026839165,0.17641138056285807,0.3139002272702259,0.9222813831510963,0.0,0.5614966916315844,0.9338679190903689,0.11884859275841334
IMAGE 3.2,SSP2021-SSP2-SPA2-19-Renewables,R10AFRICA,0.3615125715207955,1.434625604425674,1.2321510564371054,1.4411290666536773,1.6499393400895577,0.5054989350810667,0.3615125715207955,0.7058028622909491,0.16982458388004448,0.6205783009923027,0.6560679713283676,0.3405553365297465
IMAGE 3.2,SSP2021-SSP2-SPA2-26-Default,R10AFRICA,0.23199097673103466,1.5283156392838393,0.0,1.2516170841229026,1.7595715529245686,0.1753050924204349,0.23199097673103466,0.7545552294000639,0.0,0.5319761923816687,0.7252033913226683,0.11810328489622887
IMAGE 3.2,SSP2021-SSP2-SPA2-26-Lifestyle,R10AFRICA,0.20233431753855752,1.7640124746477444,0.0,1.2365301384269298,1.7757221736908262,0.15750626755314923,0.20233431753855752,0.8772019832572191,0.0,0.5249226267796085,0.7353881711512418,0.10611219179621983
IMAGE 3.2,SSP2021-SSP2-SPA2-26-Lifestyle-Renewables,R10AFRICA,0.25955475028438546,1.7643505855551973,0.0,1.3309199502321154,1.6765228147321458,0.44638947689086683,0.25955475028438546,0.8773779220014911,0.0,0.5690524820300134,0.6728318369550611,0.30073321223026356
IMAGE 3.2,SSP2021-SSP2-SPA2-26-Renewables,R10AFRICA,0.3068693493036185,1.5818720764282366,0.0,1.3609951598340324,1.6221893537573275,0.5133018665950093,0.3068693493036185,0.7824237544643635,0.0,0.583113476760011,0.6385684891022625,0.3458121823571727
IMAGE 3.3,NAVIGATE Demand-1.5°C-ele_u,R10AFRICA,0.3027353891209111,1.4221139628059423,0.0,1.7253434160698493,1.2695625964690953,0.4085149775114924,0.3027353891209111,0.6992923284192704,0.0,0.7534563930231486,0.41619772474453626,0.27521710925376563
IMAGE 3.3,NAVIGATE Demand-1.5°C-tec_u,R10AFRICA,0.28486022497421004,1.421994047232195,0.0,1.6978061337707078,1.5397317557764711,0.3012907624230998,0.28486022497421004,0.6992299293809706,0.0,0.7405819497054865,0.586569715012872,0.20298000622661597
IMAGE 3.3,NAVIGATE Demand-2.0°C-ele_u,R10AFRICA,0.29001002146868515,1.6922536527146663,0.0,1.4827961924232755,1.3374294720492705,0.39404568497444964,0.29001002146868515,0.8398617001044253,0.0,0.6400588380730193,0.4589954100744632,0.26546912672139944
IMAGE 3.3,NAVIGATE Demand-2.0°C-ref,R10AFRICA,0.27146628851112686,1.6924931536007444,0.0,1.4682995800935912,1.4783751136626968,0.16494460130031155,0.27146628851112686,0.8399863263268267,0.0,0.633281269694659,0.5478774628701593,0.11112340760042166
IMAGE 3.3,NAVIGATE Demand-2.0°C-tec_u,R10AFRICA,0.2703555302975555,1.6921984305291529,0.0,1.4696459883554769,1.5117957837340081,0.14102989173445818,0.2703555302975555,0.8398329647937298,0.0,0.6339107529044318,0.5689529479134858,0.09501203446191199
MESSAGEix-GLOBIOM 2.0-M-R12-NGFS,NGFS Phase 5-Below 2°C,R10AFRICA,0.22085934496019638,0.5987620690191924,2.215814166199008,1.7846682031690637,1.3142803426789542,0.30309015265867656,0.22085934496019638,0.2708545138038326,0.30540063798538186,0.7811923765724409,0.4443972847595272,0.2041922579341827
MESSAGEix-GLOBIOM 2.0-M-R12-NGFS,NGFS Phase 5-Delayed Transition,R10AFRICA,0.20798357575451934,0.6004962775300109,2.2157951783764283,1.7663484481745324,1.359895079393027,0.4030236563262711,0.20798357575451934,0.2717569232232673,0.30539802093688645,0.7726273829500345,0.4731624980039485,0.2715175985239833
MESSAGEix-GLOBIOM 2.0-M-R12-NGFS,NGFS Phase 5-Low Demand,R10AFRICA,0.12838562248061056,0.7180147710119567,2.215814166199008,1.3834603604122095,1.2585532222551143,0.40545928593929775,0.12838562248061056,0.33290862142698097,0.30540063798538186,0.5936165811812003,0.4092550781402626,0.2731584855861748
MESSAGEix-GLOBIOM 2.0-M-R12-NGFS,NGFS Phase 5-Nationally Determined Contributions (NDCs),R10AFRICA,0.2056145369509914,0.7378493700640288,2.215814166199008,1.6329835136123119,1.3113280916496466,0.3908821506741305,0.2056145369509914,0.34322971540365216,0.30540063798538186,0.7102755766994029,0.4425355589988062,0.2633378492576877
MESSAGEix-GLOBIOM 2.0-M-R12-NGFS,NGFS Phase 5-Net-Zero 2050,R10AFRICA,0.25147224861685813,0.5751630860274065,3.490612878157041,2.005712005339146,1.115746666154661,0.35728528976292545,0.25147224861685813,0.2585745922096201,0.481103251441803,0.8845364855097252,0.3191995098119765,0.24070359727430093
POLES-JRC ENGAGE,ENGAGE-INDCi2030-1000,R10AFRICA,0.17739493146071408,1.7818086917710105,0.0,1.3387760720452824,1.7486432928480156,0.4389872750905632,0.17739493146071408,0.8864623887172068,0.0,0.5727254368946777,0.718311896289758,0.29574633856897836
POLES-JRC ENGAGE,ENGAGE-INDCi2030-1000-COV,R10AFRICA,0.1809610396076795,1.781952717386258,0.0,1.3428170289477837,1.890747324073497,0.341324841675835,0.1809610396076795,0.8865373336105274,0.0,0.5746146963366667,0.8079244438029783,0.22995102117126134
POLES-JRC ENGAGE,ENGAGE-INDCi2030-1000-COV-NDCp,R10AFRICA,0.2323515541351057,1.7818735644985577,0.0,1.3384625739319809,1.8596146535286686,0.36642901659108557,0.2323515541351057,0.8864961457654728,0.0,0.5725788678307429,0.7882917993638837,0.24686373877212775
POLES-JRC ENGAGE,ENGAGE-INDCi2030-1000-NDCp,R10AFRICA,0.15980763734443648,1.7821840559807212,0.0,1.3708982337308817,1.8071217855702595,0.4690378271672535,0.15980763734443648,0.8866577125184962,0.0,0.5877434385031705,0.7551891520747009,0.315991437351908
POLES-JRC ENGAGE,ENGAGE-INDCi2030-1000f,R10AFRICA,0.17783810713314532,1.7709738582583152,0.0,1.3853360127525116,1.8184810766699262,0.3424906521371994,0.17783810713314532,0.8808243955007806,0.0,0.5944935006780677,0.7623524605650153,0.23073642930260824
POLES-JRC ENGAGE,ENGAGE-INDCi2030-1000f-COV,R10AFRICA,0.15728034701208385,1.7768825805246555,0.0,1.3753337012166673,1.9488884966440698,0.28258958868543094,0.15728034701208385,0.8838990469032539,0.0,0.5898171425859753,0.8445889813570724,0.19038099943600478
POLES-JRC ENGAGE,ENGAGE-INDCi2030-1000f-COV-NDCp,R10AFRICA,0.1618868817179657,1.7767718752830959,0.0,1.3747798402602343,1.910639005706921,0.2761884571766933,0.1618868817179657,0.8838414405357722,0.0,0.5895581972255726,0.8204683825647481,0.18606854822425356
POLES-JRC ENGAGE,ENGAGE-INDCi2030-1000f-NDCp,R10AFRICA,0.14919906523219734,1.772121711131489,0.0,1.4059611660434599,1.8953912668550945,0.3702550042872659,0.14919906523219734,0.8814216900235646,0.0,0.604136331952332,0.8108529711612504,0.24944131201117403
POLES-JRC ENGAGE,ENGAGE-INDCi2030-1200,R10AFRICA,0.13273669158944837,1.7810075067857176,0.0,1.3199684945897094,1.826531721411526,0.3035351845017714,0.13273669158944837,0.8860454856326424,0.0,0.5639323727402727,0.7674292960227931,0.20449207650663392
POLES-JRC ENGAGE,ENGAGE-INDCi2030-1200f,R10AFRICA,0.12273125408679021,1.7758240806535759,0.0,1.3278733821160074,1.8591782292100276,0.2676719308320793,0.12273125408679021,0.883348247937516,0.0,0.5676281269285134,0.7880165848280761,0.18033095256564083
POLES-JRC ENGAGE,ENGAGE-INDCi2030-300f,R10AFRICA,0.28071222725383876,1.7676887414157185,0.0,1.583106047994104,1.6779820545048145,0.5981519156152927,0.28071222725383876,0.8791149583920309,0.0,0.6869564779969766,0.673752051479123,0.40297577854562766
POLES-JRC ENGAGE,ENGAGE-INDCi2030-400f,R10AFRICA,0.24559770020883875,1.7701345928459506,0.0,1.564456759855399,1.687220998757025,0.5760265651341445,0.24559770020883875,0.8803876769581147,0.0,0.6782374184889151,0.6795782432038286,0.388069899114373
POLES-JRC ENGAGE,ENGAGE-INDCi2030-500f,R10AFRICA,0.26510239281887854,1.7685193027304666,0.0,1.55101569248375,1.7180442914050698,0.5038955962852771,0.26510239281887854,0.8795471476871307,0.0,0.6719533466576666,0.6990157901412127,0.3394751649501887
POLES-JRC ENGAGE,ENGAGE-INDCi2030-600f,R10AFRICA,0.24914482473830107,1.7689422674740176,0.0,1.5312555450659486,1.7369387524088873,0.46702888433015244,0.24914482473830107,0.8797672408110475,0.0,0.6627149296230611,0.7109308693253823,0.31463800976486817
POLES-JRC ENGAGE,ENGAGE-INDCi2030-600f-COV,R10AFRICA,0.2648945556079501,1.7722490085591303,0.0,1.5981082015072023,1.8266162690322787,0.5695684563129196,0.2648945556079501,0.8814879302692195,0.0,0.6939704009015354,0.7674826127909133,0.3837190622078516
POLES-JRC ENGAGE,ENGAGE-INDCi2030-600f-COV-NDCp,R10AFRICA,0.26874712146372204,1.7709212256680404,0.0,1.6179359298726594,1.778967348704487,0.6009222325857736,0.26874712146372204,0.8807970077069042,0.0,0.7032404139037639,0.7374346183743962,0.40484214494662685
POLES-JRC ENGAGE,ENGAGE-INDCi2030-600f-NDCp,R10AFRICA,0.22018192315370827,1.7676253647049487,0.0,1.5254252721021437,1.7837863057406378,0.5090722041680559,0.22018192315370827,0.87908197980819,0.0,0.659989115289475,0.7404735118712386,0.3429626528898409
POLES-JRC ENGAGE,ENGAGE-INDCi2030-700f,R10AFRICA,0.21305609769449882,1.7688012338923254,0.0,1.5266302952057427,1.7570579470785033,0.45833356201260994,0.21305609769449882,0.8796938528465774,0.0,0.6605524970159369,0.723618280602251,0.3087799590102995
POLES-JRC ENGAGE,ENGAGE-INDCi2030-800f,R10AFRICA,0.23901373844417448,1.7689569556387452,0.0,1.5134846459748306,1.7756494916516905,0.44877848686589317,0.23901373844417448,0.8797748839163153,0.0,0.654406541359938,0.7353423369646306,0.30234269157741106
POLES-JRC ENGAGE,ENGAGE-INDCi2030-900,R10AFRICA,0.19621081720940578,1.7802278100414162,0.0,1.2979959861948767,1.663782531164672,0.6023998272952668,0.19621081720940578,0.8856397641280074,0.0,0.5536596155813374,0.6647976576522192,0.4058376025601336
POLES-JRC ENGAGE,ENGAGE-INDCi2030-900f,R10AFRICA,0.19488844303564057,1.768097153996067,0.0,1.4458887953026798,1.7998758216471997,0.3830601950162076,0.19488844303564057,0.8793274791801731,0.0,0.6228036061634287,0.7506197582247548,0.2580681868379686
POLES-JRC ENGAGE,ENGAGE-NPi2020-1000f,R10AFRICA,0.1334279932459534,1.5994683188231025,0.0,1.3450197374234754,1.908833822600231,0.27437266901799284,0.1334279932459534,0.7915801014576608,0.0,0.5756445236488743,0.819330011925131,0.18484524921304238
POLES-JRC ENGAGE,ENGAGE-NPi2020-1000f-COV,R10AFRICA,0.1434997751841056,1.5980661430976972,0.0,1.3421258430694536,2.047286738960707,0.2775345808540916,0.1434997751841056,0.7908504679825539,0.0,0.5742915477660901,0.9066401215588983,0.18697543362034943
POLES-JRC ENGAGE,ENGAGE-NPi2020-1200f,R10AFRICA,0.12006840486518072,1.598219416816662,0.0,1.2964433939539008,1.9389651645965755,0.26604347065884254,0.12006840486518072,0.7909302252014135,0.0,0.5529337356421065,0.8383312062825247,0.17923385667911243
POLES-JRC ENGAGE,ENGAGE-NPi2020-900f,R10AFRICA,0.1409513302353292,1.6013403798182733,0.0,1.3706370916638604,1.889279588162706,0.3091585608498058,0.1409513302353292,0.792554243531846,0.0,0.5876213473431496,0.8069988715098609,0.20828055298350553
REMIND-MAgPIE 2.1-4.2,NGFS Phase 2-Delayed Transition,R10AFRICA,0.353140475201667,0.8586340564711666,0.0,1.9181429003554893,1.3990321029525778,0.7654952879944603,0.353140475201667,0.4060810035026969,0.0,0.8435954998945385,0.4978427857692641,0.5157152415624403
REMIND-MAgPIE 3.2.0-4.8.0,RESCUE-End-of-Century-Budget-1150,R10AFRICA,0.4983978902325599,1.8132577881708474,1.1423326749250953,2.0134917743850456,1.2751575353154905,0.3386903304592401,0.4983978902325599,0.9028271802903541,0.15744512018899112,0.8881737433377811,0.41972596190207756,0.2281761472957803
REMIND-MAgPIE 3.2.0-4.8.0,RESCUE-End-of-Century-Budget-1150-with-OAE,R10AFRICA,0.5108468384078215,1.806398639477327,1.1423326749250953,2.0450304883174373,1.2737170126444501,0.3330271325367332,0.5108468384078215,0.8992579668124346,0.15744512018899112,0.9029189669376857,0.41881755061219905,0.22436084296873046
REMIND-MAgPIE 3.2.0-4.8.0,RESCUE-End-of-Century-Budget-500,R10AFRICA,0.49430462465258984,1.7204756468669418,1.1457254438133253,2.106141950261508,1.2194535225376701,0.5695484631509382,0.49430462465258984,0.8545472429323893,0.15791273782534723,0.9314902705366226,0.38459832724821735,0.38370559278678196
REMIND-MAgPIE 3.2.0-4.8.0,RESCUE-End-of-Century-Budget-500-with-OAE,R10AFRICA,0.5195054534383259,1.7205777486172815,1.147941389154977,2.172708788117197,1.2169397580838208,0.5616610258972572,0.5195054534383259,0.8546003724036567,0.15821815654294757,0.9626121136981673,0.38301311650778325,0.37839181532481
REMIND-MAgPIE 3.2.0-4.8.0,RESCUE-Peak-Budget-1150,R10AFRICA,0.5228033939810746,1.845604432671624,4.758584572013188,2.057688771509825,1.142716605812853,0.31996666135757523,0.5228033939810746,0.9196590182743749,0.6558649124863933,0.9088370654518731,0.33620708502434704,0.21556198534711765
REMIND-MAgPIE 3.2.0-4.8.0,RESCUE-Peak-Budget-1150-with-OAE,R10AFRICA,0.5211039070145043,1.843934141824723,4.756657604615871,2.0569135714406435,1.1458124647492258,0.3217152440859057,0.5211039070145043,0.9187898689281249,0.6555993229430576,0.9084746379166462,0.3381593716951575,0.21674000796629722
REMIND-MAgPIE 3.3-4.8,NGFS Phase 5-Below 2°C,R10AFRICA,0.5465091503763716,1.8387207710317792,4.800724789309031,2.003516475054983,1.14468820275872,0.46310975761656076,0.5465091503763716,0.9160770492866518,0.6616730030037807,0.8835100142011696,0.3374503982749618,0.311997688640085
REMIND-MAgPIE 3.3-4.8,NGFS Phase 5-Delayed Transition,R10AFRICA,0.5532553824121457,1.8597330554645217,1.4061083581885188,2.0059873326936075,1.2280760198385872,0.5719873682544805,0.5532553824121457,0.9270109613725743,0.19380072400384843,0.8846652086851029,0.3900357799537989,0.3853486865514953
REMIND-MAgPIE 3.3-4.8,NGFS Phase 5-Low Demand,R10AFRICA,0.3025006949191533,0.7195791124996538,4.330272858808423,1.8529274199706314,1.2932377169074727,0.5814459563087819,0.3025006949191533,0.3337226391675836,0.5968316810607942,0.8131054538352318,0.43112754648758667,0.39172095049585415
REMIND-MAgPIE 3.3-4.8,NGFS Phase 5-Net-Zero 2050,R10AFRICA,0.6140881619679169,1.8397507410894907,7.255433979496365,2.230018465763509,0.963051391126481,0.671123702364328,0.6140881619679169,0.916613002533344,1.0,0.9894059776821209,0.22290799386761131,0.452136972900091
WITCH 5.0,ENGAGE-INDCi2030-1000,R10AFRICA,0.06365632631292949,1.3040825336676807,0.0,1.4172433544119911,1.7024973016978802,0.6521448468457505,0.06365632631292949,0.6378737199997806,0.0,0.6094110679655649,0.6892116674727121,0.4393508915069778
WITCH 5.0,ENGAGE-INDCi2030-1000-NDCp,R10AFRICA,0.06665116863068539,1.3050075006660697,0.0,1.3743106529908966,1.652444624118724,0.6567299744473328,0.06665116863068539,0.6383550340556197,0.0,0.5893388391626077,0.6576478342088341,0.44243989835748343
WITCH 5.0,ENGAGE-INDCi2030-1000f,R10AFRICA,0.06515402438349163,1.30729754136116,0.0,1.4062696123532654,1.7466977425453367,0.5807857809837634,0.06515402438349163,0.6395466752459648,0.0,0.6042805391580031,0.7170850083722611,0.3912761894600188
WITCH 5.0,ENGAGE-INDCi2030-1000f-NDCp,R10AFRICA,0.06566956224139207,1.3068639253934446,0.0,1.3937510414234318,1.707917922126005,0.5850105519816777,0.06566956224139207,0.6393210396714403,0.0,0.5984277600019677,0.6926299772945897,0.3941224235647951
WITCH 5.0,ENGAGE-INDCi2030-1200,R10AFRICA,0.06649954578405365,1.3048050752531077,0.0,1.373320045696512,1.7299473993695866,0.5548669405533629,0.06649954578405365,0.6382497003554041,0.0,0.5888757027745257,0.7065220362260459,0.37381463056708014
WITCH 5.0,ENGAGE-INDCi2030-1200-NDCp,R10AFRICA,0.06690004227574464,1.3048716624616299,0.0,1.364208160829054,1.69261817185049,0.5905744796071482,0.06690004227574464,0.6382843495477067,0.0,0.584615643849001,0.6829817668484731,0.39787084935448613
WITCH 5.0,ENGAGE-INDCi2030-1200f,R10AFRICA,0.06076732697180061,1.3043008719587668,0.0,1.3941728184471,1.7568893585411072,0.5555667838658422,0.06076732697180061,0.6379873340947815,0.0,0.5986249524599933,0.7235119665998451,0.37428611598131006
WITCH 5.0,ENGAGE-INDCi2030-1200f-NDCp,R10AFRICA,0.06087176075604819,1.3037581640500977,0.0,1.388774836254298,1.7211205465874106,0.609338217487975,0.06087176075604819,0.6377049316467889,0.0,0.5961012460529471,0.7009557144439437,0.41051200569547064
WITCH 5.0,ENGAGE-INDCi2030-1400,R10AFRICA,0.06463149169556404,1.3048523897587232,0.0,1.36042895114426,1.766420160037751,0.5387645429587316,0.06463149169556404,0.6382743208409322,0.0,0.5828487584917647,0.729522207087688,0.36296642288312914
WITCH 5.0,ENGAGE-INDCi2030-1400-NDCp,R10AFRICA,0.06545196566758867,1.3044805938320656,0.0,1.3514743684514983,1.735394643534581,0.5473696634181009,0.06545196566758867,0.6380808538245785,0.0,0.5786622426962362,0.709957135303405,0.36876370452023005
WITCH 5.0,ENGAGE-INDCi2030-1400f,R10AFRICA,0.06132083644277936,1.3037141369861642,0.0,1.3844170963813944,1.7660379172558862,0.527579485845373,0.06132083644277936,0.6376820218081185,0.0,0.5940638817852117,0.7292811600944672,0.355431034329376
WITCH 5.0,ENGAGE-INDCi2030-1400f-NDCp,R10AFRICA,0.0637540476629745,1.3038174641008387,0.0,1.3770292633285832,1.7369366555624708,0.5580814773152061,0.0637540476629745,0.6377357889076245,0.0,0.59060986490564,0.710929547028277,0.3759802684601474
WITCH 5.0,ENGAGE-INDCi2030-1600-NDCp,R10AFRICA,0.06893873169624772,1.3045468121863262,0.0,1.347012368861324,1.7475350573170627,0.5009088263379605,0.06893873169624772,0.638115311080584,0.0,0.576576134118669,0.7176130293518048,0.3374629738772595
WITCH 5.0,ENGAGE-INDCi2030-500f,R10AFRICA,0.07510308449596938,1.3177927474128954,0.0,1.5043482955002991,1.7023429085631097,0.8347774724484943,0.07510308449596938,0.6450079405672404,0.0,0.6501350440844674,0.6891143052655601,0.5623907457125642
WITCH 5.0,ENGAGE-INDCi2030-600f,R10AFRICA,0.07107829944276645,1.3147169463483115,0.0,1.4783388521604235,1.704668914188636,0.8240436402535445,0.07107829944276645,0.6434074226158679,0.0,0.637974907860218,0.6905811129826667,0.5551593480147259
WITCH 5.0,ENGAGE-INDCi2030-600f-NDCp,R10AFRICA,0.06935399386776293,1.3136932796677483,0.0,1.4635229709046804,1.6635117530824204,0.8118232205740951,0.06935399386776293,0.6428747493824367,0.0,0.6310480724028852,0.6646269016676631,0.5469264342583354
WITCH 5.0,ENGAGE-INDCi2030-700f,R10AFRICA,0.06660333014786349,1.3124612830179294,0.0,1.454209212680461,1.7183388625796527,0.7678734944741515,0.06660333014786349,0.6422336699651849,0.0,0.6266936320834111,0.6992015503420368,0.5173174425797354
WITCH 5.0,ENGAGE-INDCi2030-700f-NDCp,R10AFRICA,0.06736608153184387,1.3106901643205535,0.0,1.4403419795905723,1.6648300733970598,0.7251440272364691,0.06736608153184387,0.6413120540317614,0.0,0.6202103159576893,0.665458250650619,0.4885305409959921
WITCH 5.0,ENGAGE-INDCi2030-800,R10AFRICA,0.06229269864764061,1.3041401651498374,0.0,1.4595684491691077,1.7139175468573216,0.7568349542592974,0.06229269864764061,0.6379037090074633,0.0,0.6291992237990169,0.6964134143418013,0.5098807626645464
WITCH 5.0,ENGAGE-INDCi2030-800-NDCp,R10AFRICA,0.06244361795602431,1.3050131288514781,0.0,1.4048422293149114,1.64281923240563,0.7306918612879949,0.06244361795602431,0.6383579627274,0.0,0.6036131979941128,0.6515779439686736,0.4922681245225045
WITCH 5.0,ENGAGE-INDCi2030-800f,R10AFRICA,0.06420930618214776,1.3096265120812838,0.0,1.43462486742933,1.7232048995731015,0.6786543579598923,0.06420930618214776,0.6407585739895797,0.0,0.6175374074382118,0.7022701330382211,0.45721038606213016
WITCH 5.0,ENGAGE-INDCi2030-800f-NDCp,R10AFRICA,0.06413982393099996,1.3091111351305895,0.0,1.4220938918723762,1.6732007555267403,0.6648613367507362,0.06413982393099996,0.6404903934265362,0.0,0.6116788287749121,0.6707369056162464,0.4479180084651471
WITCH 5.0,ENGAGE-INDCi2030-900,R10AFRICA,0.060541253079917035,1.3048924557255288,0.0,1.3992840714629926,1.6870724743203238,0.7621838450305538,0.060541253079917035,0.6382951694906871,0.0,0.6010146050233978,0.6794845818697626,0.5134843178260898
WITCH 5.0,ENGAGE-INDCi2030-900-NDCp,R10AFRICA,0.056924806364452324,1.3044235455277455,0.0,1.417553465730046,1.6382492166404012,0.748079277171194,0.056924806364452324,0.638051168278198,0.0,0.6095560536087773,0.6486960358949476,0.503982050817
WITCH 5.0,ENGAGE-INDCi2030-900f,R10AFRICA,0.06376095064364018,1.3083172761608308,0.0,1.4170890358661707,1.7395182160411866,0.6224802918202953,0.06376095064364018,0.6400773024933849,0.0,0.6093389197648293,0.7125575107747107,0.4193658394750107
WITCH 5.0,ENGAGE-INDCi2030-900f-NDCp,R10AFRICA,0.06571098876371062,1.3078556689352843,0.0,1.404059385072848,1.699468007975512,0.6163533748277649,0.06571098876371062,0.6398371014415427,0.0,0.6032471965960259,0.6873013576434542,0.41523812696470364
IMAGE 3.0,ENGAGE-INDCi2030-1000,R10CHINA+,0.04471806367163433,1.7671288934408704,0.0,1.2421703648367324,1.1354409444109208,0.4740558730899096,0.04471806367163433,0.878823636972027,0.0,0.5275595890775927,0.3316189635794584,0.31937210187820975
IMAGE 3.0,ENGAGE-INDCi2030-1000f,R10CHINA+,0.05416165420080451,1.7839016439320998,0.0,1.240964520188639,1.1159503780722686,0.6135992118486834,0.05416165420080451,0.8875514732954515,0.0,0.5269958232562912,0.31932797304935406,0.4133826435302065
IMAGE 3.0,ENGAGE-INDCi2030-1200,R10CHINA+,0.04223836732737631,1.7774261775440272,0.0,1.257730235234291,1.0815384783243005,0.3389725489217967,0.04223836732737631,0.8841819120071889,0.0,0.5348342600958645,0.2976274063969423,0.2283662782670265
IMAGE 3.0,ENGAGE-INDCi2030-1200f,R10CHINA+,0.04494046870172513,1.7936767610799977,0.0,1.2831263085266404,1.1382549169720257,0.4050531648218947,0.04494046870172513,0.8926380345337985,0.0,0.5467076288089324,0.33339348923969664,0.27288488122380977
IMAGE 3.0,ENGAGE-INDCi2030-1400f,R10CHINA+,0.04507714255437078,1.7929981337199825,0.0,1.3011056404068604,1.1545124974271304,0.3991637463074269,0.04507714255437078,0.8922849053004085,0.0,0.5551134651825728,0.3436457191618118,0.2689171717689176
IMAGE 3.0,ENGAGE-INDCi2030-800f,R10CHINA+,0.05706808815192289,1.7891199534067173,0.0,1.2308976413438621,1.1363363028556694,0.4807065945613894,0.05706808815192289,0.8902668628198621,0.0,0.5222892781562728,0.33218358761214395,0.32385270219544326
IMAGE 3.0,ENGAGE-NPi2020-1000,R10CHINA+,0.04140364115737571,1.7690531342206748,0.0,1.2257448120175751,1.072173197789479,0.33097043265261494,0.04140364115737571,0.8798249312190125,0.0,0.5198801875144945,0.2917215454606705,0.2229752413926079
IMAGE 3.0,ENGAGE-NPi2020-1200,R10CHINA+,0.04012780391460438,1.7775316948311977,0.0,1.2462491169119974,1.0641105716149803,0.2900459133742984,0.04012780391460438,0.8842368187806604,0.0,0.52946651881123,0.2866371543641423,0.19540433576268784
IMAGE 3.0,ENGAGE-NPi2020-1400,R10CHINA+,0.03904095695628581,1.7653393809486402,0.0,1.2797050537052082,1.0868710081114301,0.23952206637912482,0.03904095695628581,0.8778924496787399,0.0,0.5451080972794474,0.30099016517861665,0.16136634968174898
IMAGE 3.0,ENGAGE-NPi2020-1400f,R10CHINA+,0.03352221054071217,1.78322881541632,0.0,1.2809816844968984,1.1247607937989976,0.36383586833982196,0.03352221054071217,0.8872013615375423,0.0,0.5457049575863816,0.32488392942239996,0.2451167311839931
IMAGE 3.2,SSP2021-SSP1-SPA1-19-Default,R10CHINA+,0.12896623964194817,1.250201722785163,0.0,1.2385657444713523,1.0752166676429022,0.3637404866399214,0.12896623964194817,0.6098364044383342,0.0,0.5258743290700275,0.293640794932293,0.2450524723999401
IMAGE 3.2,SSP2021-SSP1-SPA1-19-Lifestyle-Renewables,R10CHINA+,0.15024111613755614,1.26388197749955,0.0,1.2651477494039538,1.097593787083398,0.3318162314755193,0.15024111613755614,0.6169550355818882,0.0,0.5383021537208741,0.30775208130311105,0.22354505723747112
IMAGE 3.2,SSP2021-SSP1-SPA1-19-Renewables,R10CHINA+,0.12962350535232522,1.1948306837039289,1.2416718886298237,1.2809365995466286,0.991482132287561,0.42112521650942475,0.12962350535232522,0.5810236365854018,0.1711368185747056,0.5456838791215417,0.2408367684503024,0.28371264482788644
IMAGE 3.2,SSP2021-SSP1-SPA1-26-Default,R10CHINA+,0.11123295996633564,1.2411840677318313,0.0,1.282026008105177,1.0435461842058915,0.3464543416728979,0.11123295996633564,0.6051439947248687,0.0,0.5461932078412187,0.2736689990775891,0.23340677246270364
IMAGE 3.2,SSP2021-SSP1-SPA1-26-Lifestyle,R10CHINA+,0.0988185728983108,1.2830587132135478,0.0,1.2849147191972885,1.0340151999037077,0.3391856017855329,0.0988185728983108,0.6269338050518605,0.0,0.5475437604052839,0.26765864331032746,0.2285098122780263
IMAGE 3.2,SSP2021-SSP1-SPA1-26-Lifestyle-Renewables,R10CHINA+,0.1275141273832893,1.267777925275546,0.0,1.345605894160145,1.0821199877036793,0.2765856656221325,0.1275141273832893,0.618982323505314,0.0,0.575918568182374,0.29799411335408893,0.18633614810710455
IMAGE 3.2,SSP2021-SSP1-SPA1-26-Renewables,R10CHINA+,0.13552336063500606,1.205450166908061,1.0056945101199,1.3133032371305038,0.9799075712383726,0.3617130078342492,0.13552336063500606,0.5865495705276903,0.1386125920188871,0.5608161799938722,0.23353770808572158,0.24368655710506038
IMAGE 3.2,SSP2021-SSP2-SPA0-26-Default,R10CHINA+,0.1104072645434062,1.870636880906026,0.0,1.2706789454526572,1.1262207368839179,0.14220098520173635,0.1104072645434062,0.9326848550969462,0.0,0.5408881413007061,0.3258045874638064,0.09580100176170016
IMAGE 3.2,SSP2021-SSP2-SPA2-19-Renewables,R10CHINA+,0.189615610208685,1.4148477177036762,1.2321510564371054,1.2783253940273238,0.9955767222858587,0.4289009783435345,0.189615610208685,0.6955112790337433,0.16982458388004448,0.5444630681103511,0.24341886719588546,0.28895118640417233
IMAGE 3.2,SSP2021-SSP2-SPA2-26-Default,R10CHINA+,0.11294355599917293,1.472524452863811,0.0,1.2958687440435541,1.0879940434479871,0.17830918177744254,0.11294355599917293,0.7255238344825581,0.0,0.5526650708690948,0.30169836505576547,0.12012714407958619
IMAGE 3.2,SSP2021-SSP2-SPA2-26-Lifestyle,R10CHINA+,0.09620902890987544,1.5664549989134389,0.0,1.2905538596564874,1.1258308772172116,0.2759525728635747,0.09620902890987544,0.7744013535346493,0.0,0.5501802149912383,0.3255587371694487,0.18590963263400942
IMAGE 3.2,SSP2021-SSP2-SPA2-26-Lifestyle-Renewables,R10CHINA+,0.1293023348156576,1.5355844451627036,0.0,1.3255201128920044,1.048411965670575,0.2800093525450256,0.1293023348156576,0.7583376113063974,0.0,0.5665279082901414,0.27673742063419526,0.188642690754937
IMAGE 3.2,SSP2021-SSP2-SPA2-26-Renewables,R10CHINA+,0.1546557068653351,1.55028118809234,0.0,1.3073982981419356,1.1051629423595426,0.24084014031054418,0.1546557068653351,0.7659851803109198,0.0,0.5580554572225861,0.3125252835899777,0.16225433792491634
IMAGE 3.3,NAVIGATE Demand-1.5°C-ele_u,R10CHINA+,0.1676056197679604,1.4177697146279802,0.0,1.5798405189378273,0.8899736390370839,0.3211515646666352,0.1676056197679604,0.6970317637572363,0.0,0.6854297525823004,0.1768242658072905,0.21636025635654602
IMAGE 3.3,NAVIGATE Demand-1.5°C-tec_u,R10CHINA+,0.1384123357961735,1.416973454720549,0.0,1.504482824144158,1.002731037193714,0.24496706555862835,0.1384123357961735,0.6966174234767559,0.0,0.6501979399570937,0.24793046605114546,0.16503465321177055
IMAGE 3.3,NAVIGATE Demand-2.0°C-ele_u,R10CHINA+,0.12619793908231228,1.6599485264898886,0.0,1.4949378548814904,1.107650606269333,0.25196731400739636,0.12619793908231228,0.8230514664909899,0.0,0.6457354020636985,0.3140940350067429,0.16975073034035976
IMAGE 3.3,NAVIGATE Demand-2.0°C-ref,R10CHINA+,0.1095905009066451,1.6596295369126701,0.0,1.4197577196515483,1.0638058212617623,0.1647187799664708,0.1095905009066451,0.8228854776854988,0.0,0.6105866034597697,0.2864449750482431,0.11097127145333087
IMAGE 3.3,NAVIGATE Demand-2.0°C-tec_u,R10CHINA+,0.10562536862046937,1.6590773693606442,0.0,1.4055828563371344,1.1239917720660821,0.1876011676267738,0.10562536862046937,0.8225981528356056,0.0,0.6039594616708823,0.3243989748719535,0.12638716788644383
MESSAGEix-GLOBIOM 2.0-M-R12-NGFS,NGFS Phase 5-Below 2°C,R10CHINA+,0.0331783159560736,1.5345352598761888,2.215814166199008,1.4733673248215737,1.1141800245566642,0.27537860316855667,0.0331783159560736,0.757791659260045,0.30540063798538186,0.6356505809266112,0.3182115663776773,0.1855229484511567
MESSAGEix-GLOBIOM 2.0-M-R12-NGFS,NGFS Phase 5-Delayed Transition,R10CHINA+,0.02818648811385832,1.534009055689323,2.2157951783764283,1.4505330100903817,1.20279393252236,0.2033301500034589,0.02818648811385832,0.757517844657123,0.30539802093688645,0.6249749054002157,0.37409258515967025,0.13698380521804057
MESSAGEix-GLOBIOM 2.0-M-R12-NGFS,NGFS Phase 5-Low Demand,R10CHINA+,0.0012581140231807417,1.5372872886511004,2.215814166199008,1.4072108244674166,0.9882590689659598,0.22743006990295883,0.0012581140231807417,0.7592236996828333,0.30540063798538186,0.6047205819291779,0.23880426513175257,0.15321995481625472
MESSAGEix-GLOBIOM 2.0-M-R12-NGFS,NGFS Phase 5-Nationally Determined Contributions (NDCs),R10CHINA+,0.02543614136674394,0.547303175497422,2.215814166199008,1.4437689137003273,1.4348997682088287,0.12070240529615683,0.02543614136674394,0.24407746252191007,0.30540063798538186,0.6218125027120001,0.5204613760319428,0.08131737854005651
MESSAGEix-GLOBIOM 2.0-M-R12-NGFS,NGFS Phase 5-Net-Zero 2050,R10CHINA+,0.05145661495251546,1.5285608076847441,3.490612878157041,1.5589846071878326,0.9282542367257524,0.2251811239337345,0.05145661495251546,0.7546828047596266,0.481103251441803,0.6756790353275393,0.20096448089919805,0.15170483678487137
POLES-JRC ENGAGE,ENGAGE-INDCi2030-1000,R10CHINA+,0.16415131543647565,1.5927348453258294,0.0,1.2848580543081087,1.202449720072107,0.6729130776150303,0.16415131543647565,0.7880762840841747,0.0,0.5475172679977934,0.3738755205606794,0.45334247749840084
POLES-JRC ENGAGE,ENGAGE-INDCi2030-1000-COV,R10CHINA+,0.14807362442053848,1.5946834056067076,0.0,1.2574978182275296,1.2006740772797406,0.47901159059723153,0.14807362442053848,0.7890902331801637,0.0,0.5347255986983053,0.3727557784061099,0.32271077566430134
POLES-JRC ENGAGE,ENGAGE-INDCi2030-1000-COV-NDCp,R10CHINA+,0.14020218824503286,1.5872941989120415,0.0,1.2571404947072051,1.2029741796484579,0.4954652790522689,0.14020218824503286,0.7852451997359041,0.0,0.5345585400409363,0.3742062512113105,0.33379564849012094
POLES-JRC ENGAGE,ENGAGE-INDCi2030-1000-NDCp,R10CHINA+,0.149642748901963,1.5872668052791727,0.0,1.2817750250142117,1.195393014571307,0.5294714325999703,0.149642748901963,0.7852309452375672,0.0,0.5460758662842988,0.36942547539641635,0.3567056414927025
POLES-JRC ENGAGE,ENGAGE-INDCi2030-1000f,R10CHINA+,0.2302869595084556,1.6684096808687245,0.0,1.3108934824211806,1.2056983852569934,0.48868984789284686,0.2302869595084556,0.8274542965792526,0.0,0.5596895528242907,0.3759241687286771,0.3292310310824481
POLES-JRC ENGAGE,ENGAGE-INDCi2030-1000f-COV,R10CHINA+,0.1443533320579134,1.6388488654567033,0.0,1.2757009994449822,1.2022185878099236,0.3459946840966816,0.1443533320579134,0.8120720872845996,0.0,0.5432360908463459,0.37372976571721633,0.23309710051348045
POLES-JRC ENGAGE,ENGAGE-INDCi2030-1000f-COV-NDCp,R10CHINA+,0.13847735182893461,1.6334756495238232,0.0,1.2693773695877515,1.2072571369364755,0.34533030848315427,0.13847735182893461,0.8092760909322352,0.0,0.5402796184801049,0.37690713668345155,0.23264950973742735
POLES-JRC ENGAGE,ENGAGE-INDCi2030-1000f-NDCp,R10CHINA+,0.17879813426913896,1.6595125449933095,0.0,1.294845592456148,1.1925794294156689,0.3991437427054007,0.17879813426913896,0.8228245999943963,0.0,0.5521867191212955,0.36765119403882385,0.2689036953143752
POLES-JRC ENGAGE,ENGAGE-INDCi2030-1200,R10CHINA+,0.13589550727226632,1.610326073061604,0.0,1.263587062035002,1.2045110212407517,0.4510061695100499,0.13589550727226632,0.797230021659071,0.0,0.5375724890847677,0.37517540239598873,0.3038434844770847
POLES-JRC ENGAGE,ENGAGE-INDCi2030-1200f,R10CHINA+,0.13895789739662184,1.640452898124193,0.0,1.2661875128462365,1.216072255040836,0.3530407536687868,0.13895789739662184,0.8129067586515049,0.0,0.538788271971616,0.38246605843358983,0.23784404739667314
POLES-JRC ENGAGE,ENGAGE-INDCi2030-300f,R10CHINA+,0.2425180208052452,1.6761927086644963,0.0,1.4396306710266904,1.1760929812218064,0.8243726341635669,0.2425180208052452,0.8315042580174603,0.0,0.6198777594734443,0.3572546373095322,0.5553809916700699
POLES-JRC ENGAGE,ENGAGE-INDCi2030-400f,R10CHINA+,0.2879696002980843,1.665571805863641,0.0,1.4420589814528393,1.1831946264317799,0.7873960816766055,0.2879696002980843,0.8259775853765398,0.0,0.6210130619553494,0.36173302200638147,0.5304698367654854
POLES-JRC ENGAGE,ENGAGE-INDCi2030-500f,R10CHINA+,0.19182567346675522,1.6712777340243037,0.0,1.4457584026984163,1.1957843252856066,0.7256750146351888,0.19182567346675522,0.8289467112265619,0.0,0.6227426440040407,0.36967224073920923,0.48888826794597084
POLES-JRC ENGAGE,ENGAGE-INDCi2030-600f,R10CHINA+,0.23754229163367627,1.6729833639565541,0.0,1.4485317242485682,1.2007214679262246,0.6951722807022958,0.23754229163367627,0.829834249551585,0.0,0.6240392487565073,0.3727856635298682,0.46833853361680194
POLES-JRC ENGAGE,ENGAGE-INDCi2030-600f-COV,R10CHINA+,0.22122696588909002,1.6681060931901728,0.0,1.4507665295618337,1.201483081744307,0.5678547551879856,0.22122696588909002,0.8272963222762547,0.0,0.6250840822305986,0.37326594655823164,0.38256453937345686
POLES-JRC ENGAGE,ENGAGE-INDCi2030-600f-COV-NDCp,R10CHINA+,0.22347720598960077,1.6684512228614263,0.0,1.4484511975242984,1.2059424986760505,0.58825074818849,0.22347720598960077,0.8274759132910161,0.0,0.6240016002792208,0.37607810964910865,0.39630534826167185
POLES-JRC ENGAGE,ENGAGE-INDCi2030-600f-NDCp,R10CHINA+,0.21492858810510646,1.6697412070949555,0.0,1.4731160629455484,1.20598959314225,0.6015670299582003,0.21492858810510646,0.8281471670162729,0.0,0.6355331090299426,0.37610780799794163,0.40527654583438555
POLES-JRC ENGAGE,ENGAGE-INDCi2030-700f,R10CHINA+,0.21530513858573688,1.6715437683435104,0.0,1.4374611500336032,1.206837850623746,0.6473457589112444,0.21530513858573688,0.8290851443354109,0.0,0.6188634482299251,0.37664272958467265,0.436117739282217
POLES-JRC ENGAGE,ENGAGE-INDCi2030-800f,R10CHINA+,0.22904743989023252,1.672751947964599,0.0,1.4174223550349527,1.2078579498891358,0.6071709157088827,0.22904743989023252,0.8297138303692055,0.0,0.6094947557220076,0.3772860167110096,0.4090518914686782
POLES-JRC ENGAGE,ENGAGE-INDCi2030-900,R10CHINA+,0.16311774547401928,1.565435735541849,0.0,1.250864931624655,1.1691592303532508,0.8673923107171513,0.16311774547401928,0.7738709715986425,0.0,0.5316245402251584,0.3528821288465784,0.5843634076740863
POLES-JRC ENGAGE,ENGAGE-INDCi2030-900f,R10CHINA+,0.2020069141594339,1.6672784141399217,0.0,1.3694711950680267,1.2049444721873879,0.5407124101308134,0.2020069141594339,0.8268656327907887,0.0,0.5870762583443785,0.37544874188688926,0.3642787037095906
POLES-JRC ENGAGE,ENGAGE-NPi2020-1000f,R10CHINA+,0.1462683008008926,1.6110539610206902,0.0,1.264258660304773,1.2244451213655339,0.29073564707164323,0.1462683008008926,0.7976087840434526,0.0,0.537886479905012,0.38774609077942296,0.19586901031512285
POLES-JRC ENGAGE,ENGAGE-NPi2020-1000f-COV,R10CHINA+,0.13402950753053516,1.6022640667025225,0.0,1.2599116648850586,1.2416429770232926,0.2840057461338092,0.13402950753053516,0.7930348914699428,0.0,0.5358541389671775,0.39859126979345827,0.19133506668113998
POLES-JRC ENGAGE,ENGAGE-NPi2020-1200f,R10CHINA+,0.1290832072708171,1.6022643677314552,0.0,1.2619219065962772,1.248940011199127,0.23915433910174363,0.1290832072708171,0.7930350481127817,0.0,0.5367939827282553,0.4031928691720851,0.16111861130287458
POLES-JRC ENGAGE,ENGAGE-NPi2020-900f,R10CHINA+,0.16107454991008174,1.6246527172803003,0.0,1.2875558895611952,1.207490492014095,0.3200403663360307,0.16107454991008174,0.8046850068071599,0.0,0.5487785808125055,0.3770542932616308,0.2156116404937458
REMIND-MAgPIE 2.1-4.2,NGFS Phase 2-Delayed Transition,R10CHINA+,0.19528741238480793,1.2697838551636527,0.0,1.4367746823510408,1.118664936428015,0.5061837179113614,0.19528741238480793,0.6200261253402495,0.0,0.6185425055467456,0.3210398068906175,0.34101667567615523
REMIND-MAgPIE 3.2.0-4.8.0,RESCUE-End-of-Century-Budget-1150,R10CHINA+,0.2334337305531263,1.5285830647473961,1.1423326749250953,1.5787992423392938,1.279926789041107,0.25877563280124494,0.2334337305531263,0.7546943864021227,0.15744512018899112,0.6849429268890386,0.42273351188080593,0.17433750419314556
REMIND-MAgPIE 3.2.0-4.8.0,RESCUE-End-of-Century-Budget-1150-with-OAE,R10CHINA+,0.2434437559415988,1.491140384079398,1.1423326749250953,1.595142964798901,1.2800124818159497,0.2559018761720982,0.2434437559415988,0.7352107847977573,0.15744512018899112,0.692584070489196,0.4227875507971612,0.1724014503500515
REMIND-MAgPIE 3.2.0-4.8.0,RESCUE-End-of-Century-Budget-500,R10CHINA+,0.227021794639188,1.1025487872615634,1.1457254438133253,1.5521799903528868,1.2490716241469946,0.4611917565878636,0.227021794639188,0.5330040056855482,0.15791273782534723,0.6724976882073606,0.40327586591357395,0.31070552867601386
REMIND-MAgPIE 3.2.0-4.8.0,RESCUE-End-of-Century-Budget-500-with-OAE,R10CHINA+,0.24945465712902173,1.0623819526327096,1.147941389154977,1.5928042269950324,1.2507982740086847,0.44574711459260263,0.24945465712902173,0.5121028685432525,0.15821815654294757,0.6914906456928166,0.4043647125242932,0.3003004518553593
REMIND-MAgPIE 3.2.0-4.8.0,RESCUE-Peak-Budget-1150,R10CHINA+,0.27379085763622346,1.5767800244676309,4.758584572013188,1.6233089881072655,1.1596888307234774,0.31500565209974474,0.27379085763622346,0.7797740640581431,0.6558649124863933,0.7057524676690002,0.34690997851788263,0.21221974650133904
REMIND-MAgPIE 3.2.0-4.8.0,RESCUE-Peak-Budget-1150-with-OAE,R10CHINA+,0.2732662288238337,1.5705526632190705,4.756657604615871,1.622133720607523,1.160283213339638,0.3135102385142012,0.2732662288238337,0.7765336062851206,0.6555993229430576,0.705202997512717,0.34728480349626206,0.21121228428622227
REMIND-MAgPIE 3.3-4.8,NGFS Phase 5-Below 2°C,R10CHINA+,0.17354739781219736,1.4710597527164002,4.800724789309031,1.4108793276068816,1.1580281264775207,0.33183409787457757,0.17354739781219736,0.7247616659189595,0.6616730030037807,0.6064357089056398,0.3458627180224358,0.22355709385539768
REMIND-MAgPIE 3.3-4.8,NGFS Phase 5-Delayed Transition,R10CHINA+,0.17139020313039574,1.3725216637489126,1.4061083581885188,1.437277001490063,1.211219996327455,0.5210024216653175,0.17139020313039574,0.6734865746582277,0.19380072400384843,0.6187773536778164,0.37940616449005105,0.35100005703195136
REMIND-MAgPIE 3.3-4.8,NGFS Phase 5-Low Demand,R10CHINA+,0.14157369415577792,1.4515702495929554,4.330272858808423,1.3898536612846537,1.050874545565233,0.6271434714999684,0.14157369415577792,0.7146201453988014,0.5968316810607942,0.596605626679623,0.27829035376291833,0.4225074301192226
REMIND-MAgPIE 3.3-4.8,NGFS Phase 5-Net-Zero 2050,R10CHINA+,0.20950559179049477,1.4815323974060037,7.255433979496365,1.5181333129828491,0.9827951395063896,0.7989779183648039,0.20950559179049477,0.7302111912530445,1.0,0.6565799221332211,0.23535864410269325,0.5382725362713695
WITCH 5.0,ENGAGE-INDCi2030-1000,R10CHINA+,0.11554424052531315,1.2185729751935628,0.0,1.4963146442437472,0.9067108292360144,0.2758667518633339,0.11554424052531315,0.5933781299150984,0.0,0.6463790892806207,0.18737894352476903,0.18585181490663155
WITCH 5.0,ENGAGE-INDCi2030-1000-NDCp,R10CHINA+,0.11724093411555939,1.218572788487827,0.0,1.4940686374245176,0.8863338654929881,0.195102656850434,0.11724093411555939,0.5933780327612593,0.0,0.6453290187917782,0.1745289799041052,0.13144093162311354
WITCH 5.0,ENGAGE-INDCi2030-1000f,R10CHINA+,0.11473970280513841,1.2117164637658362,0.0,1.4938209435121674,0.9119755522428372,0.24686194351010068,0.11473970280513841,0.5898102887597566,0.0,0.6452132150170977,0.19069894251793099,0.16631123512651377
WITCH 5.0,ENGAGE-INDCi2030-1000f-NDCp,R10CHINA+,0.11151539661591454,1.215449550848102,0.0,1.4940168432880712,0.9246002890915065,0.15228595357688354,0.11151539661591454,0.5917528308044943,0.0,0.645304803596298,0.19866025664066794,0.10259525900051969
WITCH 5.0,ENGAGE-INDCi2030-1200,R10CHINA+,0.11614103320029848,1.2186134913087534,0.0,1.4979935583198243,0.946670642689793,0.22451936806292527,0.11614103320029848,0.5933992128032048,0.0,0.6471640281817392,0.21257809270347325,0.15125901093313573
WITCH 5.0,ENGAGE-INDCi2030-1200-NDCp,R10CHINA+,0.11628713516780871,1.2186134913087534,0.0,1.496634890433088,0.9292866688024479,0.14174243906544856,0.11628713516780871,0.5933992128032048,0.0,0.6465288132572854,0.20161554524782482,0.09549207859110465
WITCH 5.0,ENGAGE-INDCi2030-1200f,R10CHINA+,0.11296597489683834,1.218786428484687,0.0,1.4985566413144682,0.9514553764904317,0.21802855951148864,0.11296597489683834,0.5934892020608745,0.0,0.647427285100811,0.21559540460764787,0.14688614417283255
WITCH 5.0,ENGAGE-INDCi2030-1200f-NDCp,R10CHINA+,0.11254702709010714,1.219120807273896,0.0,1.4983135688446358,0.932294925119183,0.13533488578524197,0.11254702709010714,0.5936631987672446,0.0,0.6473136419786996,0.2035125886306942,0.09117530102297171
WITCH 5.0,ENGAGE-INDCi2030-1400,R10CHINA+,0.11915203877965398,1.219120807273896,0.0,1.5012030149780136,0.9563561971225063,0.196210614721191,0.11915203877965398,0.5936631987672446,0.0,0.6486645381949456,0.21868592229358674,0.1321873643836018
WITCH 5.0,ENGAGE-INDCi2030-1400-NDCp,R10CHINA+,0.11894049719764455,1.2197340459248096,0.0,1.501879793711793,0.9366060145817572,0.12643792707665466,0.11894049719764455,0.5939823024571952,0.0,0.6489809510258121,0.20623121459764987,0.08518140755095419
WITCH 5.0,ENGAGE-INDCi2030-1400f,R10CHINA+,0.11735872219484607,1.2197340459248096,0.0,1.503499316644639,0.958460950958714,0.19075714986971135,0.11735872219484607,0.5939823024571952,0.0,0.6497381229200492,0.22001320591477772,0.1285133575185805
WITCH 5.0,ENGAGE-INDCi2030-1400f-NDCp,R10CHINA+,0.11772565096975907,1.2197340459248096,0.0,1.5027459689428468,0.9379259333616508,0.12384921810577526,0.11772565096975907,0.5939823024571952,0.0,0.6493859119727285,0.20706357159242875,0.08343739071219661
WITCH 5.0,ENGAGE-INDCi2030-1600-NDCp,R10CHINA+,0.12319961676537827,1.2206988189277577,0.0,1.5070159616708658,0.9923313401260522,0.11860117047868857,0.12319961676537827,0.5944843298893323,0.0,0.6513822520162565,0.2413722893438275,0.07990177371731604
WITCH 5.0,ENGAGE-INDCi2030-500f,R10CHINA+,0.11942138596736934,1.2071359804069968,0.0,1.5005505374648687,0.8876555548803825,0.39859050922449846,0.11942138596736934,0.587426797211425,0.0,0.6483594868588051,0.17536245346572196,0.26853098114784985
WITCH 5.0,ENGAGE-INDCi2030-600f,R10CHINA+,0.1164597550959345,1.2071359804069968,0.0,1.4927311699430916,0.8949680577991151,0.35636553522661985,0.1164597550959345,0.587426797211425,0.0,0.6447037156448743,0.17997380762361856,0.24008395736232746
WITCH 5.0,ENGAGE-INDCi2030-600f-NDCp,R10CHINA+,0.11749437718839627,1.2071359804069968,0.0,1.4918852115261416,0.8741147127761063,0.27521373489910206,0.11749437718839627,0.587426797211425,0.0,0.6443082066193354,0.1668234321165452,0.18541187646842702
WITCH 5.0,ENGAGE-INDCi2030-700f,R10CHINA+,0.11459369947556312,1.2071359804069968,0.0,1.490328606790718,0.8997201730959185,0.3367606558492614,0.11459369947556312,0.587426797211425,0.0,0.6435804507276496,0.18297054989863099,0.22687612282374298
WITCH 5.0,ENGAGE-INDCi2030-700f-NDCp,R10CHINA+,0.116042815872593,1.2071359804069968,0.0,1.4895817043419428,0.879697869825486,0.2499421358986199,0.116042815872593,0.587426797211425,0.0,0.6432312531148962,0.17034423952817618,0.16838636502818272
WITCH 5.0,ENGAGE-INDCi2030-800,R10CHINA+,0.11865386496718291,1.2185736847573985,0.0,1.4888813388003366,0.892728139371383,0.43967333806726977,0.11865386496718291,0.5933784991423771,0.0,0.642903812797108,0.1785612875508249,0.2962085401518075
WITCH 5.0,ENGAGE-INDCi2030-800-NDCp,R10CHINA+,0.11731499253451201,1.2185736576566968,0.0,1.4913340799342278,0.8710722974259169,0.35814325421680976,0.11731499253451201,0.5933784850403078,0.0,0.6440505373125539,0.164904847627614,0.24128160912169735
WITCH 5.0,ENGAGE-INDCi2030-800f,R10CHINA+,0.11421546876056775,1.2071359804069968,0.0,1.489618100329374,0.9041285566310818,0.3083797719987258,0.11421546876056775,0.587426797211425,0.0,0.6432482692485901,0.18575053070279615,0.20775588184997953
WITCH 5.0,ENGAGE-INDCi2030-800f-NDCp,R10CHINA+,0.11495531699309891,1.2071359804069968,0.0,1.4901693868108983,0.8855562111404003,0.20679275041762407,0.11495531699309891,0.587426797211425,0.0,0.643506010970561,0.17403858151766138,0.13931656393913452
WITCH 5.0,ENGAGE-INDCi2030-900,R10CHINA+,0.11774688055965908,1.218573517873053,0.0,1.489942381121037,0.8999312125212086,0.34977271777211705,0.11774688055965908,0.5933784123027586,0.0,0.6433998795137543,0.1831036339523547,0.23564236706196942
WITCH 5.0,ENGAGE-INDCi2030-900-NDCp,R10CHINA+,0.11287073946235683,1.2185734994441113,0.0,1.493510921398818,0.8801043465275524,0.23691732607372365,0.11287073946235683,0.5933784027131098,0.0,0.6450682710795596,0.17060056872913418,0.1596115325105986
WITCH 5.0,ENGAGE-INDCi2030-900f,R10CHINA+,0.11338243715304915,1.2071359804069968,0.0,1.4912188488771165,0.9090188273440403,0.26588639619480325,0.11338243715304915,0.587426797211425,0.0,0.643996663597018,0.18883439548015876,0.17912803539394484
WITCH 5.0,ENGAGE-INDCi2030-900f-NDCp,R10CHINA+,0.1134251001639039,1.2071359804069968,0.0,1.491021694777392,0.8899264966373845,0.17118410291130007,0.1134251001639039,0.587426797211425,0.0,0.6439044885866385,0.1767945372310037,0.11532696852497103
IMAGE 3.0,ENGAGE-INDCi2030-1000,R10MIDDLE_EAST,0.06243367326297574,0.8121817764052582,0.0,1.5219122831971912,1.1164485677571014,0.5705479688229742,0.06243367326297574,0.38190918401029317,0.0,0.6583466955313787,0.3196421375837285,0.3843789611499596
IMAGE 3.0,ENGAGE-INDCi2030-1000f,R10MIDDLE_EAST,0.08309624628606523,0.8121817764052582,0.0,1.4836998336540472,1.1125000386771995,0.493792762046791,0.08309624628606523,0.38190918401029317,0.0,0.6404813154140544,0.3171521466473095,0.3326688714543574
IMAGE 3.0,ENGAGE-INDCi2030-1200,R10MIDDLE_EAST,0.061919767278074196,0.8121817764052582,0.0,1.5642834757233057,1.1206423268662848,0.3353384268210628,0.061919767278074196,0.38190918401029317,0.0,0.6781564033505202,0.32228677358870134,0.22591796514682744
IMAGE 3.0,ENGAGE-INDCi2030-1200f,R10MIDDLE_EAST,0.0728423921385414,0.8121817764052582,0.0,1.5517992666687395,1.083047656940403,0.29006004334210084,0.0728423921385414,0.38190918401029317,0.0,0.6723196893243191,0.298579112969058,0.19541385514167395
IMAGE 3.0,ENGAGE-INDCi2030-1400f,R10MIDDLE_EAST,0.07920039086539105,1.8121817764052581,0.0,1.5484827020957819,1.0824366175191404,0.3059086082878353,0.07920039086539105,0.902267268868727,0.0,0.670769103389946,0.2981937840047905,0.2060910554165718
IMAGE 3.0,ENGAGE-INDCi2030-800f,R10MIDDLE_EAST,0.0719279890898329,0.8121817764052582,0.0,1.492316094419981,1.1146821259172421,0.6467052031344618,0.0719279890898329,0.38190918401029317,0.0,0.644509656324249,0.31852819766282253,0.4356861959633507
IMAGE 3.0,ENGAGE-NPi2020-1000,R10MIDDLE_EAST,0.0639158568197915,0.8121817764052582,0.0,1.5243977692167099,1.1459265599380106,0.2916939013753361,0.0639158568197915,0.38190918401029317,0.0,0.6595087291891494,0.3382313215226031,0.19651458757400048
IMAGE 3.0,ENGAGE-NPi2020-1200,R10MIDDLE_EAST,0.06385349580737985,0.8121817764052582,0.0,1.5249679215391354,1.1662853333257712,0.200125507297263,0.06385349580737985,0.38190918401029317,0.0,0.6597752912150516,0.35106981408180954,0.13482483296404144
IMAGE 3.0,ENGAGE-NPi2020-1400,R10MIDDLE_EAST,0.07017792250953174,0.8121817764052582,0.0,1.5384037060201496,1.1518325274188321,0.19320741928184404,0.07017792250953174,0.38190918401029317,0.0,0.6660568931483889,0.3419556971572878,0.13016410743381737
IMAGE 3.0,ENGAGE-NPi2020-1400f,R10MIDDLE_EAST,0.07846332267623055,1.8121817764052581,0.0,1.5242265922624973,1.1614203322593866,0.24122909822704064,0.07846332267623055,0.902267268868727,0.0,0.6594286992148637,0.3480018846539561,0.1625163794149288
IMAGE 3.2,SSP2021-SSP1-SPA1-19-Default,R10MIDDLE_EAST,0.16394084837301096,1.805003177046443,0.0,1.4214045265072506,1.1900878321989707,0.3954680331533931,0.16394084837301096,0.898531826654408,0.0,0.611356531344757,0.366079962230411,0.26642736467033773
IMAGE 3.2,SSP2021-SSP1-SPA1-19-Lifestyle-Renewables,R10MIDDLE_EAST,0.3985772130449944,0.8117798493754345,0.0,1.680571521631469,1.125950091203755,0.6161810005938781,0.3985772130449944,0.3817000380308012,0.0,0.7325242904681609,0.32563391497363364,0.41512199820328316
IMAGE 3.2,SSP2021-SSP1-SPA1-19-Renewables,R10MIDDLE_EAST,0.3320152379970073,1.8049920545327423,1.2416718886298237,1.4894692150190145,1.224423330069048,0.5711339332631167,0.3320152379970073,0.8985260389644798,0.1711368185747056,0.6431786612361424,0.38773234892020275,0.3847737262093068
IMAGE 3.2,SSP2021-SSP1-SPA1-26-Default,R10MIDDLE_EAST,0.17300978366326208,0.8055242694007979,0.0,1.5829010970238717,1.0911816000549053,0.2665621480383874,0.17300978366326208,0.3784448964155206,0.0,0.6868606577333612,0.3037084774039176,0.17958329035202994
IMAGE 3.2,SSP2021-SSP1-SPA1-26-Lifestyle,R10MIDDLE_EAST,0.16116907768423502,0.811775432930698,0.0,1.6606964921966294,1.085422196392767,0.23116458074004448,0.16116907768423502,0.38169773989807626,0.0,0.7232321629039355,0.30007652671349533,0.15573589996793685
IMAGE 3.2,SSP2021-SSP1-SPA1-26-Lifestyle-Renewables,R10MIDDLE_EAST,0.4187020021712488,0.8117762141320378,0.0,1.8026677286204333,1.0871604090577067,0.5075588196812157,0.4187020021712488,0.3816981464025094,0.0,0.789607654000733,0.30117266496996625,0.3419430836534941
IMAGE 3.2,SSP2021-SSP1-SPA1-26-Renewables,R10MIDDLE_EAST,0.3573487073408958,0.8055266721706839,1.0056945101199,1.7192299030793343,1.067229882241496,0.4481625793994437,0.3573487073408958,0.3784461467162568,0.1386125920188871,0.7505981561204231,0.28860422995880713,0.3019277538595418
IMAGE 3.2,SSP2021-SSP2-SPA0-26-Default,R10MIDDLE_EAST,0.1967006755215432,1.8121817764052581,0.0,1.5365746396150062,1.3048035176330155,0.2582413250078045,0.1967006755215432,0.902267268868727,0.0,0.6652017538684319,0.4384210824844761,0.17397754028861945
IMAGE 3.2,SSP2021-SSP2-SPA2-19-Renewables,R10MIDDLE_EAST,0.3871726312332985,1.8047847789430844,1.2321510564371054,1.5610744844125253,1.0016965895423244,0.7922323892565915,0.3871726312332985,0.8984181814356076,0.16982458388004448,0.6766561109001354,0.24727813065636,0.5337280639172387
IMAGE 3.2,SSP2021-SSP2-SPA2-26-Default,R10MIDDLE_EAST,0.21515947645327319,1.80641370577729,0.0,1.6684770853454665,1.088240591220648,0.31752649953732137,0.21515947645327319,0.8992658066834293,0.0,0.726869806022974,0.30185384110948,0.21391804493060554
IMAGE 3.2,SSP2021-SSP2-SPA2-26-Lifestyle,R10MIDDLE_EAST,0.18775944796622787,0.8121817764052582,0.0,1.8155698974515162,1.0174521361720887,0.31829065343635626,0.18775944796622787,0.38190918401029317,0.0,0.7956397758160314,0.25721377188188027,0.21443285647655788
IMAGE 3.2,SSP2021-SSP2-SPA2-26-Lifestyle-Renewables,R10MIDDLE_EAST,0.41522119581725514,0.8121817764052582,0.0,1.7736617359521754,1.0439279582214316,0.5379495636557228,0.41522119581725514,0.38190918401029317,0.0,0.7760465478456913,0.27390975046100774,0.36241737019173936
IMAGE 3.2,SSP2021-SSP2-SPA2-26-Renewables,R10MIDDLE_EAST,0.44572635924515747,1.8081759607883514,0.0,1.6662106934653917,1.1550601562001752,0.582879911220626,0.44572635924515747,0.9001828103260174,0.0,0.7258102049527355,0.3439910795108271,0.39268700791691125
IMAGE 3.3,NAVIGATE Demand-1.5°C-ele_u,R10MIDDLE_EAST,0.21722697394429466,0.8054428025383463,0.0,1.9574215180966021,0.749780197857594,0.424897434720091,0.21722697394429466,0.37840250447499585,0.0,0.8619593432183162,0.08841655984429356,0.2862539934896617
IMAGE 3.3,NAVIGATE Demand-1.5°C-tec_u,R10MIDDLE_EAST,0.18669323869074725,0.8054428025383463,0.0,1.801698088152659,0.9576378501533469,0.5365100546799527,0.18669323869074725,0.37840250447499585,0.0,0.7891543201856795,0.21949414843700574,0.3614475709900806
IMAGE 3.3,NAVIGATE Demand-2.0°C-ele_u,R10MIDDLE_EAST,0.1713298369704553,0.8116715067480411,0.0,1.6966314810152423,0.8505953361423816,0.4242822176383996,0.1713298369704553,0.3816436610687023,0.0,0.7400327669592048,0.15199182432966457,0.2858395208849654
IMAGE 3.3,NAVIGATE Demand-2.0°C-ref,R10MIDDLE_EAST,0.1794283009243909,0.8116715067480411,0.0,1.6793970694534086,0.9312314179024017,0.21092489628471067,0.1794283009243909,0.3816436610687023,0.0,0.7319752014973798,0.2028419279170425,0.14210039636428098
IMAGE 3.3,NAVIGATE Demand-2.0°C-tec_u,R10MIDDLE_EAST,0.1596185333950776,0.811668447476597,0.0,1.5971461273322447,0.9837098560222246,0.18759157169729404,0.1596185333950776,0.3816420691520726,0.0,0.6935206045382514,0.23593547557277536,0.12638070309538985
MESSAGEix-GLOBIOM 2.0-M-R12-NGFS,NGFS Phase 5-Below 2°C,R10MIDDLE_EAST,0.03258993029787389,1.813299687306552,2.215814166199008,1.446071860486449,1.254992358837726,0.22340834158423303,0.03258993029787389,0.9028489828443667,0.30540063798538186,0.6228891942147938,0.4070095539322092,0.15051051084720812
MESSAGEix-GLOBIOM 2.0-M-R12-NGFS,NGFS Phase 5-Delayed Transition,R10MIDDLE_EAST,0.0402442119345107,1.8132991565923198,2.2157951783764283,1.420339770297447,1.398045461605405,0.28698253657022216,0.0402442119345107,0.9028487066829252,0.30539802093688645,0.6108587282819372,0.4972205976171086,0.19334053454367578
MESSAGEix-GLOBIOM 2.0-M-R12-NGFS,NGFS Phase 5-Low Demand,R10MIDDLE_EAST,0.0,0.8132863628773382,2.215814166199008,1.198008859462334,1.1355316010023342,0.6192233214215631,0.0,0.38248396451146527,0.30540063798538186,0.5069128603412916,0.3316761327395122,0.4171716139816775
MESSAGEix-GLOBIOM 2.0-M-R12-NGFS,NGFS Phase 5-Nationally Determined Contributions (NDCs),R10MIDDLE_EAST,0.04308450034379347,1.8132789345551368,2.215814166199008,1.3502745401230765,1.127393105980997,0.3379478181229859,0.04308450034379347,0.9028381839823847,0.30540063798538186,0.578101289671265,0.3265438978162927,0.22767591570081172
MESSAGEix-GLOBIOM 2.0-M-R12-NGFS,NGFS Phase 5-Net-Zero 2050,R10MIDDLE_EAST,0.03095203487873808,1.8132853019393598,3.490612878157041,1.4724837219173401,1.0499686927350764,0.46538691910277097,0.03095203487873808,0.9028414973022445,0.481103251441803,0.6352374720590658,0.277719111841895,0.3135318155045551
POLES-JRC ENGAGE,ENGAGE-INDCi2030-1000,R10MIDDLE_EAST,0.06791507062568826,0.8082293759890012,0.0,1.4100980511865588,1.4917324917086705,0.48485753674407284,0.06791507062568826,0.379852520499096,0.0,0.6060704405077055,0.5563007895307348,0.32664919772458334
POLES-JRC ENGAGE,ENGAGE-INDCi2030-1000-COV,R10MIDDLE_EAST,0.05845512006680294,0.8082261513842824,0.0,1.4950740405768426,1.289534056737511,0.3916651301316556,0.05845512006680294,0.3798508425499601,0.0,0.6457990726538622,0.42879197289342963,0.26386534360861164
POLES-JRC ENGAGE,ENGAGE-INDCi2030-1000-COV-NDCp,R10MIDDLE_EAST,0.060402451614619414,0.8082274782166481,0.0,1.4882680414703668,1.2479562011088219,0.3900317680006785,0.060402451614619414,0.3798515329779088,0.0,0.6426170792834012,0.40257246644528594,0.26276494526632704
POLES-JRC ENGAGE,ENGAGE-INDCi2030-1000-NDCp,R10MIDDLE_EAST,0.07936410106757598,0.8082301238399707,0.0,1.5044525144050933,1.5232892239543725,0.6168447933531187,0.07936410106757598,0.3798529096493942,0.0,0.6501837693133344,0.5762008524870267,0.41556919630959155
POLES-JRC ENGAGE,ENGAGE-INDCi2030-1000f,R10MIDDLE_EAST,0.06401725813662752,0.8082306304486923,0.0,1.4705839270871945,1.4315347082638366,0.3901166319769125,0.06401725813662752,0.37985317326733836,0.0,0.6343492652785201,0.5183393278985794,0.2628221182452987
POLES-JRC ENGAGE,ENGAGE-INDCi2030-1000f-COV,R10MIDDLE_EAST,0.05004139254775332,0.8082298263078643,0.0,1.5194850783654612,1.3856728419910922,0.32229297223410236,0.05004139254775332,0.37985275482615716,0.0,0.6572119099455318,0.4894182717190394,0.21712922422429046
POLES-JRC ENGAGE,ENGAGE-INDCi2030-1000f-COV-NDCp,R10MIDDLE_EAST,0.054235214097066095,0.8082305500346096,0.0,1.532566069930888,1.3069067848218077,0.3075479061251617,0.054235214097066095,0.37985313142322036,0.0,0.6633276363494098,0.4397474286075468,0.20719545265249012
POLES-JRC ENGAGE,ENGAGE-INDCi2030-1000f-NDCp,R10MIDDLE_EAST,0.0678368968081369,0.8082300836329295,0.0,1.5202313976274011,1.5357714119571817,0.5111079911957802,0.0678368968081369,0.37985288872733525,0.0,0.657560834902263,0.5840722735566783,0.3443341654454873
POLES-JRC ENGAGE,ENGAGE-INDCi2030-1200,R10MIDDLE_EAST,0.05154502062225298,0.8082309521050234,0.0,1.491372860688874,1.4512652089151208,0.36326252293329603,0.05154502062225298,0.3798533406438108,0.0,0.6440686683910708,0.5307816239532728,0.24473046758516692
POLES-JRC ENGAGE,ENGAGE-INDCi2030-1200f,R10MIDDLE_EAST,0.040629469479850425,0.8082309521050234,0.0,1.5299560568171624,1.5922401761818894,0.295875493441676,0.040629469479850425,0.3798533406438108,0.0,0.6621073828209031,0.619682169866165,0.19933173197244347
POLES-JRC ENGAGE,ENGAGE-INDCi2030-300f,R10MIDDLE_EAST,0.10181783541371203,0.8082205947711631,0.0,1.3766190241473506,1.5002147048236365,0.513916916127386,0.10181783541371203,0.3798479511213991,0.0,0.5904180667089955,0.5616497773055859,0.3462265420836624
POLES-JRC ENGAGE,ENGAGE-INDCi2030-400f,R10MIDDLE_EAST,0.11190550379953343,0.8082188176199345,0.0,1.37399557457448,1.4951414929188664,0.4959750072352962,0.11190550379953343,0.37984702636638923,0.0,0.5891915312631314,0.5584505475656535,0.33413905307688174
POLES-JRC ENGAGE,ENGAGE-INDCi2030-500f,R10MIDDLE_EAST,0.10404885252214535,0.8082194287669634,0.0,1.418461423212904,1.4915604773180153,0.48965260984773074,0.10404885252214535,0.3798473443816867,0.0,0.6099805489173891,0.556192315143185,0.3298796451522106
POLES-JRC ENGAGE,ENGAGE-INDCi2030-600f,R10MIDDLE_EAST,0.09883718938659222,0.8082206832266543,0.0,1.434955717336646,1.4906603041235458,0.483914332164574,0.09883718938659222,0.379847997149929,0.0,0.6176920889471611,0.5556246548701873,0.3260137594858537
POLES-JRC ENGAGE,ENGAGE-INDCi2030-600f-COV,R10MIDDLE_EAST,0.10191945747170637,0.8082217607753635,0.0,1.457977095975652,1.479056250053093,0.4344021252807614,0.10191945747170637,0.37984855786111166,0.0,0.6284552220393311,0.548306995844143,0.2926573167567644
POLES-JRC ENGAGE,ENGAGE-INDCi2030-600f-COV-NDCp,R10MIDDLE_EAST,0.10673374958241752,0.808223634423492,0.0,1.4496525201429713,1.362325548492589,0.4262730435658891,0.10673374958241752,0.37984953282906353,0.0,0.6245632519263339,0.47469518167087643,0.28718074308477
POLES-JRC ENGAGE,ENGAGE-INDCi2030-600f-NDCp,R10MIDDLE_EAST,0.10921320122835297,0.8082261835499153,0.0,1.4613598588958956,1.515034634742308,0.6728698598873907,0.10921320122835297,0.3798508592876072,0.0,0.630036757537303,0.5709954071411835,0.4533133616551044
POLES-JRC ENGAGE,ENGAGE-INDCi2030-700f,R10MIDDLE_EAST,0.0964941063730707,0.8082225649161909,0.0,1.4397662626249743,1.4962719844168986,0.4682768889280562,0.0964941063730707,0.3798489763022926,0.0,0.6199411523067491,0.5591634493898103,0.31547879220046643
POLES-JRC ENGAGE,ENGAGE-INDCi2030-800f,R10MIDDLE_EAST,0.08379323359142433,0.8082242053634795,0.0,1.436459252598536,1.5161416867564586,0.44731770874368176,0.08379323359142433,0.379849829922302,0.0,0.6183950333879025,0.5716935277389043,0.30135856332217503
POLES-JRC ENGAGE,ENGAGE-INDCi2030-900,R10MIDDLE_EAST,0.06625011720599758,0.8082081868781931,0.0,1.4087778434068976,1.5126536144382454,0.6049867348756351,0.06625011720599758,0.37984149457397604,0.0,0.6054532067501348,0.5694939064920626,0.4075804057995953
POLES-JRC ENGAGE,ENGAGE-INDCi2030-900f,R10MIDDLE_EAST,0.06126731055732024,0.8082247923862836,0.0,1.4495207739060465,1.3458288494769812,0.4156851560521577,0.06126731055732024,0.37985013538436413,0.0,0.624501656906129,0.4642921606474844,0.2800476685219134
POLES-JRC ENGAGE,ENGAGE-NPi2020-1000f,R10MIDDLE_EAST,0.046915625905301496,0.807663759413662,0.0,1.5329427101124318,1.5754244944894136,0.3007509734659212,0.046915625905301496,0.3795581973411883,0.0,0.6635037260817139,0.6090779944487686,0.2026163496544463
POLES-JRC ENGAGE,ENGAGE-NPi2020-1000f-COV,R10MIDDLE_EAST,0.04790043718801567,0.807663711165212,0.0,1.5884944332255944,1.5827379075969137,0.27232973130546057,0.04790043718801567,0.3795581722347172,0.0,0.6894756975584042,0.6136899225828816,0.18346891923108274
POLES-JRC ENGAGE,ENGAGE-NPi2020-1200f,R10MIDDLE_EAST,0.036501250891025384,0.807663759413662,0.0,1.5598851907918534,1.6239939091974864,0.26985783463041063,0.036501250891025384,0.3795581973411883,0.0,0.6761000831432542,0.6397064639276557,0.18180359899870008
POLES-JRC ENGAGE,ENGAGE-NPi2020-900f,R10MIDDLE_EAST,0.050954749336632445,0.8076633734260644,0.0,1.507214769318892,1.5439574283462143,0.3334401164969071,0.050954749336632445,0.37955799648942123,0.0,0.651475200106334,0.5892344760380576,0.22463907083782744
REMIND-MAgPIE 2.1-4.2,NGFS Phase 2-Delayed Transition,R10MIDDLE_EAST,0.14249229983750772,1.8182630300339357,0.0,1.7000394479752718,1.4006447199675784,0.8415845989251776,0.14249229983750772,0.9054316983604841,0.0,0.7416260860448989,0.4988597218662287,0.5669767162996153
REMIND-MAgPIE 3.2.0-4.8.0,RESCUE-End-of-Century-Budget-1150,R10MIDDLE_EAST,0.3260028973738006,0.8154231915387706,1.1423326749250953,2.162434125461342,1.5548577556180239,0.18157530081685255,0.3260028973738006,0.3835958805813988,0.15744512018899112,0.9578084239028593,0.5961083563012062,0.1223275330248846
REMIND-MAgPIE 3.2.0-4.8.0,RESCUE-End-of-Century-Budget-1150-with-OAE,R10MIDDLE_EAST,0.31093347949997424,0.8158240275793287,1.1423326749250953,2.1505308775073435,1.5558558536363318,0.1773117706499661,0.31093347949997424,0.3838044588558059,0.15744512018899112,0.9522433253061613,0.5967377691708985,0.11945518681399515
REMIND-MAgPIE 3.2.0-4.8.0,RESCUE-End-of-Century-Budget-500,R10MIDDLE_EAST,0.3724520664815097,0.8158606015590666,1.1457254438133253,2.25267813158771,1.5406674168204302,0.40969582502131185,0.3724520664815097,0.3838234904218579,0.15791273782534723,1.0,0.5871597543596447,0.27601264786559754
REMIND-MAgPIE 3.2.0-4.8.0,RESCUE-End-of-Century-Budget-500-with-OAE,R10MIDDLE_EAST,0.37226595572510784,1.8152728318442932,1.147941389154977,2.2464248851003634,1.5269242600236714,0.4285024915597024,0.37226595572510784,0.9038757245571746,0.15821815654294757,0.9970764338115086,0.578493150880416,0.2886827253029658
REMIND-MAgPIE 3.2.0-4.8.0,RESCUE-Peak-Budget-1150,R10MIDDLE_EAST,0.26242908363050077,0.8163829814312786,4.758584572013188,2.120515511016784,1.5182580257179177,0.2456049165883367,0.26242908363050077,0.3840953150117308,0.6558649124863933,0.9382103088906812,0.5730281170823756,0.16546437433876626
REMIND-MAgPIE 3.2.0-4.8.0,RESCUE-Peak-Budget-1150-with-OAE,R10MIDDLE_EAST,0.26318621790259245,0.8151438993298652,4.756657604615871,2.1220317932087207,1.5160155245043667,0.24170523642690725,0.26318621790259245,0.3834505486224569,0.6555993229430576,0.9389192128748002,0.5716139682731209,0.16283715438325636
REMIND-MAgPIE 3.3-4.8,NGFS Phase 5-Below 2°C,R10MIDDLE_EAST,0.16291074898359792,0.8137747764116067,4.800724789309031,1.9633136248303278,1.4960071163353366,0.15786735202709173,0.16291074898359792,0.3827381144427761,0.6616730030037807,0.8647140665545161,0.5589964203242799,0.10635545490916672
REMIND-MAgPIE 3.3-4.8,NGFS Phase 5-Delayed Transition,R10MIDDLE_EAST,0.1677507575312536,0.8146758262760516,1.4061083581885188,1.970070978835805,1.5951276418970357,0.28911409769615076,0.1677507575312536,0.38320698302460066,0.19380072400384843,0.8678733169909183,0.6215030412120367,0.19477657024265885
REMIND-MAgPIE 3.3-4.8,NGFS Phase 5-Low Demand,R10MIDDLE_EAST,0.09175926535220472,1.8126694294684258,4.330272858808423,1.50322289323112,1.2514330894081542,0.7298951298357801,0.09175926535220472,0.9025210230827523,0.5968316810607942,0.649608887306659,0.4047650349124513,0.49173136543360685
REMIND-MAgPIE 3.3-4.8,NGFS Phase 5-Net-Zero 2050,R10MIDDLE_EAST,0.20417661015282493,1.8125656184754337,7.255433979496365,1.760552324596476,1.1371456361871572,0.6844162050086368,0.20417661015282493,0.9024670041932517,1.0,0.7699175344015385,0.33269396315178573,0.4610921504429066
WITCH 5.0,ENGAGE-INDCi2030-1000,R10MIDDLE_EAST,0.14034242063052663,0.8003438109208982,0.0,1.7380019440088148,1.6782128704899166,0.6083781322793048,0.14034242063052663,0.37574920296223135,0.0,0.7593746059631501,0.673897606874374,0.40986519495336005
WITCH 5.0,ENGAGE-INDCi2030-1000-NDCp,R10MIDDLE_EAST,0.14058650344232912,0.8003438109208982,0.0,1.7352652554035988,1.6715812921078117,0.6037462915689911,0.14058650344232912,0.37574920296223135,0.0,0.7580951281285838,0.6697156520928726,0.4067447174164487
WITCH 5.0,ENGAGE-INDCi2030-1000f,R10MIDDLE_EAST,0.1403413887441645,0.8003438109208982,0.0,1.7333521405342789,1.7151588426983269,0.5643446892413371,0.1403413887441645,0.37574920296223135,0.0,0.7572006938602464,0.6971961907456146,0.38019980305702766
WITCH 5.0,ENGAGE-INDCi2030-1000f-NDCp,R10MIDDLE_EAST,0.1401976971393096,0.8003438109208982,0.0,1.7368326276773391,1.6978323008983052,0.5516347251883282,0.1401976971393096,0.37574920296223135,0.0,0.758827918143108,0.686269860669654,0.3716370825744232
WITCH 5.0,ENGAGE-INDCi2030-1200,R10MIDDLE_EAST,0.15223741522988068,0.8003438109208982,0.0,1.740986728754153,1.7190207419455226,0.49338830864945693,0.15223741522988068,0.37574920296223135,0.0,0.7607700756250374,0.6996315518454801,0.3323963906373254
WITCH 5.0,ENGAGE-INDCi2030-1200-NDCp,R10MIDDLE_EAST,0.1527834798389649,0.8003438109208982,0.0,1.741768507985515,1.7121602486119567,0.4949646249036871,0.1527834798389649,0.37574920296223135,0.0,0.7611355791010798,0.6953052404838916,0.33345835709300264
WITCH 5.0,ENGAGE-INDCi2030-1200f,R10MIDDLE_EAST,0.14743281719711737,0.8003438109208982,0.0,1.745869760250275,1.721176636280057,0.4668658644078883,0.14743281719711737,0.37574920296223135,0.0,0.7630530282974274,0.7009910852930595,0.31452818301621477
WITCH 5.0,ENGAGE-INDCi2030-1200f-NDCp,R10MIDDLE_EAST,0.1473049074576095,0.8003438109208982,0.0,1.745589279107166,1.7135699267790967,0.47164240735657476,0.1473049074576095,0.37574920296223135,0.0,0.7629218955828987,0.6961942008507566,0.31774614665263234
WITCH 5.0,ENGAGE-INDCi2030-1400,R10MIDDLE_EAST,0.15471115466115418,0.8003438109208982,0.0,1.7449118685520286,1.729269314949895,0.3990993142710795,0.15471115466115418,0.37574920296223135,0.0,0.7626051873580215,0.7060944278622748,0.2688737638163013
WITCH 5.0,ENGAGE-INDCi2030-1400-NDCp,R10MIDDLE_EAST,0.1535866693936023,0.8003438109208982,0.0,1.7505038651251228,1.721857159302355,0.4140390985569935,0.1535866693936023,0.37574920296223135,0.0,0.7652196008695213,0.701420231469587,0.2789387172950961
WITCH 5.0,ENGAGE-INDCi2030-1400f,R10MIDDLE_EAST,0.1513451271042621,0.8003438109208982,0.0,1.7497118568568668,1.730106876934678,0.3979933876000631,0.1513451271042621,0.37574920296223135,0.0,0.764849315034993,0.7066226047374089,0.26812869947790696
WITCH 5.0,ENGAGE-INDCi2030-1400f-NDCp,R10MIDDLE_EAST,0.1519970114884361,0.8003438109208982,0.0,1.7524333344956649,1.722422531951762,0.40558203509752755,0.1519970114884361,0.37574920296223135,0.0,0.7661216813208295,0.7017767624066106,0.27324118186501656
WITCH 5.0,ENGAGE-INDCi2030-1600-NDCp,R10MIDDLE_EAST,0.1622652021670482,0.8003438109208982,0.0,1.7682375804995876,1.7512333821855535,0.34671089700005137,0.1622652021670482,0.37574920296223135,0.0,0.7735106047136885,0.7199452384393225,0.23357961414388984
WITCH 5.0,ENGAGE-INDCi2030-500f,R10MIDDLE_EAST,0.1251185801006651,0.8003438109208982,0.0,1.7106607866612262,1.5798108195424727,0.9840381502269488,0.1251185801006651,0.37574920296223135,0.0,0.7465918565005503,0.6118440649031809,0.6629478721946365
WITCH 5.0,ENGAGE-INDCi2030-600f,R10MIDDLE_EAST,0.1270996809119226,0.8003438109208982,0.0,1.7114275788510525,1.591424123951571,0.8748627670420891,0.1270996809119226,0.37574920296223135,0.0,0.7469503531189566,0.6191675573063943,0.58939626450367
WITCH 5.0,ENGAGE-INDCi2030-600f-NDCp,R10MIDDLE_EAST,0.12762637257421783,0.8003438109208982,0.0,1.713234939407433,1.587264027557159,0.8222724932230256,0.12762637257421783,0.37574920296223135,0.0,0.7477953443125294,0.6165441494228256,0.5539661237937386
WITCH 5.0,ENGAGE-INDCi2030-700f,R10MIDDLE_EAST,0.1314681427975079,0.8003438109208982,0.0,1.7145361088107447,1.6108522799197316,0.7934171596366311,0.1314681427975079,0.37574920296223135,0.0,0.7484036771010607,0.6314191910902983,0.5345262453722008
WITCH 5.0,ENGAGE-INDCi2030-700f-NDCp,R10MIDDLE_EAST,0.13139808084684965,0.8003438109208982,0.0,1.7173231866513587,1.6042887035745663,0.7144300658830718,0.13139808084684965,0.37574920296223135,0.0,0.7497067133008972,0.6272801192285402,0.4813125303117801
WITCH 5.0,ENGAGE-INDCi2030-800,R10MIDDLE_EAST,0.13454101916820566,0.8003438109208982,0.0,1.711661634478752,1.6039880558483095,0.895729560201414,0.13454101916820566,0.37574920296223135,0.0,0.7470597806172575,0.6270905270795942,0.603454252114526
WITCH 5.0,ENGAGE-INDCi2030-800-NDCp,R10MIDDLE_EAST,0.13309081366799017,0.8003438109208982,0.0,1.7117859689507373,1.5913028181364017,0.8419866681439772,0.13309081366799017,0.37574920296223135,0.0,0.7471179104317619,0.6190910603693845,0.5672475908922484
WITCH 5.0,ENGAGE-INDCi2030-800f,R10MIDDLE_EAST,0.135187659218452,0.8003438109208982,0.0,1.7236556826490803,1.6517287850940703,0.6664104066742551,0.135187659218452,0.37574920296223135,0.0,0.7526673308337513,0.6571964173274452,0.4489616190298805
WITCH 5.0,ENGAGE-INDCi2030-800f-NDCp,R10MIDDLE_EAST,0.13441850876507846,0.8003438109208982,0.0,1.724869744847168,1.6330858240696806,0.6483153511204112,0.13441850876507846,0.37574920296223135,0.0,0.7532349385876174,0.6454399371194041,0.43677095490380174
WITCH 5.0,ENGAGE-INDCi2030-900,R10MIDDLE_EAST,0.14180641582813908,0.8003438109208982,0.0,1.7153102181557647,1.6261921507158654,0.7541750081017246,0.14180641582813908,0.37574920296223135,0.0,0.748765594692487,0.641092702029506,0.5080887532339075
WITCH 5.0,ENGAGE-INDCi2030-900-NDCp,R10MIDDLE_EAST,0.13284644658482195,0.8003438109208982,0.0,1.7261531072651506,1.6041345306682,0.6919792663186388,0.13284644658482195,0.37574920296223135,0.0,0.7538349461165684,0.6271828959001247,0.46618739537989107
WITCH 5.0,ENGAGE-INDCi2030-900f,R10MIDDLE_EAST,0.13692309713446887,0.8003438109208982,0.0,1.7283956983915796,1.7019092985482382,0.5952917886776201,0.13692309713446887,0.37574920296223135,0.0,0.7548834196742805,0.6888408654642765,0.4010489070446606
WITCH 5.0,ENGAGE-INDCi2030-900f-NDCp,R10MIDDLE_EAST,0.1366150271501166,0.8003438109208982,0.0,1.7292244304516395,1.6865589764725726,0.5935610298383605,0.1366150271501166,0.37574920296223135,0.0,0.75527087490014,0.6791607638198262,0.3998828924043699
IMAGE 3.0,ENGAGE-INDCi2030-1000,R10EUROPE,0.10082012402634576,1.801412808947778,0.0,0.47052723622385156,0.9952830716078457,0.5033131950459562,0.10082012402634576,0.8966635495866498,0.0,0.16679502223071574,0.24323368747150467,0.3390828004241972
IMAGE 3.0,ENGAGE-INDCi2030-1000f,R10EUROPE,0.1437245534147953,1.8739000560217225,0.0,0.4586072825653078,0.9938600083014346,0.5180913780153726,0.1437245534147953,0.9343828746507077,0.0,0.16122211325375166,0.24233628627140968,0.34903888287101914
IMAGE 3.0,ENGAGE-INDCi2030-1200,R10EUROPE,0.08622435276038194,1.8062559776603604,0.0,0.4766767662420442,0.9978956691393981,0.2879661443259618,0.08622435276038194,0.8991837315825755,0.0,0.16967009809293876,0.24488122356467626,0.19400319245850492
IMAGE 3.0,ENGAGE-INDCi2030-1200f,R10EUROPE,0.10770462383947713,1.8831178453554616,0.0,0.46623743657317096,0.9633624691986055,0.27902110090989085,0.10770462383947713,0.9391794258550407,0.0,0.16478942190142923,0.2231041635207744,0.18797690425209218
IMAGE 3.0,ENGAGE-INDCi2030-1400f,R10EUROPE,0.11320982079469288,1.8814452860927817,0.0,0.4817384156072478,0.9622656477388525,0.2679851086527054,0.11320982079469288,0.9383090961203003,0.0,0.1720365595737155,0.22241249443631558,0.18054194089953293
IMAGE 3.0,ENGAGE-INDCi2030-800f,R10EUROPE,0.14383196915615923,1.8690901241217168,0.0,0.459351813532514,0.99929105617442,0.5391332762818313,0.14383196915615923,0.9318799876989212,0.0,0.16157020213309028,0.2457611717680937,0.36321483903640517
IMAGE 3.0,ENGAGE-NPi2020-1000,R10EUROPE,0.08938990834504412,1.8046270384201595,0.0,0.4675506726859509,1.0181314629952412,0.4072298363853869,0.08938990834504412,0.8983360998791938,0.0,0.16540339621134942,0.2576421637205337,0.274351307887401
IMAGE 3.0,ENGAGE-NPi2020-1200,R10EUROPE,0.08328217491436352,1.8077227299017435,0.0,0.4868972568584914,1.0116754486662227,0.21430116545854738,0.08328217491436352,0.8999469679698634,0.0,0.17444846095717276,0.25357092178731083,0.14437499360853942
IMAGE 3.0,ENGAGE-NPi2020-1400,R10EUROPE,0.09158566499820957,1.7784974243420908,0.0,0.5016133152162565,0.9771092124510232,0.19385807247449788,0.09158566499820957,0.88473934393944,0.0,0.18132862644076375,0.23177302866299304,0.13060245339581794
IMAGE 3.0,ENGAGE-NPi2020-1400f,R10EUROPE,0.09865621696130883,1.859282636730284,0.0,0.4909670690974158,0.9719937469275128,0.25848581290968453,0.09865621696130883,0.926776582342642,0.0,0.17635121106934318,0.2285471532720941,0.17414225212859366
IMAGE 3.2,SSP2021-SSP1-SPA1-19-Default,R10EUROPE,0.12259275241322817,1.2825157922530523,0.0,0.48815636437963666,0.9765007538436915,0.21724330066037256,0.12259275241322817,0.6266512917406276,0.0,0.17503712864905796,0.23138932719168978,0.146357114191272
IMAGE 3.2,SSP2021-SSP1-SPA1-19-Lifestyle-Renewables,R10EUROPE,0.13888114488175327,1.2637389250762825,0.0,0.42559622940660813,0.9949877542881758,0.2744240052006595,0.13888114488175327,0.6168805970968825,0.0,0.14578853022507138,0.2430474567424242,0.18487983447079648
IMAGE 3.2,SSP2021-SSP1-SPA1-19-Renewables,R10EUROPE,0.13575086061768082,1.3322812973207856,1.2416718886298237,0.4951553226433772,0.9358111528185098,0.2303767607439249,0.13575086061768082,0.6525471746496859,0.1711368185747056,0.17830933577793717,0.20572996500669052,0.15520514453942078
IMAGE 3.2,SSP2021-SSP1-SPA1-26-Default,R10EUROPE,0.09997336681663005,1.3872359958273548,0.0,0.5133070689487587,1.0570079675951103,0.16362296114343924,0.09997336681663005,0.6811432963185369,0.0,0.1867957806778575,0.28215816502999547,0.11023301678620027
IMAGE 3.2,SSP2021-SSP1-SPA1-26-Lifestyle,R10EUROPE,0.07672174268130813,1.2516963484734358,0.0,0.5050727157749795,1.1463196063825702,0.16868814741682683,0.07672174268130813,0.6106141449990642,0.0,0.1829459921605376,0.3384791814382174,0.1136454398324382
IMAGE 3.2,SSP2021-SSP1-SPA1-26-Lifestyle-Renewables,R10EUROPE,0.11068092573912504,1.243921793071574,0.0,0.4515629288465228,1.205358015730287,0.24164821417865967,0.11068092573912504,0.6065685922395255,0.0,0.15792868249043748,0.37570952752447634,0.1627987384152019
IMAGE 3.2,SSP2021-SSP1-SPA1-26-Renewables,R10EUROPE,0.11636639285755361,1.376028769070065,1.0056945101199,0.5250742754424339,1.0334868512379738,0.20688856967162522,0.11636639285755361,0.6753115252665394,0.1386125920188871,0.19229727611826883,0.26732546015216285,0.13938111750399448
IMAGE 3.2,SSP2021-SSP2-SPA0-26-Default,R10EUROPE,0.11343927699596323,1.8859403874168765,0.0,0.4991814857908911,1.2603252904795743,0.18012161198648613,0.11343927699596323,0.9406481584365509,0.0,0.18019167872911301,0.410372566128405,0.12134818083543719
IMAGE 3.2,SSP2021-SSP2-SPA2-19-Renewables,R10EUROPE,0.19673823519513994,1.6263406192044956,1.2321510564371054,0.5024854850810875,1.0353377158710946,0.37802131422961704,0.19673823519513994,0.805563320219863,0.16982458388004448,0.18173639004525313,0.2684926381234401,0.2546734858348193
IMAGE 3.2,SSP2021-SSP2-SPA2-26-Default,R10EUROPE,0.11300371989879736,1.745217321689786,0.0,0.46619776651517186,1.1242158885633127,0.17509653922496055,0.11300371989879736,0.8674217734593945,0.0,0.16477087504892687,0.3245403054878647,0.11796278231800339
IMAGE 3.2,SSP2021-SSP2-SPA2-26-Lifestyle,R10EUROPE,0.07849227086482108,1.4194549734250266,0.0,0.4891865620226142,1.2126877898375827,0.1991743931635288,0.07849227086482108,0.6979087017973582,0.0,0.17551877462328386,0.3803317731060178,0.13418406604760846
IMAGE 3.2,SSP2021-SSP2-SPA2-26-Lifestyle-Renewables,R10EUROPE,0.11171608001538813,1.4190714367123185,0.0,0.4648155745691133,1.1930025748985862,0.2113693669752838,0.11171608001538813,0.6977091253680605,0.0,0.16412466197421782,0.3679180347777243,0.14239983688749686
IMAGE 3.2,SSP2021-SSP2-SPA2-26-Renewables,R10EUROPE,0.1435450200478136,1.7932705354019491,0.0,0.477021720210863,1.0759361670096763,0.19701147954196957,0.1435450200478136,0.8924266517179489,0.0,0.16983137364186604,0.29409452007038195,0.13272690812865706
IMAGE 3.3,NAVIGATE Demand-1.5°C-ele_u,R10EUROPE,0.12983156750833716,1.6055308861621336,0.0,0.6082521152013824,0.8455091515621579,0.3855903146729046,0.12983156750833716,0.7947348073875242,0.0,0.23118522343380865,0.14878441386125152,0.25977273197416917
IMAGE 3.3,NAVIGATE Demand-1.5°C-tec_u,R10EUROPE,0.09653695444683186,1.600224998776362,0.0,0.5603545636766509,0.8641280126164074,0.4195103341076689,0.09653695444683186,0.7919738459889896,0.0,0.20879178948992308,0.16052569633210936,0.2826246963049133
IMAGE 3.3,NAVIGATE Demand-2.0°C-ele_u,R10EUROPE,0.11615050013908446,1.835870179759906,0.0,0.5474569653984319,0.9163443325222138,0.3262786610051419,0.11615050013908446,0.9145937210717057,0.0,0.20276180453486878,0.19345394902256174,0.2198143882998716
IMAGE 3.3,NAVIGATE Demand-2.0°C-ref,R10EUROPE,0.09325212001078753,1.8349752381398896,0.0,0.5204868024969556,0.9662215705143667,0.23127968095548995,0.09325212001078753,0.9141280309642539,0.0,0.19015250526665467,0.2249071479280023,0.1558134431433728
IMAGE 3.3,NAVIGATE Demand-2.0°C-tec_u,R10EUROPE,0.0851661687620632,1.8297291641129978,0.0,0.5144540971788159,0.9535092475006652,0.2520082946843897,0.0851661687620632,0.9113981939305948,0.0,0.18733204819224797,0.21689060089380063,0.16977833907952047
MESSAGEix-GLOBIOM 2.0-M-R12-NGFS,NGFS Phase 5-Below 2°C,R10EUROPE,0.1341236993529808,1.5655821392650822,2.215814166199008,0.7248008367047574,0.9542833496660796,0.3311562815289294,0.1341236993529808,0.7739471539596803,0.30540063798538186,0.28567498362296,0.21737875922738242,0.223100448039397
MESSAGEix-GLOBIOM 2.0-M-R12-NGFS,NGFS Phase 5-Delayed Transition,R10EUROPE,0.1397911130460121,1.564782316791851,2.2157951783764283,0.7187486405568666,0.9383351432310474,0.44448874017664497,0.1397911130460121,0.773530959869283,0.30539802093688645,0.28284541404499836,0.2073216243622759,0.29945268325889696
MESSAGEix-GLOBIOM 2.0-M-R12-NGFS,NGFS Phase 5-Low Demand,R10EUROPE,0.09915025816972918,1.566296839603299,2.215814166199008,0.6288595402716098,0.869052871452842,0.47224918026009477,0.09915025816972918,0.7743190540589225,0.30540063798538186,0.24081976627313167,0.16363137280497192,0.3181549304027351
MESSAGEix-GLOBIOM 2.0-M-R12-NGFS,NGFS Phase 5-Nationally Determined Contributions (NDCs),R10EUROPE,0.11347567867847064,1.592322824395303,2.215814166199008,0.7039384295697043,1.020679345319913,0.29163061302763094,0.11347567867847064,0.7878618856618443,0.30540063798538186,0.2759212295955118,0.25924888960936837,0.1964719501260152
MESSAGEix-GLOBIOM 2.0-M-R12-NGFS,NGFS Phase 5-Net-Zero 2050,R10EUROPE,0.18033024539752976,1.5293352968231653,3.490612878157041,0.7961470024902717,0.8023731014971655,0.3832911381587551,0.18033024539752976,0.7550858164444391,0.481103251441803,0.31903129516307016,0.12158229086272652,0.2582237735547179
POLES-JRC ENGAGE,ENGAGE-INDCi2030-1000,R10EUROPE,0.23327198242807656,1.5361467452771647,0.0,0.5041989417994474,1.00637148605864,0.7961305997867686,0.23327198242807656,0.7586302087170741,0.0,0.18253747858979985,0.250226177819941,0.5363542937801272
POLES-JRC ENGAGE,ENGAGE-INDCi2030-1000-COV,R10EUROPE,0.2064029141619537,1.5375066441464882,0.0,0.487824191780593,1.0244356105366021,0.6005781132078436,0.2064029141619537,0.7593378430883164,0.0,0.17488182874503652,0.2616176365921243,0.4046103112424895
POLES-JRC ENGAGE,ENGAGE-INDCi2030-1000-COV-NDCp,R10EUROPE,0.20240096899441418,1.53625264910344,0.0,0.5042971705211412,0.993312151310897,0.5097301794711449,0.20240096899441418,0.758685316629294,0.0,0.18258340324190878,0.24199080092400882,0.3434059317678385
POLES-JRC ENGAGE,ENGAGE-INDCi2030-1000-NDCp,R10EUROPE,0.21495110418127922,1.5378978968492487,0.0,0.5063272951486936,0.9596442301935061,0.6121440966575521,0.21495110418127922,0.7595414345954206,0.0,0.18353254281789474,0.22075939633411185,0.41240233039952545
POLES-JRC ENGAGE,ENGAGE-INDCi2030-1000f,R10EUROPE,0.23891725144832782,1.5788154973190442,0.0,0.5237249479348258,1.0403403891909941,0.5324075718249676,0.23891725144832782,0.7808332388128859,0.0,0.19166642808014547,0.27164738536534827,0.35868372257749603
POLES-JRC ENGAGE,ENGAGE-INDCi2030-1000f-COV,R10EUROPE,0.2063817106871396,1.5584628798983737,0.0,0.49573765462509145,1.0479498497829831,0.4528018955202404,0.2063817106871396,0.7702425897900095,0.0,0.17858159213240232,0.2764460046794449,0.3050532675909059
POLES-JRC ENGAGE,ENGAGE-INDCi2030-1000f-COV-NDCp,R10EUROPE,0.19817334664024785,1.5546221085718106,0.0,0.5091626689029181,1.0131911545304282,0.42397057842683716,0.19817334664024785,0.7682440133781399,0.0,0.18485815869700015,0.2545267445222525,0.28562956911414217
POLES-JRC ENGAGE,ENGAGE-INDCi2030-1000f-NDCp,R10EUROPE,0.21963332133818594,1.5679084075693384,0.0,0.5251693901893958,0.9857718656290263,0.5050633085141814,0.21963332133818594,0.7751576464793499,0.0,0.19234174490081363,0.237235804157888,0.3402618543049756
POLES-JRC ENGAGE,ENGAGE-INDCi2030-1200,R10EUROPE,0.18668450717829005,1.540545492506125,0.0,0.4855588354080156,1.0483890547049677,0.48993230417746125,0.18668450717829005,0.7609191324009122,0.0,0.17382271180327638,0.27672297269787455,0.3300680756116567
POLES-JRC ENGAGE,ENGAGE-INDCi2030-1200f,R10EUROPE,0.1903444840348568,1.5567520141864422,0.0,0.49020354791420584,1.06227736379056,0.4036316779782447,0.1903444840348568,0.7693523269846988,0.0,0.17599424373726272,0.28548111099330503,0.27192722355765825
POLES-JRC ENGAGE,ENGAGE-INDCi2030-300f,R10EUROPE,0.35090497571248624,1.5860387185659413,0.0,0.590389437233825,1.0022645036991324,0.899570324437116,0.35090497571248624,0.78459190038743,0.0,0.22283392600014215,0.24763626429916735,0.606041780328826
POLES-JRC ENGAGE,ENGAGE-INDCi2030-400f,R10EUROPE,0.34535772521915453,1.5833164657333243,0.0,0.5940467510123362,1.0001826931758355,0.8891158088858659,0.34535772521915453,0.783175354116949,0.0,0.2245438216399822,0.24632344901290393,0.5989985586428288
POLES-JRC ENGAGE,ENGAGE-INDCi2030-500f,R10EUROPE,0.3308894292798722,1.583806033790088,0.0,0.5869716503246785,0.9998661963071807,0.8576182506686321,0.3308894292798722,0.7834301048133745,0.0,0.22123601581584537,0.24612386220009128,0.5777786098078919
POLES-JRC ENGAGE,ENGAGE-INDCi2030-600f,R10EUROPE,0.3214256482063254,1.583658728151855,0.0,0.5818844270920549,1.00091529391634,0.8258860612876227,0.3214256482063254,0.7833534531335746,0.0,0.21885759784266914,0.24678543603818753,0.5564005896311683
POLES-JRC ENGAGE,ENGAGE-INDCi2030-600f-COV,R10EUROPE,0.31492380919043517,1.5741421143509244,0.0,0.5773551675233193,0.9990488663661115,0.7635154921545111,0.31492380919043517,0.7784014062017851,0.0,0.21674004335943375,0.2456084439002274,0.5143814503479722
POLES-JRC ENGAGE,ENGAGE-INDCi2030-600f-COV-NDCp,R10EUROPE,0.3053603181581284,1.5777220877407068,0.0,0.607599919499634,0.9670799698610132,0.7061553111031363,0.3053603181581284,0.7802642742987363,0.0,0.23088030385231292,0.22544846509946673,0.4757378164929862
POLES-JRC ENGAGE,ENGAGE-INDCi2030-600f-NDCp,R10EUROPE,0.2972243243713631,1.5865154531769503,0.0,0.594511038290338,0.9454420877704197,0.7104483437920456,0.2972243243713631,0.7848399730966004,0.0,0.2247608888210792,0.2118033508813342,0.478630038594048
POLES-JRC ENGAGE,ENGAGE-INDCi2030-700f,R10EUROPE,0.30895721586081853,1.584932475541848,0.0,0.5721057191892827,1.0077325892508884,0.7651214581579777,0.30895721586081853,0.7840162578860248,0.0,0.2142857806514665,0.25108450621100703,0.5154633918810008
POLES-JRC ENGAGE,ENGAGE-INDCi2030-800f,R10EUROPE,0.2956154638358675,1.5839734265608079,0.0,0.565227954186208,1.0152300126228548,0.6979014617581243,0.2956154638358675,0.7835172089949654,0.0,0.21107023473366743,0.25581247347803693,0.47017718669481334
POLES-JRC ENGAGE,ENGAGE-INDCi2030-900,R10EUROPE,0.2319033455935299,1.5345689010203647,0.0,0.482436187232672,1.0047776837784061,0.9050797355618687,0.2319033455935299,0.7578091647014008,0.0,0.17236278716373724,0.24922110652581636,0.609753478276063
POLES-JRC ENGAGE,ENGAGE-INDCi2030-900f,R10EUROPE,0.27267310006716283,1.5754852739431753,0.0,0.5498395626099878,1.0288168576810353,0.5997571822803537,0.27267310006716283,0.779100330154868,0.0,0.20387573482093596,0.2643805048549866,0.4040572489333984
POLES-JRC ENGAGE,ENGAGE-NPi2020-1000f,R10EUROPE,0.1926070995424317,1.5641846995870983,0.0,0.498161741182921,1.063285240512207,0.3577987439080763,0.1926070995424317,0.7732199849251394,0.0,0.17971491983870455,0.2861166904334319,0.24104951204693326
POLES-JRC ENGAGE,ENGAGE-NPi2020-1000f-COV,R10EUROPE,0.1833258412665681,1.5557353820922741,0.0,0.49099978803786526,1.0677662368965406,0.34551603531437103,0.1833258412665681,0.7688233142551718,0.0,0.17636650808157753,0.2889424617921662,0.23277463416226413
POLES-JRC ENGAGE,ENGAGE-NPi2020-1200f,R10EUROPE,0.17335352159145462,1.555254295269226,0.0,0.49132426663799944,1.083563860813649,0.3079539499042224,0.17335352159145462,0.76857297683728,0.0,0.17651821082768882,0.2989046374719088,0.20746900491190617
POLES-JRC ENGAGE,ENGAGE-NPi2020-900f,R10EUROPE,0.2175141589537693,1.574524997415149,0.0,0.5133767696286547,1.050298372718791,0.403134797198209,0.2175141589537693,0.7786006424998096,0.0,0.186828367679101,0.2779270120889886,0.2715924742841843
REMIND-MAgPIE 2.1-4.2,NGFS Phase 2-Delayed Transition,R10EUROPE,0.2478365851747777,1.7985709539116073,0.0,0.9305462656608383,0.8403853217929613,0.9686322220416457,0.2478365851747777,0.8951847673425828,0.0,0.38186667872882424,0.1455532638742873,0.6525688769216639
REMIND-MAgPIE 3.2.0-4.8.0,RESCUE-End-of-Century-Budget-1150,R10EUROPE,0.2012292598831262,1.643275708695585,1.1423326749250953,0.7803743107061629,1.003462379109804,0.25136148755352045,0.2012292598831262,0.8143756309543525,0.15744512018899112,0.3116571242432407,0.2483916592462917,0.16934258421470028
REMIND-MAgPIE 3.2.0-4.8.0,RESCUE-End-of-Century-Budget-1150-with-OAE,R10EUROPE,0.22946657690994657,1.6023257161650621,1.1423326749250953,0.8236743503895625,1.0032013719894968,0.24901478057218682,0.22946657690994657,0.7930669712662025,0.15744512018899112,0.3319010938732367,0.24822706495035146,0.1677616044533154
REMIND-MAgPIE 3.2.0-4.8.0,RESCUE-End-of-Century-Budget-500,R10EUROPE,0.19727469446017915,1.4851538006880183,1.1457254438133253,0.7949675786996349,0.9795359446226559,0.37676740079076293,0.19727469446017915,0.7320956177293736,0.15791273782534723,0.3184798818255045,0.23330335577726916,0.25382872260484407
REMIND-MAgPIE 3.2.0-4.8.0,RESCUE-End-of-Century-Budget-500-with-OAE,R10EUROPE,0.24233349760876377,1.4924488983169881,1.147941389154977,0.8776339946938063,0.9792062499450347,0.37358279049510246,0.24233349760876377,0.7358916807604396,0.15821815654294757,0.35712872434488463,0.23309544626401751,0.25168324621372007
REMIND-MAgPIE 3.2.0-4.8.0,RESCUE-Peak-Budget-1150,R10EUROPE,0.2213852262810756,1.7355142075721752,4.758584572013188,0.8691315016602581,0.9165287291042,0.39045956079001937,0.2213852262810756,0.8623726795799919,0.6558649124863933,0.3531535730053261,0.19357023177205177,0.2630531498642568
REMIND-MAgPIE 3.2.0-4.8.0,RESCUE-Peak-Budget-1150-with-OAE,R10EUROPE,0.2208858109866793,1.7295042648062144,4.756657604615871,0.8687307018044477,0.9168413303068051,0.39353202750319993,0.2208858109866793,0.8592453572721876,0.6555993229430576,0.3529661879551493,0.1937673619300041,0.2651230749676912
REMIND-MAgPIE 3.3-4.8,NGFS Phase 5-Below 2°C,R10EUROPE,0.23213219433838414,1.43013457921765,4.800724789309031,0.740582797578047,0.9517225078169397,0.4544043928244993,0.23213219433838414,0.7034659210146508,0.6616730030037807,0.29305348809909204,0.21576386090324012,0.3061328722564476
REMIND-MAgPIE 3.3-4.8,NGFS Phase 5-Delayed Transition,R10EUROPE,0.25719025456808386,1.2073665570845793,1.4061083581885188,0.7830403174904563,0.9321277540886586,0.931746118629005,0.25719025456808386,0.5875467796497849,0.19380072400384843,0.3129035563659182,0.20340716852553242,0.62771865768441
REMIND-MAgPIE 3.3-4.8,NGFS Phase 5-Low Demand,R10EUROPE,0.18347733452208398,1.167690735187466,4.330272858808423,0.79491270006959,0.8913630573791359,0.9236716058619711,0.18347733452208398,0.5669011449522187,0.5968316810607942,0.31845422454370786,0.17770045007960933,0.622278847188568
REMIND-MAgPIE 3.3-4.8,NGFS Phase 5-Net-Zero 2050,R10EUROPE,0.2784955012578756,1.3979688320145032,7.255433979496365,0.8938322713860893,0.8178536275101931,0.9277057051046088,0.2784955012578756,0.6867282144019807,1.0,0.3647018680143711,0.13134450070933448,0.624996625466282
WITCH 5.0,ENGAGE-INDCi2030-1000,R10EUROPE,0.16338746483142716,1.1857144712789898,0.0,0.7419130205691215,0.8901447590118294,0.44731766077989255,0.16338746483142716,0.5762799417467979,0.0,0.29367540424580535,0.17693217616518184,0.3013585310089034
WITCH 5.0,ENGAGE-INDCi2030-1000-NDCp,R10EUROPE,0.16616213204586008,1.18571380708665,0.0,0.7409855295836412,0.8926846534426104,0.4396447200737936,0.16616213204586008,0.5762795961289439,0.0,0.29324177648288774,0.1785338647900159,0.2961892601697487
WITCH 5.0,ENGAGE-INDCi2030-1000f,R10EUROPE,0.1634769291155365,1.0403015343598763,0.0,0.73317362550928,0.9016629103414752,0.39337919921046083,0.1634769291155365,0.5006131443779277,0.0,0.2895894946376487,0.18419566386775488,0.2650201143340418
WITCH 5.0,ENGAGE-INDCi2030-1000f-NDCp,R10EUROPE,0.16486853821852387,1.1020311030316423,0.0,0.7343358675032208,0.9051082262475867,0.3770061231234264,0.16486853821852387,0.532734624511105,0.0,0.2901328750086617,0.1863683223959607,0.25398955017280783
WITCH 5.0,ENGAGE-INDCi2030-1200,R10EUROPE,0.17052584092571085,1.1857144712789898,0.0,0.7368728082056241,0.9268759821046496,0.3598447433334797,0.17052584092571085,0.5762799417467979,0.0,0.29131896515795647,0.20009533660643053,0.24242790470911796
WITCH 5.0,ENGAGE-INDCi2030-1200-NDCp,R10EUROPE,0.17156356394542427,1.18571380708665,0.0,0.7350581214371539,0.9297695717297899,0.3502818079926775,0.17156356394542427,0.5762795961289439,0.0,0.2904705487570138,0.2019200697651627,0.2359853418525279
WITCH 5.0,ENGAGE-INDCi2030-1200f,R10EUROPE,0.17061733617167663,1.1857144712789898,0.0,0.735627087312609,0.9399489525473901,0.33488008340130815,0.17061733617167663,0.5762799417467979,0.0,0.29073655608604704,0.2083393123391115,0.2256091785466426
WITCH 5.0,ENGAGE-INDCi2030-1200f-NDCp,R10EUROPE,0.17073330677000098,1.18571380708665,0.0,0.7343099367461796,0.942724682644324,0.31883738843812537,0.17073330677000098,0.5762795961289439,0.0,0.29012075166046475,0.21008972183172242,0.21480119260864133
WITCH 5.0,ENGAGE-INDCi2030-1400,R10EUROPE,0.17736034789747046,1.1857144712789898,0.0,0.738476630053799,0.9721845742969321,0.28412668146184883,0.17736034789747046,0.5762799417467979,0.0,0.29206879635958527,0.22866749135512687,0.1914165409800567
WITCH 5.0,ENGAGE-INDCi2030-1400-NDCp,R10EUROPE,0.17757381819620469,1.18571380708665,0.0,0.7374642849064335,0.9805923067885521,0.26114336192671506,0.17757381819620469,0.5762795961289439,0.0,0.29159549692225933,0.23396951073407218,0.17593264660231095
WITCH 5.0,ENGAGE-INDCi2030-1400f,R10EUROPE,0.17563506352374555,1.1857144712789898,0.0,0.7377525656645871,0.9777119626529982,0.2695755527772651,0.17563506352374555,0.5762799417467979,0.0,0.29173027617317104,0.23215313034376367,0.18161342532112584
WITCH 5.0,ENGAGE-INDCi2030-1400f-NDCp,R10EUROPE,0.17651178068336631,1.18571380708665,0.0,0.7356471015124235,0.9844142814550493,0.2621339767943177,0.17651178068336631,0.5762795961289439,0.0,0.2907459132796242,0.23637969490296706,0.17660002521816046
WITCH 5.0,ENGAGE-INDCi2030-1600-NDCp,R10EUROPE,0.18355498076384363,1.18571380708665,0.0,0.7319205766622411,1.0278036184301338,0.20363802074743056,0.18355498076384363,0.5762795961289439,0.0,0.28900365954396673,0.2637415437380455,0.13719121816699986
WITCH 5.0,ENGAGE-INDCi2030-500f,R10EUROPE,0.1697206460031038,1.0315731256258973,0.0,0.7763017646783551,0.7997865798949143,0.7832745074809271,0.1697206460031038,0.4960712463252528,0.0,0.30975309600893614,0.11995119857085536,0.5276931264900889
WITCH 5.0,ENGAGE-INDCi2030-600f,R10EUROPE,0.16534615404237202,1.0315731256258973,0.0,0.7586737085344053,0.8462063163954286,0.6397464030037981,0.16534615404237202,0.4960712463252528,0.0,0.3015114907858629,0.1492240545681847,0.43099804262438995
WITCH 5.0,ENGAGE-INDCi2030-600f-NDCp,R10EUROPE,0.16037957891895951,1.0315724614335575,0.0,0.7541248609692524,0.8532792888605526,0.591434564473522,0.16037957891895951,0.4960709007073989,0.0,0.2993847783709609,0.15368435787995283,0.39845028972672974
WITCH 5.0,ENGAGE-INDCi2030-700f,R10EUROPE,0.15975779497233553,1.0315731256258973,0.0,0.7484139907615273,0.8644610711212938,0.5230370111805684,0.15975779497233553,0.4960712463252528,0.0,0.29671478813789515,0.16073572711615133,0.35237076282177676
WITCH 5.0,ENGAGE-INDCi2030-700f-NDCp,R10EUROPE,0.15826232123400635,1.0315724614335575,0.0,0.7445953751203271,0.8698682442999671,0.535862658616924,0.15826232123400635,0.4960709007073989,0.0,0.2949294794029768,0.16414555693735622,0.36101141936084435
WITCH 5.0,ENGAGE-INDCi2030-800,R10EUROPE,0.16346618746443597,1.1857144712789898,0.0,0.7663980312730494,0.8106689094196967,0.6965864766141922,0.16346618746443597,0.5762799417467979,0.0,0.30512282592727963,0.12681372923366752,0.46929127937207765
WITCH 5.0,ENGAGE-INDCi2030-800-NDCp,R10EUROPE,0.16244284805118922,1.18571380708665,0.0,0.7648180303565678,0.8172007177005327,0.6618461471188336,0.16244284805118922,0.5762795961289439,0.0,0.3043841316719743,0.13093276776386162,0.44588667101113466
WITCH 5.0,ENGAGE-INDCi2030-800f,R10EUROPE,0.1602447379567346,1.0315731256258973,0.0,0.7401282754460035,0.8804179020676598,0.4872791113413948,0.1602447379567346,0.4960712463252528,0.0,0.29284098639460104,0.1707983007040373,0.32828061590312135
WITCH 5.0,ENGAGE-INDCi2030-800f-NDCp,R10EUROPE,0.16009758410391497,1.0315724614335575,0.0,0.737819508487046,0.8859290906299486,0.47412842422157025,0.16009758410391497,0.4960709007073989,0.0,0.29176157379956386,0.17427372390374074,0.31942097967664534
WITCH 5.0,ENGAGE-INDCi2030-900,R10EUROPE,0.16153396964928254,1.1857144712789898,0.0,0.7533181719205724,0.8629144280135291,0.5463030062657848,0.16153396964928254,0.5762799417467979,0.0,0.2990076288643615,0.15976039497542807,0.36804509611127145
WITCH 5.0,ENGAGE-INDCi2030-900-NDCp,R10EUROPE,0.15657873715543774,1.18571380708665,0.0,0.7497906635524798,0.8660474944758341,0.535648380479995,0.15657873715543774,0.5762795961289439,0.0,0.2973584208544991,0.1617361451691005,0.36086705988158824
WITCH 5.0,ENGAGE-INDCi2030-900f,R10EUROPE,0.16332565070715607,1.0315731256258973,0.0,0.7347570574853557,0.8930691298163196,0.432682749495364,0.16332565070715607,0.4960712463252528,0.0,0.2903297930084867,0.17877632031368826,0.29149897089571286
WITCH 5.0,ENGAGE-INDCi2030-900f-NDCp,R10EUROPE,0.16214931547516429,1.0315724614335575,0.0,0.7351987277590559,0.8976659010396388,0.4154702945398082,0.16214931547516429,0.4960709007073989,0.0,0.290536286112711,0.18167510070791565,0.27990291602182404
IMAGE 3.0,ENGAGE-INDCi2030-1000,R10REST_ASIA,0.20613478509788005,1.2121606454145268,0.0,1.176658773350607,1.189240377226172,0.2556676337114062,0.20613478509788005,0.5900414222717986,0.0,0.4969311028647667,0.3655455467155215,0.17224364087807362
IMAGE 3.0,ENGAGE-INDCi2030-1000f,R10REST_ASIA,0.25140828657533754,1.2186021886210971,0.0,1.1354209793067447,1.1951381677891764,0.2708202601793414,0.25140828657533754,0.5933933313583023,0.0,0.47765129027484815,0.369264765885396,0.18245198643130345
IMAGE 3.0,ENGAGE-INDCi2030-1200,R10REST_ASIA,0.1765631381171689,1.212866634149973,0.0,1.2317491405860026,1.2331389582738082,0.08328447385063163,0.1765631381171689,0.5904087892181069,0.0,0.5226873776712824,0.3932285311176476,0.05610886601641637
IMAGE 3.0,ENGAGE-INDCi2030-1200f,R10REST_ASIA,0.1911316168760506,1.2208704026918185,0.0,1.2220667464373536,1.1797067931386895,0.13085327411635253,0.1911316168760506,0.5945736148881918,0.0,0.5181605898317311,0.3595335514917181,0.0881560330004792
IMAGE 3.0,ENGAGE-INDCi2030-1400f,R10REST_ASIA,0.19235641531853745,1.2190291983953379,0.0,1.2537542397260588,1.1859945675027113,0.19249319711370252,0.19235641531853745,0.5936155293466421,0.0,0.5329753719076279,0.3634986992365716,0.1296829349645036
IMAGE 3.0,ENGAGE-INDCi2030-800f,R10REST_ASIA,0.27666679913001097,1.2197747050688477,0.0,1.1201735110689557,1.193129912931845,0.3087536054179627,0.27666679913001097,0.5940034597715188,0.0,0.47052267593183483,0.3679983357055532,0.20800773394512564
IMAGE 3.0,ENGAGE-NPi2020-1000,R10REST_ASIA,0.19970758632619576,1.2113745159576226,0.0,1.2003224404333748,1.1747558351130802,0.12279706643616659,0.19970758632619576,0.589632353453153,0.0,0.5079945236205112,0.3564114165495933,0.08272855466713856
IMAGE 3.0,ENGAGE-NPi2020-1200,R10REST_ASIA,0.16556870354930828,1.212439553316394,0.0,1.2467632844443877,1.2255517952082886,0.07845085616190689,0.16556870354930828,0.5901865542534661,0.0,0.5297069063948568,0.3884439728976166,0.05285245104815179
IMAGE 3.0,ENGAGE-NPi2020-1400,R10REST_ASIA,0.16103521804395893,1.2089136742333013,0.0,1.278384533642561,1.1838168252599595,0.0867654937790803,0.16103521804395893,0.5883518345663455,0.0,0.5444907175209185,0.3621253882297185,0.05845403398993441
IMAGE 3.0,ENGAGE-NPi2020-1400f,R10REST_ASIA,0.18692908078843642,1.2180664296358956,0.0,1.2785529681410748,1.1783387935863634,0.1420308299673103,0.18692908078843642,0.5931145448388172,0.0,0.5445694653210934,0.35867087417128113,0.09568636794330652
IMAGE 3.2,SSP2021-SSP1-SPA1-19-Default,R10REST_ASIA,0.26372272013963244,1.3151585476332,0.0,1.2589348039884123,1.4356189839665965,0.32653874189540066,0.26372272013963244,0.6436372134147436,0.0,0.5353974294013427,0.5209149223227089,0.21998960515783159
IMAGE 3.2,SSP2021-SSP1-SPA1-19-Lifestyle-Renewables,R10REST_ASIA,0.40750288102532484,1.6328724211642507,0.0,1.2172353530973972,1.4992115695587318,0.290698612118724,0.40750288102532484,0.8089621961783158,0.0,0.5159017794297134,0.5610171878863186,0.19584405981576572
IMAGE 3.2,SSP2021-SSP1-SPA1-19-Renewables,R10REST_ASIA,0.35606643740699534,1.3284314240258117,1.2416718886298237,1.2788385207454533,1.4406705370894977,0.3924905730189667,0.35606643740699534,0.6505438619549657,0.1711368185747056,0.5447029690844404,0.5241004937687662,0.2644214456313177
IMAGE 3.2,SSP2021-SSP1-SPA1-26-Default,R10REST_ASIA,0.2605120664845886,1.3715299233312133,0.0,1.3055936287880163,1.4843133522711425,0.23519493409317951,0.2605120664845886,0.672970514513797,0.0,0.557211724240814,0.5516221890743006,0.15845115463467632
IMAGE 3.2,SSP2021-SSP1-SPA1-26-Lifestyle,R10REST_ASIA,0.2308714014170867,1.6355798064838565,0.0,1.3042990500320264,1.4284095375715804,0.2223097578830028,0.2308714014170867,0.8103710060181997,0.0,0.5566064727627202,0.5163685568744812,0.14977039347778467
IMAGE 3.2,SSP2021-SSP1-SPA1-26-Lifestyle-Renewables,R10REST_ASIA,0.3388300048264998,1.6286572306190532,0.0,1.2473133616927434,1.5186967070702968,0.2899518242791919,0.3388300048264998,0.8067687876989035,0.0,0.5299640827667791,0.5733047549313811,0.19534094780828468
IMAGE 3.2,SSP2021-SSP1-SPA1-26-Renewables,R10REST_ASIA,0.32901362913661686,1.3800366876873973,1.0056945101199,1.3148340056625767,1.4772257278924543,0.40263907564588425,0.32901362913661686,0.6773970781225229,0.1386125920188871,0.5615318567438341,0.5471526460858737,0.27125850598403367
IMAGE 3.2,SSP2021-SSP2-SPA0-26-Default,R10REST_ASIA,0.28403779120137135,2.0,0.0,1.3564857015063878,1.7360114348581965,0.1359787379925083,0.28403779120137135,1.0,0.0,0.5810051799062425,0.7103460914879451,0.09160906515164556
IMAGE 3.2,SSP2021-SSP2-SPA2-19-Renewables,R10REST_ASIA,0.5555286779814245,1.4757480834132541,1.2321510564371054,1.284429959132896,1.5603244348651764,0.30340553670151965,0.5555286779814245,0.7272012767015574,0.16982458388004448,0.547317121628665,0.5995557113800897,0.20440473260305478
IMAGE 3.2,SSP2021-SSP2-SPA2-26-Default,R10REST_ASIA,0.29080030957129976,1.5838005791217789,0.0,1.3762785973349683,1.7884920402138653,0.12417356290304113,0.29080030957129976,0.7834272664326195,0.0,0.5902589077312789,0.7434410058292219,0.0836559022538022
IMAGE 3.2,SSP2021-SSP2-SPA2-26-Lifestyle,R10REST_ASIA,0.2526245327366431,1.830314041022616,0.0,1.3231147459045882,1.671760219169393,0.121136741293424,0.2526245327366431,0.9117025393591617,0.0,0.5654033325022602,0.6698284856956148,0.08160999130627841
IMAGE 3.2,SSP2021-SSP2-SPA2-26-Lifestyle-Renewables,R10REST_ASIA,0.3654117210487866,1.8266623680830718,0.0,1.2512371423980555,1.5769348880071716,0.2893945268108987,0.3654117210487866,0.9098023618218111,0.0,0.5317985590862905,0.6100304671527905,0.19496549572779448
IMAGE 3.2,SSP2021-SSP2-SPA2-26-Renewables,R10REST_ASIA,0.4384808165597916,1.6401403713074316,0.0,1.2757396027956616,1.6124632162499468,0.24965947974295075,0.4384808165597916,0.8127441327956679,0.0,0.5432541389835875,0.6324350673267937,0.16819593918247708
IMAGE 3.3,NAVIGATE Demand-1.5°C-ele_u,R10REST_ASIA,0.33890417485141766,1.4923517676420965,0.0,1.4001372170187416,1.0288409469967308,0.2886138182782611,0.33890417485141766,0.7358411380284721,0.0,0.6014134742356856,0.2643956958733462,0.19443953130212974
IMAGE 3.3,NAVIGATE Demand-1.5°C-tec_u,R10REST_ASIA,0.30753169794468177,1.495548424105938,0.0,1.3796103193706264,1.1303641132290492,0.21799559555269815,0.30753169794468177,0.7375045440639469,0.0,0.5918165801999096,0.32841745147893125,0.14686393630788927
IMAGE 3.3,NAVIGATE Demand-2.0°C-ele_u,R10REST_ASIA,0.2770095977995277,1.7854479247013186,0.0,1.256690348727331,1.2312586708245072,0.2362044474848,0.2770095977995277,0.8883560929951757,0.0,0.5343480843089724,0.3920427987570953,0.15913126521247498
IMAGE 3.3,NAVIGATE Demand-2.0°C-ref,R10REST_ASIA,0.2757216445843937,1.7865343168645116,0.0,1.3065472461818155,1.3091292755584856,0.10276994217129441,0.2757216445843937,0.88892140594062,0.0,0.557657566824328,0.44114895856430236,0.06923625315981131
IMAGE 3.3,NAVIGATE Demand-2.0°C-tec_u,R10REST_ASIA,0.24075813870863857,1.7885064893820133,0.0,1.25888275198158,1.3429104414815232,0.07490127600537388,0.24075813870863857,0.8899476418548375,0.0,0.5353730936443042,0.46245177671959303,0.05046109395349531
MESSAGEix-GLOBIOM 2.0-M-R12-NGFS,NGFS Phase 5-Below 2°C,R10REST_ASIA,0.06153381103120723,1.4324320677825257,2.215814166199008,1.4138464391831733,1.0543316771624751,0.34729605922003803,0.06153381103120723,0.7046614377642536,0.30540063798538186,0.6078229158707708,0.2804704634110798,0.2339738387464008
MESSAGEix-GLOBIOM 2.0-M-R12-NGFS,NGFS Phase 5-Delayed Transition,R10REST_ASIA,0.0474769817168506,1.4333635525916093,2.2157951783764283,1.3920208879695932,1.11163101166694,0.36459046601040024,0.0474769817168506,0.7051461434155831,0.30539802093688645,0.5976188652704424,0.31660412754063416,0.2456251046855261
MESSAGEix-GLOBIOM 2.0-M-R12-NGFS,NGFS Phase 5-Low Demand,R10REST_ASIA,0.02053751095150843,1.46619492045537,2.215814166199008,1.2075863121552892,1.0329693471532808,0.2192106918737024,0.02053751095150843,0.7222302111204523,0.30540063798538186,0.5113905851393878,0.2669991157200035,0.14768254839151176
MESSAGEix-GLOBIOM 2.0-M-R12-NGFS,NGFS Phase 5-Nationally Determined Contributions (NDCs),R10REST_ASIA,0.044628281654075834,1.4921335874058954,2.215814166199008,1.3264037031081521,1.1163077388951752,0.3344069632208916,0.044628281654075834,0.7357276061786086,0.30540063798538186,0.5669410112256548,0.3195533291736379,0.2252904368222215
MESSAGEix-GLOBIOM 2.0-M-R12-NGFS,NGFS Phase 5-Net-Zero 2050,R10REST_ASIA,0.06787489051155579,1.401819195834758,3.490612878157041,1.472397350181704,0.9044692537950065,0.23200845059975153,0.06787489051155579,0.6887317823454967,0.481103251441803,0.6351970908768337,0.18596537851905112,0.15630441626760772
POLES-JRC ENGAGE,ENGAGE-INDCi2030-1000,R10REST_ASIA,0.2507422381366269,1.5742090435544336,0.0,1.2907910439425216,1.4456610561085286,0.3760847461959614,0.2507422381366269,0.7784362333539442,0.0,0.5502911052240947,0.5272475763592589,0.2533688172536509
POLES-JRC ENGAGE,ENGAGE-INDCi2030-1000-COV,R10REST_ASIA,0.2374648404087197,1.59622754668721,0.0,1.2803996773329662,1.470449164978504,0.3327698828877769,0.2374648404087197,0.7898937394755652,0.0,0.5454328530932395,0.5428792622777878,0.22418753352197876
POLES-JRC ENGAGE,ENGAGE-INDCi2030-1000-COV-NDCp,R10REST_ASIA,0.22953917469929824,1.5921691581126747,0.0,1.2807127443175537,1.4679463373347048,0.3321885332715206,0.22953917469929824,0.7877819241693086,0.0,0.5455792205925416,0.5413009484241049,0.2237958774759104
POLES-JRC ENGAGE,ENGAGE-INDCi2030-1000-NDCp,R10REST_ASIA,0.2537731527014569,1.6000778467554746,0.0,1.2849893159035342,1.4759625937752878,0.43981580267183845,0.2537731527014569,0.7918972742452176,0.0,0.5475786364346542,0.5463560981968799,0.2963045187543038
POLES-JRC ENGAGE,ENGAGE-INDCi2030-1000f,R10REST_ASIA,0.29734668787147656,1.6065087093824002,0.0,1.2968657397482914,1.4515935880368884,0.31054462403578875,0.29734668787147656,0.7952436256057523,0.0,0.5531311940162216,0.5309887038608446,0.20921434568215524
POLES-JRC ENGAGE,ENGAGE-INDCi2030-1000f-COV,R10REST_ASIA,0.22948124630842015,1.6204345135478297,0.0,1.2779767721764363,1.48977649569648,0.27229051905387736,0.22948124630842015,0.8024900303913889,0.0,0.5443000777248151,0.5550673144205182,0.18344250188258354
POLES-JRC ENGAGE,ENGAGE-INDCi2030-1000f-COV-NDCp,R10REST_ASIA,0.20913158070393398,1.6197181324163679,0.0,1.2769727601133158,1.4925520843521558,0.2600707903199901,0.20913158070393398,0.8021172556777926,0.0,0.543830674235521,0.5568176347185344,0.17521005361718056
POLES-JRC ENGAGE,ENGAGE-INDCi2030-1000f-NDCp,R10REST_ASIA,0.27444200188932577,1.6226521361746398,0.0,1.2847040664854266,1.496288308180354,0.38148641084059454,0.27444200188932577,0.8036439882544144,0.0,0.5474452744192989,0.5591737433555454,0.25700792624718194
POLES-JRC ENGAGE,ENGAGE-INDCi2030-1200,R10REST_ASIA,0.1946852269800901,1.5868498680585268,0.0,1.274391908247515,1.4563583040295638,0.29327881997658695,0.1946852269800901,0.7850139885839257,0.0,0.5426240543993083,0.5339933922894446,0.19758234944284533
POLES-JRC ENGAGE,ENGAGE-INDCi2030-1200f,R10REST_ASIA,0.19626280657162462,1.6003897586141314,0.0,1.2761382467759927,1.4780027647172331,0.25290615418935924,0.19626280657162462,0.7920595801026329,0.0,0.543440516102177,0.5476426550516962,0.1703832282783915
POLES-JRC ENGAGE,ENGAGE-INDCi2030-300f,R10REST_ASIA,0.454272244390545,1.6109260616752903,0.0,1.355935902720767,1.4304179826133652,0.4185193727182034,0.454272244390545,0.7975422305850256,0.0,0.5807481337233729,0.5176351069869762,0.28195708423680227
POLES-JRC ENGAGE,ENGAGE-INDCi2030-400f,R10REST_ASIA,0.41612735694942565,1.6079324147145833,0.0,1.3471640306400148,1.4382875097547054,0.41131277576553027,0.41612735694942565,0.7959844621858099,0.0,0.5766470402070767,0.5225977274614155,0.27710198983376805
POLES-JRC ENGAGE,ENGAGE-INDCi2030-500f,R10REST_ASIA,0.3813637844854688,1.6081659068070766,0.0,1.3621596324922685,1.447456289264913,0.3940129544861086,0.3813637844854688,0.7961059616838893,0.0,0.5836579000284574,0.528379672438001,0.26544707614582314
POLES-JRC ENGAGE,ENGAGE-INDCi2030-600f,R10REST_ASIA,0.3585548177644634,1.6077011316295877,0.0,1.3602040964918602,1.4478797309241698,0.38521837938512243,0.3585548177644634,0.7958641121626414,0.0,0.5827436327046377,0.5286466999493389,0.2595221586528275
POLES-JRC ENGAGE,ENGAGE-INDCi2030-600f-COV,R10REST_ASIA,0.3425060423613296,1.6234743287652353,0.0,1.3622227160523706,1.4632294134138393,0.4025490052833957,0.3425060423613296,0.8040718228162416,0.0,0.5836873933426482,0.5383263982630043,0.27119782545539173
POLES-JRC ENGAGE,ENGAGE-INDCi2030-600f-COV-NDCp,R10REST_ASIA,0.3371466957029803,1.623854719856317,0.0,1.3679559084907589,1.4585132459411556,0.4031743180761748,0.3371466957029803,0.804269762395894,0.0,0.5863678198377341,0.5353523251274184,0.2716190995547073
POLES-JRC ENGAGE,ENGAGE-INDCi2030-600f-NDCp,R10REST_ASIA,0.3947415903220492,1.625726191008258,0.0,1.3370286395399151,1.475474363151103,0.46335673859870535,0.3947415903220492,0.8052435975403859,0.0,0.5719084637272678,0.5460482139684744,0.3121640800717053
POLES-JRC ENGAGE,ENGAGE-INDCi2030-700f,R10REST_ASIA,0.3319286413672816,1.6078294749651967,0.0,1.3485154972645346,1.4444715116606217,0.37040873409750474,0.3319286413672816,0.7959308966549632,0.0,0.5772788883416922,0.5264974350195808,0.24954487999841848
POLES-JRC ENGAGE,ENGAGE-INDCi2030-800f,R10REST_ASIA,0.3396667631006443,1.6073817091454394,0.0,1.3529028214290264,1.4442005965828022,0.3553981632074308,0.3396667631006443,0.7956978980905293,0.0,0.5793300840863689,0.5263265926439368,0.23943223748582257
POLES-JRC ENGAGE,ENGAGE-INDCi2030-900,R10REST_ASIA,0.2789941011146109,1.5696620225214355,0.0,1.2678003398906903,1.418943968947955,0.46315271963466387,0.2789941011146109,0.7760701541974023,0.0,0.5395423133522957,0.5103994530376003,0.3120266322115106
POLES-JRC ENGAGE,ENGAGE-INDCi2030-900f,R10REST_ASIA,0.3219513637203596,1.6065296949536267,0.0,1.3281550425994422,1.4460184135190606,0.33347252483107315,0.3219513637203596,0.7952545456174054,0.0,0.5677598110173575,0.5274729303316573,0.22466090437768746
POLES-JRC ENGAGE,ENGAGE-NPi2020-1000f,R10REST_ASIA,0.20950842320341648,1.4982154303252857,0.0,1.2859372684249317,1.4774630133888569,0.23854557694991976,0.20950842320341648,0.7388923423125523,0.0,0.5480218305331854,0.5473022812344137,0.16070848739341925
POLES-JRC ENGAGE,ENGAGE-NPi2020-1000f-COV,R10REST_ASIA,0.19172078863470374,1.489474387657402,0.0,1.2898185240623565,1.5234652062626433,0.21469672201265205,0.19172078863470374,0.7343438700902264,0.0,0.5498364252038781,0.5763118290921616,0.14464148060989793
POLES-JRC ENGAGE,ENGAGE-NPi2020-1200f,R10REST_ASIA,0.1865423178511189,1.491496071319178,0.0,1.2969078916531078,1.5125907663282816,0.1995735143845852,0.1865423178511189,0.7353958695286578,0.0,0.5531509012009537,0.5694542737019743,0.13445295457005654
POLES-JRC ENGAGE,ENGAGE-NPi2020-900f,R10REST_ASIA,0.241605811023153,1.5091725493147314,0.0,1.287746267422123,1.4534275343370753,0.2671728409429268,0.241605811023153,0.7445939677654663,0.0,0.548867587743285,0.5321452129235708,0.1799947150122785
REMIND-MAgPIE 2.1-4.2,NGFS Phase 2-Delayed Transition,R10REST_ASIA,0.4805767988401297,1.580786492976183,0.0,1.7907190780784612,1.257751990511303,0.7601972004694542,0.4805767988401297,0.7818588623382989,0.0,0.7840213284347577,0.408749811561319,0.5121459126186451
REMIND-MAgPIE 3.2.0-4.8.0,RESCUE-End-of-Century-Budget-1150,R10REST_ASIA,0.6440629846415252,1.5738907226396106,1.1423326749250953,1.9273837004565495,1.3198716410208406,0.22666704681655703,0.6440629846415252,0.7782705924923365,0.15744512018899112,0.847915830267687,0.44792322617021,0.1527059051003481
REMIND-MAgPIE 3.2.0-4.8.0,RESCUE-End-of-Century-Budget-1150-with-OAE,R10REST_ASIA,0.6609555184995717,1.54750279444777,1.1423326749250953,1.954660047161032,1.319619762337289,0.22770396165615375,0.6609555184995717,0.7645394207150484,0.15744512018899112,0.8606682789568849,0.4477643883786098,0.15340447607180804
REMIND-MAgPIE 3.2.0-4.8.0,RESCUE-End-of-Century-Budget-500,R10REST_ASIA,0.6496509541471998,1.5777832843108313,1.1457254438133253,1.9413748599364624,1.2920967234212328,0.40064065270240246,0.6496509541471998,0.7802961184287662,0.15791273782534723,0.854457085418277,0.43040802198067313,0.2699121656639753
REMIND-MAgPIE 3.2.0-4.8.0,RESCUE-End-of-Century-Budget-500-with-OAE,R10REST_ASIA,0.6751875586506297,1.5603816593435074,1.147941389154977,1.9932989300675528,1.2918990294907622,0.403049555412686,0.6751875586506297,0.7712410421873449,0.15821815654294757,0.8787330285002083,0.43028335375990134,0.27153504677456847
REMIND-MAgPIE 3.2.0-4.8.0,RESCUE-Peak-Budget-1150,R10REST_ASIA,0.6951069640856967,1.7376923254821008,4.758584572013188,2.012180732047838,1.2207318436297463,0.24268464798881495,0.6951069640856967,0.8635060808441966,0.6558649124863933,0.8875607946787931,0.38540445223012626,0.16349698531645726
REMIND-MAgPIE 3.2.0-4.8.0,RESCUE-Peak-Budget-1150-with-OAE,R10REST_ASIA,0.6946667850051227,1.7350232179467608,4.756657604615871,2.0129217386241987,1.2236866238131876,0.24916271128637119,0.6946667850051227,0.8621171891588258,0.6555993229430576,0.8879072358076501,0.3872677729065089,0.167861265581472
REMIND-MAgPIE 3.3-4.8,NGFS Phase 5-Below 2°C,R10REST_ASIA,0.4436368523484117,1.5945704658377986,4.800724789309031,1.7613244820955156,1.2352339296978032,0.2671607492794557,0.4436368523484117,0.7890314640583098,0.6616730030037807,0.7702785394508278,0.3945496458295428,0.179986568841759
REMIND-MAgPIE 3.3-4.8,NGFS Phase 5-Delayed Transition,R10REST_ASIA,0.4438505804288291,1.6094393451650342,1.4061083581885188,1.786704690201785,1.2942513846429196,0.3485773561484396,0.4438505804288291,0.7967686056290213,0.19380072400384843,0.7821444907493268,0.43176677781214506,0.23483705027141885
REMIND-MAgPIE 3.3-4.8,NGFS Phase 5-Low Demand,R10REST_ASIA,0.34186776675314207,1.663711922749582,4.330272858808423,1.7417684665503366,1.1113078973395567,0.6131075942457861,0.34186776675314207,0.8250097801612474,0.5968316810607942,0.7611355597289845,0.3164003676770671,0.4130514400665003
REMIND-MAgPIE 3.3-4.8,NGFS Phase 5-Net-Zero 2050,R10REST_ASIA,0.4935810098929514,1.5575327279542706,7.255433979496365,1.8895158292312213,1.0747444215552158,0.570522104867297,0.4935810098929514,0.7697585777057485,1.0,0.8302115500720262,0.29334299074893677,0.3843615365670014
WITCH 5.0,ENGAGE-INDCi2030-1000,R10REST_ASIA,0.06996629999458583,1.0390769963385906,0.0,1.343933751627685,1.4586706475201012,0.3654922059626475,0.06996629999458583,0.4999759461183352,0.0,0.5751367951657289,0.5354515844964192,0.24623260814713205
WITCH 5.0,ENGAGE-INDCi2030-1000-NDCp,R10REST_ASIA,0.07178437410166047,1.0393282969697275,0.0,1.3435540272685538,1.466431092161903,0.3572794341123092,0.07178437410166047,0.5001067124334773,0.0,0.5749592634948522,0.540345416206821,0.2406996523143261
WITCH 5.0,ENGAGE-INDCi2030-1000f,R10REST_ASIA,0.07446053050066846,1.0397548186970627,0.0,1.3397778217294334,1.4789451250551582,0.3928823345626256,0.07446053050066846,0.5003286564626639,0.0,0.5731937826590486,0.5482369190555293,0.2646853759288538
WITCH 5.0,ENGAGE-INDCi2030-1000f-NDCp,R10REST_ASIA,0.0739087275929809,1.0396828216185232,0.0,1.3387977197635772,1.4820839876266865,0.39068375586611026,0.0739087275929809,0.5002911922007597,0.0,0.5727355578034558,0.55021632434687,0.26320419039923676
WITCH 5.0,ENGAGE-INDCi2030-1200,R10REST_ASIA,0.07380734340222851,1.0394437202541982,0.0,1.3357613381009337,1.4739610415743805,0.40490227001659096,0.07380734340222851,0.5001667738727326,0.0,0.5713159651515073,0.545093894794505,0.27278322318333825
WITCH 5.0,ENGAGE-INDCi2030-1200-NDCp,R10REST_ASIA,0.07461268494630899,1.0394574157458345,0.0,1.3356238412947625,1.47347969233543,0.38961967691816024,0.07461268494630899,0.5001739004325316,0.0,0.5712516815806675,0.5447903500521504,0.26248731893015004
WITCH 5.0,ENGAGE-INDCi2030-1200f,R10REST_ASIA,0.07661877280628607,1.039715746029151,0.0,1.3335375454926108,1.4762081489293772,0.37067055989925324,0.07661877280628607,0.5003083246840191,0.0,0.5702762804224525,0.5465109482931312,0.2497212724056791
WITCH 5.0,ENGAGE-INDCi2030-1200f-NDCp,R10REST_ASIA,0.0770277829536343,1.0395940274859126,0.0,1.334257592580634,1.4810002566636495,0.3254680902962,0.0770277829536343,0.5002449874559678,0.0,0.570612922409127,0.5495329102904271,0.21926830568444414
WITCH 5.0,ENGAGE-INDCi2030-1400,R10REST_ASIA,0.08095588340316875,1.039321544742821,0.0,1.335400160076052,1.5041643411124692,0.26426409996325256,0.08095588340316875,0.5001031988576157,0.0,0.5711471044063395,0.5641404664615561,0.17803509216351432
WITCH 5.0,ENGAGE-INDCi2030-1400-NDCp,R10REST_ASIA,0.08131086122217361,1.0392718830454697,0.0,1.3368917496878352,1.505795589212025,0.23846351526351806,0.08131086122217361,0.5000773569918912,0.0,0.5718444639243018,0.5651691515492813,0.16065320232101005
WITCH 5.0,ENGAGE-INDCi2030-1400f,R10REST_ASIA,0.07964803535737082,1.0393499466369136,0.0,1.3362489738228531,1.5041040051511383,0.259862597367701,0.07964803535737082,0.5001179780128321,0.0,0.5715439483777864,0.5641024178632518,0.17506979373529066
WITCH 5.0,ENGAGE-INDCi2030-1400f-NDCp,R10REST_ASIA,0.08101783827012972,1.03927362769666,0.0,1.3382875311116869,1.5174145126163519,0.2350433604116904,0.08101783827012972,0.5000782648352433,0.0,0.5724970304568308,0.5724961873599024,0.15834903923437324
WITCH 5.0,ENGAGE-INDCi2030-1600-NDCp,R10REST_ASIA,0.08387618374137386,1.0389666393704606,0.0,1.3520350357274018,1.5624042485513954,0.20412167360046585,0.08387618374137386,0.49991852097774825,0.0,0.5789243701997886,0.6008672674363652,0.13751705576763218
WITCH 5.0,ENGAGE-INDCi2030-500f,R10REST_ASIA,0.09122798132696051,1.0358600502449342,0.0,1.4014890264253175,1.54947074379969,0.5376249377285172,0.09122798132696051,0.4983019822099473,0.0,0.6020454826304206,0.5927112404814675,0.3621986692525018
WITCH 5.0,ENGAGE-INDCi2030-600f,R10REST_ASIA,0.08418833875924116,1.023492855850937,0.0,1.3800353042111952,1.5079839988705892,0.4956500300105334,0.08418833875924116,0.491866612620015,0.0,0.5920152724013161,0.5665491895595705,0.3339201154679908
WITCH 5.0,ENGAGE-INDCi2030-600f-NDCp,R10REST_ASIA,0.08109564685044307,1.0204666847236223,0.0,1.373312884910636,1.496552063541687,0.48598822108374606,0.08109564685044307,0.4902919200077516,0.0,0.5888723549084993,0.5593400707260322,0.32741094133882964
WITCH 5.0,ENGAGE-INDCi2030-700f,R10REST_ASIA,0.07915665097685397,1.016837623603173,0.0,1.3615075966778458,1.4768259350288544,0.4513519757120982,0.07915665097685397,0.4884035087132804,0.0,0.5833530551987215,0.5469005317955482,0.3040764545969797
WITCH 5.0,ENGAGE-INDCi2030-700f-NDCp,R10REST_ASIA,0.07808825429702927,1.0140334015280676,0.0,1.3554835871703435,1.467870075898189,0.3908054710416583,0.07808825429702927,0.48694430908476083,0.0,0.5805366636569965,0.5412528570255412,0.2632861900825059
WITCH 5.0,ENGAGE-INDCi2030-800,R10REST_ASIA,0.07002659868077735,1.0392408904521158,0.0,1.3723817257815871,1.4872874344590592,0.5098462225517155,0.07002659868077735,0.5000612297453687,0.0,0.5884370121867145,0.5534976818317863,0.3434841101528224
WITCH 5.0,ENGAGE-INDCi2030-800-NDCp,R10REST_ASIA,0.07012832556304074,1.0392822658464105,0.0,1.368317634299421,1.4765124043851858,0.5197367096884745,0.07012832556304074,0.5000827597663041,0.0,0.5865369366870138,0.5467028155206453,0.3501473451105022
WITCH 5.0,ENGAGE-INDCi2030-800f,R10REST_ASIA,0.07747704801045918,1.0,0.0,1.3503698944146785,1.4692730523890662,0.4058849118324864,0.07747704801045918,0.4796419151415661,0.0,0.5781458704475736,0.54213759123304,0.27344523034314916
WITCH 5.0,ENGAGE-INDCi2030-800f-NDCp,R10REST_ASIA,0.07597492485392453,1.0030667165354514,0.0,1.3481038317465597,1.468502159848809,0.39580195722997713,0.07597492485392453,0.48123770588475734,0.0,0.5770864232930563,0.5416514569285051,0.2666523297857602
WITCH 5.0,ENGAGE-INDCi2030-900,R10REST_ASIA,0.07064915416171735,1.0394701362009555,0.0,1.3525059510996544,1.4522138098888757,0.4607800946607204,0.07064915416171735,0.5001805196241969,0.0,0.5791445361988011,0.5313798233787121,0.3104281914624107
WITCH 5.0,ENGAGE-INDCi2030-900-NDCp,R10REST_ASIA,0.06619571462870434,1.0391011341906,0.0,1.3494240948725942,1.4486772117963422,0.39179738835776745,0.06619571462870434,0.4999885064447794,0.0,0.5777036829265918,0.5291496011825562,0.2639544461597281
WITCH 5.0,ENGAGE-INDCi2030-900f,R10REST_ASIA,0.07544304661806205,1.0399391444198105,0.0,1.3436391658479327,1.4797007630767203,0.37485197753655614,0.07544304661806205,0.5004245718427431,0.0,0.574999068142328,0.5487134336732081,0.2525382992910369
WITCH 5.0,ENGAGE-INDCi2030-900f-NDCp,R10REST_ASIA,0.07401635108924737,1.0398632275339155,0.0,1.3425915466351135,1.4784955188707936,0.35375633449425165,0.07401635108924737,0.5003850678773903,0.0,0.574509277100953,0.5479533918732872,0.23832613519531773
IMAGE 3.0,ENGAGE-INDCi2030-1000,R10PAC_OECD,0.04052935112011881,0.7221501144997267,0.0,0.30411132141483865,1.2050847863429104,0.4192440394798951,0.04052935112011881,0.33506048084450873,0.0,0.08899096593020309,0.37553722571679965,0.2824452932433361
IMAGE 3.0,ENGAGE-INDCi2030-1000f,R10PAC_OECD,0.07172761654841524,0.7345912276939243,0.0,0.2943269936861431,1.2125077618451983,0.4857320892597304,0.07172761654841524,0.3415343146797484,0.0,0.08441652131449578,0.38021824524278874,0.3272383849722972
IMAGE 3.0,ENGAGE-INDCi2030-1200,R10PAC_OECD,0.03339512916954607,0.7260566230637834,0.0,0.33781705116301197,1.2109886560481273,0.27413327493489437,0.03339512916954607,0.33709326415938434,0.0,0.10474932953374656,0.3792602784684217,0.18468396908587503
IMAGE 3.0,ENGAGE-INDCi2030-1200f,R10PAC_OECD,0.04346305225247047,0.7305735241372466,0.0,0.3663605098907631,1.218563183104414,0.23316042794454073,0.04346305225247047,0.3394436701514667,0.0,0.11809418824160514,0.384036868265826,0.15708050500905366
IMAGE 3.0,ENGAGE-INDCi2030-1400f,R10PAC_OECD,0.03867885720560985,0.7304705450928309,0.0,0.390197712767321,1.2220223446091028,0.2786005666227837,0.03867885720560985,0.339390084173134,0.0,0.12923874179456865,0.38621825799855614,0.18769358971722555
IMAGE 3.0,ENGAGE-INDCi2030-800f,R10PAC_OECD,0.07047586099427658,0.7384018031803078,0.0,0.28073553881842517,1.1965344799960702,0.4806312902358416,0.07047586099427658,0.34351717844205143,0.0,0.07806213915731201,0.3701452975135594,0.3238019695664517
IMAGE 3.0,ENGAGE-NPi2020-1000,R10PAC_OECD,0.030343208925237265,0.7269397675728548,0.0,0.31806294339268837,1.2195255317897689,0.3680793347368357,0.030343208925237265,0.337552815544778,0.0,0.09551373620186764,0.38464373716705946,0.24797556040517818
IMAGE 3.0,ENGAGE-NPi2020-1200,R10PAC_OECD,0.030830186245726688,0.7254825730146278,0.0,0.3790375853593598,1.2195996848618225,0.18439856471965027,0.030830186245726688,0.33679455257519286,0.0,0.1240210726661898,0.38469049900509705,0.12422956984792037
IMAGE 3.0,ENGAGE-NPi2020-1400,R10PAC_OECD,0.028503559436113917,0.7209238754897642,0.0,0.3957792765173822,1.2645264313129014,0.12438607390332398,0.028503559436113917,0.334422397461706,0.0,0.13184827767190976,0.41302185713929046,0.08379907121063886
IMAGE 3.0,ENGAGE-NPi2020-1400f,R10PAC_OECD,0.03337064374990823,0.7281546965434799,0.0,0.38166958147312124,1.254904579024251,0.19372812153597282,0.03337064374990823,0.3381850136571715,0.0,0.12525160385698872,0.4069541989036579,0.13051490526756193
IMAGE 3.2,SSP2021-SSP1-SPA1-19-Default,R10PAC_OECD,0.04034429498210204,1.4854131024400041,0.0,0.23781313663552825,1.2512219819345367,0.15016930554508345,0.04034429498210204,0.7322305474924374,0.0,0.057994725533897604,0.4046319079466165,0.10116927027381921
IMAGE 3.2,SSP2021-SSP1-SPA1-19-Lifestyle-Renewables,R10PAC_OECD,0.06422413721161095,1.6723012175830858,0.0,0.2070574384849755,1.2638242425737805,0.3336186579125086,0.06422413721161095,0.8294792891710939,0.0,0.043615583531683384,0.412579048295621,0.22475935443815773
IMAGE 3.2,SSP2021-SSP1-SPA1-19-Renewables,R10PAC_OECD,0.05679222900129792,1.484963006402767,1.2416718886298237,0.2219239943137641,1.168827110070264,0.2206041139225952,0.05679222900129792,0.7319963363804983,0.1711368185747056,0.05056611075755145,0.3526726897167903,0.14862129876635194
IMAGE 3.2,SSP2021-SSP1-SPA1-26-Default,R10PAC_OECD,0.02800342122470859,1.5178035676737025,0.0,0.19879986269517994,1.1310782295767978,0.12051780040959836,0.02800342122470859,0.7490851879491184,0.0,0.0397549377972154,0.32886778201910466,0.08119300997089844
IMAGE 3.2,SSP2021-SSP1-SPA1-26-Lifestyle,R10PAC_OECD,0.01727107610487416,1.6699098769598848,0.0,0.17425784521388507,1.1651906344821397,0.17928814788781844,0.01727107610487416,0.8282349357441608,0.0,0.028280863866039816,0.3503794835451484,0.12078667491146979
IMAGE 3.2,SSP2021-SSP1-SPA1-26-Lifestyle-Renewables,R10PAC_OECD,0.053832999727174986,0.6662921522709625,0.0,0.13518965910224182,1.1902873518897097,0.2922512861653291,0.053832999727174986,0.30599433859505426,0.0,0.010015403166096148,0.36620578179803326,0.19689009848324146
IMAGE 3.2,SSP2021-SSP1-SPA1-26-Renewables,R10PAC_OECD,0.039652922821779464,1.5221605910113292,1.0056945101199,0.21919454734277688,1.154238800174894,0.19432917977865327,0.039652922821779464,0.7513524002687693,0.1386125920188871,0.0492900185878592,0.3434731223128079,0.13091983904269874
IMAGE 3.2,SSP2021-SSP2-SPA0-26-Default,R10PAC_OECD,0.056154258187025574,1.8304800683450924,0.0,0.19609508047517318,1.3677499198490908,0.12718944860469494,0.056154258187025574,0.9117889330187197,0.0,0.03849037708276964,0.47811585687426017,0.08568770865097543
IMAGE 3.2,SSP2021-SSP2-SPA2-19-Renewables,R10PAC_OECD,0.11159073686993627,1.478225882887088,1.2321510564371054,0.16377597441756042,1.332687768420626,0.4036044410985786,0.11159073686993627,0.728490619690425,0.16982458388004448,0.02338029851741984,0.45600523352527517,0.27190887403389674
IMAGE 3.2,SSP2021-SSP2-SPA2-26-Default,R10PAC_OECD,0.05429441883790243,1.5599213211899137,0.0,0.19400304416167896,1.2724514359553978,0.11244341971633184,0.05429441883790243,0.7710015015073536,0.0,0.037512292076268765,0.41801946240737275,0.07575328845333741
IMAGE 3.2,SSP2021-SSP2-SPA2-26-Lifestyle,R10PAC_OECD,0.033517138741821356,0.7049247309054244,0.0,0.1514257871861869,1.2059778562328654,0.18312252904899426,0.033517138741821356,0.3260971132264257,0.0,0.017606243411125305,0.3761004065587226,0.12336990283957242
IMAGE 3.2,SSP2021-SSP2-SPA2-26-Lifestyle-Renewables,R10PAC_OECD,0.056062338817900674,0.7045019067454632,0.0,0.14806961612653521,1.1573826530539504,0.2723540424377204,0.056062338817900674,0.3258770932563164,0.0,0.016037140345598368,0.34545567455337023,0.18348529767474225
IMAGE 3.2,SSP2021-SSP2-SPA2-26-Renewables,R10PAC_OECD,0.09184598387844037,1.6176704519700773,0.0,0.16081629699515218,1.2065654106276131,0.2730933575101241,0.09184598387844037,0.8010517286023588,0.0,0.021996567225441657,0.3764709255768101,0.18398337526860223
IMAGE 3.3,NAVIGATE Demand-1.5°C-ele_u,R10PAC_OECD,0.0669980201587342,0.531670429997574,0.0,0.21225439874389546,0.7913364738317671,0.2903149154854239,0.0669980201587342,0.23594283701252983,0.0,0.04604530660859332,0.1146224578972428,0.19558556285956957
IMAGE 3.3,NAVIGATE Demand-1.5°C-tec_u,R10PAC_OECD,0.044833112536929544,0.5242048251565717,0.0,0.2064673251216477,0.9430286306353145,0.3032139948399254,0.044833112536929544,0.23205804917515604,0.0,0.04333968916547008,0.2102813951681457,0.20427569058415457
IMAGE 3.3,NAVIGATE Demand-2.0°C-ele_u,R10PAC_OECD,0.05008326473448111,0.8116015776455743,0.0,0.21090023391644008,0.8680392224211528,0.23414298973032138,0.05008326473448111,0.3816072728948668,0.0,0.04541219698926137,0.16299215327523284,0.1577424582524648
IMAGE 3.3,NAVIGATE Demand-2.0°C-ref,R10PAC_OECD,0.03636746778338105,0.8062432935961842,0.0,0.19690535120625685,0.9691585780113785,0.13567256813291428,0.03636746778338105,0.37881904646879866,0.0,0.038869201125243225,0.22675926093002566,0.0914027980908602
IMAGE 3.3,NAVIGATE Demand-2.0°C-tec_u,R10PAC_OECD,0.027075643757940655,0.8059502639371205,0.0,0.18280372033371917,1.0094589663830678,0.16718307990834008,0.027075643757940655,0.3786665661166016,0.0,0.03227629753429083,0.2521731808351469,0.1126314737559904
MESSAGEix-GLOBIOM 2.0-M-R12-NGFS,NGFS Phase 5-Below 2°C,R10PAC_OECD,0.03471550797727924,0.5860272058543174,2.215814166199008,0.3691629073799483,1.2326243809715514,0.4293225960660574,0.03471550797727924,0.26422782479642404,0.30540063798538186,0.11940438680209264,0.39290403235044136,0.28923523085098735
MESSAGEix-GLOBIOM 2.0-M-R12-NGFS,NGFS Phase 5-Delayed Transition,R10PAC_OECD,0.03692313674020801,0.586301277513761,2.2157951783764283,0.3649021874827804,1.2856837542617099,0.45245678895262453,0.03692313674020801,0.2643704402002461,0.30539802093688645,0.11741238206420199,0.4263639248600454,0.3048207688157023
MESSAGEix-GLOBIOM 2.0-M-R12-NGFS,NGFS Phase 5-Low Demand,R10PAC_OECD,0.00769319537227905,0.5939450472530714,2.215814166199008,0.26194985353039973,1.0355011591529513,0.5733124156671822,0.00769319537227905,0.2683479375828925,0.30540063798538186,0.06927931019849128,0.2685957074645052,0.38624137283871396
MESSAGEix-GLOBIOM 2.0-M-R12-NGFS,NGFS Phase 5-Nationally Determined Contributions (NDCs),R10PAC_OECD,0.02988979864864702,0.6006468293156942,2.215814166199008,0.4535957649422533,1.3301679079904853,0.253989197180473,0.02988979864864702,0.2718352640621375,0.30540063798538186,0.15887908975300877,0.45441617858731664,0.17111287584976728
MESSAGEix-GLOBIOM 2.0-M-R12-NGFS,NGFS Phase 5-Net-Zero 2050,R10PAC_OECD,0.051095605852931866,0.5824580477421387,3.490612878157041,0.45115259803211527,1.065715601900003,0.5576246023887719,0.051095605852931866,0.26237058451661377,0.481103251441803,0.15773684145274203,0.2876493061759971,0.37567247118595765
POLES-JRC ENGAGE,ENGAGE-INDCi2030-1000,R10PAC_OECD,0.08049552803908123,1.61231035281276,0.0,0.23169083115696212,1.2218988818779632,0.7259431787497466,0.08049552803908123,0.7982625576702058,0.0,0.0551323778991178,0.3861404008838428,0.4890689304833979
POLES-JRC ENGAGE,ENGAGE-INDCi2030-1000-COV,R10PAC_OECD,0.06984081929616333,0.6102927310584401,0.0,0.21570875498304065,1.2208949045662476,0.600334580423991,0.06984081929616333,0.2768545870197254,0.0,0.047660313969042745,0.385507280459514,0.4044462428668605
POLES-JRC ENGAGE,ENGAGE-INDCi2030-1000-COV-NDCp,R10PAC_OECD,0.07413432540904324,0.6103945831759192,0.0,0.21874725051315666,1.2086470236032638,0.5682485560220825,0.07413432540904324,0.2769075865925156,0.0,0.04908089491267013,0.3777836162871014,0.38282984354380106
POLES-JRC ENGAGE,ENGAGE-INDCi2030-1000-NDCp,R10PAC_OECD,0.09183759400644127,0.610875772946589,0.0,0.2168994960485298,1.2153193571213525,0.6480301250591081,0.09183759400644127,0.2771579775800348,0.0,0.048217018446526,0.3819912717579376,0.43657879770909164
POLES-JRC ENGAGE,ENGAGE-INDCi2030-1000f,R10PAC_OECD,0.09237685116239916,1.6125007424911444,0.0,0.2471808177835296,1.2122778072327982,0.518243545198817,0.09237685116239916,0.7983616284786268,0.0,0.06237437631598059,0.3800732330397437,0.34914139811441597
POLES-JRC ENGAGE,ENGAGE-INDCi2030-1000f-COV,R10PAC_OECD,0.07177321665320437,0.6117651344420099,0.0,0.21923312549777177,1.2283493568185475,0.47175793862015447,0.07177321665320437,0.2776207640245388,0.0,0.04930805494541934,0.3902081496106804,0.31782398022579667
POLES-JRC ENGAGE,ENGAGE-INDCi2030-1000f-COV-NDCp,R10PAC_OECD,0.08102683060900678,0.6116408087099336,0.0,0.21831485300727466,1.2181018006736064,0.4216742685691598,0.08102683060900678,0.277556070124697,0.0,0.04887873708461351,0.38374591483793274,0.2840825419651483
POLES-JRC ENGAGE,ENGAGE-INDCi2030-1000f-NDCp,R10PAC_OECD,0.09777676428570227,0.6104119684249479,0.0,0.23079882461583215,1.2202361143163327,0.4640118272722551,0.09777676428570227,0.27691663314740494,0.0,0.05471534009821906,0.3850918392361889,0.3126054142233624
POLES-JRC ENGAGE,ENGAGE-INDCi2030-1200,R10PAC_OECD,0.06230865702081228,0.6153919518076197,0.0,0.21461637503130684,1.2160292949152187,0.48289426796230306,0.06230865702081228,0.27950800776303886,0.0,0.04714959604062953,0.3824389672507088,0.32532654081222656
POLES-JRC ENGAGE,ENGAGE-INDCi2030-1200f,R10PAC_OECD,0.06327629514172844,0.6147503937154244,0.0,0.2177259102914391,1.231614244271845,0.402421628910298,0.06327629514172844,0.2791741678228587,0.0,0.04860339002857482,0.39226702774039157,0.2711120118154495
POLES-JRC ENGAGE,ENGAGE-INDCi2030-300f,R10PAC_OECD,0.1477207779040691,0.6139731458747137,0.0,0.2959367576478093,1.2439506383677303,0.8110740609344179,0.1477207779040691,0.2787697206250061,0.0,0.08516913061900701,0.400046509381593,0.5464217243657936
POLES-JRC ENGAGE,ENGAGE-INDCi2030-400f,R10PAC_OECD,0.16151627804851698,1.612632107128925,0.0,0.29955701678319513,1.2379650417025334,0.7989094180829646,0.16151627804851698,0.7984299851299603,0.0,0.08686170218534586,0.3962719186051791,0.5382263875360997
POLES-JRC ENGAGE,ENGAGE-INDCi2030-500f,R10PAC_OECD,0.14130908794047803,1.612413392215538,0.0,0.30323863181151917,1.2312897525170072,0.7704475481155652,0.14130908794047803,0.7983161750565003,0.0,0.08858295933355356,0.3920623992541532,0.5190515861026227
POLES-JRC ENGAGE,ENGAGE-INDCi2030-600f,R10PAC_OECD,0.13941494687356137,1.6126628069345266,0.0,0.2972240562688713,1.227333238879293,0.7448533125203232,0.13941494687356137,0.7984459600220087,0.0,0.085770978432082,0.38956737315750584,0.5018087139391799
POLES-JRC ENGAGE,ENGAGE-INDCi2030-600f-COV,R10PAC_OECD,0.1325601036750905,1.613444634304249,0.0,0.28841744576592787,1.233024265706029,0.7224587311077522,0.1325601036750905,0.7988527902148075,0.0,0.08165364373981983,0.39315620457567074,0.4867214532544906
POLES-JRC ENGAGE,ENGAGE-INDCi2030-600f-COV-NDCp,R10PAC_OECD,0.13154034334635412,1.6106055807348594,0.0,0.29485218435263844,1.2210164492460938,0.6940787265843407,0.13154034334635412,0.7973754657366293,0.0,0.0846620625190819,0.3855839280275229,0.46760180468463525
POLES-JRC ENGAGE,ENGAGE-INDCi2030-600f-NDCp,R10PAC_OECD,0.1390172531915643,1.6109007907439716,0.0,0.29352037165932804,1.2287833966906652,0.7253956378941542,0.1390172531915643,0.797529080651602,0.0,0.08403940314247732,0.39048186048522315,0.48870005144647144
POLES-JRC ENGAGE,ENGAGE-INDCi2030-700f,R10PAC_OECD,0.12035418925823996,1.6122124865816438,0.0,0.29892845052947203,1.2192562604851578,0.6981700533925155,0.12035418925823996,0.79821163218561,0.0,0.08656783002624738,0.3844739313749907,0.47035813725294756
POLES-JRC ENGAGE,ENGAGE-INDCi2030-800f,R10PAC_OECD,0.12224935730446267,1.612281433935108,0.0,0.2979704963766342,1.2108987031889482,0.6493423407637466,0.12224935730446267,0.7982475094984146,0.0,0.08611995988758761,0.3792035530905586,0.4374628392567185
POLES-JRC ENGAGE,ENGAGE-INDCi2030-900,R10PAC_OECD,0.07762572030517918,0.6076751910035005,0.0,0.1962126207407066,1.2447026710286362,0.8320204181996617,0.07762572030517918,0.2754925288896968,0.0,0.038545330417296776,0.4005207504145583,0.5605333144256093
POLES-JRC ENGAGE,ENGAGE-INDCi2030-900f,R10PAC_OECD,0.11019730478045389,1.61223792840949,0.0,0.26441083656076325,1.2084178081887091,0.5732606685025172,0.11019730478045389,0.7982248710464234,0.0,0.07042988802915583,0.37763907023129706,0.3862065107018153
POLES-JRC ENGAGE,ENGAGE-NPi2020-1000f,R10PAC_OECD,0.0687937448828197,0.5773750765175364,0.0,0.21766452500726896,1.2416351883893602,0.3006540075195401,0.0687937448828197,0.25972561934478916,0.0,0.04857469070548979,0.3985863581852349,0.20255102356133306
POLES-JRC ENGAGE,ENGAGE-NPi2020-1000f-COV,R10PAC_OECD,0.06308466619979891,0.5754028260228761,0.0,0.21439660207811154,1.2596198758138113,0.3166990470777178,0.06308466619979891,0.2586993428545266,0.0,0.0470468460888394,0.4099277229757719,0.21336058905624752
POLES-JRC ENGAGE,ENGAGE-NPi2020-1200f,R10PAC_OECD,0.05025314409058708,0.5759376132442098,0.0,0.2210631391680036,1.2696197890071728,0.274291306960581,0.05025314409058708,0.2589776237088266,0.0,0.05016363709808082,0.4162337910615272,0.18479043548165797
POLES-JRC ENGAGE,ENGAGE-NPi2020-900f,R10PAC_OECD,0.08350256285025923,0.5788900525597019,0.0,0.23100985244297986,1.2249732085054068,0.333174694871157,0.08350256285025923,0.26051394937669686,0.0,0.0548140014610053,0.3880791090161674,0.22446025591892932
REMIND-MAgPIE 2.1-4.2,NGFS Phase 2-Delayed Transition,R10PAC_OECD,0.058816379870759036,0.6902795565003847,0.0,0.2750382752441668,1.205825325456147,1.1786005808045543,0.058816379870759036,0.31847637832060155,0.0,0.07539851040281953,0.37600421877743295,0.7940248526254179
REMIND-MAgPIE 3.2.0-4.8.0,RESCUE-End-of-Century-Budget-1150,R10PAC_OECD,0.0448969412210616,0.6456402272435152,1.1423326749250953,0.24515120657914555,1.298371657443185,0.32686744091717845,0.0448969412210616,0.2952479424391319,0.15744512018899112,0.06142547677956741,0.4343650724481033,0.22021105014655462
REMIND-MAgPIE 3.2.0-4.8.0,RESCUE-End-of-Century-Budget-1150-with-OAE,R10PAC_OECD,0.043726931694927855,0.638606188583449,1.1423326749250953,0.2514580369941228,1.298455100599133,0.3304214493754427,0.043726931694927855,0.2915877235531596,0.15744512018899112,0.06437409494056373,0.4344176927271521,0.22260539059425438
REMIND-MAgPIE 3.2.0-4.8.0,RESCUE-End-of-Century-Budget-500,R10PAC_OECD,0.05917458396942157,0.5954894951219887,1.1457254438133253,0.26601136744723913,1.278904496428183,0.5805145047891991,0.05917458396942157,0.26915160351812595,0.15791273782534723,0.07117818061490397,0.42208884160257365,0.3910934303099574
REMIND-MAgPIE 3.2.0-4.8.0,RESCUE-End-of-Century-Budget-500-with-OAE,R10PAC_OECD,0.05322721295104172,0.6377745781014705,1.147941389154977,0.27732939724803973,1.2803330723625845,0.5639664447119559,0.05322721295104172,0.2911549883154091,0.15821815654294757,0.07646967349191021,0.4229897191335894,0.37994497919083436
REMIND-MAgPIE 3.2.0-4.8.0,RESCUE-Peak-Budget-1150,R10PAC_OECD,0.02872748601683014,0.64443901210288,4.758584572013188,0.27041525009372824,1.2232204176789616,0.36287732896863484,0.02872748601683014,0.29462288042904794,0.6558649124863933,0.07323711790922176,0.38697377759199175,0.2444709618747476
REMIND-MAgPIE 3.2.0-4.8.0,RESCUE-Peak-Budget-1150-with-OAE,R10PAC_OECD,0.028841711650960666,0.6372663716958171,4.756657604615871,0.2698752578533403,1.2229181087557905,0.36263230949442543,0.028841711650960666,0.2908905390034505,0.6555993229430576,0.07298465655826744,0.38678313787186763,0.24430589191375482
REMIND-MAgPIE 3.3-4.8,NGFS Phase 5-Below 2°C,R10PAC_OECD,0.0686942391702947,0.53942508846195,4.800724789309031,0.26748825967150136,1.210455618453504,0.4081028538646529,0.0686942391702947,0.23997803623978378,0.6616730030037807,0.0718686686965166,0.3789241384141067,0.2749394609789601
REMIND-MAgPIE 3.3-4.8,NGFS Phase 5-Delayed Transition,R10PAC_OECD,0.08980382632618995,0.43293274618639116,1.4061083581885188,0.29182923511039727,1.2282359938982594,0.9550396557277634,0.08980382632618995,0.18456388496118514,0.19380072400384843,0.08324874989626666,0.390136661560743,0.6434115460667834
REMIND-MAgPIE 3.3-4.8,NGFS Phase 5-Low Demand,R10PAC_OECD,0.04027793324074899,0.5664408789806621,4.330272858808423,0.2747137633473946,1.1240347831231474,0.9729607479816443,0.04027793324074899,0.25403592125503743,0.5968316810607942,0.07524679208960637,0.32442609817283113,0.6554850108754131
REMIND-MAgPIE 3.3-4.8,NGFS Phase 5-Net-Zero 2050,R10PAC_OECD,0.10281480843342947,0.5185077748110785,7.255433979496365,0.4048694742897573,1.03851369099226,1.0781618408559854,0.10281480843342947,0.22909354296803308,1.0,0.13609819727891576,0.2704954470444246,0.7263591336495251
WITCH 5.0,ENGAGE-INDCi2030-1000,R10PAC_OECD,0.0642653285697211,1.5174274447326064,0.0,0.2631201402050924,1.1215427781492313,0.6113263118189358,0.0642653285697211,0.7488894693358183,0.0,0.06982645168090314,0.32285460922770826,0.4118513876148899
WITCH 5.0,ENGAGE-INDCi2030-1000-NDCp,R10PAC_OECD,0.0688600440057853,1.52383907461967,0.0,0.35760409085594735,1.2498001097510167,0.38842813527894376,0.0688600440057853,0.7522258127846718,0.0,0.11400031945292853,0.4037352578832469,0.2616845756684506
WITCH 5.0,ENGAGE-INDCi2030-1000f,R10PAC_OECD,0.06698850559335619,1.5076996698977974,0.0,0.2683415258341317,1.128565431395355,0.4988216980902964,0.06698850559335619,0.743827543052843,0.0,0.07226759429586689,0.3272831806219186,0.3360568726702411
WITCH 5.0,ENGAGE-INDCi2030-1000f-NDCp,R10PAC_OECD,0.06561048927629379,1.5164465811040886,0.0,0.2709545801740397,1.1529682568220547,0.5566502433202802,0.06561048927629379,0.7483790690165755,0.0,0.07348926968197302,0.34267190206879344,0.3750160441246073
WITCH 5.0,ENGAGE-INDCi2030-1200,R10PAC_OECD,0.0688046212968375,1.5228911531079476,0.0,0.36716605665653224,1.2912217183322885,0.34087324861521406,0.0688046212968375,0.7517325541622358,0.0,0.1184708036992585,0.42985623302415216,0.22964678229742555
WITCH 5.0,ENGAGE-INDCi2030-1200-NDCp,R10PAC_OECD,0.06785829035559593,1.5230187604347492,0.0,0.3761108102944103,1.3838346305913816,0.3144612241753958,0.06785829035559593,0.7517989556664242,0.0,0.12265272413898551,0.4882590730321666,0.21185296465052642
WITCH 5.0,ENGAGE-INDCi2030-1200f,R10PAC_OECD,0.06363477127377917,1.5174274447326064,0.0,0.27750869275693874,1.169468642261794,0.5156191504884423,0.06363477127377917,0.7488894693358183,0.0,0.07655349911570837,0.3530772477965221,0.3473733397432639
WITCH 5.0,ENGAGE-INDCi2030-1200f-NDCp,R10PAC_OECD,0.06410604901159116,1.5174274447326064,0.0,0.2797581657812123,1.1696666970910239,0.520334484173471,0.06410604901159116,0.7488894693358183,0.0,0.07760519015155627,0.35320214360448426,0.3505500666135143
WITCH 5.0,ENGAGE-INDCi2030-1400,R10PAC_OECD,0.06873461955159599,1.5174274447326064,0.0,0.4042098739339369,1.410603151445291,0.23694853265048926,0.06873461955159599,0.7488894693358183,0.0,0.13578981581624747,0.505139631072588,0.15963255642482435
WITCH 5.0,ENGAGE-INDCi2030-1400-NDCp,R10PAC_OECD,0.06850408152125637,1.5174274447326064,0.0,0.41884867079839183,1.460293861374464,0.2499388871004747,0.06850408152125637,0.7488894693358183,0.0,0.14263385940859824,0.5364752030904435,0.16838417630834798
WITCH 5.0,ENGAGE-INDCi2030-1400f,R10PAC_OECD,0.06366021624788733,1.5174274447326064,0.0,0.28890843234848124,1.204988672508429,0.6557447630416379,0.06366021624788733,0.7488894693358183,0.0,0.08188319358639322,0.3754766151522374,0.4417761600614461
WITCH 5.0,ENGAGE-INDCi2030-1400f-NDCp,R10PAC_OECD,0.06512414062676238,1.5174274447326064,0.0,0.2929321120986811,1.2228467648669632,0.5462035987641056,0.06512414062676238,0.7488894693358183,0.0,0.08376437548043901,0.3867381475392769,0.3679781251389538
WITCH 5.0,ENGAGE-INDCi2030-1600-NDCp,R10PAC_OECD,0.06995821007592476,1.5207971861836858,0.0,0.4462809212065886,1.4128922941619915,0.24157369372697726,0.06995821007592476,0.7506429415437701,0.0,0.1554591974038169,0.5065831925866126,0.16274853388312513
WITCH 5.0,ENGAGE-INDCi2030-500f,R10PAC_OECD,0.07094936179006925,1.5076996698977974,0.0,0.28824308045501107,1.0513804507828102,1.4053212795548218,0.07094936179006925,0.743827543052843,0.0,0.08157212312033463,0.2786093838070089,0.9467669031082232
WITCH 5.0,ENGAGE-INDCi2030-600f,R10PAC_OECD,0.07021328854912913,1.5076996698977974,0.0,0.2753421325894591,1.070289136602083,1.0253930808046612,0.07021328854912913,0.743827543052843,0.0,0.07554057214028966,0.29053343333452364,0.6908087465163569
WITCH 5.0,ENGAGE-INDCi2030-600f-NDCp,R10PAC_OECD,0.07100123448688726,1.5076996698977974,0.0,0.27336539812416955,1.0786099486546836,0.9047223296755961,0.07100123448688726,0.743827543052843,0.0,0.07461639394612439,0.2957806396170048,0.6095126934327522
WITCH 5.0,ENGAGE-INDCi2030-700f,R10PAC_OECD,0.06980904148530305,1.5072978908410186,0.0,0.26829814559739984,1.0850025529048126,0.91185520669511,0.06980904148530305,0.7436184740723214,0.0,0.0722473128318922,0.2998118943756325,0.6143181226141535
WITCH 5.0,ENGAGE-INDCi2030-700f-NDCp,R10PAC_OECD,0.06942683208708322,1.5039086634913679,0.0,0.2675107241905301,1.0951158243200219,0.856180862423469,0.06942683208708322,0.7418548622195072,0.0,0.07187917148229454,0.306189447548431,0.5768102393453964
WITCH 5.0,ENGAGE-INDCi2030-800,R10PAC_OECD,0.06922304001388567,1.5242178123435552,0.0,0.32896024655128286,1.073544121098786,0.8723956350792879,0.06922304001388567,0.7524228920213364,0.0,0.10060852770331796,0.29258606653817115,0.5877341542645647
WITCH 5.0,ENGAGE-INDCi2030-800-NDCp,R10PAC_OECD,0.0684843193897468,1.5283614257800235,0.0,0.3357546974885263,1.0959234199011307,0.7837087872015072,0.0684843193897468,0.7545790547735307,0.0,0.10378512198433398,0.3066987272413396,0.5279857013426283
WITCH 5.0,ENGAGE-INDCi2030-800f,R10PAC_OECD,0.06840938051322377,1.5076996698977974,0.0,0.26391578404557087,1.1024668313480772,0.8273345289798986,0.06840938051322377,0.743827543052843,0.0,0.07019843724629084,0.3108250828706013,0.5573764243326131
WITCH 5.0,ENGAGE-INDCi2030-800f-NDCp,R10PAC_OECD,0.06815107137373116,1.5076996698977974,0.0,0.26587307696480283,1.1095467709766107,0.6926290243562443,0.06815107137373116,0.743827543052843,0.0,0.07111352597839492,0.3152897797611911,0.466625138274689
WITCH 5.0,ENGAGE-INDCi2030-900,R10PAC_OECD,0.06817427978237098,1.52383907461967,0.0,0.3417482959226302,1.157845970720748,0.6145966648703124,0.06817427978237098,0.7522258127846718,0.0,0.10658729550568775,0.3457478483648488,0.41405462901994644
WITCH 5.0,ENGAGE-INDCi2030-900-NDCp,R10PAC_OECD,0.06333160427095555,1.5174274447326064,0.0,0.25785203914155097,1.0964814595131063,0.7980162913490537,0.06333160427095555,0.7488894693358183,0.0,0.06736346830449369,0.30705063387488946,0.537624686811682
WITCH 5.0,ENGAGE-INDCi2030-900f,R10PAC_OECD,0.06832058511204299,1.5076996698977974,0.0,0.26775011382476505,1.1229793372040273,0.6031257760057731,0.06832058511204299,0.743827543052843,0.0,0.07199109277660794,0.32376052101249914,0.4063266752173692
WITCH 5.0,ENGAGE-INDCi2030-900f-NDCp,R10PAC_OECD,0.06833514821062749,1.5076996698977974,0.0,0.2688996292977201,1.122999792702208,0.6082328426766019,0.06833514821062749,0.743827543052843,0.0,0.07252852314604555,0.3237734205009008,0.40976731314568654
IMAGE 3.0,ENGAGE-INDCi2030-1000,R10REF_ECON,0.15112673014871977,1.7869703506248351,0.0,1.099661635457954,1.2803330160850055,0.4773441566666087,0.15112673014871977,0.8891482996330755,0.0,0.4609328051150982,0.4229896836442568,0.3215874231031465
IMAGE 3.0,ENGAGE-INDCi2030-1000f,R10REF_ECON,0.17675263813691292,0.7887787277182011,0.0,1.0696247735580995,1.2593360116193966,0.45995004193151956,0.17675263813691292,0.36973121841564743,0.0,0.44688973899952233,0.4097487147281528,0.3098689837828038
IMAGE 3.0,ENGAGE-INDCi2030-1200,R10REF_ECON,0.14094684123574336,1.7863314770901568,0.0,1.1282093241077504,1.268110942417609,0.3608882404030424,0.14094684123574336,0.8888158566241036,0.0,0.4742796414288446,0.415282293869425,0.2431309101380725
IMAGE 3.0,ENGAGE-INDCi2030-1200f,R10REF_ECON,0.1686809107254105,1.7886372041547234,0.0,1.1302754716673538,1.27940985385087,0.3851358083663172,0.1686809107254105,0.8900156603436277,0.0,0.4752456227247864,0.4224075262004781,0.25946653044246876
IMAGE 3.0,ENGAGE-INDCi2030-1400f,R10REF_ECON,0.1849807239545241,1.788338100374575,0.0,1.174335069433261,1.2744138761388897,0.4148033382612804,0.1849807239545241,0.8898600192734158,0.0,0.49584470682735404,0.419257001291164,0.2794535866481662
IMAGE 3.0,ENGAGE-INDCi2030-800f,R10REF_ECON,0.1727192461003519,1.7885202571407104,0.0,1.073519751134505,1.276535065934818,0.48284369753239353,0.1727192461003519,0.889954806019386,0.0,0.4487107490573144,0.4205946496304329,0.32529247144317136
IMAGE 3.0,ENGAGE-NPi2020-1000,R10REF_ECON,0.1353522376042578,1.7847840657531464,0.0,1.2224254467725846,1.3730920014789034,0.37600800582480787,0.1353522376042578,0.8880106486242886,0.0,0.5183282921882596,0.48148463916525297,0.25331711715873495
IMAGE 3.0,ENGAGE-NPi2020-1200,R10REF_ECON,0.1393888122119899,1.785896357067457,0.0,1.2216638210665955,1.3388847250668265,0.3393758063639042,0.1393888122119899,0.888589438402408,0.0,0.5179722110443576,0.459913110501783,0.22863795336735684
IMAGE 3.0,ENGAGE-NPi2020-1400,R10REF_ECON,0.15918004834181887,1.7842570887566354,0.0,1.1944240265194368,1.3234883074287214,0.30821255303289263,0.15918004834181887,0.8877364318836197,0.0,0.5052368515026104,0.4502039404294798,0.207643226199826
IMAGE 3.0,ENGAGE-NPi2020-1400f,R10REF_ECON,0.17711386879428392,1.7892269632208122,0.0,1.1827909305330393,1.3234814237773151,0.36417949911375835,0.17711386879428392,0.8903225462417855,0.0,0.49979805644437536,0.4501995995143532,0.24534823571493958
IMAGE 3.2,SSP2021-SSP1-SPA1-19-Default,R10REF_ECON,0.2810860722542503,0.6363321754534904,0.0,1.356066274839562,1.442161222130324,0.2578379240001355,0.2810860722542503,0.2904044224359114,0.0,0.5808090863052361,0.5250405380651615,0.17370576846797037
IMAGE 3.2,SSP2021-SSP1-SPA1-19-Lifestyle-Renewables,R10REF_ECON,0.4022652208326086,0.559008167013856,0.0,1.4427116830306677,1.3937928619136835,0.33334997379906456,0.4022652208326086,0.2501682494906859,0.0,0.6213182180479448,0.4945388560180654,0.22457834157675682
IMAGE 3.2,SSP2021-SSP1-SPA1-19-Renewables,R10REF_ECON,0.33777101983807556,0.6262003289223004,1.2416718886298237,1.313944826360769,1.2297135116211824,0.2594073853714426,0.33777101983807556,0.2851322341788618,0.1711368185747056,0.5611161407557419,0.3910684023847381,0.17476311677947612
IMAGE 3.2,SSP2021-SSP1-SPA1-26-Default,R10REF_ECON,0.2824290859413265,0.63589765593849,0.0,1.3951160236544609,1.1089028989396028,0.15303557591785413,0.2824290859413265,0.2901783166932522,0.0,0.5990659270575289,0.3148837461461612,0.10310028061556724
IMAGE 3.2,SSP2021-SSP1-SPA1-26-Lifestyle,R10REF_ECON,0.2643015229938381,0.5468008445009842,0.0,1.4775756310883397,1.1860193971789814,0.1901689720711093,0.2643015229938381,0.24381607052663865,0.0,0.6376180808384136,0.3635143571354032,0.12811710131655682
IMAGE 3.2,SSP2021-SSP1-SPA1-26-Lifestyle-Renewables,R10REF_ECON,0.3687938923109944,0.5409908878773521,0.0,1.5142817179501433,1.220283848163286,0.3078250305160569,0.3687938923109944,0.24079281262485486,0.0,0.6547791946179751,0.38512194078637857,0.20738215174056393
IMAGE 3.2,SSP2021-SSP1-SPA1-26-Renewables,R10REF_ECON,0.3250370083223616,0.6341844468587812,1.0056945101199,1.3744731128606875,1.1326227826289277,0.22393043200803608,0.3250370083223616,0.2892868344975728,0.1386125920188871,0.5894147936581275,0.3298417961450731,0.15086224389279543
IMAGE 3.2,SSP2021-SSP2-SPA0-26-Default,R10REF_ECON,0.3200886418126127,0.8349609157490547,0.0,1.4420825393849035,1.3491848920997564,0.24403756269223809,0.3200886418126127,0.3937624933339545,0.0,0.6210240759420511,0.46640852234670066,0.16440844583624337
IMAGE 3.2,SSP2021-SSP2-SPA2-19-Renewables,R10REF_ECON,0.5200150726019218,0.7096305651056661,1.2321510564371054,1.4922786344076147,1.1066713144157263,0.8730348640458638,0.5200150726019218,0.32854583209852484,0.16982458388004448,0.6444921427293834,0.3134764815355019,0.588164803709547
IMAGE 3.2,SSP2021-SSP2-SPA2-26-Default,R10REF_ECON,0.3381433255893205,0.7487143467850577,0.0,1.5825087638750852,1.1790228563743177,0.29215879631664876,0.3381433255893205,0.34888339388223816,0.0,0.6866772311035718,0.3591022525675091,0.1968277879433827
IMAGE 3.2,SSP2021-SSP2-SPA2-26-Lifestyle,R10REF_ECON,0.3077563322693806,0.6735724231908025,0.0,1.5870585021867796,1.1960375776416428,0.22406083272221708,0.3077563322693806,0.30978268642815276,0.0,0.6888043599671899,0.36983194478555054,0.15095009503553722
IMAGE 3.2,SSP2021-SSP2-SPA2-26-Lifestyle-Renewables,R10REF_ECON,0.39371963893000733,0.6667272608092162,0.0,1.4978069916854686,1.2125633159390503,0.2974407820632803,0.39371963893000733,0.30622075084072553,0.0,0.6470768031051,0.3802532783367266,0.20038626909666338
IMAGE 3.2,SSP2021-SSP2-SPA2-26-Renewables,R10REF_ECON,0.4637172899429039,0.7862574242150995,0.0,1.4630721777824762,1.1158140464676145,0.28095459863311406,0.4637172899429039,0.3684192377534266,0.0,0.6308373141139312,0.3192420006649378,0.18927950436084648
IMAGE 3.3,NAVIGATE Demand-1.5°C-ele_u,R10REF_ECON,0.22660016688060555,0.6651711279268269,0.0,1.1709319433897076,1.0366706357341209,0.7229908143284016,0.22660016688060555,0.3054110045142602,0.0,0.4942536510043924,0.269333193760931,0.48707991846122944
IMAGE 3.3,NAVIGATE Demand-1.5°C-tec_u,R10REF_ECON,0.19338130272926304,0.663937093845085,0.0,1.0990331065648142,1.0491714420194902,0.7314591266759412,0.19338130272926304,0.30476886490283495,0.0,0.4606389504231087,0.277216355748248,0.4927850322828695
IMAGE 3.3,NAVIGATE Demand-2.0°C-ele_u,R10REF_ECON,0.22966975492394778,0.8211509647955615,0.0,1.212067406688463,1.0714499424665287,0.5596213604192538,0.22966975492394778,0.3865763737038059,0.0,0.5134856211324723,0.29126545177048346,0.3770176898518094
IMAGE 3.3,NAVIGATE Demand-2.0°C-ref,R10REF_ECON,0.21788977615460775,0.8197096496698644,0.0,1.2211655040371268,1.0642976848804182,0.23416112396349675,0.21788977615460775,0.38582637372532064,0.0,0.5177392340105157,0.28675515028758514,0.15775467531060908
IMAGE 3.3,NAVIGATE Demand-2.0°C-tec_u,R10REF_ECON,0.1978301614783745,0.818660160772908,0.0,1.1607360374620188,1.082188919411155,0.25785114456991626,0.1978301614783745,0.38528026369282026,0.0,0.4894867821640952,0.2980375825354911,0.17371467518424283
MESSAGEix-GLOBIOM 2.0-M-R12-NGFS,NGFS Phase 5-Below 2°C,R10REF_ECON,0.12542997634847874,0.7983412222400503,2.215814166199008,1.126003653508653,1.107492772779875,0.44776114093201713,0.12542997634847874,0.37470713975150616,0.30540063798538186,0.47324842924178,0.3139945032696678,0.3016573042049871
MESSAGEix-GLOBIOM 2.0-M-R12-NGFS,NGFS Phase 5-Delayed Transition,R10REF_ECON,0.1282135751574001,0.7984153963144814,2.2157951783764283,1.1015584833914414,1.1672460991029556,0.3544190145177622,0.1282135751574001,0.3747457368308233,0.30539802093688645,0.4618196341397136,0.3516756847817083,0.23877258365001525
MESSAGEix-GLOBIOM 2.0-M-R12-NGFS,NGFS Phase 5-Low Demand,R10REF_ECON,0.08369147398684512,0.7982186812519806,2.215814166199008,0.8383735904270752,1.0929657550584666,0.5962889752339533,0.08369147398684512,0.3746433745576375,0.30540063798538186,0.3387733963255947,0.3048335874634197,0.4017207130163597
MESSAGEix-GLOBIOM 2.0-M-R12-NGFS,NGFS Phase 5-Nationally Determined Contributions (NDCs),R10REF_ECON,0.14338573868469698,0.7983422226010835,2.215814166199008,1.5624980941890851,1.5461765022186134,0.0,0.14338573868469698,0.37470766029745756,0.30540063798538186,0.6773216879594722,0.5906338512782305,0.0
MESSAGEix-GLOBIOM 2.0-M-R12-NGFS,NGFS Phase 5-Net-Zero 2050,R10REF_ECON,0.15181722352362198,0.7984889623372481,3.490612878157041,1.1785989793048126,1.0330154870072674,0.5549819035818369,0.15181722352362198,0.3747840175055408,0.481103251441803,0.4978382029667542,0.26702821207864985,0.3738920813194623
POLES-JRC ENGAGE,ENGAGE-INDCi2030-1000,R10REF_ECON,0.13108981020600044,0.6933702171492596,0.0,1.3357346220117465,2.0861044569684593,0.4530878092278193,0.13108981020600044,0.32008462857679737,0.0,0.5713034746387481,0.9311190513213126,0.30524588805386965
POLES-JRC ENGAGE,ENGAGE-INDCi2030-1000-COV,R10REF_ECON,0.13275325515653222,0.6933964955532473,0.0,1.3335741133719943,2.191249113996676,0.3947965561237982,0.13275325515653222,0.3200983027567696,0.0,0.5702933769204022,0.9974245635045079,0.26597498966039035
POLES-JRC ENGAGE,ENGAGE-INDCi2030-1000-COV-NDCp,R10REF_ECON,0.128797099906408,0.6931956348811845,0.0,1.2761858659480245,2.19086580318491,0.38507778142748994,0.128797099906408,0.31999378328213157,0.0,0.5434627793859862,0.9971828429985132,0.2594274376129716
POLES-JRC ENGAGE,ENGAGE-INDCi2030-1000-NDCp,R10REF_ECON,0.1388811729277198,0.6940131274091904,0.0,1.430116172522769,2.0854971702733356,0.48596559352802743,0.1388811729277198,0.32041917212839083,0.0,0.6154294675049758,0.9307360888722419,0.3273956971230305
POLES-JRC ENGAGE,ENGAGE-INDCi2030-1000f,R10REF_ECON,0.15114153550053797,0.7046393594532808,0.0,1.3042687701522628,2.091960989115367,0.36650362021142235,0.15114153550053797,0.32594861788411505,0.0,0.5565923160790124,0.9348122524272315,0.2469139993350428
POLES-JRC ENGAGE,ENGAGE-INDCi2030-1000f-COV,R10REF_ECON,0.13129802936725532,0.7000182630847561,0.0,1.2866846922271404,2.1913785866849893,0.3392200627117472,0.13129802936725532,0.32354399302784326,0.0,0.5483712718931306,0.9975062105720335,0.22853302865200767
POLES-JRC ENGAGE,ENGAGE-INDCi2030-1000f-COV-NDCp,R10REF_ECON,0.12756345579396206,0.6993179826458233,0.0,1.26852243808292,2.187102395412772,0.32557570941971026,0.12756345579396206,0.32317959643977634,0.0,0.5398799142870815,0.9948095918325613,0.21934080883782506
POLES-JRC ENGAGE,ENGAGE-INDCi2030-1000f-NDCp,R10REF_ECON,0.1487028453761499,0.7036331047263357,0.0,1.3653923693452463,2.0989288360544114,0.37386901246520493,0.1487028453761499,0.3254250051015221,0.0,0.585169294178485,0.9392062622910275,0.25187607435357523
POLES-JRC ENGAGE,ENGAGE-INDCi2030-1200,R10REF_ECON,0.1171677237731862,0.6944999283385018,0.0,1.394826954238836,2.094519492998144,0.3523848721414087,0.1171677237731862,0.32067248292767464,0.0,0.5989307790873732,0.9364256764010687,0.23740217909828776
POLES-JRC ENGAGE,ENGAGE-INDCi2030-1200f,R10REF_ECON,0.11272322342205959,0.6995606025638269,0.0,1.4121178210606287,2.10277378675801,0.3076416121378198,0.11272322342205959,0.32330584567565723,0.0,0.6070147389492131,0.9416309354311265,0.20725858252371435
POLES-JRC ENGAGE,ENGAGE-INDCi2030-300f,R10REF_ECON,0.23953276756953476,0.7095470465345991,0.0,1.0881928913821362,2.0931017933652276,0.49995878930805043,0.23953276756953476,0.3285023725348343,0.0,0.4555708491339339,0.9355316575993599,0.3368229326071728
POLES-JRC ENGAGE,ENGAGE-INDCi2030-400f,R10REF_ECON,0.23814291112427058,0.7089750359289911,0.0,1.0976187265832646,2.092731719085521,0.4795891912139476,0.23814291112427058,0.3282047221915814,0.0,0.4599776885489599,0.9352982842130623,0.3230999060041585
POLES-JRC ENGAGE,ENGAGE-INDCi2030-500f,R10REF_ECON,0.22196552434057407,0.7093386405782235,0.0,1.1086920196670178,2.0898017989175908,0.4735350914609805,0.22196552434057407,0.32839392681050156,0.0,0.4651547602221178,0.9334506405678092,0.31902125056955166
POLES-JRC ENGAGE,ENGAGE-INDCi2030-600f,R10REF_ECON,0.2059978797630251,0.708688054942871,0.0,1.1296771513744306,2.0885140039186183,0.4588062554130012,0.2059978797630251,0.3280553893152532,0.0,0.4749658913913393,0.9326385412238463,0.3090984132124232
POLES-JRC ENGAGE,ENGAGE-INDCi2030-600f-COV,R10REF_ECON,0.2077973427542315,0.7056728032219753,0.0,1.1704972222611343,2.194553647726427,0.4304696509544978,0.2077973427542315,0.3264863787044018,0.0,0.4940504068182738,0.9995084430631144,0.29000800332673604
POLES-JRC ENGAGE,ENGAGE-INDCi2030-600f-COV-NDCp,R10REF_ECON,0.20708653811111505,0.7067148330038533,0.0,1.1638316445454662,2.1953331392624533,0.4259059270781685,0.20708653811111505,0.32702860732606526,0.0,0.4909340643430936,1.0,0.28693341619574053
POLES-JRC ENGAGE,ENGAGE-INDCi2030-600f-NDCp,R10REF_ECON,0.20405693199229058,0.7097477771155525,0.0,1.1577383225305096,2.086642168430191,0.47041520623782557,0.20405693199229058,0.3286068243155117,0.0,0.48808526728150897,0.9314581387736339,0.3169193795499118
POLES-JRC ENGAGE,ENGAGE-INDCi2030-700f,R10REF_ECON,0.1944318087712576,0.708330174302428,0.0,1.1437845363035333,2.0879303924478663,0.4339932793918535,0.1944318087712576,0.3278691632305843,0.0,0.48156148516334474,0.9322705086620603,0.292381876712042
POLES-JRC ENGAGE,ENGAGE-INDCi2030-800f,R10REF_ECON,0.18996361928322844,0.7078104603225778,0.0,1.1616161092853323,2.0884925825279685,0.41775265685508395,0.18996361928322844,0.3275987258593553,0.0,0.48989824015336364,0.9326250326317899,0.28144054669207835
POLES-JRC ENGAGE,ENGAGE-INDCi2030-900,R10REF_ECON,0.15879055710601334,0.69137461953952,0.0,1.3377804505921969,2.09341132489717,0.559188487931093,0.15879055710601334,0.31904620322644517,0.0,0.5722599562483179,0.9357268519852885,0.37672606305371054
POLES-JRC ENGAGE,ENGAGE-INDCi2030-900f,R10REF_ECON,0.18051524396898497,0.7052038247745755,0.0,1.2634774834465543,2.0895314918454773,0.38708865113561086,0.18051524396898497,0.32624234197767293,0.0,0.5375212580551231,0.9332801816080315,0.2607821633357009
POLES-JRC ENGAGE,ENGAGE-NPi2020-1000f,R10REF_ECON,0.12689966636190536,0.697395366148148,0.0,1.3673182981354843,2.07984568647145,0.23788664793043537,0.12689966636190536,0.3221791474011288,0.0,0.5860697193102906,0.9271721937712433,0.16026456599535788
POLES-JRC ENGAGE,ENGAGE-NPi2020-1000f-COV,R10REF_ECON,0.13208471057200288,0.6955024104232903,0.0,1.387159460760802,2.1778952506909905,0.24391798022805994,0.13208471057200288,0.32119413258542,0.0,0.59534601320165,0.9890034532823285,0.16432788296359416
POLES-JRC ENGAGE,ENGAGE-NPi2020-1200f,R10REF_ECON,0.11508321988384501,0.6956518851073575,0.0,1.4112427343226122,2.094246640141759,0.21551250350685158,0.11508321988384501,0.3212719129457561,0.0,0.6066056116255998,0.9362536120384602,0.14519107373861007
POLES-JRC ENGAGE,ENGAGE-NPi2020-900f,R10REF_ECON,0.13946183557756614,0.7000606727862408,0.0,1.2934033707432921,2.0725005447039977,0.24730082530492514,0.13946183557756614,0.32356606125888726,0.0,0.5515124404654732,0.9225402571544505,0.1666069104028806
REMIND-MAgPIE 2.1-4.2,NGFS Phase 2-Delayed Transition,R10REF_ECON,0.1929599930794776,0.7990863458096312,0.0,1.2994422581423866,1.3988555481196767,0.8587666663040935,0.1929599930794776,0.3750948708251562,0.0,0.5543357878342079,0.4977314481230651,0.5785522990208036
REMIND-MAgPIE 3.2.0-4.8.0,RESCUE-End-of-Century-Budget-1150,R10REF_ECON,0.4972990602427992,1.803438796268675,1.1423326749250953,1.575661675328222,1.4256022283751322,0.40338304249513385,0.4972990602427992,0.8977177884688993,0.15744512018899112,0.6834760272799704,0.5145982332138397,0.27175971748643285
REMIND-MAgPIE 3.2.0-4.8.0,RESCUE-End-of-Century-Budget-1150-with-OAE,R10REF_ECON,0.4644656480675225,1.803438796268675,1.1423326749250953,1.5624649291668806,1.4243513812300823,0.39269034863865016,0.4644656480675225,0.8977177884688993,0.15744512018899112,0.6773061823916438,0.51380943364038,0.264556034744509
REMIND-MAgPIE 3.2.0-4.8.0,RESCUE-End-of-Century-Budget-500,R10REF_ECON,0.785435654471213,1.735433909088273,1.1457254438133253,1.844817874309164,1.422502277380179,0.5119850604964085,0.785435654471213,0.8623308956146915,0.15791273782534723,0.8093140162918906,0.5126433660406269,0.3449250482547408
REMIND-MAgPIE 3.2.0-4.8.0,RESCUE-End-of-Century-Budget-500-with-OAE,R10REF_ECON,0.7609817393096447,1.7354296818795143,1.147941389154977,1.8209360094443041,1.423786815203978,0.5237903903483697,0.7609817393096447,0.8623286959524374,0.15821815654294757,0.7981485820205394,0.5134534113699186,0.35287831541629194
REMIND-MAgPIE 3.2.0-4.8.0,RESCUE-Peak-Budget-1150,R10REF_ECON,0.2919267629885451,0.8026903578336938,4.758584572013188,1.5452149085725595,1.3346656638656065,0.36954158225658973,0.2919267629885451,0.37697024761980413,0.6558649124863933,0.6692413192741599,0.4572525186867936,0.24896067859558496
REMIND-MAgPIE 3.2.0-4.8.0,RESCUE-Peak-Budget-1150-with-OAE,R10REF_ECON,0.2923396681290884,0.8026545378015794,4.756657604615871,1.5452282676122642,1.3346969522384426,0.3717835633015718,0.2923396681290884,0.3769516083764935,0.6555993229430576,0.6692475649957814,0.4572722495190101,0.25047110434780684
REMIND-MAgPIE 3.3-4.8,NGFS Phase 5-Below 2°C,R10REF_ECON,0.22180658991305968,0.7680606187121514,4.800724789309031,1.5541031411492607,1.3025760325779698,0.38440813108977867,0.22180658991305968,0.3589503828913711,0.6616730030037807,0.6733968145499774,0.437016403049214,0.2589762932478901
REMIND-MAgPIE 3.3-4.8,NGFS Phase 5-Delayed Transition,R10REF_ECON,0.23424546655693057,0.7699426165485097,1.4061083581885188,1.4919981829039877,1.3408481375386672,0.8513784500220403,0.23424546655693057,0.35992969568120625,0.19380072400384843,0.6443610238721347,0.46115126252254934,0.5735748474226401
REMIND-MAgPIE 3.3-4.8,NGFS Phase 5-Low Demand,R10REF_ECON,0.1148983735154797,0.7702331815295097,4.330272858808423,1.0448060726173436,1.2120150445530695,1.0968099346825726,0.1148983735154797,0.36008089351824635,0.5968316810607942,0.4352863078762655,0.37990753166646934,0.7389223804301206
REMIND-MAgPIE 3.3-4.8,NGFS Phase 5-Net-Zero 2050,R10REF_ECON,0.2793977130501282,0.7715360517659107,7.255433979496365,1.5069927015269386,1.1252896240202763,1.0733833039849308,0.2793977130501282,0.36075885257927903,1.0,0.6513713772537691,0.32521741625540596,0.7231398267048312
WITCH 5.0,ENGAGE-INDCi2030-1000,R10REF_ECON,0.14926789669776414,0.6311221464716623,0.0,1.1170627555483557,1.322453511992629,0.7253502535211445,0.14926789669776414,0.2876933417328704,0.0,0.46906831143827266,0.44955138571738906,0.4886694759311718
WITCH 5.0,ENGAGE-INDCi2030-1000-NDCp,R10REF_ECON,0.15243549008495652,0.6311221464716623,0.0,1.1233097979274174,1.3395068603365263,0.7126379389362546,0.15243549008495652,0.2876933417328704,0.0,0.47198897703404824,0.4603054366443621,0.48010517189196567
WITCH 5.0,ENGAGE-INDCi2030-1000f,R10REF_ECON,0.14751115499324374,0.6311221464716623,0.0,1.1161401114981297,1.3534482257880038,0.6348357377708658,0.14751115499324374,0.2876933417328704,0.0,0.4686369497520331,0.4690970329357956,0.4276897206182951
WITCH 5.0,ENGAGE-INDCi2030-1000f-NDCp,R10REF_ECON,0.14822939320139822,0.6311221464716623,0.0,1.1155784161458349,1.3539638706620296,0.606108599360379,0.14822939320139822,0.2876933417328704,0.0,0.4683743415942506,0.46942220492687203,0.4083362074652931
WITCH 5.0,ENGAGE-INDCi2030-1200,R10REF_ECON,0.15986992014183896,0.6311221464716623,0.0,1.1232863406782978,1.3642742795604101,0.5930983790838904,0.15986992014183896,0.2876933417328704,0.0,0.47197801011941604,0.4759240754179407,0.3995712039467888
WITCH 5.0,ENGAGE-INDCi2030-1200-NDCp,R10REF_ECON,0.1608006821512958,0.6311221464716623,0.0,1.1262022413436876,1.3731232643519957,0.5731679402214096,0.1608006821512958,0.2876933417328704,0.0,0.4733412745631867,0.48150435391701774,0.3861440395296982
WITCH 5.0,ENGAGE-INDCi2030-1200f,R10REF_ECON,0.1531516409950612,0.6311221464716623,0.0,1.1229766009048152,1.3795257743016385,0.5445332109453708,0.1531516409950612,0.2876933417328704,0.0,0.47183319818359726,0.48554185533142763,0.3668527825392642
WITCH 5.0,ENGAGE-INDCi2030-1200f-NDCp,R10REF_ECON,0.15326510853420053,0.6311221464716623,0.0,1.124520863184891,1.37896277930673,0.5369348774565814,0.15326510853420053,0.2876933417328704,0.0,0.47255518363504684,0.4851868237725348,0.36173377468631013
WITCH 5.0,ENGAGE-INDCi2030-1400,R10REF_ECON,0.16138707218988135,0.6311221464716623,0.0,1.134687753362789,1.4223862562818903,0.5090285931424816,0.16138707218988135,0.2876933417328704,0.0,0.4773084868074635,0.5125702017109927,0.34293327208117813
WITCH 5.0,ENGAGE-INDCi2030-1400-NDCp,R10REF_ECON,0.16171753652232346,0.6311221464716623,0.0,1.141130195673591,1.4335569202896574,0.4926560978792497,0.16171753652232346,0.2876933417328704,0.0,0.48032050729142806,0.5196145596403035,0.33190309922174877
WITCH 5.0,ENGAGE-INDCi2030-1400f,R10REF_ECON,0.15711120352691693,0.6311221464716623,0.0,1.1382869801197426,1.4339985353936322,0.5018537081401133,0.15711120352691693,0.2876933417328704,0.0,0.4789912251534787,0.5198930475490997,0.33809954206322684
WITCH 5.0,ENGAGE-INDCi2030-1400f-NDCp,R10REF_ECON,0.15769014519257685,0.6311221464716623,0.0,1.1413699764602563,1.4334989500673925,0.49124583474744765,0.15769014519257685,0.2876933417328704,0.0,0.4804326114603526,0.5195780029061118,0.33095300298589947
WITCH 5.0,ENGAGE-INDCi2030-1600-NDCp,R10REF_ECON,0.1674279125997939,0.6449731871289518,0.0,1.157630583325178,1.4839307711024003,0.42259220398205655,0.1674279125997939,0.29490084272259387,0.0,0.4880348962144929,0.5513809286901586,0.28470095633114795
WITCH 5.0,ENGAGE-INDCi2030-500f,R10REF_ECON,0.14233045068861536,0.6311221464716623,0.0,1.0796197802264085,1.265624141579721,1.0228902397740651,0.14233045068861536,0.2876933417328704,0.0,0.45156268186341597,0.41371408671640236,0.6891225790285492
WITCH 5.0,ENGAGE-INDCi2030-600f,R10REF_ECON,0.13941769823592748,0.6311221464716623,0.0,1.0861507875567638,1.292840230602454,0.8888158643985357,0.13941769823592748,0.2876933417328704,0.0,0.45461610895068216,0.4308768867414334,0.5987964856240071
WITCH 5.0,ENGAGE-INDCi2030-600f-NDCp,R10REF_ECON,0.14145271144684995,0.6311221464716623,0.0,1.0904994272854776,1.2929194111061022,0.8573670863582797,0.14145271144684995,0.2876933417328704,0.0,0.45664921864858454,0.430926818939585,0.5776094000622322
WITCH 5.0,ENGAGE-INDCi2030-700f,R10REF_ECON,0.1433107610708869,0.6311221464716623,0.0,1.0956294387964371,1.2962925755173829,0.8047691132974455,0.1433107610708869,0.2876933417328704,0.0,0.45904764132876535,0.4330539778489347,0.5421740723623978
WITCH 5.0,ENGAGE-INDCi2030-700f-NDCp,R10REF_ECON,0.14414777684595997,0.6311221464716623,0.0,1.101876841857219,1.3123248121713644,0.7880674954767435,0.14414777684595997,0.2876933417328704,0.0,0.4619684755532498,0.4431641032022294,0.5309221691776596
WITCH 5.0,ENGAGE-INDCi2030-800,R10REF_ECON,0.14667550891354414,0.6311221464716623,0.0,1.108911063883537,1.295520918766203,0.9176716813532184,0.14667550891354414,0.2876933417328704,0.0,0.46525716946929785,0.4325673616236055,0.6182366896914336
WITCH 5.0,ENGAGE-INDCi2030-800-NDCp,R10REF_ECON,0.1471951332920274,0.6311221464716623,0.0,1.1130981748681414,1.3116618611898734,0.861062937294691,0.1471951332920274,0.2876933417328704,0.0,0.4672147599987645,0.44274603817046726,0.5800992999849915
WITCH 5.0,ENGAGE-INDCi2030-800f,R10REF_ECON,0.14466437230365783,0.6311221464716623,0.0,1.1087052862863496,1.3251417106876857,0.7735066243840085,0.14466437230365783,0.2876933417328704,0.0,0.4651609627346515,0.45124659683285345,0.5211124900447899
WITCH 5.0,ENGAGE-INDCi2030-800f-NDCp,R10REF_ECON,0.1446909432607395,0.6311221464716623,0.0,1.1097601360426914,1.323588216638681,0.7524439282517491,0.1446909432607395,0.2876933417328704,0.0,0.46565413425568775,0.4502669444044361,0.5069225223282504
WITCH 5.0,ENGAGE-INDCi2030-900,R10REF_ECON,0.15194610509969037,0.6311221464716623,0.0,1.1186599501486263,1.311917193752528,0.7885482218851665,0.15194610509969037,0.2876933417328704,0.0,0.4698150442176763,0.4429070540206528,0.5312460352284812
WITCH 5.0,ENGAGE-INDCi2030-900-NDCp,R10REF_ECON,0.14719047418420422,0.6311221464716623,0.0,1.116329150862222,1.307627066317412,0.7813211793694494,0.14719047418420422,0.2876933417328704,0.0,0.468725330898414,0.44020164696568276,0.5263771666211515
WITCH 5.0,ENGAGE-INDCi2030-900f,R10REF_ECON,0.14548247531812128,0.6311221464716623,0.0,1.1146736095756116,1.3421070484368016,0.7062734612793384,0.14548247531812128,0.2876933417328704,0.0,0.4679513194246972,0.4619451471977489,0.47581741443123127
WITCH 5.0,ENGAGE-INDCi2030-900f-NDCp,R10REF_ECON,0.14566655458388073,0.6311221464716623,0.0,1.11362588248415,1.3383865199138474,0.6805020906549963,0.14566655458388073,0.2876933417328704,0.0,0.4674614779470645,0.45959893621300557,0.45845520615200286
IMAGE 3.0,ENGAGE-INDCi2030-1000,R10NORTH_AM,0.14143873892896155,1.7856263490336968,0.0,0.3251351920133669,1.9026504646170666,0.8845337088165185,0.14143873892896155,0.8884489375390641,0.0,0.09882020860557966,0.8154307104325621,0.595911591445006
IMAGE 3.0,ENGAGE-INDCi2030-1000f,R10NORTH_AM,0.17906907374019104,1.7966043528354096,0.0,0.32700432962524417,1.8810835828009342,0.9651910788080398,0.17906907374019104,0.894161430572892,0.0,0.09969408228619972,0.8018303698595807,0.6502505739329943
IMAGE 3.0,ENGAGE-INDCi2030-1200,R10NORTH_AM,0.14034357295659505,1.788979131650542,0.0,0.3557248198782472,1.9159091762445382,0.6536729450345301,0.14034357295659505,0.8901935850805123,0.0,0.11312170814270196,0.8237918168377394,0.4403803733848118
IMAGE 3.0,ENGAGE-INDCi2030-1200f,R10NORTH_AM,0.1644116537569615,1.7996780208868697,0.0,0.3560252916180492,1.862392447332062,0.7242798523520497,0.1644116537569615,0.8957608385936403,0.0,0.11326218701569374,0.7900435102551362,0.4879483451728955
IMAGE 3.0,ENGAGE-INDCi2030-1400f,R10NORTH_AM,0.16790651522306502,1.8002947074471614,0.0,0.3854694749750155,1.8631091335037369,0.7517901754238139,0.16790651522306502,0.8960817364311117,0.0,0.12702815947245755,0.7904954613578418,0.5064820881376442
IMAGE 3.0,ENGAGE-INDCi2030-800f,R10NORTH_AM,0.1812113855616141,1.7989757460052647,0.0,0.3171199459147103,1.896906232896323,0.9346700387370075,0.1812113855616141,0.8953954041812041,0.0,0.09507285872358048,0.811808327354736,0.6296885067330676
IMAGE 3.0,ENGAGE-NPi2020-1000,R10NORTH_AM,0.13068412894281223,1.7854048399397766,0.0,0.3057709825385571,2.1326194678051085,0.8609229864074237,0.13068412894281223,0.8883336734911731,0.0,0.08976690354204603,0.9604519884852354,0.5800050148773419
IMAGE 3.0,ENGAGE-NPi2020-1200,R10NORTH_AM,0.13220470966367912,1.7897595907628174,0.0,0.3409442598947154,2.1355469475508437,0.5459687629974033,0.13220470966367912,0.8905997032894862,0.0,0.1062113863598869,0.9622980931702773,0.3678199159558905
IMAGE 3.0,ENGAGE-NPi2020-1400,R10NORTH_AM,0.14198999636082776,1.7791262367613778,0.0,0.3660106271437488,2.1031801661792957,0.4549503374430518,0.14198999636082776,0.8850665515656754,0.0,0.11793060835215456,0.9418872032856294,0.30650067590625735
IMAGE 3.0,ENGAGE-NPi2020-1400f,R10NORTH_AM,0.15300006787298487,0.7965276110753569,0.0,0.3883474941808911,2.074895377891754,0.572944648203292,0.15300006787298487,0.3737634125191684,0.0,0.12837371328313055,0.9240504683776882,0.38599360738613253
IMAGE 3.2,SSP2021-SSP1-SPA1-19-Default,R10NORTH_AM,0.19245941421398252,1.5357925199580928,0.0,0.32357017770617946,1.8928460238387574,0.6607258382407988,0.19245941421398252,0.7584458847084335,0.0,0.0980885210058254,0.8092479096526697,0.44513191735984314
IMAGE 3.2,SSP2021-SSP1-SPA1-19-Lifestyle-Renewables,R10NORTH_AM,0.2486636434151801,1.4144808762169099,0.0,0.2889435940945967,1.9401037150192613,0.7943970197889644,0.2486636434151801,0.6953203901002429,0.0,0.08189963267803617,0.8390491901635536,0.5351863785213963
IMAGE 3.2,SSP2021-SSP1-SPA1-19-Renewables,R10NORTH_AM,0.2353670103246477,1.5325305031093954,1.2416718886298237,0.3492678097854942,1.8271492920987997,0.7124636012338506,0.2353670103246477,0.7567484678682693,0.1711368185747056,0.11010287681658695,0.7678187436836287,0.4799877203390707
IMAGE 3.2,SSP2021-SSP1-SPA1-26-Default,R10NORTH_AM,0.16351777337890758,1.5822395536336233,0.0,0.31805228673255725,1.9766557147269332,0.5725538963957754,0.16351777337890758,0.7826149741991877,0.0,0.0955087539176566,0.8620993301367792,0.3857303573492415
IMAGE 3.2,SSP2021-SSP1-SPA1-26-Lifestyle,R10NORTH_AM,0.13805389486032926,0.3869861704197932,0.0,0.3071919289804309,2.005328043953891,0.5540058752280437,0.13805389486032926,0.1606552127894753,0.0,0.09043123541854017,0.8801804531211688,0.37323452965827963
IMAGE 3.2,SSP2021-SSP1-SPA1-26-Lifestyle-Renewables,R10NORTH_AM,0.2073717044179218,1.3848813104475177,0.0,0.28801801043221026,2.0243250944725903,0.7427170012967865,0.2073717044179218,0.6799180167438408,0.0,0.08146689664157117,0.8921602265134996,0.5003694780928233
IMAGE 3.2,SSP2021-SSP1-SPA1-26-Renewables,R10NORTH_AM,0.20693058105596168,1.5759749099292768,1.0056945101199,0.3312606826316892,1.961522104486475,0.6613391581796375,0.20693058105596168,0.7793551161988735,0.1386125920188871,0.10168404538154648,0.8525558896374189,0.4455451118567576
IMAGE 3.2,SSP2021-SSP2-SPA0-26-Default,R10NORTH_AM,0.20413037299556952,1.8963457072198338,0.0,0.31920054301121314,2.1823094153373863,0.4157040593699698,0.20413037299556952,0.9460626507215573,0.0,0.0960455955788312,0.9917870797262446,0.2800604037134484
IMAGE 3.2,SSP2021-SSP2-SPA2-19-Renewables,R10NORTH_AM,0.32707814099101595,1.6178739901617591,1.2321510564371054,0.40119841939570355,1.802974117867532,0.7631918252485114,0.32707814099101595,0.8011576413459779,0.16982458388004448,0.1343818772864017,0.7525735818767665,0.5141633955026567
IMAGE 3.2,SSP2021-SSP2-SPA2-26-Default,R10NORTH_AM,0.19174901759062854,1.7362926832936576,0.0,0.3011068361663821,1.9816452321379965,0.31950018823180937,0.19174901759062854,0.8627777657155312,0.0,0.08758628573664559,0.8652457811009852,0.21524772175267148
IMAGE 3.2,SSP2021-SSP2-SPA2-26-Lifestyle,R10NORTH_AM,0.14871916457903864,1.4581228764834842,0.0,0.2815829152797171,1.95483542870693,0.4562866098261967,0.14871916457903864,0.7180298577783487,0.0,0.07845831115791516,0.8483391897603465,0.3074009244716956
IMAGE 3.2,SSP2021-SSP2-SPA2-26-Lifestyle-Renewables,R10NORTH_AM,0.20968583711406114,1.4663532500273035,0.0,0.2718350172262146,1.8431596738148213,0.7042413140955219,0.20968583711406114,0.7223125991932802,0.0,0.07390089842586502,0.7779150870446079,0.4744483540434945
IMAGE 3.2,SSP2021-SSP2-SPA2-26-Renewables,R10NORTH_AM,0.2704209558699779,1.735228459556724,0.0,0.3118645910085377,1.8074453561096249,0.5250857200057393,0.2704209558699779,0.8622239882899195,0.0,0.09261583452930021,0.7553931996311475,0.35375098081035794
IMAGE 3.3,NAVIGATE Demand-1.5°C-ele_u,R10NORTH_AM,0.1631273864171402,1.6123285441075659,0.0,0.591012034121513,1.6470757593619103,0.7269988425210254,0.1631273864171402,0.7982720236575321,0.0,0.22312500731503804,0.6542621621489849,0.48978013263624215
IMAGE 3.3,NAVIGATE Demand-1.5°C-tec_u,R10NORTH_AM,0.14479462712237193,1.601612287705096,0.0,0.48572695389285786,1.7043506173080474,0.725455867346704,0.14479462712237193,0.792695732999091,0.0,0.1739013118582942,0.6903803910602195,0.4887406281125307
IMAGE 3.3,NAVIGATE Demand-2.0°C-ele_u,R10NORTH_AM,0.14734874286660224,1.884616173004818,0.0,0.4403031570275328,1.8776227121894857,0.6068311314523023,0.14734874286660224,0.9399590927611503,0.0,0.15266442683591652,0.7996479023431352,0.4088229783418312
IMAGE 3.3,NAVIGATE Demand-2.0°C-ref,R10NORTH_AM,0.1440995905654457,1.8828868295847054,0.0,0.42494844658775344,1.8407481152965883,0.45754791182558496,0.1440995905654457,0.9390592149309979,0.0,0.14548567378873523,0.7763943286225392,0.3082506653851922
IMAGE 3.3,NAVIGATE Demand-2.0°C-tec_u,R10NORTH_AM,0.12704334015644841,1.8823720496276675,0.0,0.36086470947523847,1.8701739293302009,0.4244740738538436,0.12704334015644841,0.9387913450184301,0.0,0.11552474910210585,0.7949506083808398,0.28596877468449194
MESSAGEix-GLOBIOM 2.0-M-R12-NGFS,NGFS Phase 5-Below 2°C,R10NORTH_AM,0.15620182104252656,0.7383759380080249,2.215814166199008,0.4898780796156541,1.9315151269637794,0.7066880363331984,0.15620182104252656,0.3435037192905378,0.30540063798538186,0.17584207827968848,0.8336331210446409,0.4760967142223604
MESSAGEix-GLOBIOM 2.0-M-R12-NGFS,NGFS Phase 5-Delayed Transition,R10NORTH_AM,0.14925833788463747,0.7388451145571744,2.2157951783764283,0.4603613857775583,1.9580929793679698,0.5763877207861867,0.14925833788463747,0.34374785910111366,0.30539802093688645,0.16204220516166487,0.8503934412187444,0.3883132101801048
MESSAGEix-GLOBIOM 2.0-M-R12-NGFS,NGFS Phase 5-Low Demand,R10NORTH_AM,0.11195355463867078,0.7506431285999167,2.215814166199008,0.3373208999128254,1.8812515297712504,0.9832475062296406,0.11195355463867078,0.34988705109352797,0.30540063798538186,0.10451736506179453,0.8019362792819057,0.6624152142325869
MESSAGEix-GLOBIOM 2.0-M-R12-NGFS,NGFS Phase 5-Nationally Determined Contributions (NDCs),R10NORTH_AM,0.1465757327297194,0.7862901420609137,2.215814166199008,0.4814832313041978,2.0520843679865846,0.5337388338206791,0.1465757327297194,0.3684362627490152,0.30540063798538186,0.1719172538336107,0.9096655653504968,0.359580595637943
MESSAGEix-GLOBIOM 2.0-M-R12-NGFS,NGFS Phase 5-Net-Zero 2050,R10NORTH_AM,0.18078518985139316,0.731708933762132,3.490612878157041,0.54544423924066,1.8093133621499573,0.9178837107613675,0.18078518985139316,0.34003448972940187,0.481103251441803,0.20182079922611257,0.7565711871843553,0.6183795341989792
POLES-JRC ENGAGE,ENGAGE-INDCi2030-1000,R10NORTH_AM,0.0829176532857166,1.7440933556335758,0.0,0.13815418376648475,1.9302669507509647,1.1852357590793632,0.0829176532857166,0.8668369086349391,0.0,0.011401400678087254,0.8328460057938549,0.7984949814694086
POLES-JRC ENGAGE,ENGAGE-INDCi2030-1000-COV,R10NORTH_AM,0.08095160323022182,1.7397509273815808,0.0,0.14445930267285984,1.9072649934966772,0.8802194140757099,0.08095160323022182,0.8645772909860959,0.0,0.014349218661337409,0.8183406890229591,0.5930050450699698
POLES-JRC ENGAGE,ENGAGE-INDCi2030-1000-COV-NDCp,R10NORTH_AM,0.07902208372541442,1.7384666924698133,0.0,0.14399979640641167,1.840614204461195,0.7361934284406254,0.07902208372541442,0.8639090289669002,0.0,0.014134386735759848,0.7763098828049524,0.4959745379747991
POLES-JRC ENGAGE,ENGAGE-INDCi2030-1000-NDCp,R10NORTH_AM,0.0855635344434416,1.7404080082080426,0.0,0.12898927688046927,1.8999965808549475,0.9408139644224287,0.0855635344434416,0.8649192083065508,0.0,0.007116552488135856,0.8137571387352884,0.6338276780234618
POLES-JRC ENGAGE,ENGAGE-INDCi2030-1000f,R10NORTH_AM,0.11043962338324781,1.7547487282397396,0.0,0.15121819385971894,1.9442351104935127,0.8083907725174837,0.11043962338324781,0.8723815179177355,0.0,0.017509187772674732,0.8416544988943442,0.5446139892225161
POLES-JRC ENGAGE,ENGAGE-INDCi2030-1000f-COV,R10NORTH_AM,0.08468295151255589,1.746875816183924,0.0,0.15487679088044182,1.919390461081126,0.6651761519750985,0.08468295151255589,0.8682847844781125,0.0,0.019219683363843963,0.8259871578152995,0.4481300999202166
POLES-JRC ENGAGE,ENGAGE-INDCi2030-1000f-COV-NDCp,R10NORTH_AM,0.06591310705291624,1.7456751146515987,0.0,0.15711079241999623,1.856145848868293,0.5384471507293618,0.06591310705291624,0.8676599897282652,0.0,0.020264141051429922,0.7861043285387336,0.3627525952961974
POLES-JRC ENGAGE,ENGAGE-INDCi2030-1000f-NDCp,R10NORTH_AM,0.09275748855831618,1.748690742287172,0.0,0.14417859123913151,1.9132998668687817,0.6651820102686261,0.09275748855831618,0.8692291959493582,0.0,0.014217978279556249,0.8221463542960004,0.4481340466607244
POLES-JRC ENGAGE,ENGAGE-INDCi2030-1200,R10NORTH_AM,0.06657300554567241,1.7466105432259054,0.0,0.15077240599635558,1.9482569106403151,0.7478999451170154,0.06657300554567241,0.8681467475497132,0.0,0.0173007695810672,0.8441906954655177,0.5038612345623592
POLES-JRC ENGAGE,ENGAGE-INDCi2030-1200f,R10NORTH_AM,0.0596343304889849,1.7513834226140506,0.0,0.1607316838994362,1.9569948807955109,0.6262573667425227,0.0596343304889849,0.8706303539273887,0.0,0.021957008256154365,0.8497009667713269,0.4219104601101283
POLES-JRC ENGAGE,ENGAGE-INDCi2030-300f,R10NORTH_AM,0.1573333523689945,1.7560351422831442,0.0,0.18287269640751874,1.9486406160537615,1.2849316773483548,0.1573333523689945,0.8730509138656966,0.0,0.03230854576208472,0.8444326648121787,0.8656602604453052
POLES-JRC ENGAGE,ENGAGE-INDCi2030-400f,R10NORTH_AM,0.13974945118597906,1.7556716631259903,0.0,0.180456911847465,1.9417124501279561,1.2732065291280499,0.13974945118597906,0.8728617745475941,0.0,0.031179099470027626,0.8400636782827214,0.8577610117606631
POLES-JRC ENGAGE,ENGAGE-INDCi2030-500f,R10NORTH_AM,0.14339500829875293,1.7557689976724706,0.0,0.17930476060859102,1.9351733022093331,1.2435913571705,0.14339500829875293,0.8729124233657911,0.0,0.03064043680691073,0.8359400112867883,0.8378092291703154
POLES-JRC ENGAGE,ENGAGE-INDCi2030-600f,R10NORTH_AM,0.13161367102039206,1.7558872518826718,0.0,0.17371395495972472,1.9335001569247363,1.2136865832940542,0.13161367102039206,0.8729739579001379,0.0,0.02802658008552185,0.8348849053195652,0.8176623413639035
POLES-JRC ENGAGE,ENGAGE-INDCi2030-600f-COV,R10NORTH_AM,0.13711038618805196,1.7493075818160593,0.0,0.17384357657091304,1.9008395294963005,1.1083101305451237,0.13711038618805196,0.869550173385275,0.0,0.028087181784261016,0.8142887125022183,0.7466700783980719
POLES-JRC ENGAGE,ENGAGE-INDCi2030-600f-COV-NDCp,R10NORTH_AM,0.13278831316560685,1.7502592812399267,0.0,0.1848608727206935,1.8313920963722303,0.973642392291907,0.13278831316560685,0.8700453978748395,0.0,0.033238073337515966,0.7704943081715833,0.6559442355965055
POLES-JRC ENGAGE,ENGAGE-INDCi2030-600f-NDCp,R10NORTH_AM,0.14654192459307477,1.7521160466706167,0.0,0.15752845393491877,1.8977008143211709,1.097119959476923,0.14654192459307477,0.8710115807783847,0.0,0.02045940939495875,0.8123094001608572,0.7391312445658198
POLES-JRC ENGAGE,ENGAGE-INDCi2030-700f,R10NORTH_AM,0.13056631115707365,1.7560952863163426,0.0,0.16684643036529986,1.928593637146461,1.1441487878141958,0.13056631115707365,0.8730822102996274,0.0,0.024815821842820118,0.8317907936820313,0.7708146317097139
POLES-JRC ENGAGE,ENGAGE-INDCi2030-800f,R10NORTH_AM,0.12640002243535078,1.7562534912732333,0.0,0.16609576686983854,1.9315672445337932,1.048921282505027,0.12640002243535078,0.8731645335280102,0.0,0.02446486583641508,0.8336659870244366,0.7066597287676307
POLES-JRC ENGAGE,ENGAGE-INDCi2030-900,R10NORTH_AM,0.07023245741396254,1.7418404240711678,0.0,0.11376760787101324,1.9520378635284303,1.2894947456046695,0.07023245741396254,0.8656645774818074,0.0,0.0,0.8465750107971063,0.8687344058841838
POLES-JRC ENGAGE,ENGAGE-INDCi2030-900f,R10NORTH_AM,0.11313251117861803,1.7552659088150668,0.0,0.15831066450456507,1.9366407329615223,0.9076710935779739,0.11313251117861803,0.8726506370114389,0.0,0.020825114533613683,0.8368653911431433,0.6114992797802783
POLES-JRC ENGAGE,ENGAGE-NPi2020-1000f,R10NORTH_AM,0.062219424501729174,1.7375126686388656,0.0,0.15730656284740557,1.9980244144068071,0.5976584308826077,0.062219424501729174,0.8634125949533189,0.0,0.02035566915662114,0.8755746946204228,0.40264331719398333
POLES-JRC ENGAGE,ENGAGE-NPi2020-1000f-COV,R10NORTH_AM,0.05878154375919943,1.7358309601163975,0.0,0.1670904198232882,2.017270085410703,0.5626048712393863,0.05878154375919943,0.8625375043272774,0.0,0.024929893682330437,0.8877112511444516,0.37902768524621594
POLES-JRC ENGAGE,ENGAGE-NPi2020-1200f,R10NORTH_AM,0.04809544412215183,1.736423829197271,0.0,0.16938303899233295,2.018439354834748,0.5427596550466393,0.04809544412215183,0.8628460085467724,0.0,0.026001756737668046,0.8884486068050503,0.3656579354604074
POLES-JRC ENGAGE,ENGAGE-NPi2020-900f,R10NORTH_AM,0.0773577190248074,1.740064141235627,0.0,0.1534118796763635,1.9781465296836924,0.6350367503362616,0.0773577190248074,0.8647402743473385,0.0,0.01853479674150279,0.8630394563597577,0.4278251430635355
REMIND-MAgPIE 2.1-4.2,NGFS Phase 2-Delayed Transition,R10NORTH_AM,0.22321460778407748,1.8093819756721594,0.0,0.5478616311399547,1.9265076084419839,1.4598501819621754,0.22321460778407748,0.9008103699212665,0.0,0.20295099699385,0.8304753183589049,0.9835031005978498
REMIND-MAgPIE 3.2.0-4.8.0,RESCUE-End-of-Century-Budget-1150,R10NORTH_AM,0.1899722716021679,1.6735953007171944,1.1423326749250953,0.4859027786823667,1.9332169872678233,0.6810633034021167,0.1899722716021679,0.8301526757924063,0.15744512018899112,0.1739835148245049,0.8347063350558254,0.4588332959612914
REMIND-MAgPIE 3.2.0-4.8.0,RESCUE-End-of-Century-Budget-1150-with-OAE,R10NORTH_AM,0.1822779397444063,1.670421743287817,1.1423326749250953,0.499983765391105,1.932358377741775,0.6806630190849837,0.1822779397444063,0.8285012895262671,0.15744512018899112,0.18056676669624303,0.8341648853426485,0.4585636238593968
REMIND-MAgPIE 3.2.0-4.8.0,RESCUE-End-of-Century-Budget-500,R10NORTH_AM,0.19397913827690072,1.6358205017643122,1.1457254438133253,0.4812103543413185,1.9106100708047573,0.9007063146360628,0.19397913827690072,0.8104962537533721,0.15791273782534723,0.1717896762842679,0.8204501358600447,0.606807098507854
REMIND-MAgPIE 3.2.0-4.8.0,RESCUE-End-of-Century-Budget-500-with-OAE,R10NORTH_AM,0.1826782185648247,1.644100771812346,1.147941389154977,0.496829426071405,1.9105344765818033,0.9043802383787063,0.1826782185648247,0.8148049592176776,0.15821815654294757,0.17909202556765255,0.8204024652145482,0.6092822260496359
REMIND-MAgPIE 3.2.0-4.8.0,RESCUE-Peak-Budget-1150,R10NORTH_AM,0.18961254236323502,1.8140093543808118,4.758584572013188,0.5936614083601317,1.8005684563469788,0.7284642927963709,0.18961254236323502,0.9032182638440156,0.6558649124863933,0.22436366326125076,0.7510565421738659,0.49076740852755113
REMIND-MAgPIE 3.2.0-4.8.0,RESCUE-Peak-Budget-1150-with-OAE,R10NORTH_AM,0.189491850018643,1.8140369188750358,4.756657604615871,0.5925585105705051,1.8012468629434522,0.7283283264772366,0.189491850018643,0.9032326072514401,0.6555993229430576,0.22384802795187367,0.7514843537062725,0.4906758078290015
REMIND-MAgPIE 3.3-4.8,NGFS Phase 5-Below 2°C,R10NORTH_AM,0.14227735810753517,0.7119089075194422,4.800724789309031,0.4603373925003202,1.8310408073191877,0.6273059848812486,0.14227735810753517,0.3297313859936091,0.6616730030037807,0.16203098763901863,0.7702727809799534,0.4226169156105097
REMIND-MAgPIE 3.3-4.8,NGFS Phase 5-Delayed Transition,R10NORTH_AM,0.16472731061723137,1.3772712668727045,1.4061083581885188,0.4534174199972171,1.8744701524261835,1.484337142480552,0.16472731061723137,0.6759580690435617,0.19380072400384843,0.15879570854418368,0.7976598594344235,1.0
REMIND-MAgPIE 3.3-4.8,NGFS Phase 5-Low Demand,R10NORTH_AM,0.09896299151006187,0.6696577387214853,4.330272858808423,0.4177816317686844,1.5963171784642438,1.4714600234903803,0.09896299151006187,0.3077456487148738,0.5968316810607942,0.14213498906415145,0.6222531775820493,0.9913246670034463
REMIND-MAgPIE 3.3-4.8,NGFS Phase 5-Net-Zero 2050,R10NORTH_AM,0.1766778549746664,0.7556958867220117,7.255433979496365,0.5385341546000765,1.5593785541817324,1.2586967262065083,0.1766778549746664,0.3525162946331942,1.0,0.19859014298127997,0.598959227403133,0.8479857373258447
WITCH 5.0,ENGAGE-INDCi2030-1000,R10NORTH_AM,0.1954869861846042,1.4902975597676438,0.0,0.508719547818297,1.9261880672652456,0.6748108429930597,0.1954869861846042,0.7347722143530208,0.0,0.18465098729842705,0.8302738117680225,0.4546210046764367
WITCH 5.0,ENGAGE-INDCi2030-1000-NDCp,R10NORTH_AM,0.207377477343007,1.4902975598800094,0.0,0.5242928748364747,1.8030663842194141,0.9819473867904563,0.207377477343007,0.7347722144114911,0.0,0.1919319496601048,0.7526317661715441,0.661539321955842
WITCH 5.0,ENGAGE-INDCi2030-1000f,R10NORTH_AM,0.20623765908411107,1.4286329496313717,0.0,0.5226600237841378,1.9291564212551726,0.6957482125829875,0.20623765908411107,0.7026845359189682,0.0,0.19116854650030382,0.8321456922534982,0.4687265397268756
WITCH 5.0,ENGAGE-INDCi2030-1000f-NDCp,R10NORTH_AM,0.21327644941969015,1.4638031977790942,0.0,0.5393405240134113,1.8038802390344357,0.921016999924938,0.21327644941969015,0.7209856588891129,0.0,0.19896714304948926,0.7531449930142383,0.6204904354719435
WITCH 5.0,ENGAGE-INDCi2030-1200,R10NORTH_AM,0.2116726132785342,1.4902975597676438,0.0,0.4628200039742869,1.9367919503559279,0.6989412214595498,0.2116726132785342,0.7347722143530208,0.0,0.16319167736700818,0.8369607506894148,0.4708776742536492
WITCH 5.0,ENGAGE-INDCi2030-1200-NDCp,R10NORTH_AM,0.21338670289418912,1.4902975598800094,0.0,0.4649273123040571,1.810679314473098,0.934749591939019,0.21338670289418912,0.7347722144114911,0.0,0.16417690246474081,0.7574325734969225,0.6297421018360498
WITCH 5.0,ENGAGE-INDCi2030-1200f,R10NORTH_AM,0.20986088593643537,1.4875452916238485,0.0,0.48952338524984224,1.9507678638784611,0.7010383747055471,0.20986088593643537,0.7333400493726986,0.0,0.17567624882498292,0.8457741334187998,0.47229052931600557
WITCH 5.0,ENGAGE-INDCi2030-1200f-NDCp,R10NORTH_AM,0.21086952073558698,1.4902975598800094,0.0,0.49151327780345777,1.8360405283949768,0.9355720518892049,0.21086952073558698,0.7347722144114911,0.0,0.17660657879042618,0.773425666500464,0.6302961942498605
WITCH 5.0,ENGAGE-INDCi2030-1400,R10NORTH_AM,0.2079143990826879,1.4902975597676438,0.0,0.4503603280411972,2.0027739505372755,0.6572058230861788,0.2079143990826879,0.7347722143530208,0.0,0.1573664332556093,0.8785698104414652,0.4427604782481481
WITCH 5.0,ENGAGE-INDCi2030-1400-NDCp,R10NORTH_AM,0.20668216412613657,1.4902975598800094,0.0,0.4624246501774096,1.879636423511007,0.9033177340055613,0.20668216412613657,0.7347722144114911,0.0,0.16300683850044803,0.8009177734363164,0.6085664153737881
WITCH 5.0,ENGAGE-INDCi2030-1400f,R10NORTH_AM,0.20722677821184668,1.4902975597676438,0.0,0.45665466450786263,2.0073647083304618,0.6594900567735408,0.20722677821184668,0.7347722143530208,0.0,0.16030921014920654,0.8814647986927896,0.44429936966438305
WITCH 5.0,ENGAGE-INDCi2030-1400f-NDCp,R10NORTH_AM,0.20658775108650732,1.4902975598800094,0.0,0.4689766990426713,1.8944999264961877,0.900844905128837,0.20658775108650732,0.7347722144114911,0.0,0.16607010308894354,0.81029088098285,0.6069004671158392
WITCH 5.0,ENGAGE-INDCi2030-1600-NDCp,R10NORTH_AM,0.213787518812778,1.5069039284785017,0.0,0.4930209249328239,1.9349218123962197,0.8935323151237018,0.213787518812778,0.7434134725718557,0.0,0.17731144564326973,0.8357814187216628,0.6019739650457537
WITCH 5.0,ENGAGE-INDCi2030-500f,R10NORTH_AM,0.19805677972357036,1.4257072926204928,0.0,0.5426658830414227,1.888329651059452,0.9036892228090796,0.19805677972357036,0.7011621466398347,0.0,0.20052184063554496,0.8063998295047482,0.6088166878980594
WITCH 5.0,ENGAGE-INDCi2030-600f,R10NORTH_AM,0.195978548070375,1.4244257252846435,0.0,0.5541700359757852,1.8973401252792197,0.8020918544595697,0.195978548070375,0.700495272715335,0.0,0.2059003512402673,0.8120819452207643,0.5403703993549287
WITCH 5.0,ENGAGE-INDCi2030-600f-NDCp,R10NORTH_AM,0.20249107904214306,1.4239786353552049,0.0,0.5695627660542031,1.7864000164969036,1.1292560385658985,0.20249107904214306,0.7002626258558928,0.0,0.21309687952311973,0.742121749977588,0.7607813658012631
WITCH 5.0,ENGAGE-INDCi2030-700f,R10NORTH_AM,0.19941915685483472,1.4234076800225124,0.0,0.5544365694623672,1.9276607846598472,0.7159727825525253,0.19941915685483472,0.6999655246324332,0.0,0.2060249630384826,0.8312025254460171,0.48235186068040203
WITCH 5.0,ENGAGE-INDCi2030-700f-NDCp,R10NORTH_AM,0.20473947657617556,1.423024487358781,0.0,0.5723259357809891,1.7986144770167063,1.044893696083665,0.20473947657617556,0.6997661272318021,0.0,0.21438873801656647,0.7498243388080368,0.7039463381866801
WITCH 5.0,ENGAGE-INDCi2030-800,R10NORTH_AM,0.19664274186901257,1.4902975597676438,0.0,0.5436678810837471,1.8937860449928572,0.8489006916014805,0.19664274186901257,0.7347722143530208,0.0,0.20099030251425096,0.8098406985384511,0.5719055781241443
WITCH 5.0,ENGAGE-INDCi2030-800-NDCp,R10NORTH_AM,0.2038250831464319,1.4902975598800094,0.0,0.5611778810916221,1.7591937861979703,1.1884636826911508,0.2038250831464319,0.7347722144114911,0.0,0.2091767132190095,0.7249651669848769,0.8006696381019262
WITCH 5.0,ENGAGE-INDCi2030-800f,R10NORTH_AM,0.20360546775528712,1.4224973456968135,0.0,0.5608452684037066,1.935060195801372,0.6577210244729512,0.20360546775528712,0.6994918248061317,0.0,0.20902120756123305,0.8358686849966749,0.4431075701398941
WITCH 5.0,ENGAGE-INDCi2030-800f-NDCp,R10NORTH_AM,0.20526952156229428,1.4221881217089403,0.0,0.5633294816134714,1.8025849257321567,0.9971101640138568,0.20526952156229428,0.6993309176040097,0.0,0.21018264614513793,0.7523281525358652,0.6717545060871648
WITCH 5.0,ENGAGE-INDCi2030-900,R10NORTH_AM,0.20324682146468695,1.4902975597676438,0.0,0.5556156795947715,1.9302432870008277,0.7062555819479853,0.20324682146468695,0.7347722143530208,0.0,0.20657622973212414,0.8328310831423638,0.4758053691007997
WITCH 5.0,ENGAGE-INDCi2030-900-NDCp,R10NORTH_AM,0.1990913261741095,1.4902975598800094,0.0,0.5449810834705017,1.7973268526951913,1.0425745465881462,0.1990913261741095,0.7347722144114911,0.0,0.20160426105631876,0.7490123470953749,0.7023839239418656
WITCH 5.0,ENGAGE-INDCi2030-900f,R10NORTH_AM,0.2045659979288704,1.4221278522613665,0.0,0.5435507527735669,1.9319514476564812,0.6512875804025902,0.2045659979288704,0.6992995559096947,0.0,0.20093554178027848,0.8339082702326587,0.4387733499103782
WITCH 5.0,ENGAGE-INDCi2030-900f-NDCp,R10NORTH_AM,0.21028846852360134,1.4224374632236856,0.0,0.557202431113426,1.8026444792325695,0.9622459589447969,0.21028846852360134,0.6994606644770982,0.0,0.20731808008119684,0.7523657077047038,0.6482664425797082
