model,scenario,final_energy_demand,energy_diversity,gini_coefficient,resilience_score,Region
IMAGE 3.0,ENGAGE-INDCi2030-1000,0.13494319842493968,0.19848004498800723,0.6672872691702557,1.0007105125832028,R10LATIN_AM
IMAGE 3.0,ENGAGE-INDCi2030-1000f,0.135063215009077,0.1855203467014585,0.6672872691702557,0.9878708308807912,R10LATIN_AM
IMAGE 3.0,ENGAGE-INDCi2030-1200,0.1442932956010594,0.21038512210140728,0.6672872691702557,1.0219656868727225,R10LATIN_AM
IMAGE 3.0,ENGAGE-INDCi2030-1200f,0.1466794288132433,0.19159322526693945,0.6672872691702557,1.0055599232504384,R10LATIN_AM
IMAGE 3.0,ENGAGE-INDCi2030-1400f,0.1599954373214745,0.20029105473578407,0.6672872691702557,1.0275737612275142,R10LATIN_AM
IMAGE 3.0,ENGAGE-INDCi2030-800f,0.1271837628615642,0.19189392251179874,0.6672872691702557,0.9863649545436186,R10LATIN_AM
IMAGE 3.0,ENGAGE-NPi2020-1000,0.14095058260519785,0.1882760163050577,0.6672872691702557,0.9965138680805112,R10LATIN_AM
IMAGE 3.0,ENGAGE-NPi2020-1200,0.15002112836887732,0.22387789023091081,0.6672872691702557,1.041186287770044,R10LATIN_AM
IMAGE 3.0,ENGAGE-NPi2020-1400,0.15915728710061042,0.21994516215863685,0.6672872691702557,1.046389718429503,R10LATIN_AM
IMAGE 3.0,ENGAGE-NPi2020-1400f,0.16207537484986845,0.20656180999051083,0.6672872691702557,1.035924454010635,R10LATIN_AM
IMAGE 3.2,SSP2021-SSP1-SPA1-19-Default,0.10859641646842913,0.31290483039737443,0.6672872691702557,1.0887885160360593,R10LATIN_AM
IMAGE 3.2,SSP2021-SSP1-SPA1-19-Lifestyle-Renewables,0.1448474945751205,0.25286998549866757,0.6672872691702557,1.0650047492440438,R10LATIN_AM
IMAGE 3.2,SSP2021-SSP1-SPA1-19-Renewables,0.11052295279009915,0.3757963774261912,0.6672872691702557,1.153606599386546,R10LATIN_AM
IMAGE 3.2,SSP2021-SSP1-SPA1-26-Default,0.12307653235067506,0.29381964353063983,0.6672872691702557,1.0841834450515706,R10LATIN_AM
IMAGE 3.2,SSP2021-SSP1-SPA1-26-Lifestyle,0.10653173518495629,0.3057136827352148,0.6672872691702557,1.0795326870904267,R10LATIN_AM
IMAGE 3.2,SSP2021-SSP1-SPA1-26-Lifestyle-Renewables,0.16147053017084434,0.2347837113212736,0.6672872691702557,1.0635415106623736,R10LATIN_AM
IMAGE 3.2,SSP2021-SSP1-SPA1-26-Renewables,0.12322386627387791,0.39087756291980846,0.6672872691702557,1.1813886983639421,R10LATIN_AM
IMAGE 3.2,SSP2021-SSP2-SPA0-26-Default,0.1731690435384793,0.24070431359280264,0.6672872691702557,1.0811606263015376,R10LATIN_AM
IMAGE 3.2,SSP2021-SSP2-SPA2-19-Renewables,0.16869835038043657,0.3560054915781593,0.6672872691702557,1.1919911111288517,R10LATIN_AM
IMAGE 3.2,SSP2021-SSP2-SPA2-26-Default,0.18234301334441116,0.25090437230049034,0.6672872691702557,1.1005346548151573,R10LATIN_AM
IMAGE 3.2,SSP2021-SSP2-SPA2-26-Lifestyle,0.1600621301933394,0.20445190497140753,0.6672872691702557,1.0318013043350027,R10LATIN_AM
IMAGE 3.2,SSP2021-SSP2-SPA2-26-Lifestyle-Renewables,0.1614270828146094,0.20142957604045553,0.6672872691702557,1.0301439280253206,R10LATIN_AM
IMAGE 3.2,SSP2021-SSP2-SPA2-26-Renewables,0.1809403735847653,0.22028501317591642,0.6672872691702557,1.0685126559309375,R10LATIN_AM
IMAGE 3.3,NAVIGATE Demand-1.5°C-ele_u,0.17315794437730478,0.5418563123719513,0.6672872691702557,1.382301525919512,R10LATIN_AM
IMAGE 3.3,NAVIGATE Demand-1.5°C-tec_u,0.14604597532004981,0.5225945569507677,0.6672872691702557,1.3359278014410734,R10LATIN_AM
IMAGE 3.3,NAVIGATE Demand-2.0°C-ele_u,0.1850920187163626,0.38104521703175787,0.6672872691702557,1.2334245049183763,R10LATIN_AM
IMAGE 3.3,NAVIGATE Demand-2.0°C-ref,0.18430803644973057,0.32985932438333737,0.6672872691702557,1.1814546300033237,R10LATIN_AM
IMAGE 3.3,NAVIGATE Demand-2.0°C-tec_u,0.15997482471128413,0.34719198911742827,0.6672872691702557,1.174454082998968,R10LATIN_AM
MESSAGEix-GLOBIOM 2.0-M-R12-NGFS,NGFS Phase 5-Below 2°C,0.10178743864103611,0.6876774504792336,0.6672872691702557,1.4567521582905254,R10LATIN_AM
MESSAGEix-GLOBIOM 2.0-M-R12-NGFS,NGFS Phase 5-Delayed Transition,0.10200875063311213,0.6366424448247417,0.6672872691702557,1.4059384646281097,R10LATIN_AM
MESSAGEix-GLOBIOM 2.0-M-R12-NGFS,NGFS Phase 5-Low Demand,0.00921532330744492,0.5398214778714185,0.6672872691702557,1.2163240703491192,R10LATIN_AM
MESSAGEix-GLOBIOM 2.0-M-R12-NGFS,NGFS Phase 5-Nationally Determined Contributions (NDCs),0.10989192006579694,0.5520414847959447,0.6672872691702557,1.3292206740319974,R10LATIN_AM
MESSAGEix-GLOBIOM 2.0-M-R12-NGFS,NGFS Phase 5-Net-Zero 2050,0.08738489488284949,0.8424111177322623,0.6672872691702557,1.5970832817853675,R10LATIN_AM
POLES-JRC ENGAGE,ENGAGE-INDCi2030-1000,0.21649771961747127,0.26615250189198864,0.6672872691702557,1.1499374906797155,R10LATIN_AM
POLES-JRC ENGAGE,ENGAGE-INDCi2030-1000-COV,0.21735339438005508,0.2424248209558082,0.6672872691702557,1.127065484506119,R10LATIN_AM
POLES-JRC ENGAGE,ENGAGE-INDCi2030-1000-COV-NDCp,0.2169520869050656,0.24464089072421863,0.6672872691702557,1.12888024679954,R10LATIN_AM
POLES-JRC ENGAGE,ENGAGE-INDCi2030-1000-NDCp,0.22587604241394738,0.2346239593765258,0.6672872691702557,1.1277872709607288,R10LATIN_AM
POLES-JRC ENGAGE,ENGAGE-INDCi2030-1000f,0.2192170504279299,0.29780221796994377,0.6672872691702557,1.1843065375681294,R10LATIN_AM
POLES-JRC ENGAGE,ENGAGE-INDCi2030-1000f-COV,0.2187432008538715,0.2564534074803379,0.6672872691702557,1.142483877504465,R10LATIN_AM
POLES-JRC ENGAGE,ENGAGE-INDCi2030-1000f-COV-NDCp,0.21942030331696413,0.2510795136188547,0.6672872691702557,1.1377870861060746,R10LATIN_AM
POLES-JRC ENGAGE,ENGAGE-INDCi2030-1000f-NDCp,0.2273001007292854,0.259759657723298,0.6672872691702557,1.1543470276228391,R10LATIN_AM
POLES-JRC ENGAGE,ENGAGE-INDCi2030-1200,0.2261340651121085,0.22781782618165192,0.6672872691702557,1.1212391604640162,R10LATIN_AM
POLES-JRC ENGAGE,ENGAGE-INDCi2030-1200f,0.22913382932032042,0.2349423333925751,0.6672872691702557,1.1313634318831514,R10LATIN_AM
POLES-JRC ENGAGE,ENGAGE-INDCi2030-300f,0.19752333487267046,0.47361094391008846,0.6672872691702557,1.3384215479530146,R10LATIN_AM
POLES-JRC ENGAGE,ENGAGE-INDCi2030-400f,0.20089861082567023,0.45940030393901987,0.6672872691702557,1.3275861839349457,R10LATIN_AM
POLES-JRC ENGAGE,ENGAGE-INDCi2030-500f,0.20512076698029302,0.46023309383982974,0.6672872691702557,1.3326411299903786,R10LATIN_AM
POLES-JRC ENGAGE,ENGAGE-INDCi2030-600f,0.20724129239349584,0.4531170740356613,0.6672872691702557,1.3276456355994128,R10LATIN_AM
POLES-JRC ENGAGE,ENGAGE-INDCi2030-600f-COV,0.20551201230570776,0.440821572434429,0.6672872691702557,1.3136208539103924,R10LATIN_AM
POLES-JRC ENGAGE,ENGAGE-INDCi2030-600f-COV-NDCp,0.20545135875372572,0.44265894033994013,0.6672872691702557,1.3153975682639216,R10LATIN_AM
POLES-JRC ENGAGE,ENGAGE-INDCi2030-600f-NDCp,0.21380825079840823,0.4254506610510478,0.6672872691702557,1.3065461810197116,R10LATIN_AM
POLES-JRC ENGAGE,ENGAGE-INDCi2030-700f,0.21080233682470484,0.43340555674322284,0.6672872691702557,1.3114951627381832,R10LATIN_AM
POLES-JRC ENGAGE,ENGAGE-INDCi2030-800f,0.21311726470855474,0.40693892359648315,0.6672872691702557,1.2873434574752936,R10LATIN_AM
POLES-JRC ENGAGE,ENGAGE-INDCi2030-900,0.2172000855704965,0.23637956506564095,0.6672872691702557,1.1208669198063932,R10LATIN_AM
POLES-JRC ENGAGE,ENGAGE-INDCi2030-900f,0.21601259326859962,0.3517018880309919,0.6672872691702557,1.2350017504698472,R10LATIN_AM
POLES-JRC ENGAGE,ENGAGE-NPi2020-1000f,0.2260628491330936,0.24387491956404245,0.6672872691702557,1.1372250378673918,R10LATIN_AM
POLES-JRC ENGAGE,ENGAGE-NPi2020-1000f-COV,0.22365755452884586,0.2297564639788823,0.6672872691702557,1.1207012876779838,R10LATIN_AM
POLES-JRC ENGAGE,ENGAGE-NPi2020-1200f,0.2324804026215064,0.225784315374247,0.6672872691702557,1.1255519871660091,R10LATIN_AM
POLES-JRC ENGAGE,ENGAGE-NPi2020-900f,0.22244416856580357,0.26953483185703414,0.6672872691702557,1.1592662695930933,R10LATIN_AM
REMIND-MAgPIE 2.1-4.2,NGFS Phase 2-Delayed Transition,0.19841679930315528,0.501977039809637,0.6672872691702557,1.367681108283048,R10LATIN_AM
REMIND-MAgPIE 3.2.0-4.8.0,RESCUE-End-of-Century-Budget-1150,0.31565790731554566,0.48952311521856157,0.6672872691702557,1.472468291704363,R10LATIN_AM
REMIND-MAgPIE 3.2.0-4.8.0,RESCUE-End-of-Century-Budget-1150-with-OAE,0.321922461155077,0.5062925783834622,0.6672872691702557,1.495502308708795,R10LATIN_AM
REMIND-MAgPIE 3.2.0-4.8.0,RESCUE-End-of-Century-Budget-500,0.311746551235623,0.5863392149386133,0.6672872691702557,1.565373035344492,R10LATIN_AM
REMIND-MAgPIE 3.2.0-4.8.0,RESCUE-End-of-Century-Budget-500-with-OAE,0.31436933680105905,0.580908990604299,0.6672872691702557,1.5625655965756138,R10LATIN_AM
REMIND-MAgPIE 3.2.0-4.8.0,RESCUE-Peak-Budget-1150,0.3049095636988669,0.6206845557254269,0.6672872691702557,1.5928813885945496,R10LATIN_AM
REMIND-MAgPIE 3.2.0-4.8.0,RESCUE-Peak-Budget-1150-with-OAE,0.30472695479223016,0.6222748664118679,0.6672872691702557,1.5942890903743536,R10LATIN_AM
REMIND-MAgPIE 3.3-4.8,NGFS Phase 5-Below 2°C,0.2606316006088059,0.5086448513347547,0.6672872691702557,1.4365637211138162,R10LATIN_AM
REMIND-MAgPIE 3.3-4.8,NGFS Phase 5-Delayed Transition,0.26188734245060763,0.5182671887367902,0.6672872691702557,1.4474418003576535,R10LATIN_AM
REMIND-MAgPIE 3.3-4.8,NGFS Phase 5-Low Demand,0.0854382495768071,0.6814873006513668,0.6672872691702557,1.4342128193984296,R10LATIN_AM
REMIND-MAgPIE 3.3-4.8,NGFS Phase 5-Net-Zero 2050,0.22540554554918688,0.7399515150187281,0.6672872691702557,1.6326443297381708,R10LATIN_AM
WITCH 5.0,ENGAGE-INDCi2030-1000,0.12051526501576916,0.4388392874268693,0.6672872691702557,1.226641821612894,R10LATIN_AM
WITCH 5.0,ENGAGE-INDCi2030-1000-NDCp,0.13383559202696355,0.4561413757628966,0.6672872691702557,1.2572642369601157,R10LATIN_AM
WITCH 5.0,ENGAGE-INDCi2030-1000f,0.12590745684878285,0.42655586644540483,0.6672872691702557,1.2197505924644434,R10LATIN_AM
WITCH 5.0,ENGAGE-INDCi2030-1000f-NDCp,0.13435640040793634,0.4735609674445167,0.6672872691702557,1.2752046370227088,R10LATIN_AM
WITCH 5.0,ENGAGE-INDCi2030-1200,0.1309160394336914,0.39069246764902876,0.6672872691702557,1.1888957762529757,R10LATIN_AM
WITCH 5.0,ENGAGE-INDCi2030-1200-NDCp,0.1381455257527246,0.3947040397228564,0.6672872691702557,1.2001368346458365,R10LATIN_AM
WITCH 5.0,ENGAGE-INDCi2030-1200f,0.12909678763419064,0.40291126229705415,0.6672872691702557,1.1992953191015006,R10LATIN_AM
WITCH 5.0,ENGAGE-INDCi2030-1200f-NDCp,0.13931737557575957,0.44293716761450436,0.6672872691702557,1.2495418123605195,R10LATIN_AM
WITCH 5.0,ENGAGE-INDCi2030-1400,0.13789794229911445,0.3771293225688587,0.6672872691702557,1.182314534038229,R10LATIN_AM
WITCH 5.0,ENGAGE-INDCi2030-1400-NDCp,0.14756069645874983,0.4091464415456033,0.6672872691702557,1.223994407174609,R10LATIN_AM
WITCH 5.0,ENGAGE-INDCi2030-1400f,0.1341353790741885,0.3827631669630017,0.6672872691702557,1.1841858152074458,R10LATIN_AM
WITCH 5.0,ENGAGE-INDCi2030-1400f-NDCp,0.14244524326741725,0.41354768449501517,0.6672872691702557,1.2232801969326883,R10LATIN_AM
WITCH 5.0,ENGAGE-INDCi2030-1600-NDCp,0.15195582866411247,0.38663344076056594,0.6672872691702557,1.2058765385949342,R10LATIN_AM
WITCH 5.0,ENGAGE-INDCi2030-500f,0.11681553980365006,0.5163994056816013,0.6672872691702557,1.300502214655507,R10LATIN_AM
WITCH 5.0,ENGAGE-INDCi2030-600f,0.11797172050320048,0.4936178145359522,0.6672872691702557,1.2788768042094083,R10LATIN_AM
WITCH 5.0,ENGAGE-INDCi2030-600f-NDCp,0.12543963883410109,0.5535139758475361,0.6672872691702557,1.3462408838518929,R10LATIN_AM
WITCH 5.0,ENGAGE-INDCi2030-700f,0.1198278889620437,0.4700057522969537,0.6672872691702557,1.2571209104292531,R10LATIN_AM
WITCH 5.0,ENGAGE-INDCi2030-700f-NDCp,0.12752888820913155,0.523553574475301,0.6672872691702557,1.3183697318546883,R10LATIN_AM
WITCH 5.0,ENGAGE-INDCi2030-800,0.11709666024477462,0.4091409046228503,0.6672872691702557,1.1935248340378806,R10LATIN_AM
WITCH 5.0,ENGAGE-INDCi2030-800-NDCp,0.12568620775811398,0.42472293968433783,0.6672872691702557,1.2176964166127076,R10LATIN_AM
WITCH 5.0,ENGAGE-INDCi2030-800f,0.12163085402758282,0.4537937926150302,0.6672872691702557,1.2427119158128688,R10LATIN_AM
WITCH 5.0,ENGAGE-INDCi2030-800f-NDCp,0.12982740941705467,0.5056950080931055,0.6672872691702557,1.302809686680416,R10LATIN_AM
WITCH 5.0,ENGAGE-INDCi2030-900,0.12368602278054727,0.40190830320487597,0.6672872691702557,1.1928815951556788,R10LATIN_AM
WITCH 5.0,ENGAGE-INDCi2030-900-NDCp,0.12870821561660636,0.5009959793255122,0.6672872691702557,1.2969914641123743,R10LATIN_AM
WITCH 5.0,ENGAGE-INDCi2030-900f,0.12306938746137254,0.4414096617198976,0.6672872691702557,1.231766318351526,R10LATIN_AM
WITCH 5.0,ENGAGE-INDCi2030-900f-NDCp,0.1328952488630205,0.48346271844947675,0.6672872691702557,1.2836452364827529,R10LATIN_AM
IMAGE 3.0,ENGAGE-INDCi2030-1000,0.17923145285195038,0.062378710837555265,0.3332210976709425,0.5748312613604482,R10INDIA+
IMAGE 3.0,ENGAGE-INDCi2030-1000f,0.17120565048675657,0.062062484483425974,0.3332210976709425,0.566489232641125,R10INDIA+
IMAGE 3.0,ENGAGE-INDCi2030-1200,0.18686451796856585,0.08436624651315414,0.3332210976709425,0.6044518621526624,R10INDIA+
IMAGE 3.0,ENGAGE-INDCi2030-1200f,0.18459680535949316,0.08463768338421573,0.3332210976709425,0.6024555864146515,R10INDIA+
IMAGE 3.0,ENGAGE-INDCi2030-1400f,0.19654605841921338,0.08193131151355149,0.3332210976709425,0.6116984676037074,R10INDIA+
IMAGE 3.0,ENGAGE-INDCi2030-800f,0.1660793183078166,0.06773263549702828,0.3332210976709425,0.5670330514757873,R10INDIA+
IMAGE 3.0,ENGAGE-NPi2020-1000,0.1837907820858347,0.051711327405698476,0.3332210976709425,0.5687232071624757,R10INDIA+
IMAGE 3.0,ENGAGE-NPi2020-1200,0.19015083943847313,0.062142356808265936,0.3332210976709425,0.5855142939176816,R10INDIA+
IMAGE 3.0,ENGAGE-NPi2020-1400,0.19871679197047057,0.07209178348612898,0.3332210976709425,0.6040296731275421,R10INDIA+
IMAGE 3.0,ENGAGE-NPi2020-1400f,0.197213374681878,0.07134556933042516,0.3332210976709425,0.6017800416832457,R10INDIA+
IMAGE 3.2,SSP2021-SSP1-SPA1-19-Default,0.11981289113187528,0.1446956083515876,0.3332210976709425,0.5977295971544054,R10INDIA+
IMAGE 3.2,SSP2021-SSP1-SPA1-19-Lifestyle-Renewables,0.1876338991104958,0.038864461102621595,0.3332210976709425,0.5597194578840599,R10INDIA+
IMAGE 3.2,SSP2021-SSP1-SPA1-19-Renewables,0.12192322403581424,0.13556520677131043,0.3332210976709425,0.5907095284780672,R10INDIA+
IMAGE 3.2,SSP2021-SSP1-SPA1-26-Default,0.13905841942182298,0.10230372636029522,0.3332210976709425,0.5745832434530607,R10INDIA+
IMAGE 3.2,SSP2021-SSP1-SPA1-26-Lifestyle,0.11944684861383735,0.10665523804086226,0.3332210976709425,0.5593231843256421,R10INDIA+
IMAGE 3.2,SSP2021-SSP1-SPA1-26-Lifestyle-Renewables,0.2111751025418602,0.06506283869086611,0.3332210976709425,0.6094590389036688,R10INDIA+
IMAGE 3.2,SSP2021-SSP1-SPA1-26-Renewables,0.13966047414137672,0.1118104658071135,0.3332210976709425,0.5846920376194327,R10INDIA+
IMAGE 3.2,SSP2021-SSP2-SPA0-26-Default,0.2451249929638326,0.0,0.3332210976709425,0.578346090634775,R10INDIA+
IMAGE 3.2,SSP2021-SSP2-SPA2-19-Renewables,0.21948092203717454,0.06123970330728526,0.3332210976709425,0.6139417230154023,R10INDIA+
IMAGE 3.2,SSP2021-SSP2-SPA2-26-Default,0.23939414195505823,0.06228847849134945,0.3332210976709425,0.6349037181173502,R10INDIA+
IMAGE 3.2,SSP2021-SSP2-SPA2-26-Lifestyle,0.2028563343454964,0.044926233019422925,0.3332210976709425,0.5810036650358619,R10INDIA+
IMAGE 3.2,SSP2021-SSP2-SPA2-26-Lifestyle-Renewables,0.20149667897302395,0.053771166699498524,0.3332210976709425,0.588488943343465,R10INDIA+
IMAGE 3.2,SSP2021-SSP2-SPA2-26-Renewables,0.23414746603048497,0.03851990361505546,0.3332210976709425,0.6058884673164829,R10INDIA+
IMAGE 3.3,NAVIGATE Demand-1.5°C-ele_u,0.20017069264661788,0.18507825735696978,0.3332210976709425,0.7184700476745302,R10INDIA+
IMAGE 3.3,NAVIGATE Demand-1.5°C-tec_u,0.18240900665633164,0.20849265865138666,0.3332210976709425,0.7241227629786608,R10INDIA+
IMAGE 3.3,NAVIGATE Demand-2.0°C-ele_u,0.21977331765375602,0.05131279619170188,0.3332210976709425,0.6043072115164003,R10INDIA+
IMAGE 3.3,NAVIGATE Demand-2.0°C-ref,0.22248782332414674,0.06867032985731567,0.3332210976709425,0.6243792508524049,R10INDIA+
IMAGE 3.3,NAVIGATE Demand-2.0°C-tec_u,0.2035439241189365,0.11888474816210008,0.3332210976709425,0.655649769951979,R10INDIA+
MESSAGEix-GLOBIOM 2.0-M-R12-NGFS,NGFS Phase 5-Below 2°C,0.0917279593364045,0.49546274033829063,0.3332210976709425,0.9204117973456376,R10INDIA+
MESSAGEix-GLOBIOM 2.0-M-R12-NGFS,NGFS Phase 5-Delayed Transition,0.09285823315831052,0.4601611923139202,0.3332210976709425,0.8862405231431731,R10INDIA+
MESSAGEix-GLOBIOM 2.0-M-R12-NGFS,NGFS Phase 5-Low Demand,2.2141543757873994e-15,0.5626244996385172,0.3332210976709425,0.8958455973094619,R10INDIA+
MESSAGEix-GLOBIOM 2.0-M-R12-NGFS,NGFS Phase 5-Nationally Determined Contributions (NDCs),0.08958379565620732,0.27240128332775826,0.3332210976709425,0.695206176654908,R10INDIA+
MESSAGEix-GLOBIOM 2.0-M-R12-NGFS,NGFS Phase 5-Net-Zero 2050,0.07442740536188472,0.7118505699076194,0.3332210976709425,1.1194990729404466,R10INDIA+
POLES-JRC ENGAGE,ENGAGE-INDCi2030-1000,0.2466876675509866,0.16966905346536032,0.3332210976709425,0.7495778186872895,R10INDIA+
POLES-JRC ENGAGE,ENGAGE-INDCi2030-1000-COV,0.2549864225012469,0.1587604425867023,0.3332210976709425,0.7469679627588917,R10INDIA+
POLES-JRC ENGAGE,ENGAGE-INDCi2030-1000-COV-NDCp,0.2549265586400376,0.15701037436016574,0.3332210976709425,0.7451580306711458,R10INDIA+
POLES-JRC ENGAGE,ENGAGE-INDCi2030-1000-NDCp,0.2609326988313168,0.14697793941052284,0.3332210976709425,0.7411317359127821,R10INDIA+
POLES-JRC ENGAGE,ENGAGE-INDCi2030-1000f,0.23469919569300068,0.19840620042782728,0.3332210976709425,0.7663264937917704,R10INDIA+
POLES-JRC ENGAGE,ENGAGE-INDCi2030-1000f-COV,0.2529320445506862,0.17291301556153957,0.3332210976709425,0.7590661577831683,R10INDIA+
POLES-JRC ENGAGE,ENGAGE-INDCi2030-1000f-COV-NDCp,0.2553004510914888,0.15963841274017723,0.3332210976709425,0.7481599615026084,R10INDIA+
POLES-JRC ENGAGE,ENGAGE-INDCi2030-1000f-NDCp,0.2477015751977368,0.1625993261583608,0.3332210976709425,0.7435219990270401,R10INDIA+
POLES-JRC ENGAGE,ENGAGE-INDCi2030-1200,0.24830401092182072,0.1312498157756797,0.3332210976709425,0.7127749243684429,R10INDIA+
POLES-JRC ENGAGE,ENGAGE-INDCi2030-1200f,0.2492705317697055,0.1352488943362762,0.3332210976709425,0.7177405237769242,R10INDIA+
POLES-JRC ENGAGE,ENGAGE-INDCi2030-300f,0.24214821895358954,0.33870953549454963,0.3332210976709425,0.9140788521190817,R10INDIA+
POLES-JRC ENGAGE,ENGAGE-INDCi2030-400f,0.23877850897043942,0.32757100336484934,0.3332210976709425,0.8995706100062313,R10INDIA+
POLES-JRC ENGAGE,ENGAGE-INDCi2030-500f,0.21360222395996134,0.25983892255272706,0.3332210976709425,0.8066622441836309,R10INDIA+
POLES-JRC ENGAGE,ENGAGE-INDCi2030-600f,0.21302161043611878,0.25507653232331956,0.3332210976709425,0.8013192404303808,R10INDIA+
POLES-JRC ENGAGE,ENGAGE-INDCi2030-600f-COV,0.2356124647976104,0.3111186037376514,0.3332210976709425,0.8799521662062042,R10INDIA+
POLES-JRC ENGAGE,ENGAGE-INDCi2030-600f-COV-NDCp,0.23480540981621212,0.3492703938897437,0.3332210976709425,0.9172969013768983,R10INDIA+
POLES-JRC ENGAGE,ENGAGE-INDCi2030-600f-NDCp,0.21954356104828424,0.22453669695967093,0.3332210976709425,0.7773013556788977,R10INDIA+
POLES-JRC ENGAGE,ENGAGE-INDCi2030-700f,0.21513504622731472,0.2500377118235124,0.3332210976709425,0.7983938557217696,R10INDIA+
POLES-JRC ENGAGE,ENGAGE-INDCi2030-800f,0.22157275873645516,0.2509903191233774,0.3332210976709425,0.8057841755307751,R10INDIA+
POLES-JRC ENGAGE,ENGAGE-INDCi2030-900,0.32381824810348575,0.18767687573519612,0.3332210976709425,0.8447162215096244,R10INDIA+
POLES-JRC ENGAGE,ENGAGE-INDCi2030-900f,0.22663931296989787,0.22881333415309846,0.3332210976709425,0.7886737447939388,R10INDIA+
POLES-JRC ENGAGE,ENGAGE-NPi2020-1000f,0.2480503348156427,0.1584025526476144,0.3332210976709425,0.7396739851341996,R10INDIA+
POLES-JRC ENGAGE,ENGAGE-NPi2020-1000f-COV,0.26055114571250637,0.14828783115116054,0.3332210976709425,0.7420600745346093,R10INDIA+
POLES-JRC ENGAGE,ENGAGE-NPi2020-1200f,0.2570253964469352,0.12360696139518856,0.3332210976709425,0.7138534555130662,R10INDIA+
POLES-JRC ENGAGE,ENGAGE-NPi2020-900f,0.24207852941529348,0.1926653040301334,0.3332210976709425,0.7679649311163694,R10INDIA+
REMIND-MAgPIE 2.1-4.2,NGFS Phase 2-Delayed Transition,0.34452821866739936,0.6514917400780093,0.3332210976709425,1.329241056416351,R10INDIA+
REMIND-MAgPIE 3.2.0-4.8.0,RESCUE-End-of-Century-Budget-1150,0.6385282749145602,0.5308055070534359,0.3332210976709425,1.5025548796389385,R10INDIA+
REMIND-MAgPIE 3.2.0-4.8.0,RESCUE-End-of-Century-Budget-1150-with-OAE,0.6438632558336387,0.536303161087339,0.3332210976709425,1.51338751459192,R10INDIA+
REMIND-MAgPIE 3.2.0-4.8.0,RESCUE-End-of-Century-Budget-500,0.5907922094574753,0.5848141318530243,0.3332210976709425,1.508827438981442,R10INDIA+
REMIND-MAgPIE 3.2.0-4.8.0,RESCUE-End-of-Century-Budget-500-with-OAE,0.5975795889038886,0.5925396078519933,0.3332210976709425,1.5233402944268244,R10INDIA+
REMIND-MAgPIE 3.2.0-4.8.0,RESCUE-Peak-Budget-1150,0.6345467974726233,0.5382492848963192,0.3332210976709425,1.506017180039885,R10INDIA+
REMIND-MAgPIE 3.2.0-4.8.0,RESCUE-Peak-Budget-1150-with-OAE,0.634959954438785,0.538667119236446,0.3332210976709425,1.5068481713461734,R10INDIA+
REMIND-MAgPIE 3.3-4.8,NGFS Phase 5-Below 2°C,0.43970302245363885,0.4485076019956994,0.3332210976709425,1.2214317221202806,R10INDIA+
REMIND-MAgPIE 3.3-4.8,NGFS Phase 5-Delayed Transition,0.43713992266240537,0.44186613095790145,0.3332210976709425,1.2122271512912492,R10INDIA+
REMIND-MAgPIE 3.3-4.8,NGFS Phase 5-Low Demand,0.28531758719139033,0.47066656540025875,0.3332210976709425,1.0892052502625915,R10INDIA+
REMIND-MAgPIE 3.3-4.8,NGFS Phase 5-Net-Zero 2050,0.3915751189629045,0.6382715769634406,0.3332210976709425,1.3630677935972875,R10INDIA+
WITCH 5.0,ENGAGE-INDCi2030-1000,0.17317987106744254,0.28557948763806357,0.3332210976709425,0.7919804563764485,R10INDIA+
WITCH 5.0,ENGAGE-INDCi2030-1000-NDCp,0.1721171988368872,0.28553317132936457,0.3332210976709425,0.7908714678371942,R10INDIA+
WITCH 5.0,ENGAGE-INDCi2030-1000f,0.17377043623359562,0.28671126166118893,0.3332210976709425,0.793702795565727,R10INDIA+
WITCH 5.0,ENGAGE-INDCi2030-1000f-NDCp,0.17824004613739947,0.2827657274048326,0.3332210976709425,0.7942268712131746,R10INDIA+
WITCH 5.0,ENGAGE-INDCi2030-1200,0.18076683672150987,0.2817145709660695,0.3332210976709425,0.7957025053585218,R10INDIA+
WITCH 5.0,ENGAGE-INDCi2030-1200-NDCp,0.181728268692773,0.28276472127604835,0.3332210976709425,0.7977140876397639,R10INDIA+
WITCH 5.0,ENGAGE-INDCi2030-1200f,0.18625784691066435,0.28702095394248794,0.3332210976709425,0.8064998985240948,R10INDIA+
WITCH 5.0,ENGAGE-INDCi2030-1200f-NDCp,0.18874061781728468,0.2886263607114373,0.3332210976709425,0.8105880761996644,R10INDIA+
WITCH 5.0,ENGAGE-INDCi2030-1400,0.19189065735017158,0.2893729456980882,0.3332210976709425,0.8144847007192022,R10INDIA+
WITCH 5.0,ENGAGE-INDCi2030-1400-NDCp,0.19793741259613387,0.2844478623723495,0.3332210976709425,0.8156063726394258,R10INDIA+
WITCH 5.0,ENGAGE-INDCi2030-1400f,0.20042185161784376,0.28677245142530605,0.3332210976709425,0.8204154007140922,R10INDIA+
WITCH 5.0,ENGAGE-INDCi2030-1400f-NDCp,0.20388145450488354,0.28965953410086664,0.3332210976709425,0.8267620862766927,R10INDIA+
WITCH 5.0,ENGAGE-INDCi2030-1600-NDCp,0.2101619517785558,0.29315624123953243,0.3332210976709425,0.8365392906890308,R10INDIA+
WITCH 5.0,ENGAGE-INDCi2030-500f,0.13729155832536172,0.33500570846955846,0.3332210976709425,0.8055183644658627,R10INDIA+
WITCH 5.0,ENGAGE-INDCi2030-600f,0.1445524517107797,0.3103598132232407,0.3332210976709425,0.7881333626049629,R10INDIA+
WITCH 5.0,ENGAGE-INDCi2030-600f-NDCp,0.14785641394959234,0.3036859487170777,0.3332210976709425,0.7847634603376126,R10INDIA+
WITCH 5.0,ENGAGE-INDCi2030-700f,0.1524701131570892,0.2972480088675142,0.3332210976709425,0.7829392196955458,R10INDIA+
WITCH 5.0,ENGAGE-INDCi2030-700f-NDCp,0.15636893543754435,0.29295153186176437,0.3332210976709425,0.7825415649702512,R10INDIA+
WITCH 5.0,ENGAGE-INDCi2030-800,0.1548554305422569,0.2860390467924562,0.3332210976709425,0.7741155750056556,R10INDIA+
WITCH 5.0,ENGAGE-INDCi2030-800-NDCp,0.15677802080627268,0.28644936640935426,0.3332210976709425,0.7764484848865694,R10INDIA+
WITCH 5.0,ENGAGE-INDCi2030-800f,0.16049176896115322,0.2910658217679545,0.3332210976709425,0.7847786884000503,R10INDIA+
WITCH 5.0,ENGAGE-INDCi2030-800f-NDCp,0.16441021226559432,0.2875543978941253,0.3332210976709425,0.7851857078306621,R10INDIA+
WITCH 5.0,ENGAGE-INDCi2030-900,0.16158753945128307,0.28510101058299814,0.3332210976709425,0.7799096477052236,R10INDIA+
WITCH 5.0,ENGAGE-INDCi2030-900-NDCp,0.1679674702523716,0.28699036111942355,0.3332210976709425,0.7881789290427377,R10INDIA+
WITCH 5.0,ENGAGE-INDCi2030-900f,0.16745039294644265,0.28678613062037295,0.3332210976709425,0.7874576212377581,R10INDIA+
WITCH 5.0,ENGAGE-INDCi2030-900f-NDCp,0.1697471453369066,0.28636615684360783,0.3332210976709425,0.7893343998514569,R10INDIA+
IMAGE 3.0,ENGAGE-INDCi2030-1000,0.11321472841672095,0.12462171504625193,0.8697730246585157,1.1076094681214885,R10AFRICA
IMAGE 3.0,ENGAGE-INDCi2030-1000f,0.10410253020882078,0.1452051911541144,0.8697730246585157,1.119080746021451,R10AFRICA
IMAGE 3.0,ENGAGE-INDCi2030-1200,0.11835063592668663,0.12211915975509224,0.8697730246585157,1.1102428203402945,R10AFRICA
IMAGE 3.0,ENGAGE-INDCi2030-1200f,0.11525677927382423,0.11325521463737248,0.8697730246585157,1.0982850185697124,R10AFRICA
IMAGE 3.0,ENGAGE-INDCi2030-1400f,0.12330757054915921,0.11912704216929794,0.8697730246585157,1.112207637376973,R10AFRICA
IMAGE 3.0,ENGAGE-INDCi2030-800f,0.10086009095511503,0.153936120235935,0.8697730246585157,1.1245692358495658,R10AFRICA
IMAGE 3.0,ENGAGE-NPi2020-1000,0.11684523959644143,0.12645695480892072,0.8697730246585157,1.113075219063878,R10AFRICA
IMAGE 3.0,ENGAGE-NPi2020-1200,0.12137671017643627,0.1298458500799102,0.8697730246585157,1.120995584914862,R10AFRICA
IMAGE 3.0,ENGAGE-NPi2020-1400,0.12641528877806088,0.13503645709369014,0.8697730246585157,1.1312247705302667,R10AFRICA
IMAGE 3.0,ENGAGE-NPi2020-1400f,0.12591124230516837,0.12959008350762471,0.8697730246585157,1.1252743504713087,R10AFRICA
IMAGE 3.2,SSP2021-SSP1-SPA1-19-Default,0.016848858570586135,0.3189292048636251,0.8697730246585157,1.205551088092727,R10AFRICA
IMAGE 3.2,SSP2021-SSP1-SPA1-19-Lifestyle-Renewables,0.07453091643609719,0.43078551433723195,0.8697730246585157,1.3750894554318447,R10AFRICA
IMAGE 3.2,SSP2021-SSP1-SPA1-19-Renewables,0.019042704111951397,0.43891499696058994,0.8697730246585157,1.327730725731057,R10AFRICA
IMAGE 3.2,SSP2021-SSP1-SPA1-26-Default,0.02560224276480442,0.28249689305653974,0.8697730246585157,1.1778721604798599,R10AFRICA
IMAGE 3.2,SSP2021-SSP1-SPA1-26-Lifestyle,0.018767580739436154,0.2850122753092157,0.8697730246585157,1.1735528807071676,R10AFRICA
IMAGE 3.2,SSP2021-SSP1-SPA1-26-Lifestyle-Renewables,0.08470034486777009,0.36823332309239426,0.8697730246585157,1.32270669261868,R10AFRICA
IMAGE 3.2,SSP2021-SSP1-SPA1-26-Renewables,0.027069005307001893,0.4359478580424745,0.8697730246585157,1.332789888007992,R10AFRICA
IMAGE 3.2,SSP2021-SSP2-SPA0-26-Default,0.15913330642312504,0.2858524595522776,0.8697730246585157,1.3147587906339182,R10AFRICA
IMAGE 3.2,SSP2021-SSP2-SPA2-19-Renewables,0.08936454435649126,0.48199149763867055,0.8697730246585157,1.4411290666536773,R10AFRICA
IMAGE 3.2,SSP2021-SSP2-SPA2-26-Default,0.10855732814055173,0.27328673132383524,0.8697730246585157,1.2516170841229026,R10AFRICA
IMAGE 3.2,SSP2021-SSP2-SPA2-26-Lifestyle,0.09205506416183498,0.2747020496065791,0.8697730246585157,1.2365301384269298,R10AFRICA
IMAGE 3.2,SSP2021-SSP2-SPA2-26-Lifestyle-Renewables,0.08226578081489053,0.37888114475870927,0.8697730246585157,1.3309199502321154,R10AFRICA
IMAGE 3.2,SSP2021-SSP2-SPA2-26-Renewables,0.09556603022259821,0.3956561049529185,0.8697730246585157,1.3609951598340324,R10AFRICA
IMAGE 3.3,NAVIGATE Demand-1.5°C-ele_u,0.12602779302342876,0.729542598387905,0.8697730246585157,1.7253434160698493,R10AFRICA
IMAGE 3.3,NAVIGATE Demand-1.5°C-tec_u,0.12212222312328161,0.7059108859889105,0.8697730246585157,1.6978061337707078,R10AFRICA
IMAGE 3.3,NAVIGATE Demand-2.0°C-ele_u,0.13570234391142358,0.47732082385333613,0.8697730246585157,1.4827961924232755,R10AFRICA
IMAGE 3.3,NAVIGATE Demand-2.0°C-ref,0.14897029041277102,0.44955626502230445,0.8697730246585157,1.4682995800935912,R10AFRICA
IMAGE 3.3,NAVIGATE Demand-2.0°C-tec_u,0.13318260446271485,0.46669035923424634,0.8697730246585157,1.4696459883554769,R10AFRICA
MESSAGEix-GLOBIOM 2.0-M-R12-NGFS,NGFS Phase 5-Below 2°C,0.15296475564900755,0.7619304228615404,0.8697730246585157,1.7846682031690637,R10AFRICA
MESSAGEix-GLOBIOM 2.0-M-R12-NGFS,NGFS Phase 5-Delayed Transition,0.15278647704899292,0.7437889464670239,0.8697730246585157,1.7663484481745324,R10AFRICA
MESSAGEix-GLOBIOM 2.0-M-R12-NGFS,NGFS Phase 5-Low Demand,0.005509634052875238,0.5081777017008187,0.8697730246585157,1.3834603604122095,R10AFRICA
MESSAGEix-GLOBIOM 2.0-M-R12-NGFS,NGFS Phase 5-Nationally Determined Contributions (NDCs),0.15369843544043657,0.6095120535133596,0.8697730246585157,1.6329835136123119,R10AFRICA
MESSAGEix-GLOBIOM 2.0-M-R12-NGFS,NGFS Phase 5-Net-Zero 2050,0.13593898068063015,1.0,0.8697730246585157,2.005712005339146,R10AFRICA
POLES-JRC ENGAGE,ENGAGE-INDCi2030-1000,0.08925711857303402,0.37974592881373276,0.8697730246585157,1.3387760720452824,R10AFRICA
POLES-JRC ENGAGE,ENGAGE-INDCi2030-1000-COV,0.11275849742731846,0.36028550686194954,0.8697730246585157,1.3428170289477837,R10AFRICA
POLES-JRC ENGAGE,ENGAGE-INDCi2030-1000-COV-NDCp,0.11248330018339343,0.3562062490900717,0.8697730246585157,1.3384625739319809,R10AFRICA
POLES-JRC ENGAGE,ENGAGE-INDCi2030-1000-NDCp,0.09720114751561383,0.4039240615567523,0.8697730246585157,1.3708982337308817,R10AFRICA
POLES-JRC ENGAGE,ENGAGE-INDCi2030-1000f,0.07988412430758392,0.435678863786412,0.8697730246585157,1.3853360127525116,R10AFRICA
POLES-JRC ENGAGE,ENGAGE-INDCi2030-1000f-COV,0.10754666090885145,0.3980140156493,0.8697730246585157,1.3753337012166673,R10AFRICA
POLES-JRC ENGAGE,ENGAGE-INDCi2030-1000f-COV-NDCp,0.10895405346148487,0.39605276214023366,0.8697730246585157,1.3747798402602343,R10AFRICA
POLES-JRC ENGAGE,ENGAGE-INDCi2030-1000f-NDCp,0.08601214452237296,0.45017599686257126,0.8697730246585157,1.4059611660434599,R10AFRICA
POLES-JRC ENGAGE,ENGAGE-INDCi2030-1200,0.09127090719604518,0.35892456273514856,0.8697730246585157,1.3199684945897094,R10AFRICA
POLES-JRC ENGAGE,ENGAGE-INDCi2030-1200f,0.08896447502876076,0.36913588242873097,0.8697730246585157,1.3278733821160074,R10AFRICA
POLES-JRC ENGAGE,ENGAGE-INDCi2030-300f,0.05894619942025795,0.6543868239153303,0.8697730246585157,1.583106047994104,R10AFRICA
POLES-JRC ENGAGE,ENGAGE-INDCi2030-400f,0.060310892466653845,0.6343728427302294,0.8697730246585157,1.564456759855399,R10AFRICA
POLES-JRC ENGAGE,ENGAGE-INDCi2030-500f,0.06379113159111834,0.6174515362341159,0.8697730246585157,1.55101569248375,R10AFRICA
POLES-JRC ENGAGE,ENGAGE-INDCi2030-600f,0.0661753545455154,0.5953071658619177,0.8697730246585157,1.5312555450659486,R10AFRICA
POLES-JRC ENGAGE,ENGAGE-INDCi2030-600f-COV,0.093215660890159,0.6351195159585278,0.8697730246585157,1.5981082015072023,R10AFRICA
POLES-JRC ENGAGE,ENGAGE-INDCi2030-600f-COV-NDCp,0.09232467978289897,0.6558382254312447,0.8697730246585157,1.6179359298726594,R10AFRICA
POLES-JRC ENGAGE,ENGAGE-INDCi2030-600f-NDCp,0.06533947246721936,0.5903127749764085,0.8697730246585157,1.5254252721021437,R10AFRICA
POLES-JRC ENGAGE,ENGAGE-INDCi2030-700f,0.07006300812839518,0.5867942624188318,0.8697730246585157,1.5266302952057427,R10AFRICA
POLES-JRC ENGAGE,ENGAGE-INDCi2030-800f,0.07231604048358711,0.5713955808327278,0.8697730246585157,1.5134846459748306,R10AFRICA
POLES-JRC ENGAGE,ENGAGE-INDCi2030-900,0.09473560511848976,0.33348735641787125,0.8697730246585157,1.2979959861948767,R10AFRICA
POLES-JRC ENGAGE,ENGAGE-INDCi2030-900f,0.07654112608518189,0.49957464455898215,0.8697730246585157,1.4458887953026798,R10AFRICA
POLES-JRC ENGAGE,ENGAGE-NPi2020-1000f,0.08638566529034035,0.3888610474746194,0.8697730246585157,1.3450197374234754,R10AFRICA
POLES-JRC ENGAGE,ENGAGE-NPi2020-1000f-COV,0.11288165567432722,0.3594711627366106,0.8697730246585157,1.3421258430694536,R10AFRICA
POLES-JRC ENGAGE,ENGAGE-NPi2020-1200f,0.09211062501217862,0.3345597442832065,0.8697730246585157,1.2964433939539008,R10AFRICA
POLES-JRC ENGAGE,ENGAGE-NPi2020-900f,0.08285830791782937,0.41800575908751525,0.8697730246585157,1.3706370916638604,R10AFRICA
REMIND-MAgPIE 2.1-4.2,NGFS Phase 2-Delayed Transition,0.2480362289510995,0.800333646745874,0.8697730246585157,1.9181429003554893,R10AFRICA
REMIND-MAgPIE 3.2.0-4.8.0,RESCUE-End-of-Century-Budget-1150,0.38022171432324753,0.7634970354032823,0.8697730246585157,2.0134917743850456,R10AFRICA
REMIND-MAgPIE 3.2.0-4.8.0,RESCUE-End-of-Century-Budget-1150-with-OAE,0.3874166474275079,0.7878408162314137,0.8697730246585157,2.0450304883174373,R10AFRICA
REMIND-MAgPIE 3.2.0-4.8.0,RESCUE-End-of-Century-Budget-500,0.328231815410596,0.9081371101923966,0.8697730246585157,2.106141950261508,R10AFRICA
REMIND-MAgPIE 3.2.0-4.8.0,RESCUE-End-of-Century-Budget-500-with-OAE,0.34327475760301124,0.9596610058556699,0.8697730246585157,2.172708788117197,R10AFRICA
REMIND-MAgPIE 3.2.0-4.8.0,RESCUE-Peak-Budget-1150,0.38592216077745856,0.8019935860738511,0.8697730246585157,2.057688771509825,R10AFRICA
REMIND-MAgPIE 3.2.0-4.8.0,RESCUE-Peak-Budget-1150-with-OAE,0.3857191469218803,0.8014213998602475,0.8697730246585157,2.0569135714406435,R10AFRICA
REMIND-MAgPIE 3.3-4.8,NGFS Phase 5-Below 2°C,0.46765028289299365,0.6660931675034738,0.8697730246585157,2.003516475054983,R10AFRICA
REMIND-MAgPIE 3.3-4.8,NGFS Phase 5-Delayed Transition,0.4788891319333215,0.6573251761017703,0.8697730246585157,2.0059873326936075,R10AFRICA
REMIND-MAgPIE 3.3-4.8,NGFS Phase 5-Low Demand,0.2322023702544204,0.7509520250576954,0.8697730246585157,1.8529274199706314,R10AFRICA
REMIND-MAgPIE 3.3-4.8,NGFS Phase 5-Net-Zero 2050,0.42841841421149607,0.9318270268934973,0.8697730246585157,2.230018465763509,R10AFRICA
WITCH 5.0,ENGAGE-INDCi2030-1000,0.02706190383167207,0.5204084259218034,0.8697730246585157,1.4172433544119911,R10AFRICA
WITCH 5.0,ENGAGE-INDCi2030-1000-NDCp,0.02655892845069496,0.477978699881686,0.8697730246585157,1.3743106529908966,R10AFRICA
WITCH 5.0,ENGAGE-INDCi2030-1000f,0.030029703235366665,0.5064668844593831,0.8697730246585157,1.4062696123532654,R10AFRICA
WITCH 5.0,ENGAGE-INDCi2030-1000f-NDCp,0.02617648899859615,0.49780152776631986,0.8697730246585157,1.3937510414234318,R10AFRICA
WITCH 5.0,ENGAGE-INDCi2030-1200,0.03131924207897166,0.4722277789590246,0.8697730246585157,1.373320045696512,R10AFRICA
WITCH 5.0,ENGAGE-INDCi2030-1200-NDCp,0.027062473321312293,0.467372662849226,0.8697730246585157,1.364208160829054,R10AFRICA
WITCH 5.0,ENGAGE-INDCi2030-1200f,0.027457377633606613,0.49694241615497775,0.8697730246585157,1.3941728184471,R10AFRICA
WITCH 5.0,ENGAGE-INDCi2030-1200f-NDCp,0.025008505097238926,0.4939933064985435,0.8697730246585157,1.388774836254298,R10AFRICA
WITCH 5.0,ENGAGE-INDCi2030-1400,0.03184677894287281,0.4588091475428714,0.8697730246585157,1.36042895114426,R10AFRICA
WITCH 5.0,ENGAGE-INDCi2030-1400-NDCp,0.027150664277085096,0.45455067951589734,0.8697730246585157,1.3514743684514983,R10AFRICA
WITCH 5.0,ENGAGE-INDCi2030-1400f,0.026082534255333814,0.48856153746754505,0.8697730246585157,1.3844170963813944,R10AFRICA
WITCH 5.0,ENGAGE-INDCi2030-1400f-NDCp,0.022543205229487048,0.48471303344058064,0.8697730246585157,1.3770292633285832,R10AFRICA
WITCH 5.0,ENGAGE-INDCi2030-1600-NDCp,0.027975401417295803,0.4492639427855126,0.8697730246585157,1.347012368861324,R10AFRICA
WITCH 5.0,ENGAGE-INDCi2030-500f,0.039950310337261055,0.5946249605045224,0.8697730246585157,1.5043482955002991,R10AFRICA
WITCH 5.0,ENGAGE-INDCi2030-600f,0.038094673566798,0.5704711539351098,0.8697730246585157,1.4783388521604235,R10AFRICA
WITCH 5.0,ENGAGE-INDCi2030-600f-NDCp,0.03427176299528672,0.5594781832508781,0.8697730246585157,1.4635229709046804,R10AFRICA
WITCH 5.0,ENGAGE-INDCi2030-700f,0.036065266735386715,0.5483709212865587,0.8697730246585157,1.454209212680461,R10AFRICA
WITCH 5.0,ENGAGE-INDCi2030-700f-NDCp,0.03259211003331719,0.5379768448987395,0.8697730246585157,1.4403419795905723,R10AFRICA
WITCH 5.0,ENGAGE-INDCi2030-800,0.026114575634297102,0.5636808488762948,0.8697730246585157,1.4595684491691077,R10AFRICA
WITCH 5.0,ENGAGE-INDCi2030-800-NDCp,0.02413498962188607,0.5109342150345098,0.8697730246585157,1.4048422293149114,R10AFRICA
WITCH 5.0,ENGAGE-INDCi2030-800f,0.03507197976852248,0.529779863002292,0.8697730246585157,1.43462486742933,R10AFRICA
WITCH 5.0,ENGAGE-INDCi2030-800f-NDCp,0.030417322054798166,0.5219035451590622,0.8697730246585157,1.4220938918723762,R10AFRICA
WITCH 5.0,ENGAGE-INDCi2030-900,0.028547384028106637,0.5009636627763704,0.8697730246585157,1.3992840714629926,R10AFRICA
WITCH 5.0,ENGAGE-INDCi2030-900-NDCp,0.021436469085492543,0.5263439719860376,0.8697730246585157,1.417553465730046,R10AFRICA
WITCH 5.0,ENGAGE-INDCi2030-900f,0.032486416335946226,0.5148295948717088,0.8697730246585157,1.4170890358661707,R10AFRICA
WITCH 5.0,ENGAGE-INDCi2030-900f-NDCp,0.028068813604116498,0.5062175468102159,0.8697730246585157,1.404059385072848,R10AFRICA
IMAGE 3.0,ENGAGE-INDCi2030-1000,0.104719950556871,0.13745041427986138,1.0,1.2421703648367324,R10CHINA+
IMAGE 3.0,ENGAGE-INDCi2030-1000f,0.1087357394033905,0.13222878078524844,1.0,1.240964520188639,R10CHINA+
IMAGE 3.0,ENGAGE-INDCi2030-1200,0.11361110949528504,0.14411912573900598,1.0,1.257730235234291,R10CHINA+
IMAGE 3.0,ENGAGE-INDCi2030-1200f,0.11811423026049003,0.16501207826615055,1.0,1.2831263085266404,R10CHINA+
IMAGE 3.0,ENGAGE-INDCi2030-1400f,0.1280690484004356,0.17303659200642485,1.0,1.3011056404068604,R10CHINA+
IMAGE 3.0,ENGAGE-INDCi2030-800f,0.10016440008565855,0.1307332412582035,1.0,1.2308976413438621,R10CHINA+
IMAGE 3.0,ENGAGE-NPi2020-1000,0.10584939469769454,0.11989541731988046,1.0,1.2257448120175751,R10CHINA+
IMAGE 3.0,ENGAGE-NPi2020-1200,0.11492415635579985,0.13132496055619755,1.0,1.2462491169119974,R10CHINA+
IMAGE 3.0,ENGAGE-NPi2020-1400,0.12415120289370551,0.15555385081150266,1.0,1.2797050537052082,R10CHINA+
IMAGE 3.0,ENGAGE-NPi2020-1400f,0.1254038328522096,0.15557785164468868,1.0,1.2809816844968984,R10CHINA+
IMAGE 3.2,SSP2021-SSP1-SPA1-19-Default,0.12419670850322417,0.11436903596812807,1.0,1.2385657444713523,R10CHINA+
IMAGE 3.2,SSP2021-SSP1-SPA1-19-Lifestyle-Renewables,0.1691324240307179,0.09601532537323579,1.0,1.2651477494039538,R10CHINA+
IMAGE 3.2,SSP2021-SSP1-SPA1-19-Renewables,0.12242859246784497,0.15850800707878365,1.0,1.2809365995466286,R10CHINA+
IMAGE 3.2,SSP2021-SSP1-SPA1-26-Default,0.136685677601363,0.14534033050381398,1.0,1.282026008105177,R10CHINA+
IMAGE 3.2,SSP2021-SSP1-SPA1-26-Lifestyle,0.12404676990708582,0.1608679492902028,1.0,1.2849147191972885,R10CHINA+
IMAGE 3.2,SSP2021-SSP1-SPA1-26-Lifestyle-Renewables,0.1899181403919124,0.15568775376823243,1.0,1.345605894160145,R10CHINA+
IMAGE 3.2,SSP2021-SSP1-SPA1-26-Renewables,0.13613146268932222,0.1771717744411815,1.0,1.3133032371305038,R10CHINA+
IMAGE 3.2,SSP2021-SSP2-SPA0-26-Default,0.1893345760613956,0.08134436939126168,1.0,1.2706789454526572,R10CHINA+
IMAGE 3.2,SSP2021-SSP2-SPA2-19-Renewables,0.19021891504238506,0.08810647898493874,1.0,1.2783253940273238,R10CHINA+
IMAGE 3.2,SSP2021-SSP2-SPA2-26-Default,0.20608757572242364,0.08978116832113048,1.0,1.2958687440435541,R10CHINA+
IMAGE 3.2,SSP2021-SSP2-SPA2-26-Lifestyle,0.1797879819699344,0.1107658776865529,1.0,1.2905538596564874,R10CHINA+
IMAGE 3.2,SSP2021-SSP2-SPA2-26-Lifestyle-Renewables,0.1842020340307171,0.14131807886128728,1.0,1.3255201128920044,R10CHINA+
IMAGE 3.2,SSP2021-SSP2-SPA2-26-Renewables,0.20706952698897862,0.1003287711529571,1.0,1.3073982981419356,R10CHINA+
IMAGE 3.3,NAVIGATE Demand-1.5°C-ele_u,0.2014042752886275,0.3784362436491997,1.0,1.5798405189378273,R10CHINA+
IMAGE 3.3,NAVIGATE Demand-1.5°C-tec_u,0.17443215596513478,0.33005066817902307,1.0,1.504482824144158,R10CHINA+
IMAGE 3.3,NAVIGATE Demand-2.0°C-ele_u,0.21574297327130898,0.2791948816101815,1.0,1.4949378548814904,R10CHINA+
IMAGE 3.3,NAVIGATE Demand-2.0°C-ref,0.21277068452048642,0.20698703513106195,1.0,1.4197577196515483,R10CHINA+
IMAGE 3.3,NAVIGATE Demand-2.0°C-tec_u,0.19220446031010466,0.2133783960270298,1.0,1.4055828563371344,R10CHINA+
MESSAGEix-GLOBIOM 2.0-M-R12-NGFS,NGFS Phase 5-Below 2°C,0.09278695561077296,0.3805803692108008,1.0,1.4733673248215737,R10CHINA+
MESSAGEix-GLOBIOM 2.0-M-R12-NGFS,NGFS Phase 5-Delayed Transition,0.09634667289778835,0.3541863371925934,1.0,1.4505330100903817,R10CHINA+
MESSAGEix-GLOBIOM 2.0-M-R12-NGFS,NGFS Phase 5-Low Demand,0.03856022732672833,0.36865059714068843,1.0,1.4072108244674166,R10CHINA+
MESSAGEix-GLOBIOM 2.0-M-R12-NGFS,NGFS Phase 5-Nationally Determined Contributions (NDCs),0.11000004459841801,0.33376886910190934,1.0,1.4437689137003273,R10CHINA+
MESSAGEix-GLOBIOM 2.0-M-R12-NGFS,NGFS Phase 5-Net-Zero 2050,0.08772496588071034,0.47125964130712233,1.0,1.5589846071878326,R10CHINA+
POLES-JRC ENGAGE,ENGAGE-INDCi2030-1000,0.2226768984558998,0.06218115585220895,1.0,1.2848580543081087,R10CHINA+
POLES-JRC ENGAGE,ENGAGE-INDCi2030-1000-COV,0.22693333662262055,0.030564481604909013,1.0,1.2574978182275296,R10CHINA+
POLES-JRC ENGAGE,ENGAGE-INDCi2030-1000-COV-NDCp,0.2265065293339618,0.03063396537324344,1.0,1.2571404947072051,R10CHINA+
POLES-JRC ENGAGE,ENGAGE-INDCi2030-1000-NDCp,0.23028956892812855,0.05148545608608312,1.0,1.2817750250142117,R10CHINA+
POLES-JRC ENGAGE,ENGAGE-INDCi2030-1000f,0.23080135928988224,0.08009212313129845,1.0,1.3108934824211806,R10CHINA+
POLES-JRC ENGAGE,ENGAGE-INDCi2030-1000f-COV,0.23145528738133467,0.04424571206364751,1.0,1.2757009994449822,R10CHINA+
POLES-JRC ENGAGE,ENGAGE-INDCi2030-1000f-COV-NDCp,0.23383039715427115,0.03554697243348047,1.0,1.2693773695877515,R10CHINA+
POLES-JRC ENGAGE,ENGAGE-INDCi2030-1000f-NDCp,0.2351368020618517,0.059708790394296225,1.0,1.294845592456148,R10CHINA+
POLES-JRC ENGAGE,ENGAGE-INDCi2030-1200,0.24306199927643227,0.02052506275856977,1.0,1.263587062035002,R10CHINA+
POLES-JRC ENGAGE,ENGAGE-INDCi2030-1200f,0.2471826204198277,0.019004892426408918,1.0,1.2661875128462365,R10CHINA+
POLES-JRC ENGAGE,ENGAGE-INDCi2030-300f,0.18275587240408087,0.2568747986226095,1.0,1.4396306710266904,R10CHINA+
POLES-JRC ENGAGE,ENGAGE-INDCi2030-400f,0.19108142233674622,0.2509775591160932,1.0,1.4420589814528393,R10CHINA+
POLES-JRC ENGAGE,ENGAGE-INDCi2030-500f,0.20156289873958086,0.2441955039588354,1.0,1.4457584026984163,R10CHINA+
POLES-JRC ENGAGE,ENGAGE-INDCi2030-600f,0.2060103801905585,0.24252134405800962,1.0,1.4485317242485682,R10CHINA+
POLES-JRC ENGAGE,ENGAGE-INDCi2030-600f-COV,0.20390200817716936,0.2468645213846645,1.0,1.4507665295618337,R10CHINA+
POLES-JRC ENGAGE,ENGAGE-INDCi2030-600f-COV-NDCp,0.2036518051682576,0.24479939235604078,1.0,1.4484511975242984,R10CHINA+
POLES-JRC ENGAGE,ENGAGE-INDCi2030-600f-NDCp,0.20840823734572186,0.26470782559982653,1.0,1.4731160629455484,R10CHINA+
POLES-JRC ENGAGE,ENGAGE-INDCi2030-700f,0.21508612281689127,0.222375027216712,1.0,1.4374611500336032,R10CHINA+
POLES-JRC ENGAGE,ENGAGE-INDCi2030-800f,0.22074552723664623,0.19667682779830647,1.0,1.4174223550349527,R10CHINA+
POLES-JRC ENGAGE,ENGAGE-INDCi2030-900,0.22089328563559563,0.029971645989059322,1.0,1.250864931624655,R10CHINA+
POLES-JRC ENGAGE,ENGAGE-INDCi2030-900f,0.22698637195496338,0.14248482311306332,1.0,1.3694711950680267,R10CHINA+
POLES-JRC ENGAGE,ENGAGE-NPi2020-1000f,0.245767428122627,0.01849123218214604,1.0,1.264258660304773,R10CHINA+
POLES-JRC ENGAGE,ENGAGE-NPi2020-1000f-COV,0.2467216726705484,0.013189992214510187,1.0,1.2599116648850586,R10CHINA+
POLES-JRC ENGAGE,ENGAGE-NPi2020-1200f,0.25893431753456253,0.0029875890617148244,1.0,1.2619219065962772,R10CHINA+
POLES-JRC ENGAGE,ENGAGE-NPi2020-900f,0.23775247546210554,0.04980341409908959,1.0,1.2875558895611952,R10CHINA+
REMIND-MAgPIE 2.1-4.2,NGFS Phase 2-Delayed Transition,0.2507095808479963,0.18606510150304434,1.0,1.4367746823510408,R10CHINA+
REMIND-MAgPIE 3.2.0-4.8.0,RESCUE-End-of-Century-Budget-1150,0.3345414955297244,0.24425774680956944,1.0,1.5787992423392938,R10CHINA+
REMIND-MAgPIE 3.2.0-4.8.0,RESCUE-End-of-Century-Budget-1150-with-OAE,0.3382907585996632,0.2568522061992379,1.0,1.595142964798901,R10CHINA+
REMIND-MAgPIE 3.2.0-4.8.0,RESCUE-End-of-Century-Budget-500,0.31429630011134857,0.23788369024153821,1.0,1.5521799903528868,R10CHINA+
REMIND-MAgPIE 3.2.0-4.8.0,RESCUE-End-of-Century-Budget-500-with-OAE,0.3221257447177492,0.2706784822772832,1.0,1.5928042269950324,R10CHINA+
REMIND-MAgPIE 3.2.0-4.8.0,RESCUE-Peak-Budget-1150,0.322043609561535,0.3012653785457305,1.0,1.6233089881072655,R10CHINA+
REMIND-MAgPIE 3.2.0-4.8.0,RESCUE-Peak-Budget-1150-with-OAE,0.32190879831851804,0.300224922289005,1.0,1.622133720607523,R10CHINA+
REMIND-MAgPIE 3.3-4.8,NGFS Phase 5-Below 2°C,0.21211626507086292,0.1987630625360187,1.0,1.4108793276068816,R10CHINA+
REMIND-MAgPIE 3.3-4.8,NGFS Phase 5-Delayed Transition,0.20955046412567022,0.22772653736439286,1.0,1.437277001490063,R10CHINA+
REMIND-MAgPIE 3.3-4.8,NGFS Phase 5-Low Demand,0.14438623441708628,0.2454674268675674,1.0,1.3898536612846537,R10CHINA+
REMIND-MAgPIE 3.3-4.8,NGFS Phase 5-Net-Zero 2050,0.19311427987799304,0.3250190331048562,1.0,1.5181333129828491,R10CHINA+
WITCH 5.0,ENGAGE-INDCi2030-1000,0.26500815368505054,0.23130649055869656,1.0,1.4963146442437472,R10CHINA+
WITCH 5.0,ENGAGE-INDCi2030-1000-NDCp,0.26351835734633694,0.2305502800781805,1.0,1.4940686374245176,R10CHINA+
WITCH 5.0,ENGAGE-INDCi2030-1000f,0.2633144907274321,0.2305064527847353,1.0,1.4938209435121674,R10CHINA+
WITCH 5.0,ENGAGE-INDCi2030-1000f-NDCp,0.26472909244678455,0.22928775084128658,1.0,1.4940168432880712,R10CHINA+
WITCH 5.0,ENGAGE-INDCi2030-1200,0.26905403728048993,0.22893952103933446,1.0,1.4979935583198243,R10CHINA+
WITCH 5.0,ENGAGE-INDCi2030-1200-NDCp,0.2687872978541625,0.2278475925789253,1.0,1.496634890433088,R10CHINA+
WITCH 5.0,ENGAGE-INDCi2030-1200f,0.2708884245004055,0.22766821681406266,1.0,1.4985566413144682,R10CHINA+
WITCH 5.0,ENGAGE-INDCi2030-1200f-NDCp,0.27119200365174667,0.22712156519288912,1.0,1.4983135688446358,R10CHINA+
WITCH 5.0,ENGAGE-INDCi2030-1400,0.2744299036838639,0.22677311129414968,1.0,1.5012030149780136,R10CHINA+
WITCH 5.0,ENGAGE-INDCi2030-1400-NDCp,0.2751386833500699,0.22674111036172287,1.0,1.501879793711793,R10CHINA+
WITCH 5.0,ENGAGE-INDCi2030-1400f,0.27670681385796747,0.22679250278667173,1.0,1.503499316644639,R10CHINA+
WITCH 5.0,ENGAGE-INDCi2030-1400f-NDCp,0.2764185860614302,0.2263273828814166,1.0,1.5027459689428468,R10CHINA+
WITCH 5.0,ENGAGE-INDCi2030-1600-NDCp,0.2808035321784649,0.22621242949240097,1.0,1.5070159616708658,R10CHINA+
WITCH 5.0,ENGAGE-INDCi2030-500f,0.23528871862918194,0.2652618188356866,1.0,1.5005505374648687,R10CHINA+
WITCH 5.0,ENGAGE-INDCi2030-600f,0.24190967272003003,0.2508214972230616,1.0,1.4927311699430916,R10CHINA+
WITCH 5.0,ENGAGE-INDCi2030-600f-NDCp,0.24506086032712765,0.24682435119901402,1.0,1.4918852115261416,R10CHINA+
WITCH 5.0,ENGAGE-INDCi2030-700f,0.24798796006860488,0.24234064672211322,1.0,1.490328606790718,R10CHINA+
WITCH 5.0,ENGAGE-INDCi2030-700f-NDCp,0.2506816977496457,0.23890000659229718,1.0,1.4895817043419428,R10CHINA+
WITCH 5.0,ENGAGE-INDCi2030-800,0.25153268400573703,0.2373486547945996,1.0,1.4888813388003366,R10CHINA+
WITCH 5.0,ENGAGE-INDCi2030-800-NDCp,0.25475969936182186,0.23657438057240596,1.0,1.4913340799342278,R10CHINA+
WITCH 5.0,ENGAGE-INDCi2030-800f,0.2538422261406449,0.2357758741887292,1.0,1.489618100329374,R10CHINA+
WITCH 5.0,ENGAGE-INDCi2030-800f-NDCp,0.25630301667837857,0.23386637013251976,1.0,1.4901693868108983,R10CHINA+
WITCH 5.0,ENGAGE-INDCi2030-900,0.25586904071847244,0.23407334040256447,1.0,1.489942381121037,R10CHINA+
WITCH 5.0,ENGAGE-INDCi2030-900-NDCp,0.26201846861334355,0.23149245278547445,1.0,1.493510921398818,R10CHINA+
WITCH 5.0,ENGAGE-INDCi2030-900f,0.25884570961806214,0.23237313925905453,1.0,1.4912188488771165,R10CHINA+
WITCH 5.0,ENGAGE-INDCi2030-900f-NDCp,0.2601019616511425,0.23091973312624958,1.0,1.491021694777392,R10CHINA+
IMAGE 3.0,ENGAGE-INDCi2030-1000,0.27916503918035274,0.5589874801219226,0.6837597638949159,1.5219122831971912,R10MIDDLE_EAST
IMAGE 3.0,ENGAGE-INDCi2030-1000f,0.27995474371642975,0.5199853260427016,0.6837597638949159,1.4836998336540472,R10MIDDLE_EAST
IMAGE 3.0,ENGAGE-INDCi2030-1200,0.3034829502401165,0.5770407615882734,0.6837597638949159,1.5642834757233057,R10MIDDLE_EAST
IMAGE 3.0,ENGAGE-INDCi2030-1200f,0.303384263178603,0.5646552395952205,0.6837597638949159,1.5517992666687395,R10MIDDLE_EAST
IMAGE 3.0,ENGAGE-INDCi2030-1400f,0.3267195956690255,0.5380033425318407,0.6837597638949159,1.5484827020957819,R10MIDDLE_EAST
IMAGE 3.0,ENGAGE-INDCi2030-800f,0.2618431963625542,0.5467131341625107,0.6837597638949159,1.492316094419981,R10MIDDLE_EAST
IMAGE 3.0,ENGAGE-NPi2020-1000,0.2909706162732254,0.5496673890485685,0.6837597638949159,1.5243977692167099,R10MIDDLE_EAST
IMAGE 3.0,ENGAGE-NPi2020-1200,0.30803025744212925,0.5331779002020902,0.6837597638949159,1.5249679215391354,R10MIDDLE_EAST
IMAGE 3.0,ENGAGE-NPi2020-1400,0.3259512913784363,0.5286926507467975,0.6837597638949159,1.5384037060201496,R10MIDDLE_EAST
IMAGE 3.0,ENGAGE-NPi2020-1400f,0.32790762012572433,0.5125592082418573,0.6837597638949159,1.5242265922624973,R10MIDDLE_EAST
IMAGE 3.2,SSP2021-SSP1-SPA1-19-Default,0.3035280962214286,0.43411666639090607,0.6837597638949159,1.4214045265072506,R10MIDDLE_EAST
IMAGE 3.2,SSP2021-SSP1-SPA1-19-Lifestyle-Renewables,0.3466658397025191,0.650145918034034,0.6837597638949159,1.680571521631469,R10MIDDLE_EAST
IMAGE 3.2,SSP2021-SSP1-SPA1-19-Renewables,0.30972513557520215,0.4959843155488965,0.6837597638949159,1.4894692150190145,R10MIDDLE_EAST
IMAGE 3.2,SSP2021-SSP1-SPA1-26-Default,0.3527274591631691,0.5464138739657867,0.6837597638949159,1.5829010970238717,R10MIDDLE_EAST
IMAGE 3.2,SSP2021-SSP1-SPA1-26-Lifestyle,0.34720587058142144,0.6297308577202919,0.6837597638949159,1.6606964921966294,R10MIDDLE_EAST
IMAGE 3.2,SSP2021-SSP1-SPA1-26-Lifestyle-Renewables,0.38757152758672225,0.7313364371387951,0.6837597638949159,1.8026677286204333,R10MIDDLE_EAST
IMAGE 3.2,SSP2021-SSP1-SPA1-26-Renewables,0.3421163089144484,0.6933538302699701,0.6837597638949159,1.7192299030793343,R10MIDDLE_EAST
IMAGE 3.2,SSP2021-SSP2-SPA0-26-Default,0.3834738031918832,0.4693410725282073,0.6837597638949159,1.5365746396150062,R10MIDDLE_EAST
IMAGE 3.2,SSP2021-SSP2-SPA2-19-Renewables,0.342451077615046,0.5348636429025635,0.6837597638949159,1.5610744844125253,R10MIDDLE_EAST
IMAGE 3.2,SSP2021-SSP2-SPA2-26-Default,0.40749966548122496,0.5772176559693255,0.6837597638949159,1.6684770853454665,R10MIDDLE_EAST
IMAGE 3.2,SSP2021-SSP2-SPA2-26-Lifestyle,0.3876727239687001,0.7441374095879002,0.6837597638949159,1.8155698974515162,R10MIDDLE_EAST
IMAGE 3.2,SSP2021-SSP2-SPA2-26-Lifestyle-Renewables,0.38314950276529747,0.7067524692919619,0.6837597638949159,1.7736617359521754,R10MIDDLE_EAST
IMAGE 3.2,SSP2021-SSP2-SPA2-26-Renewables,0.3979017196159135,0.5845492099545625,0.6837597638949159,1.6662106934653917,R10MIDDLE_EAST
IMAGE 3.3,NAVIGATE Demand-1.5°C-ele_u,0.41522195251624244,0.8584398016854438,0.6837597638949159,1.9574215180966021,R10MIDDLE_EAST
IMAGE 3.3,NAVIGATE Demand-1.5°C-tec_u,0.3457402602243262,0.772198064033417,0.6837597638949159,1.801698088152659,R10MIDDLE_EAST
IMAGE 3.3,NAVIGATE Demand-2.0°C-ele_u,0.4504718931770928,0.5623998239432334,0.6837597638949159,1.6966314810152423,R10MIDDLE_EAST
IMAGE 3.3,NAVIGATE Demand-2.0°C-ref,0.46900926727936604,0.5266280382791265,0.6837597638949159,1.6793970694534086,R10MIDDLE_EAST
IMAGE 3.3,NAVIGATE Demand-2.0°C-tec_u,0.4004565172744363,0.5129298461628926,0.6837597638949159,1.5971461273322447,R10MIDDLE_EAST
MESSAGEix-GLOBIOM 2.0-M-R12-NGFS,NGFS Phase 5-Below 2°C,0.125220357108524,0.6370917394830091,0.6837597638949159,1.446071860486449,R10MIDDLE_EAST
MESSAGEix-GLOBIOM 2.0-M-R12-NGFS,NGFS Phase 5-Delayed Transition,0.13062416315486114,0.60595584324767,0.6837597638949159,1.420339770297447,R10MIDDLE_EAST
MESSAGEix-GLOBIOM 2.0-M-R12-NGFS,NGFS Phase 5-Low Demand,0.02044274294248846,0.49380635262492945,0.6837597638949159,1.198008859462334,R10MIDDLE_EAST
MESSAGEix-GLOBIOM 2.0-M-R12-NGFS,NGFS Phase 5-Nationally Determined Contributions (NDCs),0.11226801728531606,0.5542467589428445,0.6837597638949159,1.3502745401230765,R10MIDDLE_EAST
MESSAGEix-GLOBIOM 2.0-M-R12-NGFS,NGFS Phase 5-Net-Zero 2050,0.09059040334280503,0.6981335546796191,0.6837597638949159,1.4724837219173401,R10MIDDLE_EAST
POLES-JRC ENGAGE,ENGAGE-INDCi2030-1000,0.23414103702231606,0.4921972502693269,0.6837597638949159,1.4100980511865588,R10MIDDLE_EAST
POLES-JRC ENGAGE,ENGAGE-INDCi2030-1000-COV,0.26992058862388535,0.5413936880580412,0.6837597638949159,1.4950740405768426,R10MIDDLE_EAST
POLES-JRC ENGAGE,ENGAGE-INDCi2030-1000-COV-NDCp,0.2697512050300656,0.5347570725453853,0.6837597638949159,1.4882680414703668,R10MIDDLE_EAST
POLES-JRC ENGAGE,ENGAGE-INDCi2030-1000-NDCp,0.25706126502217935,0.5636314854879979,0.6837597638949159,1.5044525144050933,R10MIDDLE_EAST
POLES-JRC ENGAGE,ENGAGE-INDCi2030-1000f,0.2307405776727488,0.55608358551953,0.6837597638949159,1.4705839270871945,R10MIDDLE_EAST
POLES-JRC ENGAGE,ENGAGE-INDCi2030-1000f-COV,0.2667923962913029,0.5689329181792424,0.6837597638949159,1.5194850783654612,R10MIDDLE_EAST
POLES-JRC ENGAGE,ENGAGE-INDCi2030-1000f-COV-NDCp,0.26842507801205695,0.5803812280239152,0.6837597638949159,1.532566069930888,R10MIDDLE_EAST
POLES-JRC ENGAGE,ENGAGE-INDCi2030-1000f-NDCp,0.2496518049712343,0.5868198287612508,0.6837597638949159,1.5202313976274011,R10MIDDLE_EAST
POLES-JRC ENGAGE,ENGAGE-INDCi2030-1200,0.2415463725625904,0.5660667242313678,0.6837597638949159,1.491372860688874,R10MIDDLE_EAST
POLES-JRC ENGAGE,ENGAGE-INDCi2030-1200f,0.24166567300477781,0.6045306199174687,0.6837597638949159,1.5299560568171624,R10MIDDLE_EAST
POLES-JRC ENGAGE,ENGAGE-INDCi2030-300f,0.195481003192797,0.49737825705963756,0.6837597638949159,1.3766190241473506,R10MIDDLE_EAST
POLES-JRC ENGAGE,ENGAGE-INDCi2030-400f,0.2024277790495017,0.4878080316300625,0.6837597638949159,1.37399557457448,R10MIDDLE_EAST
POLES-JRC ENGAGE,ENGAGE-INDCi2030-500f,0.2141934570400363,0.5205082022779519,0.6837597638949159,1.418461423212904,R10MIDDLE_EAST
POLES-JRC ENGAGE,ENGAGE-INDCi2030-600f,0.21732572003466094,0.5338702334070691,0.6837597638949159,1.434955717336646,R10MIDDLE_EAST
POLES-JRC ENGAGE,ENGAGE-INDCi2030-600f-COV,0.2518002159232525,0.5224171161574837,0.6837597638949159,1.457977095975652,R10MIDDLE_EAST
POLES-JRC ENGAGE,ENGAGE-INDCi2030-600f-COV-NDCp,0.252355514914357,0.5135372413336983,0.6837597638949159,1.4496525201429713,R10MIDDLE_EAST
POLES-JRC ENGAGE,ENGAGE-INDCi2030-600f-NDCp,0.23328120205454744,0.5443188929464323,0.6837597638949159,1.4613598588958956,R10MIDDLE_EAST
POLES-JRC ENGAGE,ENGAGE-INDCi2030-700f,0.22083172474495993,0.5351747739850984,0.6837597638949159,1.4397662626249743,R10MIDDLE_EAST
POLES-JRC ENGAGE,ENGAGE-INDCi2030-800f,0.22563673480825425,0.5270627538953658,0.6837597638949159,1.436459252598536,R10MIDDLE_EAST
POLES-JRC ENGAGE,ENGAGE-INDCi2030-900,0.24966386919585928,0.47535421031612246,0.6837597638949159,1.4087778434068976,R10MIDDLE_EAST
POLES-JRC ENGAGE,ENGAGE-INDCi2030-900f,0.2275173159501915,0.5382436940609391,0.6837597638949159,1.4495207739060465,R10MIDDLE_EAST
POLES-JRC ENGAGE,ENGAGE-NPi2020-1000f,0.237517726514293,0.6116652197032227,0.6837597638949159,1.5329427101124318,R10MIDDLE_EAST
POLES-JRC ENGAGE,ENGAGE-NPi2020-1000f-COV,0.2738365615476516,0.6308981077830268,0.6837597638949159,1.5884944332255944,R10MIDDLE_EAST
POLES-JRC ENGAGE,ENGAGE-NPi2020-1200f,0.2474888431427839,0.6286365837541534,0.6837597638949159,1.5598851907918534,R10MIDDLE_EAST
POLES-JRC ENGAGE,ENGAGE-NPi2020-900f,0.23298850629346554,0.5904664991305104,0.6837597638949159,1.507214769318892,R10MIDDLE_EAST
REMIND-MAgPIE 2.1-4.2,NGFS Phase 2-Delayed Transition,0.3596800548969194,0.6565996291834367,0.6837597638949159,1.7000394479752718,R10MIDDLE_EAST
REMIND-MAgPIE 3.2.0-4.8.0,RESCUE-End-of-Century-Budget-1150,0.7176902781035974,0.7609840834628285,0.6837597638949159,2.162434125461342,R10MIDDLE_EAST
REMIND-MAgPIE 3.2.0-4.8.0,RESCUE-End-of-Century-Budget-1150-with-OAE,0.7172137622205514,0.7495573513918762,0.6837597638949159,2.1505308775073435,R10MIDDLE_EAST
REMIND-MAgPIE 3.2.0-4.8.0,RESCUE-End-of-Century-Budget-500,0.6878836826083818,0.8810346850844124,0.6837597638949159,2.25267813158771,R10MIDDLE_EAST
REMIND-MAgPIE 3.2.0-4.8.0,RESCUE-End-of-Century-Budget-500-with-OAE,0.6971464538324436,0.8655186673730038,0.6837597638949159,2.2464248851003634,R10MIDDLE_EAST
REMIND-MAgPIE 3.2.0-4.8.0,RESCUE-Peak-Budget-1150,0.6843518386593556,0.7524039084625127,0.6837597638949159,2.120515511016784,R10MIDDLE_EAST
REMIND-MAgPIE 3.2.0-4.8.0,RESCUE-Peak-Budget-1150-with-OAE,0.6837021347156088,0.754569894598196,0.6837597638949159,2.1220317932087207,R10MIDDLE_EAST
REMIND-MAgPIE 3.3-4.8,NGFS Phase 5-Below 2°C,0.488202686525308,0.791351174410104,0.6837597638949159,1.9633136248303278,R10MIDDLE_EAST
REMIND-MAgPIE 3.3-4.8,NGFS Phase 5-Delayed Transition,0.49541952645178505,0.7908916884891043,0.6837597638949159,1.970070978835805,R10MIDDLE_EAST
REMIND-MAgPIE 3.3-4.8,NGFS Phase 5-Low Demand,0.22916883594892737,0.5902942933872768,0.6837597638949159,1.50322289323112,R10MIDDLE_EAST
REMIND-MAgPIE 3.3-4.8,NGFS Phase 5-Net-Zero 2050,0.42186562997693916,0.654926930724621,0.6837597638949159,1.760552324596476,R10MIDDLE_EAST
WITCH 5.0,ENGAGE-INDCi2030-1000,0.37470507065187875,0.6795371094620202,0.6837597638949159,1.7380019440088148,R10MIDDLE_EAST
WITCH 5.0,ENGAGE-INDCi2030-1000-NDCp,0.37295488080076955,0.6785506107079134,0.6837597638949159,1.7352652554035988,R10MIDDLE_EAST
WITCH 5.0,ENGAGE-INDCi2030-1000f,0.3719532888097147,0.6776390878296481,0.6837597638949159,1.7333521405342789,R10MIDDLE_EAST
WITCH 5.0,ENGAGE-INDCi2030-1000f-NDCp,0.37313728341138624,0.6799355803710371,0.6837597638949159,1.7368326276773391,R10MIDDLE_EAST
WITCH 5.0,ENGAGE-INDCi2030-1200,0.37469326304692574,0.6825337018123114,0.6837597638949159,1.740986728754153,R10MIDDLE_EAST
WITCH 5.0,ENGAGE-INDCi2030-1200-NDCp,0.37363977298693724,0.684368971103662,0.6837597638949159,1.741768507985515,R10MIDDLE_EAST
WITCH 5.0,ENGAGE-INDCi2030-1200f,0.37687566743127643,0.6852343289240829,0.6837597638949159,1.745869760250275,R10MIDDLE_EAST
WITCH 5.0,ENGAGE-INDCi2030-1200f-NDCp,0.37288247631016525,0.6889470389020848,0.6837597638949159,1.745589279107166,R10MIDDLE_EAST
WITCH 5.0,ENGAGE-INDCi2030-1400,0.36438256883770037,0.6967695358194123,0.6837597638949159,1.7449118685520286,R10MIDDLE_EAST
WITCH 5.0,ENGAGE-INDCi2030-1400-NDCp,0.3658529516196719,0.7008911496105349,0.6837597638949159,1.7505038651251228,R10MIDDLE_EAST
WITCH 5.0,ENGAGE-INDCi2030-1400f,0.3659937360211479,0.699958356940803,0.6837597638949159,1.7497118568568668,R10MIDDLE_EAST
WITCH 5.0,ENGAGE-INDCi2030-1400f-NDCp,0.36599364506818877,0.7026799255325602,0.6837597638949159,1.7524333344956649,R10MIDDLE_EAST
WITCH 5.0,ENGAGE-INDCi2030-1600-NDCp,0.3711809138152248,0.7132969027894468,0.6837597638949159,1.7682375804995876,R10MIDDLE_EAST
WITCH 5.0,ENGAGE-INDCi2030-500f,0.36123923325752766,0.6656617895087829,0.6837597638949159,1.7106607866612262,R10MIDDLE_EAST
WITCH 5.0,ENGAGE-INDCi2030-600f,0.3620444523563856,0.6656233625997507,0.6837597638949159,1.7114275788510525,R10MIDDLE_EAST
WITCH 5.0,ENGAGE-INDCi2030-600f-NDCp,0.3622077659142735,0.6672674095982436,0.6837597638949159,1.713234939407433,R10MIDDLE_EAST
WITCH 5.0,ENGAGE-INDCi2030-700f,0.3640316717239096,0.6667446731919191,0.6837597638949159,1.7145361088107447,R10MIDDLE_EAST
WITCH 5.0,ENGAGE-INDCi2030-700f-NDCp,0.36552220059425555,0.6680412221621871,0.6837597638949159,1.7173231866513587,R10MIDDLE_EAST
WITCH 5.0,ENGAGE-INDCi2030-800,0.3579793187229052,0.6699225518609307,0.6837597638949159,1.711661634478752,R10MIDDLE_EAST
WITCH 5.0,ENGAGE-INDCi2030-800-NDCp,0.35741387325637225,0.6706123317994492,0.6837597638949159,1.7117859689507373,R10MIDDLE_EAST
WITCH 5.0,ENGAGE-INDCi2030-800f,0.36865518351572446,0.6712407352384401,0.6837597638949159,1.7236556826490803,R10MIDDLE_EAST
WITCH 5.0,ENGAGE-INDCi2030-800f-NDCp,0.3689515893832808,0.6721583915689713,0.6837597638949159,1.724869744847168,R10MIDDLE_EAST
WITCH 5.0,ENGAGE-INDCi2030-900,0.35964134127171715,0.6719091129891317,0.6837597638949159,1.7153102181557647,R10MIDDLE_EAST
WITCH 5.0,ENGAGE-INDCi2030-900-NDCp,0.36672031017281614,0.6756730331974183,0.6837597638949159,1.7261531072651506,R10MIDDLE_EAST
WITCH 5.0,ENGAGE-INDCi2030-900f,0.36913151359774504,0.6755044208989187,0.6837597638949159,1.7283956983915796,R10MIDDLE_EAST
WITCH 5.0,ENGAGE-INDCi2030-900f-NDCp,0.3693288141971685,0.676135852359555,0.6837597638949159,1.7292244304516395,R10MIDDLE_EAST
IMAGE 3.0,ENGAGE-INDCi2030-1000,0.0444791260689134,0.11853671524054273,0.30751139491439544,0.47052723622385156,R10EUROPE
IMAGE 3.0,ENGAGE-INDCi2030-1000f,0.04549220365458412,0.10560368399632823,0.30751139491439544,0.4586072825653078,R10EUROPE
IMAGE 3.0,ENGAGE-INDCi2030-1200,0.049335492696051836,0.11982987863159693,0.30751139491439544,0.4766767662420442,R10EUROPE
IMAGE 3.0,ENGAGE-INDCi2030-1200f,0.050302685952730936,0.10842335570604458,0.30751139491439544,0.46623743657317096,R10EUROPE
IMAGE 3.0,ENGAGE-INDCi2030-1400f,0.055419921362277046,0.11880709933057529,0.30751139491439544,0.4817384156072478,R10EUROPE
IMAGE 3.0,ENGAGE-INDCi2030-800f,0.04108537342812906,0.11075504518998948,0.30751139491439544,0.459351813532514,R10EUROPE
IMAGE 3.0,ENGAGE-NPi2020-1000,0.04706022690495406,0.11297905086660141,0.30751139491439544,0.4675506726859509,R10EUROPE
IMAGE 3.0,ENGAGE-NPi2020-1200,0.0520669734614995,0.12731888848259643,0.30751139491439544,0.4868972568584914,R10EUROPE
IMAGE 3.0,ENGAGE-NPi2020-1400,0.05663629893210381,0.13746562136975726,0.30751139491439544,0.5016133152162565,R10EUROPE
IMAGE 3.0,ENGAGE-NPi2020-1400f,0.05686512934453643,0.1265905448384839,0.30751139491439544,0.4909670690974158,R10EUROPE
IMAGE 3.2,SSP2021-SSP1-SPA1-19-Default,0.02049904707289586,0.16014592239234537,0.30751139491439544,0.48815636437963666,R10EUROPE
IMAGE 3.2,SSP2021-SSP1-SPA1-19-Lifestyle-Renewables,0.021761827897203878,0.09632300659500884,0.30751139491439544,0.42559622940660813,R10EUROPE
IMAGE 3.2,SSP2021-SSP1-SPA1-19-Renewables,0.02441085038107026,0.16323307734791148,0.30751139491439544,0.4951553226433772,R10EUROPE
IMAGE 3.2,SSP2021-SSP1-SPA1-26-Default,0.02614833424682679,0.17964733978753641,0.30751139491439544,0.5133070689487587,R10EUROPE
IMAGE 3.2,SSP2021-SSP1-SPA1-26-Lifestyle,0.016926078287635496,0.18063524257294847,0.30751139491439544,0.5050727157749795,R10EUROPE
IMAGE 3.2,SSP2021-SSP1-SPA1-26-Lifestyle-Renewables,0.027063148982133634,0.11698838494999378,0.30751139491439544,0.4515629288465228,R10EUROPE
IMAGE 3.2,SSP2021-SSP1-SPA1-26-Renewables,0.028670134278169005,0.1888927462498695,0.30751139491439544,0.5250742754424339,R10EUROPE
IMAGE 3.2,SSP2021-SSP2-SPA0-26-Default,0.044954871586527965,0.1467152192899677,0.30751139491439544,0.4991814857908911,R10EUROPE
IMAGE 3.2,SSP2021-SSP2-SPA2-19-Renewables,0.03605841679568681,0.1589156733710052,0.30751139491439544,0.5024854850810875,R10EUROPE
IMAGE 3.2,SSP2021-SSP2-SPA2-26-Default,0.0386679580134965,0.1200184135872799,0.30751139491439544,0.46619776651517186,R10EUROPE
IMAGE 3.2,SSP2021-SSP2-SPA2-26-Lifestyle,0.026214555660522464,0.15546061144769627,0.30751139491439544,0.4891865620226142,R10EUROPE
IMAGE 3.2,SSP2021-SSP2-SPA2-26-Lifestyle-Renewables,0.026124841418597004,0.13117933823612088,0.30751139491439544,0.4648155745691133,R10EUROPE
IMAGE 3.2,SSP2021-SSP2-SPA2-26-Renewables,0.04113924889910477,0.12837107639736273,0.30751139491439544,0.477021720210863,R10EUROPE
IMAGE 3.3,NAVIGATE Demand-1.5°C-ele_u,0.03793251252803343,0.26280820775895364,0.30751139491439544,0.6082521152013824,R10EUROPE
IMAGE 3.3,NAVIGATE Demand-1.5°C-tec_u,0.025559239731783725,0.22728392903047182,0.30751139491439544,0.5603545636766509,R10EUROPE
IMAGE 3.3,NAVIGATE Demand-2.0°C-ele_u,0.04381603786496916,0.19612953261906732,0.30751139491439544,0.5474569653984319,R10EUROPE
IMAGE 3.3,NAVIGATE Demand-2.0°C-ref,0.04434548073079679,0.16862992685176326,0.30751139491439544,0.5204868024969556,R10EUROPE
IMAGE 3.3,NAVIGATE Demand-2.0°C-tec_u,0.03514423223644447,0.171798470027976,0.30751139491439544,0.5144540971788159,R10EUROPE
MESSAGEix-GLOBIOM 2.0-M-R12-NGFS,NGFS Phase 5-Below 2°C,0.049108960129368315,0.3681804816609936,0.30751139491439544,0.7248008367047574,R10EUROPE
MESSAGEix-GLOBIOM 2.0-M-R12-NGFS,NGFS Phase 5-Delayed Transition,0.05116725021065889,0.36006999543181234,0.30751139491439544,0.7187486405568666,R10EUROPE
MESSAGEix-GLOBIOM 2.0-M-R12-NGFS,NGFS Phase 5-Low Demand,0.01822549801276862,0.3031226473444458,0.30751139491439544,0.6288595402716098,R10EUROPE
MESSAGEix-GLOBIOM 2.0-M-R12-NGFS,NGFS Phase 5-Nationally Determined Contributions (NDCs),0.057690903552930994,0.3387361311023779,0.30751139491439544,0.7039384295697043,R10EUROPE
MESSAGEix-GLOBIOM 2.0-M-R12-NGFS,NGFS Phase 5-Net-Zero 2050,0.05438575529748162,0.43424985227839463,0.30751139491439544,0.7961470024902717,R10EUROPE
POLES-JRC ENGAGE,ENGAGE-INDCi2030-1000,0.04686178886365802,0.14982575802139392,0.30751139491439544,0.5041989417994474,R10EUROPE
POLES-JRC ENGAGE,ENGAGE-INDCi2030-1000-COV,0.05175713413395479,0.12855566273224278,0.30751139491439544,0.487824191780593,R10EUROPE
POLES-JRC ENGAGE,ENGAGE-INDCi2030-1000-COV-NDCp,0.04801300168575834,0.14877277392098748,0.30751139491439544,0.5042971705211412,R10EUROPE
POLES-JRC ENGAGE,ENGAGE-INDCi2030-1000-NDCp,0.0402486855469714,0.15856721468732676,0.30751139491439544,0.5063272951486936,R10EUROPE
POLES-JRC ENGAGE,ENGAGE-INDCi2030-1000f,0.05192526975769719,0.16428828326273312,0.30751139491439544,0.5237249479348258,R10EUROPE
POLES-JRC ENGAGE,ENGAGE-INDCi2030-1000f-COV,0.054333056590299834,0.1338932031203962,0.30751139491439544,0.49573765462509145,R10EUROPE
POLES-JRC ENGAGE,ENGAGE-INDCi2030-1000f-COV-NDCp,0.04925857962426224,0.1523926943642604,0.30751139491439544,0.5091626689029181,R10EUROPE
POLES-JRC ENGAGE,ENGAGE-INDCi2030-1000f-NDCp,0.04150113767257782,0.17615685760242256,0.30751139491439544,0.5251693901893958,R10EUROPE
POLES-JRC ENGAGE,ENGAGE-INDCi2030-1200,0.055640244882943245,0.12240719561067687,0.30751139491439544,0.4855588354080156,R10EUROPE
POLES-JRC ENGAGE,ENGAGE-INDCi2030-1200f,0.05739571538975245,0.12529643761005796,0.30751139491439544,0.49020354791420584,R10EUROPE
POLES-JRC ENGAGE,ENGAGE-INDCi2030-300f,0.03731523796791767,0.24556280435151184,0.30751139491439544,0.590389437233825,R10EUROPE
POLES-JRC ENGAGE,ENGAGE-INDCi2030-400f,0.03860149652736573,0.24793385957057495,0.30751139491439544,0.5940467510123362,R10EUROPE
POLES-JRC ENGAGE,ENGAGE-INDCi2030-500f,0.04103954198122074,0.2384207134290622,0.30751139491439544,0.5869716503246785,R10EUROPE
POLES-JRC ENGAGE,ENGAGE-INDCi2030-600f,0.04255462315218487,0.23181840902547454,0.30751139491439544,0.5818844270920549,R10EUROPE
POLES-JRC ENGAGE,ENGAGE-INDCi2030-600f-COV,0.04365582305141557,0.22618794955750823,0.30751139491439544,0.5773551675233193,R10EUROPE
POLES-JRC ENGAGE,ENGAGE-INDCi2030-600f-COV-NDCp,0.04107677488259451,0.2590117497026441,0.30751139491439544,0.607599919499634,R10EUROPE
POLES-JRC ENGAGE,ENGAGE-INDCi2030-600f-NDCp,0.03508969493656337,0.25190994843937925,0.30751139491439544,0.594511038290338,R10EUROPE
POLES-JRC ENGAGE,ENGAGE-INDCi2030-700f,0.04475176338311799,0.21984256089176918,0.30751139491439544,0.5721057191892827,R10EUROPE
POLES-JRC ENGAGE,ENGAGE-INDCi2030-800f,0.046558815709105035,0.21115774356270745,0.30751139491439544,0.565227954186208,R10EUROPE
POLES-JRC ENGAGE,ENGAGE-INDCi2030-900,0.04183659126824543,0.13308820105003114,0.30751139491439544,0.482436187232672,R10EUROPE
POLES-JRC ENGAGE,ENGAGE-INDCi2030-900f,0.049711890410133575,0.19261627728545874,0.30751139491439544,0.5498395626099878,R10EUROPE
POLES-JRC ENGAGE,ENGAGE-NPi2020-1000f,0.05599770318418417,0.13465264308434138,0.30751139491439544,0.498161741182921,R10EUROPE
POLES-JRC ENGAGE,ENGAGE-NPi2020-1000f-COV,0.05900731288780005,0.12448108023566977,0.30751139491439544,0.49099978803786526,R10EUROPE
POLES-JRC ENGAGE,ENGAGE-NPi2020-1200f,0.06070412742971294,0.12310874429389104,0.30751139491439544,0.49132426663799944,R10EUROPE
POLES-JRC ENGAGE,ENGAGE-NPi2020-900f,0.05311900693065081,0.15274636778360853,0.30751139491439544,0.5133767696286547,R10EUROPE
REMIND-MAgPIE 2.1-4.2,NGFS Phase 2-Delayed Transition,0.02500868154429031,0.5980261892021527,0.30751139491439544,0.9305462656608383,R10EUROPE
REMIND-MAgPIE 3.2.0-4.8.0,RESCUE-End-of-Century-Budget-1150,0.04263015262357219,0.4302327631681953,0.30751139491439544,0.7803743107061629,R10EUROPE
REMIND-MAgPIE 3.2.0-4.8.0,RESCUE-End-of-Century-Budget-1150-with-OAE,0.04598931744414474,0.4701736380310223,0.30751139491439544,0.8236743503895625,R10EUROPE
REMIND-MAgPIE 3.2.0-4.8.0,RESCUE-End-of-Century-Budget-500,0.038128739102005864,0.4493274446832335,0.30751139491439544,0.7949675786996349,R10EUROPE
REMIND-MAgPIE 3.2.0-4.8.0,RESCUE-End-of-Century-Budget-500-with-OAE,0.044587451851466176,0.5255351479279446,0.30751139491439544,0.8776339946938063,R10EUROPE
REMIND-MAgPIE 3.2.0-4.8.0,RESCUE-Peak-Budget-1150,0.04141578574039636,0.5202043210054663,0.30751139491439544,0.8691315016602581,R10EUROPE
REMIND-MAgPIE 3.2.0-4.8.0,RESCUE-Peak-Budget-1150-with-OAE,0.0412182640653108,0.5200010428247415,0.30751139491439544,0.8687307018044477,R10EUROPE
REMIND-MAgPIE 3.3-4.8,NGFS Phase 5-Below 2°C,0.08335112121736747,0.34972028144628414,0.30751139491439544,0.740582797578047,R10EUROPE
REMIND-MAgPIE 3.3-4.8,NGFS Phase 5-Delayed Transition,0.07702839487825813,0.3985005276978028,0.30751139491439544,0.7830403174904563,R10EUROPE
REMIND-MAgPIE 3.3-4.8,NGFS Phase 5-Low Demand,0.03810632323932772,0.44929498191586686,0.30751139491439544,0.79491270006959,R10EUROPE
REMIND-MAgPIE 3.3-4.8,NGFS Phase 5-Net-Zero 2050,0.07016773082115009,0.5161531456505437,0.30751139491439544,0.8938322713860893,R10EUROPE
WITCH 5.0,ENGAGE-INDCi2030-1000,0.07623255922098886,0.35816906643373714,0.30751139491439544,0.7419130205691215,R10EUROPE
WITCH 5.0,ENGAGE-INDCi2030-1000-NDCp,0.07658932950284772,0.356884805166398,0.30751139491439544,0.7409855295836412,R10EUROPE
WITCH 5.0,ENGAGE-INDCi2030-1000f,0.07577580280956793,0.3498864277853166,0.30751139491439544,0.73317362550928,R10EUROPE
WITCH 5.0,ENGAGE-INDCi2030-1000f-NDCp,0.07687595799798826,0.34994851459083703,0.30751139491439544,0.7343358675032208,R10EUROPE
WITCH 5.0,ENGAGE-INDCi2030-1200,0.07782905854780137,0.35153235474342726,0.30751139491439544,0.7368728082056241,R10EUROPE
WITCH 5.0,ENGAGE-INDCi2030-1200-NDCp,0.07841052518643551,0.349136201336323,0.30751139491439544,0.7350581214371539,R10EUROPE
WITCH 5.0,ENGAGE-INDCi2030-1200f,0.07865605167615346,0.34945964072206004,0.30751139491439544,0.735627087312609,R10EUROPE
WITCH 5.0,ENGAGE-INDCi2030-1200f-NDCp,0.07945573108479873,0.34734281074698553,0.30751139491439544,0.7343099367461796,R10EUROPE
WITCH 5.0,ENGAGE-INDCi2030-1400,0.08082822717384816,0.3501370079655555,0.30751139491439544,0.738476630053799,R10EUROPE
WITCH 5.0,ENGAGE-INDCi2030-1400-NDCp,0.082283737474952,0.34766915251708597,0.30751139491439544,0.7374642849064335,R10EUROPE
WITCH 5.0,ENGAGE-INDCi2030-1400f,0.08132157630647129,0.3489195944437204,0.30751139491439544,0.7377525656645871,R10EUROPE
WITCH 5.0,ENGAGE-INDCi2030-1400f-NDCp,0.08250380500359475,0.34563190159443324,0.30751139491439544,0.7356471015124235,R10EUROPE
WITCH 5.0,ENGAGE-INDCi2030-1600-NDCp,0.08481930363123295,0.3395898781166127,0.30751139491439544,0.7319205766622411,R10EUROPE
WITCH 5.0,ENGAGE-INDCi2030-500f,0.06792004717810168,0.400870322585858,0.30751139491439544,0.7763017646783551,R10EUROPE
WITCH 5.0,ENGAGE-INDCi2030-600f,0.06963345810588037,0.3815288555141296,0.30751139491439544,0.7586737085344053,R10EUROPE
WITCH 5.0,ENGAGE-INDCi2030-600f-NDCp,0.07075339894062012,0.37586006711423675,0.30751139491439544,0.7541248609692524,R10EUROPE
WITCH 5.0,ENGAGE-INDCi2030-700f,0.07125571589623764,0.3696468799508941,0.30751139491439544,0.7484139907615273,R10EUROPE
WITCH 5.0,ENGAGE-INDCi2030-700f-NDCp,0.07213645237761343,0.36494752782831835,0.30751139491439544,0.7445953751203271,R10EUROPE
WITCH 5.0,ENGAGE-INDCi2030-800,0.07284978414802804,0.386036852210626,0.30751139491439544,0.7663980312730494,R10EUROPE
WITCH 5.0,ENGAGE-INDCi2030-800-NDCp,0.07350685024881481,0.38379978519335756,0.30751139491439544,0.7648180303565678,R10EUROPE
WITCH 5.0,ENGAGE-INDCi2030-800f,0.07263864929236255,0.35997823123924544,0.30751139491439544,0.7401282754460035,R10EUROPE
WITCH 5.0,ENGAGE-INDCi2030-800f-NDCp,0.07343173728063535,0.35687637629201524,0.30751139491439544,0.737819508487046,R10EUROPE
WITCH 5.0,ENGAGE-INDCi2030-900,0.07421448456294662,0.3715922924432304,0.30751139491439544,0.7533181719205724,R10EUROPE
WITCH 5.0,ENGAGE-INDCi2030-900-NDCp,0.07533144240245125,0.36694782623563316,0.30751139491439544,0.7497906635524798,R10EUROPE
WITCH 5.0,ENGAGE-INDCi2030-900f,0.0743079217437171,0.35293774082724316,0.30751139491439544,0.7347570574853557,R10EUROPE
WITCH 5.0,ENGAGE-INDCi2030-900f-NDCp,0.07533960071120328,0.3523477321334572,0.30751139491439544,0.7351987277590559,R10EUROPE
IMAGE 3.0,ENGAGE-INDCi2030-1000,0.18904988805150102,0.06177815148675634,0.9258307338123497,1.176658773350607,R10REST_ASIA
IMAGE 3.0,ENGAGE-INDCi2030-1000f,0.18846885575996222,0.021121389734432713,0.9258307338123497,1.1354209793067447,R10REST_ASIA
IMAGE 3.0,ENGAGE-INDCi2030-1200,0.20140056509471602,0.10451784167893695,0.9258307338123497,1.2317491405860026,R10REST_ASIA
IMAGE 3.0,ENGAGE-INDCi2030-1200f,0.2014983209189782,0.09473769170602564,0.9258307338123497,1.2220667464373536,R10REST_ASIA
IMAGE 3.0,ENGAGE-INDCi2030-1400f,0.2159619107656055,0.1119615951481036,0.9258307338123497,1.2537542397260588,R10REST_ASIA
IMAGE 3.0,ENGAGE-INDCi2030-800f,0.17711382806458048,0.017228949192025524,0.9258307338123497,1.1201735110689557,R10REST_ASIA
IMAGE 3.0,ENGAGE-NPi2020-1000,0.1975324682529776,0.07695923836804744,0.9258307338123497,1.2003224404333748,R10REST_ASIA
IMAGE 3.0,ENGAGE-NPi2020-1200,0.20687131374927192,0.11406123688276598,0.9258307338123497,1.2467632844443877,R10REST_ASIA
IMAGE 3.0,ENGAGE-NPi2020-1400,0.21718932046887512,0.13536447936133622,0.9258307338123497,1.278384533642561,R10REST_ASIA
IMAGE 3.0,ENGAGE-NPi2020-1400f,0.21773103130552166,0.13499120302320328,0.9258307338123497,1.2785529681410748,R10REST_ASIA
IMAGE 3.2,SSP2021-SSP1-SPA1-19-Default,0.1552773148615742,0.17782675531448838,0.9258307338123497,1.2589348039884123,R10REST_ASIA
IMAGE 3.2,SSP2021-SSP1-SPA1-19-Lifestyle-Renewables,0.22899372524105943,0.06241089404398799,0.9258307338123497,1.2172353530973972,R10REST_ASIA
IMAGE 3.2,SSP2021-SSP1-SPA1-19-Renewables,0.16301718587236652,0.18999060106073723,0.9258307338123497,1.2788385207454533,R10REST_ASIA
IMAGE 3.2,SSP2021-SSP1-SPA1-26-Default,0.17685447991953493,0.20290841505613172,0.9258307338123497,1.3055936287880163,R10REST_ASIA
IMAGE 3.2,SSP2021-SSP1-SPA1-26-Lifestyle,0.16567147041376892,0.21279684580590782,0.9258307338123497,1.3042990500320264,R10REST_ASIA
IMAGE 3.2,SSP2021-SSP1-SPA1-26-Lifestyle-Renewables,0.2520412699489671,0.06944135793142657,0.9258307338123497,1.2473133616927434,R10REST_ASIA
IMAGE 3.2,SSP2021-SSP1-SPA1-26-Renewables,0.17883896638497945,0.21016430546524753,0.9258307338123497,1.3148340056625767,R10REST_ASIA
IMAGE 3.2,SSP2021-SSP2-SPA0-26-Default,0.23906108211911595,0.19159388557492205,0.9258307338123497,1.3564857015063878,R10REST_ASIA
IMAGE 3.2,SSP2021-SSP2-SPA2-19-Renewables,0.24819057284927823,0.11040865247126809,0.9258307338123497,1.284429959132896,R10REST_ASIA
IMAGE 3.2,SSP2021-SSP2-SPA2-26-Default,0.26836377046070037,0.18208409306191817,0.9258307338123497,1.3762785973349683,R10REST_ASIA
IMAGE 3.2,SSP2021-SSP2-SPA2-26-Lifestyle,0.24417989857467293,0.15310411351756573,0.9258307338123497,1.3231147459045882,R10REST_ASIA
IMAGE 3.2,SSP2021-SSP2-SPA2-26-Lifestyle-Renewables,0.24698617459913083,0.07842023398657504,0.9258307338123497,1.2512371423980555,R10REST_ASIA
IMAGE 3.2,SSP2021-SSP2-SPA2-26-Renewables,0.26598467826116795,0.08392419072214377,0.9258307338123497,1.2757396027956616,R10REST_ASIA
IMAGE 3.3,NAVIGATE Demand-1.5°C-ele_u,0.24858059459554013,0.22572588861085166,0.9258307338123497,1.4001372170187416,R10REST_ASIA
IMAGE 3.3,NAVIGATE Demand-1.5°C-tec_u,0.21792217211253012,0.23585741344574657,0.9258307338123497,1.3796103193706264,R10REST_ASIA
IMAGE 3.3,NAVIGATE Demand-2.0°C-ele_u,0.261896507937121,0.0689631069778604,0.9258307338123497,1.256690348727331,R10REST_ASIA
IMAGE 3.3,NAVIGATE Demand-2.0°C-ref,0.27157340466072294,0.1091431077087428,0.9258307338123497,1.3065472461818155,R10REST_ASIA
IMAGE 3.3,NAVIGATE Demand-2.0°C-tec_u,0.23715817449432988,0.0958938436749004,0.9258307338123497,1.25888275198158,R10REST_ASIA
MESSAGEix-GLOBIOM 2.0-M-R12-NGFS,NGFS Phase 5-Below 2°C,0.07364820950895601,0.4143674958618676,0.9258307338123497,1.4138464391831733,R10REST_ASIA
MESSAGEix-GLOBIOM 2.0-M-R12-NGFS,NGFS Phase 5-Delayed Transition,0.07289718833712201,0.39329296582012147,0.9258307338123497,1.3920208879695932,R10REST_ASIA
MESSAGEix-GLOBIOM 2.0-M-R12-NGFS,NGFS Phase 5-Low Demand,0.033154863023465535,0.24860071531947395,0.9258307338123497,1.2075863121552892,R10REST_ASIA
MESSAGEix-GLOBIOM 2.0-M-R12-NGFS,NGFS Phase 5-Nationally Determined Contributions (NDCs),0.06226934214332396,0.33830362715247836,0.9258307338123497,1.3264037031081521,R10REST_ASIA
MESSAGEix-GLOBIOM 2.0-M-R12-NGFS,NGFS Phase 5-Net-Zero 2050,0.0799736896834,0.46659292668595437,0.9258307338123497,1.472397350181704,R10REST_ASIA
POLES-JRC ENGAGE,ENGAGE-INDCi2030-1000,0.20487012996964382,0.160090180160528,0.9258307338123497,1.2907910439425216,R10REST_ASIA
POLES-JRC ENGAGE,ENGAGE-INDCi2030-1000-COV,0.20982844242705292,0.14474050109356346,0.9258307338123497,1.2803996773329662,R10REST_ASIA
POLES-JRC ENGAGE,ENGAGE-INDCi2030-1000-COV-NDCp,0.20996382364191052,0.14491818686329352,0.9258307338123497,1.2807127443175537,R10REST_ASIA
POLES-JRC ENGAGE,ENGAGE-INDCi2030-1000-NDCp,0.2138206276895834,0.14533795440160102,0.9258307338123497,1.2849893159035342,R10REST_ASIA
POLES-JRC ENGAGE,ENGAGE-INDCi2030-1000f,0.20238776434904807,0.16864724158689354,0.9258307338123497,1.2968657397482914,R10REST_ASIA
POLES-JRC ENGAGE,ENGAGE-INDCi2030-1000f-COV,0.2097383828849485,0.1424076554791382,0.9258307338123497,1.2779767721764363,R10REST_ASIA
POLES-JRC ENGAGE,ENGAGE-INDCi2030-1000f-COV-NDCp,0.21141170504729045,0.13973032125367563,0.9258307338123497,1.2769727601133158,R10REST_ASIA
POLES-JRC ENGAGE,ENGAGE-INDCi2030-1000f-NDCp,0.21186279727152685,0.14701053540155007,0.9258307338123497,1.2847040664854266,R10REST_ASIA
POLES-JRC ENGAGE,ENGAGE-INDCi2030-1200,0.21187643937484685,0.13668473506031856,0.9258307338123497,1.274391908247515,R10REST_ASIA
POLES-JRC ENGAGE,ENGAGE-INDCi2030-1200f,0.2128577436633015,0.13744976930034147,0.9258307338123497,1.2761382467759927,R10REST_ASIA
POLES-JRC ENGAGE,ENGAGE-INDCi2030-300f,0.17853329060775996,0.2515718783006572,0.9258307338123497,1.355935902720767,R10REST_ASIA
POLES-JRC ENGAGE,ENGAGE-INDCi2030-400f,0.18235032447743593,0.238982972350229,0.9258307338123497,1.3471640306400148,R10REST_ASIA
POLES-JRC ENGAGE,ENGAGE-INDCi2030-500f,0.1881949896646091,0.24813390901530957,0.9258307338123497,1.3621596324922685,R10REST_ASIA
POLES-JRC ENGAGE,ENGAGE-INDCi2030-600f,0.19018611296736243,0.2441872497121482,0.9258307338123497,1.3602040964918602,R10REST_ASIA
POLES-JRC ENGAGE,ENGAGE-INDCi2030-600f-COV,0.19337893234572984,0.243013049894291,0.9258307338123497,1.3622227160523706,R10REST_ASIA
POLES-JRC ENGAGE,ENGAGE-INDCi2030-600f-COV-NDCp,0.19439692445462006,0.24772825022378903,0.9258307338123497,1.3679559084907589,R10REST_ASIA
POLES-JRC ENGAGE,ENGAGE-INDCi2030-600f-NDCp,0.19644799028173213,0.2147499154458333,0.9258307338123497,1.3370286395399151,R10REST_ASIA
POLES-JRC ENGAGE,ENGAGE-INDCi2030-700f,0.19222919024245955,0.23045557320972537,0.9258307338123497,1.3485154972645346,R10REST_ASIA
POLES-JRC ENGAGE,ENGAGE-INDCi2030-800f,0.1947320357878457,0.23234005182883108,0.9258307338123497,1.3529028214290264,R10REST_ASIA
POLES-JRC ENGAGE,ENGAGE-INDCi2030-900,0.22123977395095265,0.12072983212738787,0.9258307338123497,1.2678003398906903,R10REST_ASIA
POLES-JRC ENGAGE,ENGAGE-INDCi2030-900f,0.19862414686165916,0.20370016192543336,0.9258307338123497,1.3281550425994422,R10REST_ASIA
POLES-JRC ENGAGE,ENGAGE-NPi2020-1000f,0.20848982234604188,0.15161671226654017,0.9258307338123497,1.2859372684249317,R10REST_ASIA
POLES-JRC ENGAGE,ENGAGE-NPi2020-1000f-COV,0.21422807059540455,0.14975971965460225,0.9258307338123497,1.2898185240623565,R10REST_ASIA
POLES-JRC ENGAGE,ENGAGE-NPi2020-1200f,0.21761780445423137,0.15345935338652678,0.9258307338123497,1.2969078916531078,R10REST_ASIA
POLES-JRC ENGAGE,ENGAGE-NPi2020-900f,0.20341787717073292,0.1584976564390402,0.9258307338123497,1.287746267422123,R10REST_ASIA
REMIND-MAgPIE 2.1-4.2,NGFS Phase 2-Delayed Transition,0.26310115419939256,0.601787190066719,0.9258307338123497,1.7907190780784612,R10REST_ASIA
REMIND-MAgPIE 3.2.0-4.8.0,RESCUE-End-of-Century-Budget-1150,0.423777932266823,0.5777750343773768,0.9258307338123497,1.9273837004565495,R10REST_ASIA
REMIND-MAgPIE 3.2.0-4.8.0,RESCUE-End-of-Century-Budget-1150-with-OAE,0.42985304879192004,0.5989762645567622,0.9258307338123497,1.954660047161032,R10REST_ASIA
REMIND-MAgPIE 3.2.0-4.8.0,RESCUE-End-of-Century-Budget-500,0.39486803680493054,0.6206760893191822,0.9258307338123497,1.9413748599364624,R10REST_ASIA
REMIND-MAgPIE 3.2.0-4.8.0,RESCUE-End-of-Century-Budget-500-with-OAE,0.4059768746466187,0.6614913216085844,0.9258307338123497,1.9932989300675528,R10REST_ASIA
REMIND-MAgPIE 3.2.0-4.8.0,RESCUE-Peak-Budget-1150,0.42146436950935073,0.6648856287261374,0.9258307338123497,2.012180732047838,R10REST_ASIA
REMIND-MAgPIE 3.2.0-4.8.0,RESCUE-Peak-Budget-1150-with-OAE,0.42143079946038237,0.6656602053514664,0.9258307338123497,2.0129217386241987,R10REST_ASIA
REMIND-MAgPIE 3.3-4.8,NGFS Phase 5-Below 2°C,0.3115967664403459,0.52389698184282,0.9258307338123497,1.7613244820955156,R10REST_ASIA
REMIND-MAgPIE 3.3-4.8,NGFS Phase 5-Delayed Transition,0.3181227218551533,0.5427512345342819,0.9258307338123497,1.786704690201785,R10REST_ASIA
REMIND-MAgPIE 3.3-4.8,NGFS Phase 5-Low Demand,0.17384125822639304,0.6420964745115937,0.9258307338123497,1.7417684665503366,R10REST_ASIA
REMIND-MAgPIE 3.3-4.8,NGFS Phase 5-Net-Zero 2050,0.2805135452580051,0.6831715501608665,0.9258307338123497,1.8895158292312213,R10REST_ASIA
WITCH 5.0,ENGAGE-INDCi2030-1000,0.12688093764407343,0.2912220801712619,0.9258307338123497,1.343933751627685,R10REST_ASIA
WITCH 5.0,ENGAGE-INDCi2030-1000-NDCp,0.12753826103871904,0.29018503241748494,0.9258307338123497,1.3435540272685538,R10REST_ASIA
WITCH 5.0,ENGAGE-INDCi2030-1000f,0.12934526544859967,0.284601822468484,0.9258307338123497,1.3397778217294334,R10REST_ASIA
WITCH 5.0,ENGAGE-INDCi2030-1000f-NDCp,0.13007207801694345,0.282894907934284,0.9258307338123497,1.3387977197635772,R10REST_ASIA
WITCH 5.0,ENGAGE-INDCi2030-1200,0.13172809250454873,0.2782025117840352,0.9258307338123497,1.3357613381009337,R10REST_ASIA
WITCH 5.0,ENGAGE-INDCi2030-1200-NDCp,0.13275421456077585,0.27703889292163697,0.9258307338123497,1.3356238412947625,R10REST_ASIA
WITCH 5.0,ENGAGE-INDCi2030-1200f,0.13376387413890672,0.2739429375413544,0.9258307338123497,1.3335375454926108,R10REST_ASIA
WITCH 5.0,ENGAGE-INDCi2030-1200f-NDCp,0.13557541321344627,0.2728514455548378,0.9258307338123497,1.334257592580634,R10REST_ASIA
WITCH 5.0,ENGAGE-INDCi2030-1400,0.13953461845469622,0.27003480780900585,0.9258307338123497,1.335400160076052,R10REST_ASIA
WITCH 5.0,ENGAGE-INDCi2030-1400-NDCp,0.14050167118941784,0.2705593446860676,0.9258307338123497,1.3368917496878352,R10REST_ASIA
WITCH 5.0,ENGAGE-INDCi2030-1400f,0.13961459906559842,0.270803640944905,0.9258307338123497,1.3362489738228531,R10REST_ASIA
WITCH 5.0,ENGAGE-INDCi2030-1400f-NDCp,0.1406248468852779,0.27183195041405933,0.9258307338123497,1.3382875311116869,R10REST_ASIA
WITCH 5.0,ENGAGE-INDCi2030-1600-NDCp,0.14731087962924985,0.2788934222858021,0.9258307338123497,1.3520350357274018,R10REST_ASIA
WITCH 5.0,ENGAGE-INDCi2030-500f,0.1226604795846797,0.3529978130282881,0.9258307338123497,1.4014890264253175,R10REST_ASIA
WITCH 5.0,ENGAGE-INDCi2030-600f,0.12224466283399943,0.33195990756484606,0.9258307338123497,1.3800353042111952,R10REST_ASIA
WITCH 5.0,ENGAGE-INDCi2030-600f-NDCp,0.12230093169338663,0.3251812194048996,0.9258307338123497,1.373312884910636,R10REST_ASIA
WITCH 5.0,ENGAGE-INDCi2030-700f,0.12256343133776199,0.3131134315277341,0.9258307338123497,1.3615075966778458,R10REST_ASIA
WITCH 5.0,ENGAGE-INDCi2030-700f-NDCp,0.1237917697018774,0.3058610836561164,0.9258307338123497,1.3554835871703435,R10REST_ASIA
WITCH 5.0,ENGAGE-INDCi2030-800,0.12162255324217056,0.324928438727067,0.9258307338123497,1.3723817257815871,R10REST_ASIA
WITCH 5.0,ENGAGE-INDCi2030-800-NDCp,0.12166352599258624,0.320823374494485,0.9258307338123497,1.368317634299421,R10REST_ASIA
WITCH 5.0,ENGAGE-INDCi2030-800f,0.12541548241954034,0.2991236781827884,0.9258307338123497,1.3503698944146785,R10REST_ASIA
WITCH 5.0,ENGAGE-INDCi2030-800f-NDCp,0.12618782274067203,0.29608527519353783,0.9258307338123497,1.3481038317465597,R10REST_ASIA
WITCH 5.0,ENGAGE-INDCi2030-900,0.12278224987115897,0.30389296741614563,0.9258307338123497,1.3525059510996544,R10REST_ASIA
WITCH 5.0,ENGAGE-INDCi2030-900-NDCp,0.12409620186990146,0.29949715919034303,0.9258307338123497,1.3494240948725942,R10REST_ASIA
WITCH 5.0,ENGAGE-INDCi2030-900f,0.12688751683143923,0.2909209152041437,0.9258307338123497,1.3436391658479327,R10REST_ASIA
WITCH 5.0,ENGAGE-INDCi2030-900f-NDCp,0.1281231719818298,0.288637640840934,0.9258307338123497,1.3425915466351135,R10REST_ASIA
IMAGE 3.0,ENGAGE-INDCi2030-1000,0.057477069896943546,0.2021390869373292,0.044495164580565884,0.30411132141483865,R10PAC_OECD
IMAGE 3.0,ENGAGE-INDCi2030-1000f,0.05851048123835667,0.19132134786722055,0.044495164580565884,0.2943269936861431,R10PAC_OECD
IMAGE 3.0,ENGAGE-INDCi2030-1200,0.061981260175065084,0.23134062640738096,0.044495164580565884,0.33781705116301197,R10PAC_OECD
IMAGE 3.0,ENGAGE-INDCi2030-1200f,0.0636810396261706,0.25818430568402656,0.044495164580565884,0.3663605098907631,R10PAC_OECD
IMAGE 3.0,ENGAGE-INDCi2030-1400f,0.06894472411731804,0.27675782406943705,0.044495164580565884,0.390197712767321,R10PAC_OECD
IMAGE 3.0,ENGAGE-INDCi2030-800f,0.05391413749649141,0.18232623674136786,0.044495164580565884,0.28073553881842517,R10PAC_OECD
IMAGE 3.0,ENGAGE-NPi2020-1000,0.06344901407145512,0.21011876474066732,0.044495164580565884,0.31806294339268837,R10PAC_OECD
IMAGE 3.0,ENGAGE-NPi2020-1200,0.0684282536954693,0.2661141670833246,0.044495164580565884,0.3790375853593598,R10PAC_OECD
IMAGE 3.0,ENGAGE-NPi2020-1400,0.07304941525978476,0.27823469667703155,0.044495164580565884,0.3957792765173822,R10PAC_OECD
IMAGE 3.0,ENGAGE-NPi2020-1400f,0.07349403369146679,0.26368038320108855,0.044495164580565884,0.38166958147312124,R10PAC_OECD
IMAGE 3.2,SSP2021-SSP1-SPA1-19-Default,0.021753159714685118,0.17156481234027726,0.044495164580565884,0.23781313663552825,R10PAC_OECD
IMAGE 3.2,SSP2021-SSP1-SPA1-19-Lifestyle-Renewables,0.03225868819432035,0.13030358571008926,0.044495164580565884,0.2070574384849755,R10PAC_OECD
IMAGE 3.2,SSP2021-SSP1-SPA1-19-Renewables,0.02111984234622584,0.15630898738697238,0.044495164580565884,0.2219239943137641,R10PAC_OECD
IMAGE 3.2,SSP2021-SSP1-SPA1-26-Default,0.028506192762003134,0.12579850535261092,0.044495164580565884,0.19879986269517994,R10PAC_OECD
IMAGE 3.2,SSP2021-SSP1-SPA1-26-Lifestyle,0.0163937154036077,0.1133689652297115,0.044495164580565884,0.17425784521388507,R10PAC_OECD
IMAGE 3.2,SSP2021-SSP1-SPA1-26-Lifestyle-Renewables,0.03850982180214933,0.05218467271952659,0.044495164580565884,0.13518965910224182,R10PAC_OECD
IMAGE 3.2,SSP2021-SSP1-SPA1-26-Renewables,0.02586987009690465,0.14882951266530636,0.044495164580565884,0.21919454734277688,R10PAC_OECD
IMAGE 3.2,SSP2021-SSP2-SPA0-26-Default,0.04503477796645464,0.10656513792815267,0.044495164580565884,0.19609508047517318,R10PAC_OECD
IMAGE 3.2,SSP2021-SSP2-SPA2-19-Renewables,0.04847890817113184,0.0708019016658627,0.044495164580565884,0.16377597441756042,R10PAC_OECD
IMAGE 3.2,SSP2021-SSP2-SPA2-26-Default,0.05429762213906641,0.09521025744204668,0.044495164580565884,0.19400304416167896,R10PAC_OECD
IMAGE 3.2,SSP2021-SSP2-SPA2-26-Lifestyle,0.037086657816719854,0.06984396478890116,0.044495164580565884,0.1514257871861869,R10PAC_OECD
IMAGE 3.2,SSP2021-SSP2-SPA2-26-Lifestyle-Renewables,0.03530500969934918,0.06826944184662015,0.044495164580565884,0.14806961612653521,R10PAC_OECD
IMAGE 3.2,SSP2021-SSP2-SPA2-26-Renewables,0.05183012266657062,0.06449100974801568,0.044495164580565884,0.16081629699515218,R10PAC_OECD
IMAGE 3.3,NAVIGATE Demand-1.5°C-ele_u,0.04559820627555728,0.12216102788777229,0.044495164580565884,0.21225439874389546,R10PAC_OECD
IMAGE 3.3,NAVIGATE Demand-1.5°C-tec_u,0.03407325010347078,0.12789891043761104,0.044495164580565884,0.2064673251216477,R10PAC_OECD
IMAGE 3.3,NAVIGATE Demand-2.0°C-ele_u,0.050975455967771574,0.11542961336810263,0.044495164580565884,0.21090023391644008,R10PAC_OECD
IMAGE 3.3,NAVIGATE Demand-2.0°C-ref,0.052116109200893775,0.10029407742479719,0.044495164580565884,0.19690535120625685,R10PAC_OECD
IMAGE 3.3,NAVIGATE Demand-2.0°C-tec_u,0.04223081171490239,0.09607774403825091,0.044495164580565884,0.18280372033371917,R10PAC_OECD
MESSAGEix-GLOBIOM 2.0-M-R12-NGFS,NGFS Phase 5-Below 2°C,0.0385466852478647,0.2861210575515177,0.044495164580565884,0.3691629073799483,R10PAC_OECD
MESSAGEix-GLOBIOM 2.0-M-R12-NGFS,NGFS Phase 5-Delayed Transition,0.04090678733078675,0.2795002355714278,0.044495164580565884,0.3649021874827804,R10PAC_OECD
MESSAGEix-GLOBIOM 2.0-M-R12-NGFS,NGFS Phase 5-Low Demand,0.0007270682689666203,0.21672762068086723,0.044495164580565884,0.26194985353039973,R10PAC_OECD
MESSAGEix-GLOBIOM 2.0-M-R12-NGFS,NGFS Phase 5-Nationally Determined Contributions (NDCs),0.055950726755154875,0.3531498736065325,0.044495164580565884,0.4535957649422533,R10PAC_OECD
MESSAGEix-GLOBIOM 2.0-M-R12-NGFS,NGFS Phase 5-Net-Zero 2050,0.033072634128735366,0.373584799322814,0.044495164580565884,0.45115259803211527,R10PAC_OECD
POLES-JRC ENGAGE,ENGAGE-INDCi2030-1000,0.07561437937415519,0.11158128720224107,0.044495164580565884,0.23169083115696212,R10PAC_OECD
POLES-JRC ENGAGE,ENGAGE-INDCi2030-1000-COV,0.08338605248202931,0.08782753792044547,0.044495164580565884,0.21570875498304065,R10PAC_OECD
POLES-JRC ENGAGE,ENGAGE-INDCi2030-1000-COV-NDCp,0.08269407381535326,0.09155801211723752,0.044495164580565884,0.21874725051315666,R10PAC_OECD
POLES-JRC ENGAGE,ENGAGE-INDCi2030-1000-NDCp,0.08165710538964298,0.09074722607832093,0.044495164580565884,0.2168994960485298,R10PAC_OECD
POLES-JRC ENGAGE,ENGAGE-INDCi2030-1000f,0.08086325796222364,0.1218223952407401,0.044495164580565884,0.2471808177835296,R10PAC_OECD
POLES-JRC ENGAGE,ENGAGE-INDCi2030-1000f-COV,0.0863000190754796,0.08843794184172629,0.044495164580565884,0.21923312549777177,R10PAC_OECD
POLES-JRC ENGAGE,ENGAGE-INDCi2030-1000f-COV-NDCp,0.08622606583079702,0.08759362259591176,0.044495164580565884,0.21831485300727466,R10PAC_OECD
POLES-JRC ENGAGE,ENGAGE-INDCi2030-1000f-NDCp,0.08539036300443979,0.1009132970308265,0.044495164580565884,0.23079882461583215,R10PAC_OECD
POLES-JRC ENGAGE,ENGAGE-INDCi2030-1200,0.08471942160720619,0.08540178884353476,0.044495164580565884,0.21461637503130684,R10PAC_OECD
POLES-JRC ENGAGE,ENGAGE-INDCi2030-1200f,0.08631875608765502,0.08691198962321818,0.044495164580565884,0.2177259102914391,R10PAC_OECD
POLES-JRC ENGAGE,ENGAGE-INDCi2030-300f,0.06318046646738906,0.18826112659985433,0.044495164580565884,0.2959367576478093,R10PAC_OECD
POLES-JRC ENGAGE,ENGAGE-INDCi2030-400f,0.06495832493522224,0.19010352726740695,0.044495164580565884,0.29955701678319513,R10PAC_OECD
POLES-JRC ENGAGE,ENGAGE-INDCi2030-500f,0.07002936961817856,0.1887140976127747,0.044495164580565884,0.30323863181151917,R10PAC_OECD
POLES-JRC ENGAGE,ENGAGE-INDCi2030-600f,0.07154136092929828,0.1811875307590071,0.044495164580565884,0.2972240562688713,R10PAC_OECD
POLES-JRC ENGAGE,ENGAGE-INDCi2030-600f-COV,0.07567113161083246,0.16825114957452952,0.044495164580565884,0.28841744576592787,R10PAC_OECD
POLES-JRC ENGAGE,ENGAGE-INDCi2030-600f-COV-NDCp,0.07493606951563837,0.17542095025643414,0.044495164580565884,0.29485218435263844,R10PAC_OECD
POLES-JRC ENGAGE,ENGAGE-INDCi2030-600f-NDCp,0.07519703459121799,0.17382817248754417,0.044495164580565884,0.29352037165932804,R10PAC_OECD
POLES-JRC ENGAGE,ENGAGE-INDCi2030-700f,0.07374691831797808,0.18068636763092802,0.044495164580565884,0.29892845052947203,R10PAC_OECD
POLES-JRC ENGAGE,ENGAGE-INDCi2030-800f,0.07572467741308418,0.17775065438298412,0.044495164580565884,0.2979704963766342,R10PAC_OECD
POLES-JRC ENGAGE,ENGAGE-INDCi2030-900,0.07315765024780878,0.07855980591233196,0.044495164580565884,0.1962126207407066,R10PAC_OECD
POLES-JRC ENGAGE,ENGAGE-INDCi2030-900f,0.07860496418019103,0.14131070780000635,0.044495164580565884,0.26441083656076325,R10PAC_OECD
POLES-JRC ENGAGE,ENGAGE-NPi2020-1000f,0.08585040680189614,0.08731895362480695,0.044495164580565884,0.21766452500726896,R10PAC_OECD
POLES-JRC ENGAGE,ENGAGE-NPi2020-1000f-COV,0.09103827288933217,0.0788631646082135,0.044495164580565884,0.21439660207811154,R10PAC_OECD
POLES-JRC ENGAGE,ENGAGE-NPi2020-1200f,0.09029008827508651,0.08627788631235121,0.044495164580565884,0.2210631391680036,R10PAC_OECD
POLES-JRC ENGAGE,ENGAGE-NPi2020-900f,0.08318396392954512,0.10333072393286885,0.044495164580565884,0.23100985244297986,R10PAC_OECD
REMIND-MAgPIE 2.1-4.2,NGFS Phase 2-Delayed Transition,0.014734385940199969,0.21580872472340093,0.044495164580565884,0.2750382752441668,R10PAC_OECD
REMIND-MAgPIE 3.2.0-4.8.0,RESCUE-End-of-Century-Budget-1150,0.04147485812371392,0.15918118387486574,0.044495164580565884,0.24515120657914555,R10PAC_OECD
REMIND-MAgPIE 3.2.0-4.8.0,RESCUE-End-of-Century-Budget-1150-with-OAE,0.042952624124665606,0.1640102482888913,0.044495164580565884,0.2514580369941228,R10PAC_OECD
REMIND-MAgPIE 3.2.0-4.8.0,RESCUE-End-of-Century-Budget-500,0.03646695675521347,0.1850492461114598,0.044495164580565884,0.26601136744723913,R10PAC_OECD
REMIND-MAgPIE 3.2.0-4.8.0,RESCUE-End-of-Century-Budget-500-with-OAE,0.039267714346928974,0.1935665183205449,0.044495164580565884,0.27732939724803973,R10PAC_OECD
REMIND-MAgPIE 3.2.0-4.8.0,RESCUE-Peak-Budget-1150,0.03658151991736275,0.18933856559579962,0.044495164580565884,0.27041525009372824,R10PAC_OECD
REMIND-MAgPIE 3.2.0-4.8.0,RESCUE-Peak-Budget-1150-with-OAE,0.03650788211316254,0.1888722111596119,0.044495164580565884,0.2698752578533403,R10PAC_OECD
REMIND-MAgPIE 3.3-4.8,NGFS Phase 5-Below 2°C,0.07811303336656512,0.14488006172437035,0.044495164580565884,0.26748825967150136,R10PAC_OECD
REMIND-MAgPIE 3.3-4.8,NGFS Phase 5-Delayed Transition,0.07262938597656282,0.17470468455326854,0.044495164580565884,0.29182923511039727,R10PAC_OECD
REMIND-MAgPIE 3.3-4.8,NGFS Phase 5-Low Demand,0.024899826600338952,0.20531877216648975,0.044495164580565884,0.2747137633473946,R10PAC_OECD
REMIND-MAgPIE 3.3-4.8,NGFS Phase 5-Net-Zero 2050,0.06283520608411754,0.29753910362507385,0.044495164580565884,0.4048694742897573,R10PAC_OECD
WITCH 5.0,ENGAGE-INDCi2030-1000,0.11277518473625814,0.10584979088826835,0.044495164580565884,0.2631201402050924,R10PAC_OECD
WITCH 5.0,ENGAGE-INDCi2030-1000-NDCp,0.14871738910687418,0.1643915371685073,0.044495164580565884,0.35760409085594735,R10PAC_OECD
WITCH 5.0,ENGAGE-INDCi2030-1000f,0.11892560976878713,0.10492075148477863,0.044495164580565884,0.2683415258341317,R10PAC_OECD
WITCH 5.0,ENGAGE-INDCi2030-1000f-NDCp,0.11957417835551894,0.10688523723795489,0.044495164580565884,0.2709545801740397,R10PAC_OECD
WITCH 5.0,ENGAGE-INDCi2030-1200,0.15403613968210284,0.16863475239386352,0.044495164580565884,0.36716605665653224,R10PAC_OECD
WITCH 5.0,ENGAGE-INDCi2030-1200-NDCp,0.15420698009363953,0.17740866562020488,0.044495164580565884,0.3761108102944103,R10PAC_OECD
WITCH 5.0,ENGAGE-INDCi2030-1200f,0.12396768040836917,0.10904584776800366,0.044495164580565884,0.27750869275693874,R10PAC_OECD
WITCH 5.0,ENGAGE-INDCi2030-1200f-NDCp,0.1243311371045106,0.1109318640961358,0.044495164580565884,0.2797581657812123,R10PAC_OECD
WITCH 5.0,ENGAGE-INDCi2030-1400,0.16077906992925675,0.19893563942411427,0.044495164580565884,0.4042098739339369,R10PAC_OECD
WITCH 5.0,ENGAGE-INDCi2030-1400-NDCp,0.1616736475206202,0.21267985869720574,0.044495164580565884,0.41884867079839183,R10PAC_OECD
WITCH 5.0,ENGAGE-INDCi2030-1400f,0.12902508161865187,0.11538818614926347,0.044495164580565884,0.28890843234848124,R10PAC_OECD
WITCH 5.0,ENGAGE-INDCi2030-1400f-NDCp,0.1298649095291817,0.11857203798893347,0.044495164580565884,0.2929321120986811,R10PAC_OECD
WITCH 5.0,ENGAGE-INDCi2030-1600-NDCp,0.1686616242332801,0.23312413239274254,0.044495164580565884,0.4462809212065886,R10PAC_OECD
WITCH 5.0,ENGAGE-INDCi2030-500f,0.09557935402347939,0.14816856185096577,0.044495164580565884,0.28824308045501107,R10PAC_OECD
WITCH 5.0,ENGAGE-INDCi2030-600f,0.10084505213601568,0.13000191587287754,0.044495164580565884,0.2753421325894591,R10PAC_OECD
WITCH 5.0,ENGAGE-INDCi2030-600f-NDCp,0.10365364141534082,0.12521659212826283,0.044495164580565884,0.27336539812416955,R10PAC_OECD
WITCH 5.0,ENGAGE-INDCi2030-700f,0.10476981234208071,0.1190331686747532,0.044495164580565884,0.26829814559739984,R10PAC_OECD
WITCH 5.0,ENGAGE-INDCi2030-700f-NDCp,0.10662396940264307,0.11639159020732114,0.044495164580565884,0.2675107241905301,R10PAC_OECD
WITCH 5.0,ENGAGE-INDCi2030-800,0.13765038136714328,0.14681470060357368,0.044495164580565884,0.32896024655128286,R10PAC_OECD
WITCH 5.0,ENGAGE-INDCi2030-800-NDCp,0.13826964494523303,0.1529898879627274,0.044495164580565884,0.3357546974885263,R10PAC_OECD
WITCH 5.0,ENGAGE-INDCi2030-800f,0.10831586690861264,0.11110475255639231,0.044495164580565884,0.26391578404557087,R10PAC_OECD
WITCH 5.0,ENGAGE-INDCi2030-800f-NDCp,0.11095013223176178,0.11042778015247516,0.044495164580565884,0.26587307696480283,R10PAC_OECD
WITCH 5.0,ENGAGE-INDCi2030-900,0.14376626473923804,0.15348686660282623,0.044495164580565884,0.3417482959226302,R10PAC_OECD
WITCH 5.0,ENGAGE-INDCi2030-900-NDCp,0.10362190912282655,0.1097349654381585,0.044495164580565884,0.25785203914155097,R10PAC_OECD
WITCH 5.0,ENGAGE-INDCi2030-900f,0.11647963293146153,0.10677531631273761,0.044495164580565884,0.26775011382476505,R10PAC_OECD
WITCH 5.0,ENGAGE-INDCi2030-900f-NDCp,0.11709352845274518,0.10731093626440905,0.044495164580565884,0.2688996292977201,R10PAC_OECD
IMAGE 3.0,ENGAGE-INDCi2030-1000,0.4015395635225212,0.24650040514953703,0.451621666785896,1.099661635457954,R10REF_ECON
IMAGE 3.0,ENGAGE-INDCi2030-1000f,0.4104800601328315,0.20752304663937207,0.451621666785896,1.0696247735580995,R10REF_ECON
IMAGE 3.0,ENGAGE-INDCi2030-1200,0.4128142344780838,0.2637734228437707,0.451621666785896,1.1282093241077504,R10REF_ECON
IMAGE 3.0,ENGAGE-INDCi2030-1200f,0.4257578423608002,0.2528959625206576,0.451621666785896,1.1302754716673538,R10REF_ECON
IMAGE 3.0,ENGAGE-INDCi2030-1400f,0.4486574137842956,0.27405598886306953,0.451621666785896,1.174335069433261,R10REF_ECON
IMAGE 3.0,ENGAGE-INDCi2030-800f,0.39709584462810277,0.22480223972050603,0.451621666785896,1.073519751134505,R10REF_ECON
IMAGE 3.0,ENGAGE-NPi2020-1000,0.40398262462896495,0.3668211553577235,0.451621666785896,1.2224254467725846,R10REF_ECON
IMAGE 3.0,ENGAGE-NPi2020-1200,0.418478449959211,0.3515637043214886,0.451621666785896,1.2216638210665955,R10REF_ECON
IMAGE 3.0,ENGAGE-NPi2020-1400,0.435923262828644,0.3068790969048968,0.451621666785896,1.1944240265194368,R10REF_ECON
IMAGE 3.0,ENGAGE-NPi2020-1400f,0.44240100331349663,0.28876826043364656,0.451621666785896,1.1827909305330393,R10REF_ECON
IMAGE 3.2,SSP2021-SSP1-SPA1-19-Default,0.5239164505149876,0.3805281575386786,0.451621666785896,1.356066274839562,R10REF_ECON
IMAGE 3.2,SSP2021-SSP1-SPA1-19-Lifestyle-Renewables,0.5670661987716971,0.42402381747307455,0.451621666785896,1.4427116830306677,R10REF_ECON
IMAGE 3.2,SSP2021-SSP1-SPA1-19-Renewables,0.5208212583160942,0.3415019012587787,0.451621666785896,1.313944826360769,R10REF_ECON
IMAGE 3.2,SSP2021-SSP1-SPA1-26-Default,0.5676346771564786,0.3758596797120863,0.451621666785896,1.3951160236544609,R10REF_ECON
IMAGE 3.2,SSP2021-SSP1-SPA1-26-Lifestyle,0.554597529794395,0.47135643450804876,0.451621666785896,1.4775756310883397,R10REF_ECON
IMAGE 3.2,SSP2021-SSP1-SPA1-26-Lifestyle-Renewables,0.6128544675042373,0.44980558366001006,0.451621666785896,1.5142817179501433,R10REF_ECON
IMAGE 3.2,SSP2021-SSP1-SPA1-26-Renewables,0.5540639608764184,0.36878748519837307,0.451621666785896,1.3744731128606875,R10REF_ECON
IMAGE 3.2,SSP2021-SSP2-SPA0-26-Default,0.5905884137941921,0.3998724588048154,0.451621666785896,1.4420825393849035,R10REF_ECON
IMAGE 3.2,SSP2021-SSP2-SPA2-19-Renewables,0.5761639622165364,0.46449300540518207,0.451621666785896,1.4922786344076147,R10REF_ECON
IMAGE 3.2,SSP2021-SSP2-SPA2-26-Default,0.6536293214207082,0.47725777566848093,0.451621666785896,1.5825087638750852,R10REF_ECON
IMAGE 3.2,SSP2021-SSP2-SPA2-26-Lifestyle,0.63001072459916,0.5054261108017235,0.451621666785896,1.5870585021867796,R10REF_ECON
IMAGE 3.2,SSP2021-SSP2-SPA2-26-Lifestyle-Renewables,0.6145680720953596,0.4316172528042132,0.451621666785896,1.4978069916854686,R10REF_ECON
IMAGE 3.2,SSP2021-SSP2-SPA2-26-Renewables,0.6447356094953106,0.3667149015012697,0.451621666785896,1.4630721777824762,R10REF_ECON
IMAGE 3.3,NAVIGATE Demand-1.5°C-ele_u,0.5345071063855186,0.18480317021829307,0.451621666785896,1.1709319433897076,R10REF_ECON
IMAGE 3.3,NAVIGATE Demand-1.5°C-tec_u,0.4640907345301246,0.1833207052487936,0.451621666785896,1.0990331065648142,R10REF_ECON
IMAGE 3.3,NAVIGATE Demand-2.0°C-ele_u,0.571877794264986,0.18856794563758097,0.451621666785896,1.212067406688463,R10REF_ECON
IMAGE 3.3,NAVIGATE Demand-2.0°C-ref,0.5925499588037371,0.17699387844749362,0.451621666785896,1.2211655040371268,R10REF_ECON
IMAGE 3.3,NAVIGATE Demand-2.0°C-tec_u,0.520237666849901,0.18887670382622176,0.451621666785896,1.1607360374620188,R10REF_ECON
MESSAGEix-GLOBIOM 2.0-M-R12-NGFS,NGFS Phase 5-Below 2°C,0.19738451314521546,0.47699747357754163,0.451621666785896,1.126003653508653,R10REF_ECON
MESSAGEix-GLOBIOM 2.0-M-R12-NGFS,NGFS Phase 5-Delayed Transition,0.2001702026427235,0.4497666139628218,0.451621666785896,1.1015584833914414,R10REF_ECON
MESSAGEix-GLOBIOM 2.0-M-R12-NGFS,NGFS Phase 5-Low Demand,0.07511879995387934,0.31163312368729984,0.451621666785896,0.8383735904270752,R10REF_ECON
MESSAGEix-GLOBIOM 2.0-M-R12-NGFS,NGFS Phase 5-Nationally Determined Contributions (NDCs),0.31374166696985045,0.7971347604333389,0.451621666785896,1.5624980941890851,R10REF_ECON
MESSAGEix-GLOBIOM 2.0-M-R12-NGFS,NGFS Phase 5-Net-Zero 2050,0.1771475279972016,0.549829784521715,0.451621666785896,1.1785989793048126,R10REF_ECON
POLES-JRC ENGAGE,ENGAGE-INDCi2030-1000,0.569977370525048,0.31413558470080244,0.451621666785896,1.3357346220117465,R10REF_ECON
POLES-JRC ENGAGE,ENGAGE-INDCi2030-1000-COV,0.6242057140415797,0.25774673254451863,0.451621666785896,1.3335741133719943,R10REF_ECON
POLES-JRC ENGAGE,ENGAGE-INDCi2030-1000-COV-NDCp,0.6230530406712532,0.2015111584908753,0.451621666785896,1.2761858659480245,R10REF_ECON
POLES-JRC ENGAGE,ENGAGE-INDCi2030-1000-NDCp,0.6106399373118234,0.3678545684250496,0.451621666785896,1.430116172522769,R10REF_ECON
POLES-JRC ENGAGE,ENGAGE-INDCi2030-1000f,0.574109139887492,0.2785379634788749,0.451621666785896,1.3042687701522628,R10REF_ECON
POLES-JRC ENGAGE,ENGAGE-INDCi2030-1000f-COV,0.6261170444109889,0.20894598103025552,0.451621666785896,1.2866846922271404,R10REF_ECON
POLES-JRC ENGAGE,ENGAGE-INDCi2030-1000f-COV-NDCp,0.6288884281713898,0.18801234312563442,0.451621666785896,1.26852243808292,R10REF_ECON
POLES-JRC ENGAGE,ENGAGE-INDCi2030-1000f-NDCp,0.610879415209453,0.3028912873498972,0.451621666785896,1.3653923693452463,R10REF_ECON
POLES-JRC ENGAGE,ENGAGE-INDCi2030-1200,0.5890692655358039,0.35413602191713617,0.451621666785896,1.394826954238836,R10REF_ECON
POLES-JRC ENGAGE,ENGAGE-INDCi2030-1200f,0.5937837406032462,0.3667124136714865,0.451621666785896,1.4121178210606287,R10REF_ECON
POLES-JRC ENGAGE,ENGAGE-INDCi2030-300f,0.5250719168085495,0.11149930778769071,0.451621666785896,1.0881928913821362,R10REF_ECON
POLES-JRC ENGAGE,ENGAGE-INDCi2030-400f,0.5288368234223995,0.11716023637496915,0.451621666785896,1.0976187265832646,R10REF_ECON
POLES-JRC ENGAGE,ENGAGE-INDCi2030-500f,0.5401655674043843,0.11690478547673754,0.451621666785896,1.1086920196670178,R10REF_ECON
POLES-JRC ENGAGE,ENGAGE-INDCi2030-600f,0.543538767864524,0.13451671672401058,0.451621666785896,1.1296771513744306,R10REF_ECON
POLES-JRC ENGAGE,ENGAGE-INDCi2030-600f-COV,0.5937356958977471,0.1251398595774912,0.451621666785896,1.1704972222611343,R10REF_ECON
POLES-JRC ENGAGE,ENGAGE-INDCi2030-600f-COV-NDCp,0.5934320387918657,0.11877793896770453,0.451621666785896,1.1638316445454662,R10REF_ECON
POLES-JRC ENGAGE,ENGAGE-INDCi2030-600f-NDCp,0.5757388359438921,0.13037781980072152,0.451621666785896,1.1577383225305096,R10REF_ECON
POLES-JRC ENGAGE,ENGAGE-INDCi2030-700f,0.5533318513918192,0.13883101812581822,0.451621666785896,1.1437845363035333,R10REF_ECON
POLES-JRC ENGAGE,ENGAGE-INDCi2030-800f,0.5594367787483622,0.1505576637510742,0.451621666785896,1.1616161092853323,R10REF_ECON
POLES-JRC ENGAGE,ENGAGE-INDCi2030-900,0.5815797800161923,0.3045790037901086,0.451621666785896,1.3377804505921969,R10REF_ECON
POLES-JRC ENGAGE,ENGAGE-INDCi2030-900f,0.5678582958633002,0.24399752079735812,0.451621666785896,1.2634774834465543,R10REF_ECON
POLES-JRC ENGAGE,ENGAGE-NPi2020-1000f,0.5845482310097656,0.33114840033982257,0.451621666785896,1.3673182981354843,R10REF_ECON
POLES-JRC ENGAGE,ENGAGE-NPi2020-1000f-COV,0.6358643196055053,0.29967347436940056,0.451621666785896,1.387159460760802,R10REF_ECON
POLES-JRC ENGAGE,ENGAGE-NPi2020-1200f,0.6000805799700645,0.35954048756665175,0.451621666785896,1.4112427343226122,R10REF_ECON
POLES-JRC ENGAGE,ENGAGE-NPi2020-900f,0.5737044824689023,0.2680772214884939,0.451621666785896,1.2934033707432921,R10REF_ECON
REMIND-MAgPIE 2.1-4.2,NGFS Phase 2-Delayed Transition,0.5856440570932754,0.2621765342632153,0.451621666785896,1.2994422581423866,R10REF_ECON
REMIND-MAgPIE 3.2.0-4.8.0,RESCUE-End-of-Century-Budget-1150,0.8708860111384156,0.2531539974039105,0.451621666785896,1.575661675328222,R10REF_ECON
REMIND-MAgPIE 3.2.0-4.8.0,RESCUE-End-of-Century-Budget-1150-with-OAE,0.8622485508224025,0.2485947115585822,0.451621666785896,1.5624649291668806,R10REF_ECON
REMIND-MAgPIE 3.2.0-4.8.0,RESCUE-End-of-Century-Budget-500,1.0000000000000093,0.3931962075232587,0.451621666785896,1.844817874309164,R10REF_ECON
REMIND-MAgPIE 3.2.0-4.8.0,RESCUE-End-of-Century-Budget-500-with-OAE,0.9958951592016232,0.3734191834567851,0.451621666785896,1.8209360094443041,R10REF_ECON
REMIND-MAgPIE 3.2.0-4.8.0,RESCUE-Peak-Budget-1150,0.7631729276698322,0.3304203141168313,0.451621666785896,1.5452149085725595,R10REF_ECON
REMIND-MAgPIE 3.2.0-4.8.0,RESCUE-Peak-Budget-1150-with-OAE,0.7632603724852007,0.33034622834116756,0.451621666785896,1.5452282676122642,R10REF_ECON
REMIND-MAgPIE 3.3-4.8,NGFS Phase 5-Below 2°C,0.7182454896303432,0.3842359847330215,0.451621666785896,1.5541031411492607,R10REF_ECON
REMIND-MAgPIE 3.3-4.8,NGFS Phase 5-Delayed Transition,0.6901605629923576,0.3502159531257341,0.451621666785896,1.4919981829039877,R10REF_ECON
REMIND-MAgPIE 3.3-4.8,NGFS Phase 5-Low Demand,0.3522277236918441,0.24095668213960367,0.451621666785896,1.0448060726173436,R10REF_ECON
REMIND-MAgPIE 3.3-4.8,NGFS Phase 5-Net-Zero 2050,0.6361156102989377,0.41925542444210495,0.451621666785896,1.5069927015269386,R10REF_ECON
WITCH 5.0,ENGAGE-INDCi2030-1000,0.4506959374026871,0.21474515135977265,0.451621666785896,1.1170627555483557,R10REF_ECON
WITCH 5.0,ENGAGE-INDCi2030-1000-NDCp,0.4486611890966695,0.22302694204485196,0.451621666785896,1.1233097979274174,R10REF_ECON
WITCH 5.0,ENGAGE-INDCi2030-1000f,0.445046659953089,0.21947178475914475,0.451621666785896,1.1161401114981297,R10REF_ECON
WITCH 5.0,ENGAGE-INDCi2030-1000f-NDCp,0.4464790557446402,0.2174776936152988,0.451621666785896,1.1155784161458349,R10REF_ECON
WITCH 5.0,ENGAGE-INDCi2030-1200,0.4508324627682746,0.22083221112412732,0.451621666785896,1.1232863406782978,R10REF_ECON
WITCH 5.0,ENGAGE-INDCi2030-1200-NDCp,0.4527980032311699,0.22178257132662174,0.451621666785896,1.1262022413436876,R10REF_ECON
WITCH 5.0,ENGAGE-INDCi2030-1200f,0.45181169792509296,0.21954323619382643,0.451621666785896,1.1229766009048152,R10REF_ECON
WITCH 5.0,ENGAGE-INDCi2030-1200f-NDCp,0.4529344091328273,0.2199647872661677,0.451621666785896,1.124520863184891,R10REF_ECON
WITCH 5.0,ENGAGE-INDCi2030-1400,0.4593179620893057,0.22374812448758746,0.451621666785896,1.134687753362789,R10REF_ECON
WITCH 5.0,ENGAGE-INDCi2030-1400-NDCp,0.4619300101301459,0.2275785187575492,0.451621666785896,1.141130195673591,R10REF_ECON
WITCH 5.0,ENGAGE-INDCi2030-1400f,0.4607568735545148,0.2259084397793318,0.451621666785896,1.1382869801197426,R10REF_ECON
WITCH 5.0,ENGAGE-INDCi2030-1400f-NDCp,0.4619907518107192,0.2277575578636411,0.451621666785896,1.1413699764602563,R10REF_ECON
WITCH 5.0,ENGAGE-INDCi2030-1600-NDCp,0.47218729023098244,0.2338216263082996,0.451621666785896,1.157630583325178,R10REF_ECON
WITCH 5.0,ENGAGE-INDCi2030-500f,0.422363749681727,0.20563436375878552,0.451621666785896,1.0796197802264085,R10REF_ECON
WITCH 5.0,ENGAGE-INDCi2030-600f,0.4270216016214702,0.20750751914939752,0.451621666785896,1.0861507875567638,R10REF_ECON
WITCH 5.0,ENGAGE-INDCi2030-600f-NDCp,0.42897997344577554,0.20989778705380596,0.451621666785896,1.0904994272854776,R10REF_ECON
WITCH 5.0,ENGAGE-INDCi2030-700f,0.4319086286934677,0.21209914331707333,0.451621666785896,1.0956294387964371,R10REF_ECON
WITCH 5.0,ENGAGE-INDCi2030-700f-NDCp,0.4343350110452701,0.21592016402605294,0.451621666785896,1.101876841857219,R10REF_ECON
WITCH 5.0,ENGAGE-INDCi2030-800,0.4417020478418717,0.2155873492557693,0.451621666785896,1.108911063883537,R10REF_ECON
WITCH 5.0,ENGAGE-INDCi2030-800-NDCp,0.4433891581855749,0.21808734989667056,0.451621666785896,1.1130981748681414,R10REF_ECON
WITCH 5.0,ENGAGE-INDCi2030-800f,0.4393656485951884,0.2177179709052652,0.451621666785896,1.1087052862863496,R10REF_ECON
WITCH 5.0,ENGAGE-INDCi2030-800f-NDCp,0.44075091337809325,0.21738755587870207,0.451621666785896,1.1097601360426914,R10REF_ECON
WITCH 5.0,ENGAGE-INDCi2030-900,0.4458758731180583,0.22116241024467195,0.451621666785896,1.1186599501486263,R10REF_ECON
WITCH 5.0,ENGAGE-INDCi2030-900-NDCp,0.4523027841662595,0.2124046999100664,0.451621666785896,1.116329150862222,R10REF_ECON
WITCH 5.0,ENGAGE-INDCi2030-900f,0.44380868928496053,0.21924325350475513,0.451621666785896,1.1146736095756116,R10REF_ECON
WITCH 5.0,ENGAGE-INDCi2030-900f-NDCp,0.4435042024264795,0.2185000132717745,0.451621666785896,1.11362588248415,R10REF_ECON
IMAGE 3.0,ENGAGE-INDCi2030-1000,0.09643826127735267,0.22869693073601421,0.0,0.3251351920133669,R10NORTH_AM
IMAGE 3.0,ENGAGE-INDCi2030-1000f,0.09955018915981981,0.22745414046542434,0.0,0.32700432962524417,R10NORTH_AM
IMAGE 3.0,ENGAGE-INDCi2030-1200,0.10526783379956847,0.2504569860786788,0.0,0.3557248198782472,R10NORTH_AM
IMAGE 3.0,ENGAGE-INDCi2030-1200f,0.10703858318951336,0.24898670842853582,0.0,0.3560252916180492,R10NORTH_AM
IMAGE 3.0,ENGAGE-INDCi2030-1400f,0.11538777634747599,0.2700816986275395,0.0,0.3854694749750155,R10NORTH_AM
IMAGE 3.0,ENGAGE-INDCi2030-800f,0.09189060548085819,0.22522934043385215,0.0,0.3171199459147103,R10NORTH_AM
IMAGE 3.0,ENGAGE-NPi2020-1000,0.10579788409215247,0.19997309844640462,0.0,0.3057709825385571,R10NORTH_AM
IMAGE 3.0,ENGAGE-NPi2020-1200,0.11364714393303493,0.22729711596168045,0.0,0.3409442598947154,R10NORTH_AM
IMAGE 3.0,ENGAGE-NPi2020-1400,0.12048739684069316,0.24552323030305567,0.0,0.3660106271437488,R10NORTH_AM
IMAGE 3.0,ENGAGE-NPi2020-1400f,0.12195965933473603,0.2663878348461551,0.0,0.3883474941808911,R10NORTH_AM
IMAGE 3.2,SSP2021-SSP1-SPA1-19-Default,0.07155651901774543,0.252013658688434,0.0,0.32357017770617946,R10NORTH_AM
IMAGE 3.2,SSP2021-SSP1-SPA1-19-Lifestyle-Renewables,0.08069187937407604,0.20825171472052068,0.0,0.2889435940945967,R10NORTH_AM
IMAGE 3.2,SSP2021-SSP1-SPA1-19-Renewables,0.07372688604169517,0.27554092374379907,0.0,0.3492678097854942,R10NORTH_AM
IMAGE 3.2,SSP2021-SSP1-SPA1-26-Default,0.07982835141889405,0.2382239353136632,0.0,0.31805228673255725,R10NORTH_AM
IMAGE 3.2,SSP2021-SSP1-SPA1-26-Lifestyle,0.06668818386701,0.24050374511342093,0.0,0.3071919289804309,R10NORTH_AM
IMAGE 3.2,SSP2021-SSP1-SPA1-26-Lifestyle-Renewables,0.08921865614033651,0.19879935429187373,0.0,0.28801801043221026,R10NORTH_AM
IMAGE 3.2,SSP2021-SSP1-SPA1-26-Renewables,0.07924282749905898,0.2520178551326302,0.0,0.3312606826316892,R10NORTH_AM
IMAGE 3.2,SSP2021-SSP2-SPA0-26-Default,0.12120375655196323,0.19799678645924992,0.0,0.31920054301121314,R10NORTH_AM
IMAGE 3.2,SSP2021-SSP2-SPA2-19-Renewables,0.09593362089035165,0.30526479850535193,0.0,0.40119841939570355,R10NORTH_AM
IMAGE 3.2,SSP2021-SSP2-SPA2-26-Default,0.11385074919674111,0.187256086969641,0.0,0.3011068361663821,R10NORTH_AM
IMAGE 3.2,SSP2021-SSP2-SPA2-26-Lifestyle,0.09074558842678529,0.19083732685293187,0.0,0.2815829152797171,R10NORTH_AM
IMAGE 3.2,SSP2021-SSP2-SPA2-26-Lifestyle-Renewables,0.08360299585857542,0.18823202136763922,0.0,0.2718350172262146,R10NORTH_AM
IMAGE 3.2,SSP2021-SSP2-SPA2-26-Renewables,0.10613010405514964,0.20573448695338803,0.0,0.3118645910085377,R10NORTH_AM
IMAGE 3.3,NAVIGATE Demand-1.5°C-ele_u,0.10043430599353403,0.49057772812797906,0.0,0.591012034121513,R10NORTH_AM
IMAGE 3.3,NAVIGATE Demand-1.5°C-tec_u,0.08578935329038818,0.3999376006024697,0.0,0.48572695389285786,R10NORTH_AM
IMAGE 3.3,NAVIGATE Demand-2.0°C-ele_u,0.10545423474530514,0.3348489222822277,0.0,0.4403031570275328,R10NORTH_AM
IMAGE 3.3,NAVIGATE Demand-2.0°C-ref,0.11129056782491306,0.31365787876284035,0.0,0.42494844658775344,R10NORTH_AM
IMAGE 3.3,NAVIGATE Demand-2.0°C-tec_u,0.09748310005766964,0.26338160941756883,0.0,0.36086470947523847,R10NORTH_AM
MESSAGEix-GLOBIOM 2.0-M-R12-NGFS,NGFS Phase 5-Below 2°C,0.08278371991252283,0.4070943597031313,0.0,0.4898780796156541,R10NORTH_AM
MESSAGEix-GLOBIOM 2.0-M-R12-NGFS,NGFS Phase 5-Delayed Transition,0.08419128308256264,0.3761701026949957,0.0,0.4603613857775583,R10NORTH_AM
MESSAGEix-GLOBIOM 2.0-M-R12-NGFS,NGFS Phase 5-Low Demand,0.03168197658048722,0.30563892333233816,0.0,0.3373208999128254,R10NORTH_AM
MESSAGEix-GLOBIOM 2.0-M-R12-NGFS,NGFS Phase 5-Nationally Determined Contributions (NDCs),0.0947060746195822,0.3867771566846156,0.0,0.4814832313041978,R10NORTH_AM
MESSAGEix-GLOBIOM 2.0-M-R12-NGFS,NGFS Phase 5-Net-Zero 2050,0.06805520793488648,0.47738903130577354,0.0,0.54544423924066,R10NORTH_AM
POLES-JRC ENGAGE,ENGAGE-INDCi2030-1000,0.020167274394723055,0.11798690937176169,0.0,0.13815418376648475,R10NORTH_AM
POLES-JRC ENGAGE,ENGAGE-INDCi2030-1000-COV,0.03166005013476892,0.11279925253809092,0.0,0.14445930267285984,R10NORTH_AM
POLES-JRC ENGAGE,ENGAGE-INDCi2030-1000-COV-NDCp,0.03017512956627132,0.11382466684014034,0.0,0.14399979640641167,R10NORTH_AM
POLES-JRC ENGAGE,ENGAGE-INDCi2030-1000-NDCp,0.028996936399760833,0.09999234048070844,0.0,0.12898927688046927,R10NORTH_AM
POLES-JRC ENGAGE,ENGAGE-INDCi2030-1000f,0.029461529135425744,0.12175666472429318,0.0,0.15121819385971894,R10NORTH_AM
POLES-JRC ENGAGE,ENGAGE-INDCi2030-1000f-COV,0.035182994251775034,0.11969379662866679,0.0,0.15487679088044182,R10NORTH_AM
POLES-JRC ENGAGE,ENGAGE-INDCi2030-1000f-COV-NDCp,0.033668376944701865,0.12344241547529437,0.0,0.15711079241999623,R10NORTH_AM
POLES-JRC ENGAGE,ENGAGE-INDCi2030-1000f-NDCp,0.03442327686480777,0.10975531437432375,0.0,0.14417859123913151,R10NORTH_AM
POLES-JRC ENGAGE,ENGAGE-INDCi2030-1200,0.03283099809791871,0.11794140789843688,0.0,0.15077240599635558,R10NORTH_AM
POLES-JRC ENGAGE,ENGAGE-INDCi2030-1200f,0.034772668976960845,0.12595901492247535,0.0,0.1607316838994362,R10NORTH_AM
POLES-JRC ENGAGE,ENGAGE-INDCi2030-300f,0.0064385656183994795,0.17643413078911926,0.0,0.18287269640751874,R10NORTH_AM
POLES-JRC ENGAGE,ENGAGE-INDCi2030-400f,0.007535545683239153,0.17292136616422585,0.0,0.180456911847465,R10NORTH_AM
POLES-JRC ENGAGE,ENGAGE-INDCi2030-500f,0.01087322421124536,0.16843153639734565,0.0,0.17930476060859102,R10NORTH_AM
POLES-JRC ENGAGE,ENGAGE-INDCi2030-600f,0.013793472949855768,0.15992048200986894,0.0,0.17371395495972472,R10NORTH_AM
POLES-JRC ENGAGE,ENGAGE-INDCi2030-600f-COV,0.01976564626713931,0.15407793030377373,0.0,0.17384357657091304,R10NORTH_AM
POLES-JRC ENGAGE,ENGAGE-INDCi2030-600f-COV-NDCp,0.019422360957530308,0.16543851176316318,0.0,0.1848608727206935,R10NORTH_AM
POLES-JRC ENGAGE,ENGAGE-INDCi2030-600f-NDCp,0.018127395982880042,0.13940105795203872,0.0,0.15752845393491877,R10NORTH_AM
POLES-JRC ENGAGE,ENGAGE-INDCi2030-700f,0.01874383923009294,0.14810259113520693,0.0,0.16684643036529986,R10NORTH_AM
POLES-JRC ENGAGE,ENGAGE-INDCi2030-800f,0.022589769537017263,0.14350599733282127,0.0,0.16609576686983854,R10NORTH_AM
POLES-JRC ENGAGE,ENGAGE-INDCi2030-900,0.013891769874821278,0.09987583799619196,0.0,0.11376760787101324,R10NORTH_AM
POLES-JRC ENGAGE,ENGAGE-INDCi2030-900f,0.027085883651690634,0.13122478085287445,0.0,0.15831066450456507,R10NORTH_AM
POLES-JRC ENGAGE,ENGAGE-NPi2020-1000f,0.035425380327407746,0.12188118251999783,0.0,0.15730656284740557,R10NORTH_AM
POLES-JRC ENGAGE,ENGAGE-NPi2020-1000f-COV,0.04044244603282257,0.12664797379046563,0.0,0.1670904198232882,R10NORTH_AM
POLES-JRC ENGAGE,ENGAGE-NPi2020-1200f,0.0387023533075558,0.13068068568477714,0.0,0.16938303899233295,R10NORTH_AM
POLES-JRC ENGAGE,ENGAGE-NPi2020-900f,0.03309192358646588,0.12031995608989762,0.0,0.1534118796763635,R10NORTH_AM
REMIND-MAgPIE 2.1-4.2,NGFS Phase 2-Delayed Transition,0.07838531326433366,0.46947631787562105,0.0,0.5478616311399547,R10NORTH_AM
REMIND-MAgPIE 3.2.0-4.8.0,RESCUE-End-of-Century-Budget-1150,0.08586475960635352,0.40003801907601316,0.0,0.4859027786823667,R10NORTH_AM
REMIND-MAgPIE 3.2.0-4.8.0,RESCUE-End-of-Century-Budget-1150-with-OAE,0.08809413163048971,0.4118896337606153,0.0,0.499983765391105,R10NORTH_AM
REMIND-MAgPIE 3.2.0-4.8.0,RESCUE-End-of-Century-Budget-500,0.08042475010852214,0.40078560423279636,0.0,0.4812103543413185,R10NORTH_AM
REMIND-MAgPIE 3.2.0-4.8.0,RESCUE-End-of-Century-Budget-500-with-OAE,0.08376006165111896,0.413069364420286,0.0,0.496829426071405,R10NORTH_AM
REMIND-MAgPIE 3.2.0-4.8.0,RESCUE-Peak-Budget-1150,0.07930263610969085,0.5143587722504409,0.0,0.5936614083601317,R10NORTH_AM
REMIND-MAgPIE 3.2.0-4.8.0,RESCUE-Peak-Budget-1150-with-OAE,0.07924434429650756,0.5133141662739976,0.0,0.5925585105705051,R10NORTH_AM
REMIND-MAgPIE 3.3-4.8,NGFS Phase 5-Below 2°C,0.07790734814351909,0.3824300443568011,0.0,0.4603373925003202,R10NORTH_AM
REMIND-MAgPIE 3.3-4.8,NGFS Phase 5-Delayed Transition,0.0718348423567606,0.38158257764045644,0.0,0.4534174199972171,R10NORTH_AM
REMIND-MAgPIE 3.3-4.8,NGFS Phase 5-Low Demand,0.026223306278513603,0.3915583254901708,0.0,0.4177816317686844,R10NORTH_AM
REMIND-MAgPIE 3.3-4.8,NGFS Phase 5-Net-Zero 2050,0.06332228873980293,0.4752118658602736,0.0,0.5385341546000765,R10NORTH_AM
WITCH 5.0,ENGAGE-INDCi2030-1000,0.198461944756345,0.310257603061952,0.0,0.508719547818297,R10NORTH_AM
WITCH 5.0,ENGAGE-INDCi2030-1000-NDCp,0.1990398588723766,0.3252530159640981,0.0,0.5242928748364747,R10NORTH_AM
WITCH 5.0,ENGAGE-INDCi2030-1000f,0.2117967409360831,0.31086328284805465,0.0,0.5226600237841378,R10NORTH_AM
WITCH 5.0,ENGAGE-INDCi2030-1000f-NDCp,0.21123496695360847,0.32810555705980277,0.0,0.5393405240134113,R10NORTH_AM
WITCH 5.0,ENGAGE-INDCi2030-1200,0.19197735132070584,0.2708426526535811,0.0,0.4628200039742869,R10NORTH_AM
WITCH 5.0,ENGAGE-INDCi2030-1200-NDCp,0.18364149986998007,0.281285812434077,0.0,0.4649273123040571,R10NORTH_AM
WITCH 5.0,ENGAGE-INDCi2030-1200f,0.19950882262021702,0.2900145626296252,0.0,0.48952338524984224,R10NORTH_AM
WITCH 5.0,ENGAGE-INDCi2030-1200f-NDCp,0.19278282368979202,0.2987304541136657,0.0,0.49151327780345777,R10NORTH_AM
WITCH 5.0,ENGAGE-INDCi2030-1400,0.18163401159644,0.2687263164447572,0.0,0.4503603280411972,R10NORTH_AM
WITCH 5.0,ENGAGE-INDCi2030-1400-NDCp,0.1781845914203274,0.2842400587570822,0.0,0.4624246501774096,R10NORTH_AM
WITCH 5.0,ENGAGE-INDCi2030-1400f,0.18455645241640847,0.27209821209145413,0.0,0.45665466450786263,R10NORTH_AM
WITCH 5.0,ENGAGE-INDCi2030-1400f-NDCp,0.18247425978639958,0.2865024392562717,0.0,0.4689766990426713,R10NORTH_AM
WITCH 5.0,ENGAGE-INDCi2030-1600-NDCp,0.1802914272537002,0.31272949767912367,0.0,0.4930209249328239,R10NORTH_AM
WITCH 5.0,ENGAGE-INDCi2030-500f,0.21793354440977442,0.3247323386316483,0.0,0.5426658830414227,R10NORTH_AM
WITCH 5.0,ENGAGE-INDCi2030-600f,0.2204371599841111,0.3337328759916741,0.0,0.5541700359757852,R10NORTH_AM
WITCH 5.0,ENGAGE-INDCi2030-600f-NDCp,0.22056718630639763,0.3489955797478055,0.0,0.5695627660542031,R10NORTH_AM
WITCH 5.0,ENGAGE-INDCi2030-700f,0.22383798006556777,0.3305985893967994,0.0,0.5544365694623672,R10NORTH_AM
WITCH 5.0,ENGAGE-INDCi2030-700f-NDCp,0.2236945223634388,0.34863141341755033,0.0,0.5723259357809891,R10NORTH_AM
WITCH 5.0,ENGAGE-INDCi2030-800,0.21346983604310707,0.33019804504064,0.0,0.5436678810837471,R10NORTH_AM
WITCH 5.0,ENGAGE-INDCi2030-800-NDCp,0.21278915802460366,0.3483887230670185,0.0,0.5611778810916221,R10NORTH_AM
WITCH 5.0,ENGAGE-INDCi2030-800f,0.22664427435956283,0.33420099404414383,0.0,0.5608452684037066,R10NORTH_AM
WITCH 5.0,ENGAGE-INDCi2030-800f-NDCp,0.2221104482452662,0.3412190333682052,0.0,0.5633294816134714,R10NORTH_AM
WITCH 5.0,ENGAGE-INDCi2030-900,0.2213074291237416,0.3343082504710299,0.0,0.5556156795947715,R10NORTH_AM
WITCH 5.0,ENGAGE-INDCi2030-900-NDCp,0.20704538393924554,0.33793569953125613,0.0,0.5449810834705017,R10NORTH_AM
WITCH 5.0,ENGAGE-INDCi2030-900f,0.22045618248356222,0.3230945702900047,0.0,0.5435507527735669,R10NORTH_AM
WITCH 5.0,ENGAGE-INDCi2030-900f-NDCp,0.21755755403371818,0.3396448770797078,0.0,0.557202431113426,R10NORTH_AM
