model,scenario,final_energy_demand,energy_diversity,gini_coefficient,resilience_score,Region
IMAGE 3.0,ENGAGE-INDCi2030-1000,0.40206269669084505,0.019728848170925215,0.0,0.4217915448617703,R10LATIN_AM
IMAGE 3.0,ENGAGE-INDCi2030-1000f,0.40244649536254595,0.0,0.0,0.40244649536254595,R10LATIN_AM
IMAGE 3.0,ENGAGE-INDCi2030-1200,0.43196318837925546,0.03785222216005651,0.0,0.469815410539312,R10LATIN_AM
IMAGE 3.0,ENGAGE-INDCi2030-1200f,0.43959375680378093,0.009244883370718245,0.0,0.4488386401744992,R10LATIN_AM
IMAGE 3.0,ENGAGE-INDCi2030-1400f,0.48217675826606127,0.022485790158304604,0.0,0.5046625484243659,R10LATIN_AM
IMAGE 3.0,ENGAGE-INDCi2030-800f,0.37724895045919893,0.009702641735000645,0.0,0.38695159219419956,R10LATIN_AM
IMAGE 3.0,ENGAGE-NPi2020-1000,0.4212735922962574,0.004195019514850191,0.0,0.42546861181110757,R10LATIN_AM
IMAGE 3.0,ENGAGE-NPi2020-1200,0.45028011202622636,0.05839257487095003,0.0,0.5086726868971764,R10LATIN_AM
IMAGE 3.0,ENGAGE-NPi2020-1400,0.4794964541750415,0.052405692050077606,0.0,0.5319021462251191,R10LATIN_AM
IMAGE 3.0,ENGAGE-NPi2020-1400f,0.4888281495413298,0.03203190578554439,0.0,0.5208600553268742,R10LATIN_AM
IMAGE 3.2,SSP2021-SSP1-SPA1-19-Default,0.3178088413492118,0.19392034309756265,0.0,0.5117291844467744,R10LATIN_AM
IMAGE 3.2,SSP2021-SSP1-SPA1-19-Lifestyle-Renewables,0.4337354503681427,0.1025279114387966,0.0,0.5362633618069393,R10LATIN_AM
IMAGE 3.2,SSP2021-SSP1-SPA1-19-Renewables,0.3239696739254375,0.2896615984209192,0.0,0.6136312723463567,R10LATIN_AM
IMAGE 3.2,SSP2021-SSP1-SPA1-26-Default,0.3641145188656023,0.16486652211483546,0.0,0.5289810409804377,R10LATIN_AM
IMAGE 3.2,SSP2021-SSP1-SPA1-26-Lifestyle,0.31120623771923367,0.18297309284030125,0.0,0.4941793305595349,R10LATIN_AM
IMAGE 3.2,SSP2021-SSP1-SPA1-26-Lifestyle-Renewables,0.4868939286495802,0.07499475832566532,0.0,0.5618886869752455,R10LATIN_AM
IMAGE 3.2,SSP2021-SSP1-SPA1-26-Renewables,0.36458567511811685,0.31262003558993534,0.0,0.6772057107080522,R10LATIN_AM
IMAGE 3.2,SSP2021-SSP2-SPA0-26-Default,0.5243043742446377,0.08400782797533989,0.0,0.6083122022199776,R10LATIN_AM
IMAGE 3.2,SSP2021-SSP2-SPA2-19-Renewables,0.510007632607032,0.2595334755718561,0.0,0.7695411081788881,R10LATIN_AM
IMAGE 3.2,SSP2021-SSP2-SPA2-26-Default,0.5536416316832635,0.09953561304633667,0.0,0.6531772447296001,R10LATIN_AM
IMAGE 3.2,SSP2021-SSP2-SPA2-26-Lifestyle,0.4823900340880458,0.028819948619831143,0.0,0.511209982707877,R10LATIN_AM
IMAGE 3.2,SSP2021-SSP2-SPA2-26-Lifestyle-Renewables,0.48675498920440485,0.02421898744905796,0.0,0.5109739766534628,R10LATIN_AM
IMAGE 3.2,SSP2021-SSP2-SPA2-26-Renewables,0.5491561576090219,0.052923055106870565,0.0,0.6020792127158925,R10LATIN_AM
IMAGE 3.3,NAVIGATE Demand-1.5°C-ele_u,0.5242688804556217,0.5424584746583127,0.0,1.0667273551139345,R10LATIN_AM
IMAGE 3.3,NAVIGATE Demand-1.5°C-tec_u,0.4375680483484077,0.513135859285048,0.0,0.9507039076334557,R10LATIN_AM
IMAGE 3.3,NAVIGATE Demand-2.0°C-ele_u,0.5624326218438108,0.29765202824128356,0.0,0.8600846500850944,R10LATIN_AM
IMAGE 3.3,NAVIGATE Demand-2.0°C-ref,0.55992554038725,0.21973056107239836,0.0,0.7796561014596484,R10LATIN_AM
IMAGE 3.3,NAVIGATE Demand-2.0°C-tec_u,0.4821108416057245,0.24611647711577977,0.0,0.7282273187215043,R10LATIN_AM
MESSAGEix-GLOBIOM 2.0-M-R12-NGFS,NGFS Phase 5-Below 2°C,0.2960345452002357,0.7644453627956773,0.0,1.060479907995913,R10LATIN_AM
MESSAGEix-GLOBIOM 2.0-M-R12-NGFS,NGFS Phase 5-Delayed Transition,0.2967422744628273,0.6867535943843069,0.0,0.9834958688471342,R10LATIN_AM
MESSAGEix-GLOBIOM 2.0-M-R12-NGFS,NGFS Phase 5-Low Demand,0.0,0.5393607990777293,0.0,0.5393607990777293,R10LATIN_AM
MESSAGEix-GLOBIOM 2.0-M-R12-NGFS,NGFS Phase 5-Nationally Determined Contributions (NDCs),0.3219517067992453,0.5579635979956534,0.0,0.8799153047948987,R10LATIN_AM
MESSAGEix-GLOBIOM 2.0-M-R12-NGFS,NGFS Phase 5-Net-Zero 2050,0.2499769340522474,1.0,0.0,1.2499769340522473,R10LATIN_AM
POLES-JRC ENGAGE,ENGAGE-INDCi2030-1000,0.6628642944857421,0.12274819307325757,0.0,0.7856124875589997,R10LATIN_AM
POLES-JRC ENGAGE,ENGAGE-INDCi2030-1000-COV,0.6656006399637296,0.08662699609107655,0.0,0.7522276360548061,R10LATIN_AM
POLES-JRC ENGAGE,ENGAGE-INDCi2030-1000-COV-NDCp,0.6643173066898183,0.09000057030788727,0.0,0.7543178769977055,R10LATIN_AM
POLES-JRC ENGAGE,ENGAGE-INDCi2030-1000-NDCp,0.6928550483298253,0.07475156424866972,0.0,0.7676066125784949,R10LATIN_AM
POLES-JRC ENGAGE,ENGAGE-INDCi2030-1000f,0.6715603889502811,0.17092928721207445,0.0,0.8424896761623556,R10LATIN_AM
POLES-JRC ENGAGE,ENGAGE-INDCi2030-1000f-COV,0.6700450747258604,0.1079830375262695,0.0,0.7780281122521299,R10LATIN_AM
POLES-JRC ENGAGE,ENGAGE-INDCi2030-1000f-COV-NDCp,0.6722103673627767,0.09980223472240245,0.0,0.7720126020851792,R10LATIN_AM
POLES-JRC ENGAGE,ENGAGE-INDCi2030-1000f-NDCp,0.6974090163816574,0.11301621867109193,0.0,0.8104252350527493,R10LATIN_AM
POLES-JRC ENGAGE,ENGAGE-INDCi2030-1200,0.6936801740366995,0.06439043041177075,0.0,0.7580706044484702,R10LATIN_AM
POLES-JRC ENGAGE,ENGAGE-INDCi2030-1200f,0.7032730609431491,0.07523623237020484,0.0,0.778509293313354,R10LATIN_AM
POLES-JRC ENGAGE,ENGAGE-INDCi2030-300f,0.6021864830504107,0.4385669732527273,0.0,1.040753456303138,R10LATIN_AM
POLES-JRC ENGAGE,ENGAGE-INDCi2030-400f,0.6129802115729889,0.4169337876490249,0.0,1.0299139992220137,R10LATIN_AM
POLES-JRC ENGAGE,ENGAGE-INDCi2030-500f,0.6264821616201927,0.4182015629589185,0.0,1.0446837245791112,R10LATIN_AM
POLES-JRC ENGAGE,ENGAGE-INDCi2030-600f,0.6332633480932564,0.40736868157591194,0.0,1.0406320296691682,R10LATIN_AM
POLES-JRC ENGAGE,ENGAGE-INDCi2030-600f-COV,0.627733317344068,0.3886509553671269,0.0,1.016384272711195,R10LATIN_AM
POLES-JRC ENGAGE,ENGAGE-INDCi2030-600f-COV-NDCp,0.6275393545442435,0.39144802298710263,0.0,1.018987377531346,R10LATIN_AM
POLES-JRC ENGAGE,ENGAGE-INDCi2030-600f-NDCp,0.6542636950956077,0.36525146178121315,0.0,1.0195151568768208,R10LATIN_AM
POLES-JRC ENGAGE,ENGAGE-INDCi2030-700f,0.6446511419751604,0.3773613833130564,0.0,1.0220125252882168,R10LATIN_AM
POLES-JRC ENGAGE,ENGAGE-INDCi2030-800f,0.6520540042819934,0.33707061608975103,0.0,0.9891246203717445,R10LATIN_AM
POLES-JRC ENGAGE,ENGAGE-INDCi2030-900,0.665110376739763,0.07742416335728593,0.0,0.742534540097049,R10LATIN_AM
POLES-JRC ENGAGE,ENGAGE-INDCi2030-900f,0.6613129184851468,0.25298200044546004,0.0,0.9142949189306069,R10LATIN_AM
POLES-JRC ENGAGE,ENGAGE-NPi2020-1000f,0.6934524338594042,0.0888345147108902,0.0,0.7822869485702945,R10LATIN_AM
POLES-JRC ENGAGE,ENGAGE-NPi2020-1000f-COV,0.6857605895964193,0.06734166352802883,0.0,0.7531022531244481,R10LATIN_AM
POLES-JRC ENGAGE,ENGAGE-NPi2020-1200f,0.7139750018205481,0.06129476991982342,0.0,0.7752697717403715,R10LATIN_AM
POLES-JRC ENGAGE,ENGAGE-NPi2020-900f,0.6818803265125829,0.12789719213704087,0.0,0.8097775186496238,R10LATIN_AM
REMIND-MAgPIE 2.1-4.2,NGFS Phase 2-Delayed Transition,0.605043675363431,0.4817493365169212,0.0,1.0867930118803522,R10LATIN_AM
REMIND-MAgPIE 3.2.0-4.8.0,RESCUE-End-of-Century-Budget-1150,0.9799667066039798,0.46279043932990094,0.0,1.4427571459338808,R10LATIN_AM
REMIND-MAgPIE 3.2.0-4.8.0,RESCUE-End-of-Century-Budget-1150-with-OAE,1.0,0.4883189806101897,0.0,1.4883189806101897,R10LATIN_AM
REMIND-MAgPIE 3.2.0-4.8.0,RESCUE-End-of-Century-Budget-500,0.9674586579970801,0.6101758251347986,0.0,1.5776344831318787,R10LATIN_AM
REMIND-MAgPIE 3.2.0-4.8.0,RESCUE-End-of-Century-Budget-500-with-OAE,0.9758460123232037,0.601909269150471,0.0,1.5777552814736748,R10LATIN_AM
REMIND-MAgPIE 3.2.0-4.8.0,RESCUE-Peak-Budget-1150,0.9455947901499463,0.6624605310577002,0.0,1.6080553212076465,R10LATIN_AM
REMIND-MAgPIE 3.2.0-4.8.0,RESCUE-Peak-Budget-1150-with-OAE,0.945010828722351,0.6648814977641518,0.0,1.6098923264865028,R10LATIN_AM
REMIND-MAgPIE 3.3-4.8,NGFS Phase 5-Below 2°C,0.803999163664325,0.4918999000796492,0.0,1.2958990637439742,R10LATIN_AM
REMIND-MAgPIE 3.3-4.8,NGFS Phase 5-Delayed Transition,0.8080148757790052,0.5065482066572192,0.0,1.3145630824362244,R10LATIN_AM
REMIND-MAgPIE 3.3-4.8,NGFS Phase 5-Low Demand,0.24375179535077363,0.7550219546723554,0.0,0.9987737500231291,R10LATIN_AM
REMIND-MAgPIE 3.3-4.8,NGFS Phase 5-Net-Zero 2050,0.6913504556684651,0.8440233791795356,0.0,1.5353738348480008,R10LATIN_AM
WITCH 5.0,ENGAGE-INDCi2030-1000,0.35592389247780976,0.3856332770939962,0.0,0.741557169571806,R10LATIN_AM
WITCH 5.0,ENGAGE-INDCi2030-1000-NDCp,0.39852070399569967,0.41197264598005406,0.0,0.8104933499757537,R10LATIN_AM
WITCH 5.0,ENGAGE-INDCi2030-1000f,0.3731674765869805,0.3669339414918395,0.0,0.74010141807882,R10LATIN_AM
WITCH 5.0,ENGAGE-INDCi2030-1000f-NDCp,0.40018618686429513,0.43849089292434434,0.0,0.8386770797886395,R10LATIN_AM
WITCH 5.0,ENGAGE-INDCi2030-1200,0.38918432423357635,0.31233826078209437,0.0,0.7015225850156708,R10LATIN_AM
WITCH 5.0,ENGAGE-INDCi2030-1200-NDCp,0.4123033562096094,0.31844516964843855,0.0,0.730748525858048,R10LATIN_AM
WITCH 5.0,ENGAGE-INDCi2030-1200f,0.38336657471873414,0.33093921422348843,0.0,0.7143057889422226,R10LATIN_AM
WITCH 5.0,ENGAGE-INDCi2030-1200f-NDCp,0.4160507916890193,0.39187157479637463,0.0,0.807922366485394,R10LATIN_AM
WITCH 5.0,ENGAGE-INDCi2030-1400,0.41151161395737207,0.2916907716129491,0.0,0.7032023855703211,R10LATIN_AM
WITCH 5.0,ENGAGE-INDCi2030-1400-NDCp,0.44241194525823174,0.340431171674443,0.0,0.7828431169326747,R10LATIN_AM
WITCH 5.0,ENGAGE-INDCi2030-1400f,0.3994793870922493,0.30026730311955296,0.0,0.6997466902118022,R10LATIN_AM
WITCH 5.0,ENGAGE-INDCi2030-1400f-NDCp,0.42605333820326546,0.34713128551910144,0.0,0.773184623722367,R10LATIN_AM
WITCH 5.0,ENGAGE-INDCi2030-1600-NDCp,0.45646705201279564,0.3061591103548577,0.0,0.7626261623676533,R10LATIN_AM
WITCH 5.0,ENGAGE-INDCi2030-500f,0.3440926140567786,0.5037048373520637,0.0,0.8477974514088423,R10LATIN_AM
WITCH 5.0,ENGAGE-INDCi2030-600f,0.34778994155466825,0.4690238947200036,0.0,0.8168138362746719,R10LATIN_AM
WITCH 5.0,ENGAGE-INDCi2030-600f-NDCp,0.37167145056754974,0.5602052051494284,0.0,0.9318766557169782,R10LATIN_AM
WITCH 5.0,ENGAGE-INDCi2030-700f,0.3537257461276603,0.4330787067522291,0.0,0.7868044528798894,R10LATIN_AM
WITCH 5.0,ENGAGE-INDCi2030-700f-NDCp,0.37835262001385916,0.5145957938233707,0.0,0.8929484138372299,R10LATIN_AM
WITCH 5.0,ENGAGE-INDCi2030-800,0.3449916035811608,0.3404227426889903,0.0,0.6854143462701512,R10LATIN_AM
WITCH 5.0,ENGAGE-INDCi2030-800-NDCp,0.3724599484755605,0.364143634728676,0.0,0.7366035832042366,R10LATIN_AM
WITCH 5.0,ENGAGE-INDCi2030-800f,0.3594914126165961,0.40839886590672086,0.0,0.767890278523317,R10LATIN_AM
WITCH 5.0,ENGAGE-INDCi2030-800f-NDCp,0.38570301573473675,0.4874092855486821,0.0,0.8731123012834189,R10LATIN_AM
WITCH 5.0,ENGAGE-INDCi2030-900,0.36606359631253027,0.3294123864213496,0.0,0.6954759827338799,R10LATIN_AM
WITCH 5.0,ENGAGE-INDCi2030-900-NDCp,0.3821239679133415,0.4802558454718493,0.0,0.8623798133851908,R10LATIN_AM
WITCH 5.0,ENGAGE-INDCi2030-900f,0.3640916703647599,0.38954621727580885,0.0,0.7536378876405687,R10LATIN_AM
WITCH 5.0,ENGAGE-INDCi2030-900f-NDCp,0.3955135991038336,0.4535645572862626,0.0,0.8490781563900962,R10LATIN_AM
IMAGE 3.0,ENGAGE-INDCi2030-1000,0.2783688170244935,0.08762893994121615,0.0,0.3659977569657097,R10INDIA+
IMAGE 3.0,ENGAGE-INDCi2030-1000f,0.26590374421209567,0.08718470857090155,0.0,0.3530884527829972,R10INDIA+
IMAGE 3.0,ENGAGE-INDCi2030-1200,0.29022391987041163,0.11851679282086237,0.0,0.408740712691274,R10INDIA+
IMAGE 3.0,ENGAGE-INDCi2030-1200f,0.28670187914433143,0.11889810440862555,0.0,0.405599983552957,R10INDIA+
IMAGE 3.0,ENGAGE-INDCi2030-1400f,0.3052605605902062,0.11509622240547498,0.0,0.42035678299568113,R10INDIA+
IMAGE 3.0,ENGAGE-INDCi2030-800f,0.2579419104958624,0.09515007553596298,0.0,0.3530919860318254,R10INDIA+
IMAGE 3.0,ENGAGE-NPi2020-1000,0.28545002439667244,0.07264351479329338,0.0,0.35809353918996584,R10INDIA+
IMAGE 3.0,ENGAGE-NPi2020-1200,0.29532798729487175,0.08729691235104367,0.0,0.3826248996459154,R10INDIA+
IMAGE 3.0,ENGAGE-NPi2020-1400,0.3086319807350732,0.10127375959744574,0.0,0.4099057403325189,R10INDIA+
IMAGE 3.0,ENGAGE-NPi2020-1400f,0.306296986037098,0.10022548600288969,0.0,0.4065224720399877,R10INDIA+
IMAGE 3.2,SSP2021-SSP1-SPA1-19-Default,0.18608437435484085,0.20326682939983529,0.0,0.38935120375467613,R10INDIA+
IMAGE 3.2,SSP2021-SSP1-SPA1-19-Lifestyle-Renewables,0.2914188648140143,0.05459637562370041,0.0,0.3460152404377147,R10INDIA+
IMAGE 3.2,SSP2021-SSP1-SPA1-19-Renewables,0.18936198475552543,0.19044053977354186,0.0,0.37980252452906726,R10INDIA+
IMAGE 3.2,SSP2021-SSP1-SPA1-26-Default,0.21597508191669684,0.14371517097130612,0.0,0.35969025288800294,R10INDIA+
IMAGE 3.2,SSP2021-SSP1-SPA1-26-Lifestyle,0.18551586463678899,0.14982812762895373,0.0,0.33534399226574274,R10INDIA+
IMAGE 3.2,SSP2021-SSP1-SPA1-26-Lifestyle-Renewables,0.32798129203450327,0.09139957378879342,0.0,0.4193808658232967,R10INDIA+
IMAGE 3.2,SSP2021-SSP1-SPA1-26-Renewables,0.21691014804152833,0.15707013597196914,0.0,0.3739802840134975,R10INDIA+
IMAGE 3.2,SSP2021-SSP2-SPA0-26-Default,0.3807097093100257,0.0,0.0,0.3807097093100257,R10INDIA+
IMAGE 3.2,SSP2021-SSP2-SPA2-19-Renewables,0.34088126640027205,0.0860288744521658,0.0,0.42691014085243784,R10INDIA+
IMAGE 3.2,SSP2021-SSP2-SPA2-26-Default,0.3718089823981375,0.0875021825148401,0.0,0.4593111649129776,R10INDIA+
IMAGE 3.2,SSP2021-SSP2-SPA2-26-Lifestyle,0.3150612067198146,0.0631118874081301,0.0,0.3781730941279447,R10INDIA+
IMAGE 3.2,SSP2021-SSP2-SPA2-26-Lifestyle-Renewables,0.3129494922211948,0.07553715480831419,0.0,0.38848664702950897,R10INDIA+
IMAGE 3.2,SSP2021-SSP2-SPA2-26-Renewables,0.36366023982425016,0.05411234498281626,0.0,0.4177725848070664,R10INDIA+
IMAGE 3.3,NAVIGATE Demand-1.5°C-ele_u,0.31089006995351276,0.2599959390086439,0.0,0.5708860089621566,R10INDIA+
IMAGE 3.3,NAVIGATE Demand-1.5°C-tec_u,0.2833039546885727,0.2928882373142496,0.0,0.5761921920028223,R10INDIA+
IMAGE 3.3,NAVIGATE Demand-2.0°C-ele_u,0.3413353932881357,0.0720836624438764,0.0,0.4134190557320121,R10INDIA+
IMAGE 3.3,NAVIGATE Demand-2.0°C-ref,0.34555135940484805,0.09646733845591692,0.0,0.442018697860765,R10INDIA+
IMAGE 3.3,NAVIGATE Demand-2.0°C-tec_u,0.3161291194593758,0.1670080114953457,0.0,0.48313713095472144,R10INDIA+
MESSAGEix-GLOBIOM 2.0-M-R12-NGFS,NGFS Phase 5-Below 2°C,0.1424649698601581,0.69602071176622,0.0,0.8384856816263782,R10INDIA+
MESSAGEix-GLOBIOM 2.0-M-R12-NGFS,NGFS Phase 5-Delayed Transition,0.14422042618052633,0.6464294779923233,0.0,0.7906499041728496,R10INDIA+
MESSAGEix-GLOBIOM 2.0-M-R12-NGFS,NGFS Phase 5-Low Demand,0.0,0.7903688265804605,0.0,0.7903688265804605,R10INDIA+
MESSAGEix-GLOBIOM 2.0-M-R12-NGFS,NGFS Phase 5-Nationally Determined Contributions (NDCs),0.13913481604136155,0.3826663837090265,0.0,0.5218011997503881,R10INDIA+
MESSAGEix-GLOBIOM 2.0-M-R12-NGFS,NGFS Phase 5-Net-Zero 2050,0.11559505017182298,1.0,0.0,1.115595050171823,R10INDIA+
POLES-JRC ENGAGE,ENGAGE-INDCi2030-1000,0.38313673798885706,0.2383492556413619,0.0,0.621485993630219,R10INDIA+
POLES-JRC ENGAGE,ENGAGE-INDCi2030-1000-COV,0.3960257402343969,0.2230249567789283,0.0,0.6190506970133252,R10INDIA+
POLES-JRC ENGAGE,ENGAGE-INDCi2030-1000-COV-NDCp,0.39593276418604045,0.22056647981688318,0.0,0.6164992440029237,R10INDIA+
POLES-JRC ENGAGE,ENGAGE-INDCi2030-1000-NDCp,0.40526104955853426,0.20647302344591356,0.0,0.6117340730044478,R10INDIA+
POLES-JRC ENGAGE,ENGAGE-INDCi2030-1000f,0.36451714485418757,0.27871888963097335,0.0,0.6432360344851609,R10INDIA+
POLES-JRC ENGAGE,ENGAGE-INDCi2030-1000f-COV,0.39283503486031734,0.24290633859291483,0.0,0.6357413734532322,R10INDIA+
POLES-JRC ENGAGE,ENGAGE-INDCi2030-1000f-COV-NDCp,0.39651346583047126,0.2242583197775544,0.0,0.6207717856080257,R10INDIA+
POLES-JRC ENGAGE,ENGAGE-INDCi2030-1000f-NDCp,0.3847114631149826,0.22841777900025026,0.0,0.6131292421152329,R10INDIA+
POLES-JRC ENGAGE,ENGAGE-INDCi2030-1200,0.38564712098740445,0.18437832506436383,0.0,0.5700254460517683,R10INDIA+
POLES-JRC ENGAGE,ENGAGE-INDCi2030-1200f,0.38714824850031615,0.1899961874777008,0.0,0.5771444359780169,R10INDIA+
POLES-JRC ENGAGE,ENGAGE-INDCi2030-300f,0.3760864077265413,0.4758155009112457,0.0,0.851901908637787,R10INDIA+
POLES-JRC ENGAGE,ENGAGE-INDCi2030-400f,0.37085282753289095,0.4601682111561138,0.0,0.8310210386890047,R10INDIA+
POLES-JRC ENGAGE,ENGAGE-INDCi2030-500f,0.33175091453759,0.3650189148355219,0.0,0.6967698293731119,R10INDIA+
POLES-JRC ENGAGE,ENGAGE-INDCi2030-600f,0.3308491492658774,0.35832876042569184,0.0,0.6891779096915692,R10INDIA+
POLES-JRC ENGAGE,ENGAGE-INDCi2030-600f-COV,0.36593556576318514,0.4370560576751759,0.0,0.8029916234383611,R10INDIA+
POLES-JRC ENGAGE,ENGAGE-INDCi2030-600f-COV-NDCp,0.3646821086446339,0.4906512808370307,0.0,0.8553333894816646,R10INDIA+
POLES-JRC ENGAGE,ENGAGE-INDCi2030-600f-NDCp,0.3409785526028037,0.3154267292204461,0.0,0.6564052818232498,R10INDIA+
POLES-JRC ENGAGE,ENGAGE-INDCi2030-700f,0.33413157883775846,0.3512502797545855,0.0,0.6853818585923439,R10INDIA+
POLES-JRC ENGAGE,ENGAGE-INDCi2030-800f,0.34413014988652135,0.35258849221115285,0.0,0.6967186420976742,R10INDIA+
POLES-JRC ENGAGE,ENGAGE-INDCi2030-900,0.5029301566280913,0.2636464500682383,0.0,0.7665766066963295,R10INDIA+
POLES-JRC ENGAGE,ENGAGE-INDCi2030-900f,0.35199914099222257,0.3214345030064284,0.0,0.673433643998651,R10INDIA+
POLES-JRC ENGAGE,ENGAGE-NPi2020-1000f,0.38525313033196695,0.22252219685399866,0.0,0.6077753271859656,R10INDIA+
POLES-JRC ENGAGE,ENGAGE-NPi2020-1000f-COV,0.4046684499415296,0.20831314522991057,0.0,0.6129815951714401,R10INDIA+
POLES-JRC ENGAGE,ENGAGE-NPi2020-1200f,0.39919252126626104,0.17364172569424183,0.0,0.5728342469605029,R10INDIA+
POLES-JRC ENGAGE,ENGAGE-NPi2020-900f,0.3759781711752788,0.2706541403136568,0.0,0.6466323114889356,R10INDIA+
REMIND-MAgPIE 2.1-4.2,NGFS Phase 2-Delayed Transition,0.535095325825547,0.9152085671049709,0.0,1.4503038929305179,R10INDIA+
REMIND-MAgPIE 3.2.0-4.8.0,RESCUE-End-of-Century-Budget-1150,0.9917141087478721,0.7456698491121828,0.0,1.737383957860055,R10INDIA+
REMIND-MAgPIE 3.2.0-4.8.0,RESCUE-End-of-Century-Budget-1150-with-OAE,1.0,0.7533928941813419,0.0,1.753392894181342,R10INDIA+
REMIND-MAgPIE 3.2.0-4.8.0,RESCUE-End-of-Century-Budget-500,0.9175740409235653,0.8215405824974177,0.0,1.739114623420983,R10INDIA+
REMIND-MAgPIE 3.2.0-4.8.0,RESCUE-End-of-Century-Budget-500-with-OAE,0.9281156883695364,0.8323932478257203,0.0,1.7605089361952566,R10INDIA+
REMIND-MAgPIE 3.2.0-4.8.0,RESCUE-Peak-Budget-1150,0.9855303773330674,0.756126787910236,0.0,1.7416571652433035,R10INDIA+
REMIND-MAgPIE 3.2.0-4.8.0,RESCUE-Peak-Budget-1150-with-OAE,0.9861720616696378,0.756713757082967,0.0,1.7428858187526046,R10INDIA+
REMIND-MAgPIE 3.3-4.8,NGFS Phase 5-Below 2°C,0.6829136753336466,0.6300586400512463,0.0,1.312972315384893,R10INDIA+
REMIND-MAgPIE 3.3-4.8,NGFS Phase 5-Delayed Transition,0.6789328614449663,0.6207287731963813,0.0,1.2996616346413477,R10INDIA+
REMIND-MAgPIE 3.3-4.8,NGFS Phase 5-Low Demand,0.44313382477770946,0.6611873127548941,0.0,1.1043211375326036,R10INDIA+
REMIND-MAgPIE 3.3-4.8,NGFS Phase 5-Net-Zero 2050,0.6081650341358799,0.8966370246023299,0.0,1.5048020587382096,R10INDIA+
WITCH 5.0,ENGAGE-INDCi2030-1000,0.26896995518593025,0.4011789829361585,0.0,0.6701489381220888,R10INDIA+
WITCH 5.0,ENGAGE-INDCi2030-1000-NDCp,0.2673194925746116,0.4011139182854342,0.0,0.6684334108600458,R10INDIA+
WITCH 5.0,ENGAGE-INDCi2030-1000f,0.26988717660026373,0.40276888687241896,0.0,0.6726560634726827,R10INDIA+
WITCH 5.0,ENGAGE-INDCi2030-1000f-NDCp,0.2768290386545238,0.3972262429199552,0.0,0.6740552815744789,R10INDIA+
WITCH 5.0,ENGAGE-INDCi2030-1200,0.280753459812614,0.39574958969637275,0.0,0.6765030495089868,R10INDIA+
WITCH 5.0,ENGAGE-INDCi2030-1200-NDCp,0.282246683664965,0.3972248295210949,0.0,0.6794715131860599,R10INDIA+
WITCH 5.0,ENGAGE-INDCi2030-1200f,0.28928168399593857,0.4032039392477218,0.0,0.6924856232436604,R10INDIA+
WITCH 5.0,ENGAGE-INDCi2030-1200f-NDCp,0.29313773710057767,0.4054591973549925,0.0,0.6985969344555701,R10INDIA+
WITCH 5.0,ENGAGE-INDCi2030-1400,0.29803014166683667,0.40650799188886183,0.0,0.7045381335556985,R10INDIA+
WITCH 5.0,ENGAGE-INDCi2030-1400-NDCp,0.30742150728861506,0.3995892879727044,0.0,0.7070107952613194,R10INDIA+
WITCH 5.0,ENGAGE-INDCi2030-1400f,0.3112801511841938,0.40285484559283563,0.0,0.7141349967770294,R10INDIA+
WITCH 5.0,ENGAGE-INDCi2030-1400f-NDCp,0.31665334627755326,0.4069105881849014,0.0,0.7235639344624547,R10INDIA+
WITCH 5.0,ENGAGE-INDCi2030-1600-NDCp,0.3264077424428394,0.41182272464511316,0.0,0.7382304670879525,R10INDIA+
WITCH 5.0,ENGAGE-INDCi2030-500f,0.2132309261034044,0.4706124046694715,0.0,0.683843330772876,R10INDIA+
WITCH 5.0,ENGAGE-INDCi2030-600f,0.22450799979821714,0.4359901169476028,0.0,0.6604981167458199,R10INDIA+
WITCH 5.0,ENGAGE-INDCi2030-600f-NDCp,0.22963946553861705,0.4266147440978922,0.0,0.6562542096365093,R10INDIA+
WITCH 5.0,ENGAGE-INDCi2030-700f,0.23680511626599593,0.4175707956602319,0.0,0.6543759119262278,R10INDIA+
WITCH 5.0,ENGAGE-INDCi2030-700f-NDCp,0.24286047389842866,0.4115351511199636,0.0,0.6543956250183922,R10INDIA+
WITCH 5.0,ENGAGE-INDCi2030-800,0.2405098118881733,0.4018245666777748,0.0,0.6423343785659481,R10INDIA+
WITCH 5.0,ENGAGE-INDCi2030-800-NDCp,0.24349583453598928,0.4024009792483952,0.0,0.6458968137843845,R10INDIA+
WITCH 5.0,ENGAGE-INDCi2030-800f,0.24926374895140688,0.4088861259262989,0.0,0.6581498748777058,R10INDIA+
WITCH 5.0,ENGAGE-INDCi2030-800f-NDCp,0.25534958048308476,0.40395331555531766,0.0,0.6593028960384024,R10INDIA+
WITCH 5.0,ENGAGE-INDCi2030-900,0.2509656172909988,0.4005068235317943,0.0,0.6514724408227931,R10INDIA+
WITCH 5.0,ENGAGE-INDCi2030-900-NDCp,0.26087444613514243,0.40316096277996627,0.0,0.6640354089151087,R10INDIA+
WITCH 5.0,ENGAGE-INDCi2030-900f,0.26007136054011265,0.4028740619784721,0.0,0.6629454225185847,R10INDIA+
WITCH 5.0,ENGAGE-INDCi2030-900f-NDCp,0.26363850367128927,0.40228408734823534,0.0,0.6659225910195246,R10INDIA+
IMAGE 3.0,ENGAGE-INDCi2030-1000,0.2275237834466735,0.012818232028543814,0.0,0.24034201547521733,R10AFRICA
IMAGE 3.0,ENGAGE-INDCi2030-1000f,0.2082745378652743,0.03603063366611874,0.0,0.24430517153139306,R10AFRICA
IMAGE 3.0,ENGAGE-INDCi2030-1200,0.23837323411566463,0.009996049893989414,0.0,0.24836928400965405,R10AFRICA
IMAGE 3.0,ENGAGE-INDCi2030-1200f,0.23183755467302902,0.0,0.0,0.23183755467302902,R10AFRICA
IMAGE 3.0,ENGAGE-INDCi2030-1400f,0.24884460992443375,0.0066217784743151506,0.0,0.2554663883987489,R10AFRICA
IMAGE 3.0,ENGAGE-INDCi2030-800f,0.2014249821320333,0.04587667869050551,0.0,0.24730166082253882,R10AFRICA
IMAGE 3.0,ENGAGE-NPi2020-1000,0.23519312949139257,0.014887868966886002,0.0,0.2500809984582786,R10AFRICA
IMAGE 3.0,ENGAGE-NPi2020-1200,0.24476572526346227,0.018709594594066993,0.0,0.26347531985752926,R10AFRICA
IMAGE 3.0,ENGAGE-NPi2020-1400,0.2554095715309597,0.02456314693456065,0.0,0.27997271846552035,R10AFRICA
IMAGE 3.0,ENGAGE-NPi2020-1400f,0.2543447884654713,0.018421161465947865,0.0,0.27276594993141917,R10AFRICA
IMAGE 3.2,SSP2021-SSP1-SPA1-19-Default,0.023953771907068648,0.2319427118391723,0.0,0.25589648374624097,R10AFRICA
IMAGE 3.2,SSP2021-SSP1-SPA1-19-Lifestyle-Renewables,0.14580539016215174,0.35808533068509435,0.0,0.5038907208472461,R10AFRICA
IMAGE 3.2,SSP2021-SSP1-SPA1-19-Renewables,0.02858820485397106,0.3672531123935974,0.0,0.3958413172475685,R10AFRICA
IMAGE 3.2,SSP2021-SSP1-SPA1-26-Default,0.04244503363980424,0.1908572581568181,0.0,0.23330229179662232,R10AFRICA
IMAGE 3.2,SSP2021-SSP1-SPA1-26-Lifestyle,0.028007014976194126,0.19369390551488216,0.0,0.2217009204910763,R10AFRICA
IMAGE 3.2,SSP2021-SSP1-SPA1-26-Lifestyle-Renewables,0.1672880029014158,0.2875439615365208,0.0,0.4548319644379366,R10AFRICA
IMAGE 3.2,SSP2021-SSP1-SPA1-26-Renewables,0.0455435255448506,0.36390700992184505,0.0,0.40945053546669563,R10AFRICA
IMAGE 3.2,SSP2021-SSP2-SPA0-26-Default,0.32452540310279354,0.1946413982511584,0.0,0.5191668013539519,R10AFRICA
IMAGE 3.2,SSP2021-SSP2-SPA2-19-Renewables,0.17714098451469878,0.4158313520282007,0.0,0.5929723365428995,R10AFRICA
IMAGE 3.2,SSP2021-SSP2-SPA2-26-Default,0.21768516496610413,0.18047077279514995,0.0,0.3981559377612541,R10AFRICA
IMAGE 3.2,SSP2021-SSP2-SPA2-26-Lifestyle,0.18282462695673632,0.1820668558013388,0.0,0.36489148275807515,R10AFRICA
IMAGE 3.2,SSP2021-SSP2-SPA2-26-Lifestyle-Renewables,0.16214505931433543,0.29955172503519273,0.0,0.46169678434952816,R10AFRICA
IMAGE 3.2,SSP2021-SSP2-SPA2-26-Renewables,0.1902414375209529,0.3184691863736873,0.0,0.5087106238946402,R10AFRICA
IMAGE 3.3,NAVIGATE Demand-1.5°C-ele_u,0.254590998364257,0.6949997270054501,0.0,0.9495907253697071,R10AFRICA
IMAGE 3.3,NAVIGATE Demand-1.5°C-tec_u,0.2463405990173603,0.6683497677510175,0.0,0.9146903667683778,R10AFRICA
IMAGE 3.3,NAVIGATE Demand-2.0°C-ele_u,0.275028197126165,0.41056413888814897,0.0,0.6855923360143139,R10AFRICA
IMAGE 3.3,NAVIGATE Demand-2.0°C-ref,0.30305633641135704,0.379253485260028,0.0,0.682309821671385,R10AFRICA
IMAGE 3.3,NAVIGATE Demand-2.0°C-tec_u,0.2697053230684779,0.3985759492821142,0.0,0.6682812723505921,R10AFRICA
MESSAGEix-GLOBIOM 2.0-M-R12-NGFS,NGFS Phase 5-Below 2°C,0.311494524491157,0.7315241306537791,0.0,1.043018655144936,R10AFRICA
MESSAGEix-GLOBIOM 2.0-M-R12-NGFS,NGFS Phase 5-Delayed Transition,0.3111179162924224,0.7110656214028926,0.0,1.022183537695315,R10AFRICA
MESSAGEix-GLOBIOM 2.0-M-R12-NGFS,NGFS Phase 5-Low Demand,0.0,0.44536206311260756,0.0,0.44536206311260756,R10AFRICA
MESSAGEix-GLOBIOM 2.0-M-R12-NGFS,NGFS Phase 5-Nationally Determined Contributions (NDCs),0.31304440105893006,0.5596388578400793,0.0,0.8726832588990093,R10AFRICA
MESSAGEix-GLOBIOM 2.0-M-R12-NGFS,NGFS Phase 5-Net-Zero 2050,0.27552808520806554,1.0,0.0,1.2755280852080655,R10AFRICA
POLES-JRC ENGAGE,ENGAGE-INDCi2030-1000,0.17691405076717012,0.30052695947614844,0.0,0.47744101024331853,R10AFRICA
POLES-JRC ENGAGE,ENGAGE-INDCi2030-1000-COV,0.22656000915681673,0.278581048687595,0.0,0.5051410578444118,R10AFRICA
POLES-JRC ENGAGE,ENGAGE-INDCi2030-1000-COV-NDCp,0.2259786632279009,0.27398078732805436,0.0,0.49995945055595525,R10AFRICA
POLES-JRC ENGAGE,ENGAGE-INDCi2030-1000-NDCp,0.1936955737907678,0.3277931279861015,0.0,0.5214887017768692,R10AFRICA
POLES-JRC ENGAGE,ENGAGE-INDCi2030-1000f,0.15711388133140533,0.36360365966763125,0.0,0.5207175409990366,R10AFRICA
POLES-JRC ENGAGE,ENGAGE-INDCi2030-1000f-COV,0.21555016073329403,0.32112824987798216,0.0,0.5366784106112762,R10AFRICA
POLES-JRC ENGAGE,ENGAGE-INDCi2030-1000f-COV-NDCp,0.2185232353149669,0.3189165046933017,0.0,0.5374397400082686,R10AFRICA
POLES-JRC ENGAGE,ENGAGE-INDCi2030-1000f-NDCp,0.17005914035134012,0.3799523693701989,0.0,0.550011509721539,R10AFRICA
POLES-JRC ENGAGE,ENGAGE-INDCi2030-1200,0.1811681188711499,0.27704628451501007,0.0,0.45821440338615993,R10AFRICA
POLES-JRC ENGAGE,ENGAGE-INDCi2030-1200f,0.17629585005171125,0.28856179592498876,0.0,0.4648576459767,R10AFRICA
POLES-JRC ENGAGE,ENGAGE-INDCi2030-300f,0.1128831426089313,0.6102450425537785,0.0,0.7231281851627098,R10AFRICA
POLES-JRC ENGAGE,ENGAGE-INDCi2030-400f,0.11576601576357001,0.5876748718400976,0.0,0.7034408876036676,R10AFRICA
POLES-JRC ENGAGE,ENGAGE-INDCi2030-500f,0.12311791659587738,0.5685923728218556,0.0,0.6917102894177329,R10AFRICA
POLES-JRC ENGAGE,ENGAGE-INDCi2030-600f,0.1281545161213583,0.5436197192041154,0.0,0.6717742353254738,R10AFRICA
POLES-JRC ENGAGE,ENGAGE-INDCi2030-600f-COV,0.18527635275711546,0.5885169103168088,0.0,0.7737932630739242,R10AFRICA
POLES-JRC ENGAGE,ENGAGE-INDCi2030-600f-COV-NDCp,0.1833941818746641,0.6118818173506225,0.0,0.7952759992252867,R10AFRICA
POLES-JRC ENGAGE,ENGAGE-INDCi2030-600f-NDCp,0.1263887402860323,0.5379874437535564,0.0,0.6643761840395888,R10AFRICA
POLES-JRC ENGAGE,ENGAGE-INDCi2030-700f,0.13636706778505886,0.5340195460950009,0.0,0.6703866138800598,R10AFRICA
POLES-JRC ENGAGE,ENGAGE-INDCi2030-800f,0.14112653110208012,0.5166541419332985,0.0,0.6577806730353786,R10AFRICA
POLES-JRC ENGAGE,ENGAGE-INDCi2030-900,0.1884871893800286,0.2483602333115909,0.0,0.43684742269161947,R10AFRICA
POLES-JRC ENGAGE,ENGAGE-INDCi2030-900f,0.15005189779098949,0.43566022185698816,0.0,0.5857121196479776,R10AFRICA
POLES-JRC ENGAGE,ENGAGE-NPi2020-1000f,0.17084819177760557,0.3108062628465754,0.0,0.481654454624181,R10AFRICA
POLES-JRC ENGAGE,ENGAGE-NPi2020-1000f-COV,0.2268201772620266,0.27766269637385016,0.0,0.5044828736358767,R10AFRICA
POLES-JRC ENGAGE,ENGAGE-NPi2020-1200f,0.1829419975876834,0.24956958676146399,0.0,0.4325115843491474,R10AFRICA
POLES-JRC ENGAGE,ENGAGE-NPi2020-900f,0.16339675505864182,0.34367334263546573,0.0,0.5070700976941076,R10AFRICA
REMIND-MAgPIE 2.1-4.2,NGFS Phase 2-Delayed Transition,0.5123301621302477,0.7748322216831826,0.0,1.2871623838134303,R10AFRICA
REMIND-MAgPIE 3.2.0-4.8.0,RESCUE-End-of-Century-Budget-1150,0.7915680377966162,0.7332908312508412,0.0,1.5248588690474574,R10AFRICA
REMIND-MAgPIE 3.2.0-4.8.0,RESCUE-End-of-Century-Budget-1150-with-OAE,0.8067671183154719,0.7607438044512149,0.0,1.5675109227666868,R10AFRICA
REMIND-MAgPIE 3.2.0-4.8.0,RESCUE-End-of-Century-Budget-500,0.6817409347103272,0.8964043642274854,0.0,1.5781452989378124,R10AFRICA
REMIND-MAgPIE 3.2.0-4.8.0,RESCUE-End-of-Century-Budget-500-with-OAE,0.7135186991884466,0.9545089017604612,0.0,1.668027600948908,R10AFRICA
REMIND-MAgPIE 3.2.0-4.8.0,RESCUE-Peak-Budget-1150,0.8036100600636024,0.7767041687815782,0.0,1.5803142288451806,R10AFRICA
REMIND-MAgPIE 3.2.0-4.8.0,RESCUE-Peak-Budget-1150-with-OAE,0.8031811993789143,0.776058902834658,0.0,1.5792401022135722,R10AFRICA
REMIND-MAgPIE 3.3-4.8,NGFS Phase 5-Below 2°C,0.976258268280207,0.6234465225978436,0.0,1.5997047908780506,R10AFRICA
REMIND-MAgPIE 3.3-4.8,NGFS Phase 5-Delayed Transition,1.0,0.613558681646946,0.0,1.613558681646946,R10AFRICA
REMIND-MAgPIE 3.3-4.8,NGFS Phase 5-Low Demand,0.4788816102441286,0.7191435697696735,0.0,1.1980251800138022,R10AFRICA
REMIND-MAgPIE 3.3-4.8,NGFS Phase 5-Net-Zero 2050,0.8933821216427671,0.9231199616486904,0.0,1.8165020832914576,R10AFRICA
WITCH 5.0,ENGAGE-INDCi2030-1000,0.04552852389107889,0.45915489778485546,0.0,0.5046834216759344,R10AFRICA
WITCH 5.0,ENGAGE-INDCi2030-1000-NDCp,0.04446600347515641,0.41130603896944556,0.0,0.45577204244460195,R10AFRICA
WITCH 5.0,ENGAGE-INDCi2030-1000f,0.05179791117333953,0.44343273996385524,0.0,0.4952306511371948,R10AFRICA
WITCH 5.0,ENGAGE-INDCi2030-1000f-NDCp,0.043658111595995655,0.4336606422463371,0.0,0.47731875384233274,R10AFRICA
WITCH 5.0,ENGAGE-INDCi2030-1200,0.05452202332728556,0.40482060931979774,0.0,0.4593426326470833,R10AFRICA
WITCH 5.0,ENGAGE-INDCi2030-1200-NDCp,0.04552972692087375,0.3993453968461059,0.0,0.4448751237669797,R10AFRICA
WITCH 5.0,ENGAGE-INDCi2030-1200f,0.04636395044357066,0.4326918047346614,0.0,0.47905575517823207,R10AFRICA
WITCH 5.0,ENGAGE-INDCi2030-1200f-NDCp,0.04119078061401002,0.4293660342253618,0.0,0.47055681483937184,R10AFRICA
WITCH 5.0,ENGAGE-INDCi2030-1400,0.05563642913966906,0.3896881477168059,0.0,0.4453245768564749,R10AFRICA
WITCH 5.0,ENGAGE-INDCi2030-1400-NDCp,0.04571602767147169,0.3848857873338997,0.0,0.4306018150053714,R10AFRICA
WITCH 5.0,ENGAGE-INDCi2030-1400f,0.04345963501709222,0.4232405186083997,0.0,0.4667001536254919,R10AFRICA
WITCH 5.0,ENGAGE-INDCi2030-1400f-NDCp,0.0359829085392999,0.41890048290648063,0.0,0.45488339144578055,R10AFRICA
WITCH 5.0,ENGAGE-INDCi2030-1600-NDCp,0.04745826015915538,0.37892382757089677,0.0,0.42638208773005215,R10AFRICA
WITCH 5.0,ENGAGE-INDCi2030-500f,0.07275489631171972,0.5428503824471856,0.0,0.6156052787589054,R10AFRICA
WITCH 5.0,ENGAGE-INDCi2030-600f,0.06883491925573894,0.5156116470544141,0.0,0.584446566310153,R10AFRICA
WITCH 5.0,ENGAGE-INDCi2030-600f-NDCp,0.060759135262920615,0.5032146520388345,0.0,0.5639737873017552,R10AFRICA
WITCH 5.0,ENGAGE-INDCi2030-700f,0.06454785815466053,0.49068876843887954,0.0,0.5552366265935401,R10AFRICA
WITCH 5.0,ENGAGE-INDCi2030-700f-NDCp,0.0572109187273711,0.4789671586145053,0.0,0.5361780773418764,R10AFRICA
WITCH 5.0,ENGAGE-INDCi2030-800,0.043527321469730644,0.5079540829267174,0.0,0.551481404396448,R10AFRICA
WITCH 5.0,ENGAGE-INDCi2030-800-NDCp,0.03934550535544049,0.4484706388597588,0.0,0.4878161442151993,R10AFRICA
WITCH 5.0,ENGAGE-INDCi2030-800f,0.062449569210353335,0.4697232566127636,0.0,0.532172825823117,R10AFRICA
WITCH 5.0,ENGAGE-INDCi2030-800f-NDCp,0.052616744310742106,0.4608409739388275,0.0,0.5134577182495697,R10AFRICA
WITCH 5.0,ENGAGE-INDCi2030-900,0.04866655627965043,0.43722664574841286,0.0,0.4858932020280633,R10AFRICA
WITCH 5.0,ENGAGE-INDCi2030-900-NDCp,0.03364496160887746,0.4658485329346883,0.0,0.4994934945435658,R10AFRICA
WITCH 5.0,ENGAGE-INDCi2030-900f,0.05698764395978144,0.45286353735941676,0.0,0.5098511813191982,R10AFRICA
WITCH 5.0,ENGAGE-INDCi2030-900f-NDCp,0.04765559060383866,0.44315155686215224,0.0,0.4908071474659909,R10AFRICA
IMAGE 3.0,ENGAGE-INDCi2030-1000,0.2207306774827606,0.287146808299545,0.0,0.5078774857823056,R10CHINA+
IMAGE 3.0,ENGAGE-INDCi2030-1000f,0.23412867477541116,0.2759959538559054,0.0,0.5101246286313166,R10CHINA+
IMAGE 3.0,ENGAGE-INDCi2030-1200,0.2503945188694018,0.3013879132879113,0.0,0.551782432157313,R10CHINA+
IMAGE 3.0,ENGAGE-INDCi2030-1200f,0.2654184163218253,0.3460050379421822,0.0,0.6114234542640075,R10CHINA+
IMAGE 3.0,ENGAGE-INDCi2030-1400f,0.29863097594218874,0.363141473272448,0.0,0.6617724492146367,R10CHINA+
IMAGE 3.0,ENGAGE-INDCi2030-800f,0.20553185722289138,0.27280221312362446,0.0,0.47833407034651587,R10CHINA+
IMAGE 3.0,ENGAGE-NPi2020-1000,0.22449887599102356,0.24965792363132044,0.0,0.474156799622344,R10CHINA+
IMAGE 3.0,ENGAGE-NPi2020-1200,0.2547752766618709,0.2740658360435846,0.0,0.5288411127054555,R10CHINA+
IMAGE 3.0,ENGAGE-NPi2020-1400,0.28555974996433703,0.3258068915670252,0.0,0.6113666415313622,R10CHINA+
IMAGE 3.0,ENGAGE-NPi2020-1400f,0.28973893702674364,0.32585814560422627,0.0,0.6155970826309699,R10CHINA+
IMAGE 3.2,SSP2021-SSP1-SPA1-19-Default,0.28571157170009887,0.23785627686369276,0.0,0.5235678485637916,R10CHINA+
IMAGE 3.2,SSP2021-SSP1-SPA1-19-Lifestyle-Renewables,0.43563195297275353,0.19866173064449272,0.0,0.6342936836172463,R10CHINA+
IMAGE 3.2,SSP2021-SSP1-SPA1-19-Renewables,0.2798125529118889,0.33211552402355454,0.0,0.6119280769354434,R10CHINA+
IMAGE 3.2,SSP2021-SSP1-SPA1-26-Default,0.32737889549624005,0.3039958091872122,0.0,0.6313747046834522,R10CHINA+
IMAGE 3.2,SSP2021-SSP1-SPA1-26-Lifestyle,0.2852113270453365,0.33715520597788645,0.0,0.622366533023223,R10CHINA+
IMAGE 3.2,SSP2021-SSP1-SPA1-26-Lifestyle-Renewables,0.5049799645781079,0.32609284277015105,0.0,0.831072807348259,R10CHINA+
IMAGE 3.2,SSP2021-SSP1-SPA1-26-Renewables,0.32552985159107944,0.3719721998018834,0.0,0.6975020513929628,R10CHINA+
IMAGE 3.2,SSP2021-SSP2-SPA0-26-Default,0.5030330013240194,0.1673317464790369,0.0,0.6703647478030563,R10CHINA+
IMAGE 3.2,SSP2021-SSP2-SPA2-19-Renewables,0.505983448104445,0.18177230418742912,0.0,0.687755752291874,R10CHINA+
IMAGE 3.2,SSP2021-SSP2-SPA2-26-Default,0.5589265387286982,0.18534862126243168,0.0,0.7442751599911299,R10CHINA+
IMAGE 3.2,SSP2021-SSP2-SPA2-26-Lifestyle,0.47118241189318144,0.230161693630938,0.0,0.7013441055241194,R10CHINA+
IMAGE 3.2,SSP2021-SSP2-SPA2-26-Lifestyle-Renewables,0.4859091467441042,0.2954062475782295,0.0,0.7813153943223337,R10CHINA+
IMAGE 3.2,SSP2021-SSP2-SPA2-26-Renewables,0.5622026523177435,0.2078731404628621,0.0,0.7700757927806056,R10CHINA+
IMAGE 3.3,NAVIGATE Demand-1.5°C-ele_u,0.5433015024205635,0.8017746367462548,0.0,1.3450761391668182,R10CHINA+
IMAGE 3.3,NAVIGATE Demand-1.5°C-tec_u,0.4533136082646228,0.6984467203391933,0.0,1.151760328603816,R10CHINA+
IMAGE 3.3,NAVIGATE Demand-2.0°C-ele_u,0.5911401324119294,0.5898436415840479,0.0,1.1809837739959774,R10CHINA+
IMAGE 3.3,NAVIGATE Demand-2.0°C-ref,0.5812235959209705,0.4356430094240112,0.0,1.0168666053449817,R10CHINA+
IMAGE 3.3,NAVIGATE Demand-2.0°C-tec_u,0.5126078825899381,0.44929182930408024,0.0,0.9618997118940182,R10CHINA+
MESSAGEix-GLOBIOM 2.0-M-R12-NGFS,NGFS Phase 5-Below 2°C,0.180918266997184,0.8063534399255601,0.0,0.9872717069227441,R10CHINA+
MESSAGEix-GLOBIOM 2.0-M-R12-NGFS,NGFS Phase 5-Delayed Transition,0.19279465900802628,0.7499887008990785,0.0,0.9427833599071048,R10CHINA+
MESSAGEix-GLOBIOM 2.0-M-R12-NGFS,NGFS Phase 5-Low Demand,0.0,0.7808772834628629,0.0,0.7808772834628629,R10CHINA+
MESSAGEix-GLOBIOM 2.0-M-R12-NGFS,NGFS Phase 5-Nationally Determined Contributions (NDCs),0.2383468142811135,0.7063869783688091,0.0,0.9447337926499226,R10CHINA+
MESSAGEix-GLOBIOM 2.0-M-R12-NGFS,NGFS Phase 5-Net-Zero 2050,0.16402979818299715,1.0,0.0,1.1640297981829972,R10CHINA+
POLES-JRC ENGAGE,ENGAGE-INDCi2030-1000,0.6142739958696924,0.12640849802300935,0.0,0.7406824938927018,R10CHINA+
POLES-JRC ENGAGE,ENGAGE-INDCi2030-1000-COV,0.6284748787381942,0.05889075038956619,0.0,0.6873656291277603,R10CHINA+
POLES-JRC ENGAGE,ENGAGE-INDCi2030-1000-COV-NDCp,0.6270509087247086,0.059039133723573084,0.0,0.6860900424482816,R10CHINA+
POLES-JRC ENGAGE,ENGAGE-INDCi2030-1000-NDCp,0.6396723776758376,0.10356771622781365,0.0,0.7432400939036513,R10CHINA+
POLES-JRC ENGAGE,ENGAGE-INDCi2030-1000f,0.6413798792759587,0.16465756113323504,0.0,0.8060374404091938,R10CHINA+
POLES-JRC ENGAGE,ENGAGE-INDCi2030-1000f-COV,0.6435615992651612,0.08810716506376197,0.0,0.7316687643289231,R10CHINA+
POLES-JRC ENGAGE,ENGAGE-INDCi2030-1000f-COV-NDCp,0.6514857495439118,0.06953091309985385,0.0,0.7210166626437656,R10CHINA+
POLES-JRC ENGAGE,ENGAGE-INDCi2030-1000f-NDCp,0.6558443475887367,0.12112873501759935,0.0,0.776973082606336,R10CHINA+
POLES-JRC ENGAGE,ENGAGE-INDCi2030-1200,0.6822854217793531,0.03745146355149992,0.0,0.719736885330853,R10CHINA+
POLES-JRC ENGAGE,ENGAGE-INDCi2030-1200f,0.6960331742218402,0.03420512347019143,0.0,0.7302382976920316,R10CHINA+
POLES-JRC ENGAGE,ENGAGE-INDCi2030-300f,0.48108427414772736,0.5421788644944369,0.0,1.0232631386421642,R10CHINA+
POLES-JRC ENGAGE,ENGAGE-INDCi2030-400f,0.5088610571711562,0.5295852461517695,0.0,1.0384463033229256,R10CHINA+
POLES-JRC ENGAGE,ENGAGE-INDCi2030-500f,0.5438307226180512,0.5151020944779995,0.0,1.0589328170960508,R10CHINA+
POLES-JRC ENGAGE,ENGAGE-INDCi2030-600f,0.5586689889504448,0.5115269080179106,0.0,1.0701958969683554,R10CHINA+
POLES-JRC ENGAGE,ENGAGE-INDCi2030-600f-COV,0.5516347638935745,0.5208018098742758,0.0,1.0724365737678503,R10CHINA+
POLES-JRC ENGAGE,ENGAGE-INDCi2030-600f-COV-NDCp,0.5508000040583012,0.5163917046401043,0.0,1.0671917086984055,R10CHINA+
POLES-JRC ENGAGE,ENGAGE-INDCi2030-600f-NDCp,0.5666690320057179,0.5589063777843224,0.0,1.1255754097900403,R10CHINA+
POLES-JRC ENGAGE,ENGAGE-INDCi2030-700f,0.5889486624551382,0.46850423189471646,0.0,1.0574528943498547,R10CHINA+
POLES-JRC ENGAGE,ENGAGE-INDCi2030-800f,0.6078303038939328,0.41362545086309116,0.0,1.021455754757024,R10CHINA+
POLES-JRC ENGAGE,ENGAGE-INDCi2030-900,0.6083232746911416,0.05762474356082851,0.0,0.66594801825197,R10CHINA+
POLES-JRC ENGAGE,ENGAGE-INDCi2030-900f,0.6286518221150253,0.2978978424666739,0.0,0.9265496645816993,R10CHINA+
POLES-JRC ENGAGE,ENGAGE-NPi2020-1000f,0.6913116255321206,0.03310819649835992,0.0,0.7244198220304805,R10CHINA+
POLES-JRC ENGAGE,ENGAGE-NPi2020-1000f-COV,0.6944953003612039,0.02178734157606439,0.0,0.7162826419372683,R10CHINA+
POLES-JRC ENGAGE,ENGAGE-NPi2020-1200f,0.7352407152915678,0.0,0.0,0.7352407152915678,R10CHINA+
POLES-JRC ENGAGE,ENGAGE-NPi2020-900f,0.6645710975435887,0.09997569748800635,0.0,0.7645467950315951,R10CHINA+
REMIND-MAgPIE 2.1-4.2,NGFS Phase 2-Delayed Transition,0.7078002785378065,0.3909639953173717,0.0,1.0987642738551782,R10CHINA+
REMIND-MAgPIE 3.2.0-4.8.0,RESCUE-End-of-Century-Budget-1150,0.9874912206840729,0.5152350147546539,0.0,1.5027262354387267,R10CHINA+
REMIND-MAgPIE 3.2.0-4.8.0,RESCUE-End-of-Century-Budget-1150-with-OAE,1.0,0.5421306181315304,0.0,1.5421306181315304,R10CHINA+
REMIND-MAgPIE 3.2.0-4.8.0,RESCUE-End-of-Century-Budget-500,0.9199465653818722,0.5016231484528598,0.0,1.421569713834732,R10CHINA+
REMIND-MAgPIE 3.2.0-4.8.0,RESCUE-End-of-Century-Budget-500-with-OAE,0.9460681772615479,0.5716567792845333,0.0,1.5177249565460813,R10CHINA+
REMIND-MAgPIE 3.2.0-4.8.0,RESCUE-Peak-Budget-1150,0.9457941472657868,0.6369754249773103,0.0,1.5827695722430972,R10CHINA+
REMIND-MAgPIE 3.2.0-4.8.0,RESCUE-Peak-Budget-1150-with-OAE,0.9453443724549111,0.6347535194594891,0.0,1.5800978919144002,R10CHINA+
REMIND-MAgPIE 3.3-4.8,NGFS Phase 5-Below 2°C,0.5790402365987012,0.4180806275658402,0.0,0.9971208641645414,R10CHINA+
REMIND-MAgPIE 3.3-4.8,NGFS Phase 5-Delayed Transition,0.570479877617933,0.47993243932674207,0.0,1.050412316944675,R10CHINA+
REMIND-MAgPIE 3.3-4.8,NGFS Phase 5-Low Demand,0.35307049515750766,0.5178182995187082,0.0,0.8708887946762158,R10CHINA+
REMIND-MAgPIE 3.3-4.8,NGFS Phase 5-Net-Zero 2050,0.5156433410199633,0.6877016095642928,0.0,1.2033449505842562,R10CHINA+
WITCH 5.0,ENGAGE-INDCi2030-1000,0.7555050377971625,0.487577467846248,0.0,1.2430825056434105,R10CHINA+
WITCH 5.0,ENGAGE-INDCi2030-1000-NDCp,0.7505345853965126,0.4859625722382569,0.0,1.2364971576347696,R10CHINA+
WITCH 5.0,ENGAGE-INDCi2030-1000f,0.7498544190549692,0.4858689785821012,0.0,1.2357233976370705,R10CHINA+
WITCH 5.0,ENGAGE-INDCi2030-1000f-NDCp,0.7545739973820241,0.48326642748471044,0.0,1.2378404248667345,R10CHINA+
WITCH 5.0,ENGAGE-INDCi2030-1200,0.7690034411071517,0.4825227790002828,0.0,1.2515262201074344,R10CHINA+
WITCH 5.0,ENGAGE-INDCi2030-1200-NDCp,0.7681135103243428,0.4801909540383333,0.0,1.2483044643626762,R10CHINA+
WITCH 5.0,ENGAGE-INDCi2030-1200f,0.7751235624445578,0.4798078951647522,0.0,1.25493145760931,R10CHINA+
WITCH 5.0,ENGAGE-INDCi2030-1200f-NDCp,0.7761364027116199,0.4786405147529759,0.0,1.2547769174645957,R10CHINA+
WITCH 5.0,ENGAGE-INDCi2030-1400,0.7869391061211327,0.4778963877074507,0.0,1.2648354938285835,R10CHINA+
WITCH 5.0,ENGAGE-INDCi2030-1400-NDCp,0.7893038290714304,0.4778280493723453,0.0,1.2671318784437757,R10CHINA+
WITCH 5.0,ENGAGE-INDCi2030-1400f,0.7945356301203187,0.47793779844812817,0.0,1.272473428568447,R10CHINA+
WITCH 5.0,ENGAGE-INDCi2030-1400f-NDCp,0.7935740070407039,0.4769445298919014,0.0,1.2705185369326053,R10CHINA+
WITCH 5.0,ENGAGE-INDCi2030-1600-NDCp,0.8082036348547678,0.4766990456942765,0.0,1.2849026805490442,R10CHINA+
WITCH 5.0,ENGAGE-INDCi2030-500f,0.6563511914083671,0.5600894362931607,0.0,1.2164406277015276,R10CHINA+
WITCH 5.0,ENGAGE-INDCi2030-600f,0.6784408799787285,0.5292519743020332,0.0,1.2076928542807617,R10CHINA+
WITCH 5.0,ENGAGE-INDCi2030-600f-NDCp,0.6889542821126878,0.520716026011118,0.0,1.2096703081238058,R10CHINA+
WITCH 5.0,ENGAGE-INDCi2030-700f,0.6987200531505798,0.5111410269151843,0.0,1.209861080065764,R10CHINA+
WITCH 5.0,ENGAGE-INDCi2030-700f-NDCp,0.7077072513168818,0.5037935029420625,0.0,1.2115007542589442,R10CHINA+
WITCH 5.0,ENGAGE-INDCi2030-800,0.7105464223965754,0.5004805745059991,0.0,1.2110269969025746,R10CHINA+
WITCH 5.0,ENGAGE-INDCi2030-800-NDCp,0.7213128109335719,0.49882710358352805,0.0,1.2201399145171,R10CHINA+
WITCH 5.0,ENGAGE-INDCi2030-800f,0.7182518173895358,0.49712188461979134,0.0,1.2153737020093272,R10CHINA+
WITCH 5.0,ENGAGE-INDCi2030-800f-NDCp,0.7264618269847642,0.49304411818668226,0.0,1.2195059451714465,R10CHINA+
WITCH 5.0,ENGAGE-INDCi2030-900,0.7250139399174605,0.4934861054226325,0.0,1.2185000453400932,R10CHINA+
WITCH 5.0,ENGAGE-INDCi2030-900-NDCp,0.745530461436823,0.48797459218003253,0.0,1.2335050536168555,R10CHINA+
WITCH 5.0,ENGAGE-INDCi2030-900f,0.7349450900306906,0.4898553076089314,0.0,1.224800397639622,R10CHINA+
WITCH 5.0,ENGAGE-INDCi2030-900f-NDCp,0.7391363615296105,0.4867515431928495,0.0,1.22588790472246,R10CHINA+
IMAGE 3.0,ENGAGE-INDCi2030-1000,0.37106233179882503,0.27940429454166216,0.0,0.6504666263404872,R10MIDDLE_EAST
IMAGE 3.0,ENGAGE-INDCi2030-1000f,0.3721949346353407,0.192135147969238,0.0,0.5643300826045787,R10MIDDLE_EAST
IMAGE 3.0,ENGAGE-INDCi2030-1200,0.40593934438538765,0.3197993574194731,0.0,0.7257387018048607,R10MIDDLE_EAST
IMAGE 3.0,ENGAGE-INDCi2030-1200f,0.4057978063281887,0.29208617183510105,0.0,0.6978839781632897,R10MIDDLE_EAST
IMAGE 3.0,ENGAGE-INDCi2030-1400f,0.43926559404153,0.2324513038087628,0.0,0.6717168978502928,R10MIDDLE_EAST
IMAGE 3.0,ENGAGE-INDCi2030-800f,0.3462191563922657,0.25193987053993133,0.0,0.598159026932197,R10MIDDLE_EAST
IMAGE 3.0,ENGAGE-NPi2020-1000,0.38799401889348767,0.2585501542216995,0.0,0.6465441731151872,R10MIDDLE_EAST
IMAGE 3.0,ENGAGE-NPi2020-1200,0.41246114184281724,0.22165415057726676,0.0,0.634115292420084,R10MIDDLE_EAST
IMAGE 3.0,ENGAGE-NPi2020-1400,0.43816368366989755,0.2116181948366486,0.0,0.6497818785065461,R10MIDDLE_EAST
IMAGE 3.0,ENGAGE-NPi2020-1400f,0.44096947164136163,0.1755188615582461,0.0,0.6164883331996077,R10MIDDLE_EAST
IMAGE 3.2,SSP2021-SSP1-SPA1-19-Default,0.4060040932429102,0.0,0.0,0.4060040932429102,R10MIDDLE_EAST
IMAGE 3.2,SSP2021-SSP1-SPA1-19-Lifestyle-Renewables,0.46787271422143095,0.48337556913604657,0.0,0.9512482833574776,R10MIDDLE_EAST
IMAGE 3.2,SSP2021-SSP1-SPA1-19-Renewables,0.4148919544991592,0.13843176280708183,0.0,0.5533237173062411,R10MIDDLE_EAST
IMAGE 3.2,SSP2021-SSP1-SPA1-26-Default,0.4765663547937844,0.2512702618327264,0.0,0.7278366166265108,R10MIDDLE_EAST
IMAGE 3.2,SSP2021-SSP1-SPA1-26-Lifestyle,0.4686472323827287,0.437695915463943,0.0,0.9063431478466717,R10MIDDLE_EAST
IMAGE 3.2,SSP2021-SSP1-SPA1-26-Lifestyle-Renewables,0.5265400967812722,0.6650431585120775,0.0,1.1915832552933496,R10MIDDLE_EAST
IMAGE 3.2,SSP2021-SSP1-SPA1-26-Renewables,0.4613477276726876,0.5800552965774408,0.0,1.0414030242501284,R10MIDDLE_EAST
IMAGE 3.2,SSP2021-SSP2-SPA0-26-Default,0.5206630958767194,0.07881625860661012,0.0,0.5994793544833296,R10MIDDLE_EAST
IMAGE 3.2,SSP2021-SSP2-SPA2-19-Renewables,0.46182785658489706,0.22542607882800333,0.0,0.6872539354129004,R10MIDDLE_EAST
IMAGE 3.2,SSP2021-SSP2-SPA2-26-Default,0.5551212489396633,0.32019516688262517,0.0,0.8753164158222885,R10MIDDLE_EAST
IMAGE 3.2,SSP2021-SSP2-SPA2-26-Lifestyle,0.5266852337331792,0.6936859339511314,0.0,1.2203711676843105,R10MIDDLE_EAST
IMAGE 3.2,SSP2021-SSP2-SPA2-26-Lifestyle-Renewables,0.520197980676978,0.6100353789674071,0.0,1.130233359644385,R10MIDDLE_EAST
IMAGE 3.2,SSP2021-SSP2-SPA2-26-Renewables,0.5413557705674898,0.3365998623269252,0.0,0.877955632894415,R10MIDDLE_EAST
IMAGE 3.3,NAVIGATE Demand-1.5°C-ele_u,0.5661966370129006,0.9494428900740652,0.0,1.5156395270869658,R10MIDDLE_EAST
IMAGE 3.3,NAVIGATE Demand-1.5°C-tec_u,0.4665452380648045,0.7564729626047256,0.0,1.22301820066953,R10MIDDLE_EAST
IMAGE 3.3,NAVIGATE Demand-2.0°C-ele_u,0.6167524853784389,0.28703957367246624,0.0,0.9037920590509051,R10MIDDLE_EAST
IMAGE 3.3,NAVIGATE Demand-2.0°C-ref,0.6433389889764616,0.2069985277359429,0.0,0.8503375167124045,R10MIDDLE_EAST
IMAGE 3.3,NAVIGATE Demand-2.0°C-tec_u,0.5450198891619463,0.17634818126685595,0.0,0.7213680704288022,R10MIDDLE_EAST
MESSAGEix-GLOBIOM 2.0-M-R12-NGFS,NGFS Phase 5-Below 2°C,0.1502731940699155,0.45416623318403754,0.0,0.604439427253953,R10MIDDLE_EAST
MESSAGEix-GLOBIOM 2.0-M-R12-NGFS,NGFS Phase 5-Delayed Transition,0.15802339148737712,0.38449820698460196,0.0,0.5425215984719791,R10MIDDLE_EAST
MESSAGEix-GLOBIOM 2.0-M-R12-NGFS,NGFS Phase 5-Low Demand,0.0,0.13355846875119656,0.0,0.13355846875119656,R10MIDDLE_EAST
MESSAGEix-GLOBIOM 2.0-M-R12-NGFS,NGFS Phase 5-Nationally Determined Contributions (NDCs),0.13169680739224135,0.2687967088530457,0.0,0.40049351624528706,R10MIDDLE_EAST
MESSAGEix-GLOBIOM 2.0-M-R12-NGFS,NGFS Phase 5-Net-Zero 2050,0.10060653765395954,0.5907501538213304,0.0,0.69135669147529,R10MIDDLE_EAST
POLES-JRC ENGAGE,ENGAGE-INDCi2030-1000,0.30648841810598815,0.12995802686186197,0.0,0.4364464449678501,R10MIDDLE_EAST
POLES-JRC ENGAGE,ENGAGE-INDCi2030-1000-COV,0.35780384024412726,0.24003736072388057,0.0,0.5978412009680079,R10MIDDLE_EAST
POLES-JRC ENGAGE,ENGAGE-INDCi2030-1000-COV-NDCp,0.35756090845121585,0.2251876226621729,0.0,0.5827485311133888,R10MIDDLE_EAST
POLES-JRC ENGAGE,ENGAGE-INDCi2030-1000-NDCp,0.33936085844321684,0.2897954740686173,0.0,0.6291563325118341,R10MIDDLE_EAST
POLES-JRC ENGAGE,ENGAGE-INDCi2030-1000f,0.3016114423146266,0.272906694353418,0.0,0.5745181366680446,R10MIDDLE_EAST
POLES-JRC ENGAGE,ENGAGE-INDCi2030-1000f-COV,0.3533173527704073,0.30165767802884796,0.0,0.6549750307992552,R10MIDDLE_EAST
POLES-JRC ENGAGE,ENGAGE-INDCi2030-1000f-COV-NDCp,0.3556589626555922,0.32727380753318097,0.0,0.6829327701887732,R10MIDDLE_EAST
POLES-JRC ENGAGE,ENGAGE-INDCi2030-1000f-NDCp,0.3287341302336535,0.34168047826030407,0.0,0.6704146084939575,R10MIDDLE_EAST
POLES-JRC ENGAGE,ENGAGE-INDCi2030-1200,0.31710923089747867,0.29524443482094725,0.0,0.6123536657184259,R10MIDDLE_EAST
POLES-JRC ENGAGE,ENGAGE-INDCi2030-1200f,0.31728033288948476,0.38130920302730387,0.0,0.6985895359167886,R10MIDDLE_EAST
POLES-JRC ENGAGE,ENGAGE-INDCi2030-300f,0.25104177702093056,0.14155077222812953,0.0,0.39259254924906006,R10MIDDLE_EAST
POLES-JRC ENGAGE,ENGAGE-INDCi2030-400f,0.2610049185257616,0.12013694457009036,0.0,0.38114186309585196,R10MIDDLE_EAST
POLES-JRC ENGAGE,ENGAGE-INDCi2030-500f,0.27787938189380484,0.19330510803658751,0.0,0.47118448993039236,R10MIDDLE_EAST
POLES-JRC ENGAGE,ENGAGE-INDCi2030-600f,0.28237170755530877,0.22320327855157118,0.0,0.5055749861068799,R10MIDDLE_EAST
POLES-JRC ENGAGE,ENGAGE-INDCi2030-600f-COV,0.33181540459272574,0.19757639225357226,0.0,0.529391796846298,R10MIDDLE_EAST
POLES-JRC ENGAGE,ENGAGE-INDCi2030-600f-COV-NDCp,0.3326118204466393,0.17770725641128904,0.0,0.5103190768579283,R10MIDDLE_EAST
POLES-JRC ENGAGE,ENGAGE-INDCi2030-600f-NDCp,0.30525523344142,0.24658264367519767,0.0,0.5518378771166177,R10MIDDLE_EAST
POLES-JRC ENGAGE,ENGAGE-INDCi2030-700f,0.2874000576512168,0.22612224919823018,0.0,0.513522306849447,R10MIDDLE_EAST
POLES-JRC ENGAGE,ENGAGE-INDCi2030-800f,0.2942914553557408,0.207971224288904,0.0,0.5022626796446448,R10MIDDLE_EAST
POLES-JRC ENGAGE,ENGAGE-INDCi2030-900,0.32875143287585246,0.09227093605616477,0.0,0.4210223689320172,R10MIDDLE_EAST
POLES-JRC ENGAGE,ENGAGE-INDCi2030-900f,0.29698860528758353,0.23298910161293518,0.0,0.5299777069005187,R10MIDDLE_EAST
POLES-JRC ENGAGE,ENGAGE-NPi2020-1000f,0.3113313029090111,0.3972732042251319,0.0,0.708604507134143,R10MIDDLE_EAST
POLES-JRC ENGAGE,ENGAGE-NPi2020-1000f-COV,0.36342017121166725,0.44030769215208626,0.0,0.8037278633637535,R10MIDDLE_EAST
POLES-JRC ENGAGE,ENGAGE-NPi2020-1200f,0.3256319868493092,0.43524742621005824,0.0,0.7608794130593675,R10MIDDLE_EAST
POLES-JRC ENGAGE,ENGAGE-NPi2020-900f,0.3048354459967584,0.34984007401775435,0.0,0.6546755200145127,R10MIDDLE_EAST
REMIND-MAgPIE 2.1-4.2,NGFS Phase 2-Delayed Transition,0.48653784322958615,0.4978160501179259,0.0,0.984353893347512,R10MIDDLE_EAST
REMIND-MAgPIE 3.2.0-4.8.0,RESCUE-End-of-Century-Budget-1150,1.0,0.7313811558268949,0.0,1.7313811558268948,R10MIDDLE_EAST
REMIND-MAgPIE 3.2.0-4.8.0,RESCUE-End-of-Century-Budget-1150-with-OAE,0.9993165757367132,0.7058133076019416,0.0,1.7051298833386548,R10MIDDLE_EAST
REMIND-MAgPIE 3.2.0-4.8.0,RESCUE-End-of-Century-Budget-500,0.9572510564869499,1.0,0.0,1.9572510564869499,R10MIDDLE_EAST
REMIND-MAgPIE 3.2.0-4.8.0,RESCUE-End-of-Century-Budget-500-with-OAE,0.9705358237424146,0.965282183616657,0.0,1.9358180073590716,R10MIDDLE_EAST
REMIND-MAgPIE 3.2.0-4.8.0,RESCUE-Peak-Budget-1150,0.9521856474737648,0.7121826123772516,0.0,1.6643682598510163,R10MIDDLE_EAST
REMIND-MAgPIE 3.2.0-4.8.0,RESCUE-Peak-Budget-1150-with-OAE,0.9512538350097786,0.7170291078083716,0.0,1.6682829428181503,R10MIDDLE_EAST
REMIND-MAgPIE 3.3-4.8,NGFS Phase 5-Below 2°C,0.6708663996563818,0.7993289441842514,0.0,1.4701953438406332,R10MIDDLE_EAST
REMIND-MAgPIE 3.3-4.8,NGFS Phase 5-Delayed Transition,0.6812168699879972,0.7983008229141738,0.0,1.4795176929021712,R10MIDDLE_EAST
REMIND-MAgPIE 3.3-4.8,NGFS Phase 5-Low Demand,0.29935723323598384,0.34945475560133193,0.0,0.6488119888373158,R10MIDDLE_EAST
REMIND-MAgPIE 3.3-4.8,NGFS Phase 5-Net-Zero 2050,0.5757250715008928,0.4940733089688767,0.0,1.0697983804697695,R10MIDDLE_EAST
WITCH 5.0,ENGAGE-INDCi2030-1000,0.5080868842763754,0.549139736608879,0.0,1.0572266208852543,R10MIDDLE_EAST
WITCH 5.0,ENGAGE-INDCi2030-1000-NDCp,0.505576742952312,0.5469323994399936,0.0,1.0525091423923056,R10MIDDLE_EAST
WITCH 5.0,ENGAGE-INDCi2030-1000f,0.5041402488228298,0.5448928243050952,0.0,1.0490330731279252,R10MIDDLE_EAST
WITCH 5.0,ENGAGE-INDCi2030-1000f-NDCp,0.5058383467607422,0.5500313339317654,0.0,1.0558696806925076,R10MIDDLE_EAST
WITCH 5.0,ENGAGE-INDCi2030-1200,0.5080699496809016,0.555844752349912,0.0,1.0639147020308135,R10MIDDLE_EAST
WITCH 5.0,ENGAGE-INDCi2030-1200-NDCp,0.5065590227763769,0.559951253351406,0.0,1.066510276127783,R10MIDDLE_EAST
WITCH 5.0,ENGAGE-INDCi2030-1200f,0.5111999777904258,0.5618875320070542,0.0,1.07308750979748,R10MIDDLE_EAST
WITCH 5.0,ENGAGE-INDCi2030-1200f-NDCp,0.5054728996442284,0.5701948944822918,0.0,1.0756677941265202,R10MIDDLE_EAST
WITCH 5.0,ENGAGE-INDCi2030-1400,0.493282239880188,0.5876980977323985,0.0,1.0809803376125864,R10MIDDLE_EAST
WITCH 5.0,ENGAGE-INDCi2030-1400-NDCp,0.49539107886178696,0.5969204016421213,0.0,1.0923114805039082,R10MIDDLE_EAST
WITCH 5.0,ENGAGE-INDCi2030-1400f,0.4955929933819199,0.5948332343525615,0.0,1.0904262277344814,R10MIDDLE_EAST
WITCH 5.0,ENGAGE-INDCi2030-1400f-NDCp,0.49559286293619653,0.600922871552049,0.0,1.0965157344882455,R10MIDDLE_EAST
WITCH 5.0,ENGAGE-INDCi2030-1600-NDCp,0.5030325002033795,0.6246788554524602,0.0,1.1277113556558396,R10MIDDLE_EAST
WITCH 5.0,ENGAGE-INDCi2030-500f,0.4887740337960368,0.5180930583080139,0.0,1.0068670921040508,R10MIDDLE_EAST
WITCH 5.0,ENGAGE-INDCi2030-600f,0.48992888778726956,0.5180070762991781,0.0,1.0079359640864476,R10MIDDLE_EAST
WITCH 5.0,ENGAGE-INDCi2030-600f-NDCp,0.49016311386861405,0.5216857084637505,0.0,1.0118488223323645,R10MIDDLE_EAST
WITCH 5.0,ENGAGE-INDCi2030-700f,0.4927789794223225,0.5205160612701721,0.0,1.0132950406924945,R10MIDDLE_EAST
WITCH 5.0,ENGAGE-INDCi2030-700f-NDCp,0.4949167121430291,0.5234171503201464,0.0,1.0183338624631755,R10MIDDLE_EAST
WITCH 5.0,ENGAGE-INDCi2030-800,0.4840986289071989,0.5276267136406037,0.0,1.0117253425478026,R10MIDDLE_EAST
WITCH 5.0,ENGAGE-INDCi2030-800-NDCp,0.4832876608678464,0.529170128561611,0.0,1.0124577894294575,R10MIDDLE_EAST
WITCH 5.0,ENGAGE-INDCi2030-800f,0.49941007033144497,0.5305762106901136,0.0,1.0299862810215585,R10MIDDLE_EAST
WITCH 5.0,ENGAGE-INDCi2030-800f-NDCp,0.499835178851173,0.5326295097117416,0.0,1.0324646885629147,R10MIDDLE_EAST
WITCH 5.0,ENGAGE-INDCi2030-900,0.4864823197271713,0.5320717372134022,0.0,1.0185540569405735,R10MIDDLE_EAST
WITCH 5.0,ENGAGE-INDCi2030-900-NDCp,0.4966350539343468,0.5404936849775354,0.0,1.0371287389118822,R10MIDDLE_EAST
WITCH 5.0,ENGAGE-INDCi2030-900f,0.5000932281168798,0.5401164070620186,0.0,1.0402096351788983,R10MIDDLE_EAST
WITCH 5.0,ENGAGE-INDCi2030-900f-NDCp,0.5003761987829258,0.5415292645307823,0.0,1.0419054633137081,R10MIDDLE_EAST
IMAGE 3.0,ENGAGE-INDCi2030-1000,0.40582911832271984,0.044276595037923486,0.0,0.4501057133606433,R10EUROPE
IMAGE 3.0,ENGAGE-INDCi2030-1000f,0.42075074828717784,0.01849834269157225,0.0,0.4392490909787501,R10EUROPE
IMAGE 3.0,ENGAGE-INDCi2030-1200,0.4773585912938608,0.04685414175455813,0.0,0.524212733048419,R10EUROPE
IMAGE 3.0,ENGAGE-INDCi2030-1200f,0.49160439051439103,0.024118541660738978,0.0,0.51572293217513,R10EUROPE
IMAGE 3.0,ENGAGE-INDCi2030-1400f,0.5669762024094446,0.04481552741747805,0.0,0.6117917298269226,R10EUROPE
IMAGE 3.0,ENGAGE-INDCi2030-800f,0.3558425014900527,0.02876608938373342,0.0,0.3846085908737861,R10EUROPE
IMAGE 3.0,ENGAGE-NPi2020-1000,0.44384617853716835,0.033199000622316184,0.0,0.4770451791594845,R10EUROPE
IMAGE 3.0,ENGAGE-NPi2020-1200,0.517590599003379,0.06178131405608155,0.0,0.5793719130594606,R10EUROPE
IMAGE 3.0,ENGAGE-NPi2020-1400,0.5848922398884546,0.08200588754679068,0.0,0.6668981274352453,R10EUROPE
IMAGE 3.0,ENGAGE-NPi2020-1400f,0.58826268533827,0.060329571931729,0.0,0.6485922572699989,R10EUROPE
IMAGE 3.2,SSP2021-SSP1-SPA1-19-Default,0.05262629322996665,0.12721249936202367,0.0,0.17983879259199032,R10EUROPE
IMAGE 3.2,SSP2021-SSP1-SPA1-19-Lifestyle-Renewables,0.07122580471166859,0.0,0.0,0.07122580471166859,R10EUROPE
IMAGE 3.2,SSP2021-SSP1-SPA1-19-Renewables,0.11024328356114255,0.1333658487179585,0.0,0.24360913227910105,R10EUROPE
IMAGE 3.2,SSP2021-SSP1-SPA1-26-Default,0.13583470092220298,0.1660829272788853,0.0,0.30191762820108825,R10EUROPE
IMAGE 3.2,SSP2021-SSP1-SPA1-26-Lifestyle,0.0,0.16805202538242597,0.0,0.16805202538242597,R10EUROPE
IMAGE 3.2,SSP2021-SSP1-SPA1-26-Lifestyle-Renewables,0.14930901637381253,0.04119044700413403,0.0,0.19049946337794654,R10EUROPE
IMAGE 3.2,SSP2021-SSP1-SPA1-26-Renewables,0.17297831898688856,0.18451096756814261,0.0,0.3574892865550312,R10EUROPE
IMAGE 3.2,SSP2021-SSP2-SPA0-26-Default,0.4128363788440295,0.10044228229346958,0.0,0.5132786611374991,R10EUROPE
IMAGE 3.2,SSP2021-SSP2-SPA2-19-Renewables,0.28180040661237415,0.12476035422125124,0.0,0.4065607608336254,R10EUROPE
IMAGE 3.2,SSP2021-SSP2-SPA2-26-Default,0.32023636549638934,0.04722993158850582,0.0,0.36746629708489514,R10EUROPE
IMAGE 3.2,SSP2021-SSP2-SPA2-26-Lifestyle,0.13681007679159995,0.11787368887192178,0.0,0.25468376566352174,R10EUROPE
IMAGE 3.2,SSP2021-SSP2-SPA2-26-Lifestyle-Renewables,0.1354886748185543,0.0694760026435912,0.0,0.20496467746214553,R10EUROPE
IMAGE 3.2,SSP2021-SSP2-SPA2-26-Renewables,0.35663603384476195,0.06387854594785171,0.0,0.42051457979261364,R10EUROPE
IMAGE 3.3,NAVIGATE Demand-1.5°C-ele_u,0.30940398153258314,0.331840033979434,0.0,0.6412440155120172,R10EUROPE
IMAGE 3.3,NAVIGATE Demand-1.5°C-tec_u,0.12715792187596167,0.2610326722563593,0.0,0.38819059413232093,R10EUROPE
IMAGE 3.3,NAVIGATE Demand-2.0°C-ele_u,0.39606248548728684,0.19893540540326107,0.0,0.5949978908905479,R10EUROPE
IMAGE 3.3,NAVIGATE Demand-2.0°C-ref,0.4038606547913403,0.1441229052624408,0.0,0.5479835600537811,R10EUROPE
IMAGE 3.3,NAVIGATE Demand-2.0°C-tec_u,0.26833537303036675,0.15043847846599737,0.0,0.41877385149636415,R10EUROPE
MESSAGEix-GLOBIOM 2.0-M-R12-NGFS,NGFS Phase 5-Below 2°C,0.474021990837231,0.541869145922603,0.0,1.015891136759834,R10EUROPE
MESSAGEix-GLOBIOM 2.0-M-R12-NGFS,NGFS Phase 5-Delayed Transition,0.5043385661784948,0.525703240442326,0.0,1.0300418066208208,R10EUROPE
MESSAGEix-GLOBIOM 2.0-M-R12-NGFS,NGFS Phase 5-Low Demand,0.019139166221032396,0.4121951941280994,0.0,0.4313343603491318,R10EUROPE
MESSAGEix-GLOBIOM 2.0-M-R12-NGFS,NGFS Phase 5-Nationally Determined Contributions (NDCs),0.6004255219720497,0.48318036024337807,0.0,1.0836058822154278,R10EUROPE
MESSAGEix-GLOBIOM 2.0-M-R12-NGFS,NGFS Phase 5-Net-Zero 2050,0.5517439600235265,0.6735593023893527,0.0,1.2253032624128792,R10EUROPE
POLES-JRC ENGAGE,ENGAGE-INDCi2030-1000,0.4409233826279775,0.10664224043458011,0.0,0.5475656230625576,R10EUROPE
POLES-JRC ENGAGE,ENGAGE-INDCi2030-1000-COV,0.5130269724268441,0.06424646534975953,0.0,0.5772734377766037,R10EUROPE
POLES-JRC ENGAGE,ENGAGE-INDCi2030-1000-COV-NDCp,0.45787960788129556,0.1045434215773137,0.0,0.5624230294586092,R10EUROPE
POLES-JRC ENGAGE,ENGAGE-INDCi2030-1000-NDCp,0.34351891726020783,0.124065802749866,0.0,0.46758472001007384,R10EUROPE
POLES-JRC ENGAGE,ENGAGE-INDCi2030-1000f,0.5155034437226398,0.1354690961188184,0.0,0.6509725398414582,R10EUROPE
POLES-JRC ENGAGE,ENGAGE-INDCi2030-1000f-COV,0.550967760234592,0.07488530634816905,0.0,0.6258530665827611,R10EUROPE
POLES-JRC ENGAGE,ENGAGE-INDCi2030-1000f-COV-NDCp,0.4762257378846975,0.1117586846427415,0.0,0.587984422527439,R10EUROPE
POLES-JRC ENGAGE,ENGAGE-INDCi2030-1000f-NDCp,0.3619662972346891,0.15912566189544627,0.0,0.5210919591301354,R10EUROPE
POLES-JRC ENGAGE,ENGAGE-INDCi2030-1200,0.5702213497647393,0.05199127675475225,0.0,0.6222126265194915,R10EUROPE
POLES-JRC ENGAGE,ENGAGE-INDCi2030-1200f,0.5960776925430508,0.05775014394863154,0.0,0.6538278364916823,R10EUROPE
POLES-JRC ENGAGE,ENGAGE-INDCi2030-300f,0.3003121383185978,0.2974663165997184,0.0,0.5977784549183163,R10EUROPE
POLES-JRC ENGAGE,ENGAGE-INDCi2030-400f,0.31925745359767765,0.3021923285152533,0.0,0.621449782112931,R10EUROPE
POLES-JRC ENGAGE,ENGAGE-INDCi2030-500f,0.35516744964686253,0.28323062671364846,0.0,0.638398076360511,R10EUROPE
POLES-JRC ENGAGE,ENGAGE-INDCi2030-600f,0.37748309547597914,0.27007084492937067,0.0,0.6475539404053499,R10EUROPE
POLES-JRC ENGAGE,ENGAGE-INDCi2030-600f-COV,0.39370267988455154,0.25884815457547034,0.0,0.6525508344600219,R10EUROPE
POLES-JRC ENGAGE,ENGAGE-INDCi2030-600f-COV-NDCp,0.3557158534262579,0.3242728943081629,0.0,0.6799887477344209,R10EUROPE
POLES-JRC ENGAGE,ENGAGE-INDCi2030-600f-NDCp,0.26753209259104316,0.3101175101896892,0.0,0.5776496027807323,R10EUROPE
POLES-JRC ENGAGE,ENGAGE-INDCi2030-700f,0.40984479607001817,0.24620045991113773,0.0,0.6560452559811559,R10EUROPE
POLES-JRC ENGAGE,ENGAGE-INDCi2030-800f,0.4364608879826033,0.22888979171100726,0.0,0.6653506796936106,R10EUROPE
POLES-JRC ENGAGE,ENGAGE-INDCi2030-900,0.36690719662442833,0.07328076785155876,0.0,0.44018796447598707,R10EUROPE
POLES-JRC ENGAGE,ENGAGE-INDCi2030-900f,0.4829025570161674,0.19193274834346002,0.0,0.6748353053596274,R10EUROPE
POLES-JRC ENGAGE,ENGAGE-NPi2020-1000f,0.5754863566845295,0.07639902998053405,0.0,0.6518853866650636,R10EUROPE
POLES-JRC ENGAGE,ENGAGE-NPi2020-1000f-COV,0.6198149283260254,0.056124965152373696,0.0,0.6759398934783991,R10EUROPE
POLES-JRC ENGAGE,ENGAGE-NPi2020-1200f,0.6448073268065154,0.053389610884443287,0.0,0.6981969376909587,R10EUROPE
POLES-JRC ENGAGE,ENGAGE-NPi2020-900f,0.53308601056804,0.11246363017948349,0.0,0.6455496407475234,R10EUROPE
REMIND-MAgPIE 2.1-4.2,NGFS Phase 2-Delayed Transition,0.11904874478639019,1.0,0.0,1.1190487447863902,R10EUROPE
REMIND-MAgPIE 3.2.0-4.8.0,RESCUE-End-of-Century-Budget-1150,0.37859556982088,0.6655523986074707,0.0,1.0441479684283508,R10EUROPE
REMIND-MAgPIE 3.2.0-4.8.0,RESCUE-End-of-Century-Budget-1150-with-OAE,0.42807274230123155,0.7451629656668041,0.0,1.1732357079680356,R10EUROPE
REMIND-MAgPIE 3.2.0-4.8.0,RESCUE-End-of-Century-Budget-500,0.31229420471728764,0.7036121163390008,0.0,1.0159063210562884,R10EUROPE
REMIND-MAgPIE 3.2.0-4.8.0,RESCUE-End-of-Century-Budget-500-with-OAE,0.4074246498651464,0.855510102811184,0.0,1.2629347526763304,R10EUROPE
REMIND-MAgPIE 3.2.0-4.8.0,RESCUE-Peak-Budget-1150,0.360709147765806,0.8448846431623609,0.0,1.2055937909281669,R10EUROPE
REMIND-MAgPIE 3.2.0-4.8.0,RESCUE-Peak-Budget-1150-with-OAE,0.3577998490237602,0.8444794669789678,0.0,1.202279316002728,R10EUROPE
REMIND-MAgPIE 3.3-4.8,NGFS Phase 5-Below 2°C,0.9783751264366183,0.5050740829158678,0.0,1.483449209352486,R10EUROPE
REMIND-MAgPIE 3.3-4.8,NGFS Phase 5-Delayed Transition,0.8852476264966616,0.6023033769339521,0.0,1.4875510034306136,R10EUROPE
REMIND-MAgPIE 3.3-4.8,NGFS Phase 5-Low Demand,0.31196404125009786,0.703547411213556,0.0,1.015511452463654,R10EUROPE
REMIND-MAgPIE 3.3-4.8,NGFS Phase 5-Net-Zero 2050,0.7841968364894516,0.8368097983230868,0.0,1.6210066348125385,R10EUROPE
WITCH 5.0,ENGAGE-INDCi2030-1000,0.8735257550839887,0.5219142889985722,0.0,1.395440044082561,R10EUROPE
WITCH 5.0,ENGAGE-INDCi2030-1000-NDCp,0.8787806281593699,0.5193544860874856,0.0,1.3981351142468554,R10EUROPE
WITCH 5.0,ENGAGE-INDCi2030-1000f,0.8667981852990895,0.5054052475263234,0.0,1.372203432825413,R10EUROPE
WITCH 5.0,ENGAGE-INDCi2030-1000f-NDCp,0.8830023821516121,0.5055289995926304,0.0,1.3885313817442424,R10EUROPE
WITCH 5.0,ENGAGE-INDCi2030-1200,0.8970406097507518,0.5086859262526521,0.0,1.405726536003404,R10EUROPE
WITCH 5.0,ENGAGE-INDCi2030-1200-NDCp,0.9056050377285277,0.5039098883677569,0.0,1.4095149260962847,R10EUROPE
WITCH 5.0,ENGAGE-INDCi2030-1200f,0.9092213998688646,0.5045545711143486,0.0,1.4137759709832132,R10EUROPE
WITCH 5.0,ENGAGE-INDCi2030-1200f-NDCp,0.9209998859342741,0.5003352835984229,0.0,1.421335169532697,R10EUROPE
WITCH 5.0,ENGAGE-INDCi2030-1400,0.9412153946555556,0.5059047065469674,0.0,1.447120101202523,R10EUROPE
WITCH 5.0,ENGAGE-INDCi2030-1400-NDCp,0.9626536205424204,0.5009857514077053,0.0,1.4636393719501257,R10EUROPE
WITCH 5.0,ENGAGE-INDCi2030-1400f,0.9484819389996543,0.5034781452572646,0.0,1.451960084256919,R10EUROPE
WITCH 5.0,ENGAGE-INDCi2030-1400f-NDCp,0.9658949973886228,0.49692508168648486,0.0,1.4628200790751076,R10EUROPE
WITCH 5.0,ENGAGE-INDCi2030-1600-NDCp,1.0,0.484882057668932,0.0,1.484882057668932,R10EUROPE
WITCH 5.0,ENGAGE-INDCi2030-500f,0.7510906814692236,0.6070268767446176,0.0,1.3581175582138414,R10EUROPE
WITCH 5.0,ENGAGE-INDCi2030-600f,0.7763275282843127,0.5684752634755553,0.0,1.344802791759868,R10EUROPE
WITCH 5.0,ENGAGE-INDCi2030-600f-NDCp,0.7928231481207823,0.5571761754960163,0.0,1.3499993236167986,R10EUROPE
WITCH 5.0,ENGAGE-INDCi2030-700f,0.8002217796201014,0.5447919862408171,0.0,1.3450137658609185,R10EUROPE
WITCH 5.0,ENGAGE-INDCi2030-700f-NDCp,0.8131941561262774,0.5354251887288796,0.0,1.348619344855157,R10EUROPE
WITCH 5.0,ENGAGE-INDCi2030-800,0.823700826958375,0.5774606493626254,0.0,1.4011614763210005,R10EUROPE
WITCH 5.0,ENGAGE-INDCi2030-800-NDCp,0.833378760175739,0.5730017041240417,0.0,1.4063804642997808,R10EUROPE
WITCH 5.0,ENGAGE-INDCi2030-800f,0.8205910195424367,0.5255203350995892,0.0,1.346111354642026,R10EUROPE
WITCH 5.0,ENGAGE-INDCi2030-800f-NDCp,0.8322724205107822,0.5193376855674273,0.0,1.3516101060782095,R10EUROPE
WITCH 5.0,ENGAGE-INDCi2030-900,0.8438015131168546,0.5486696026478465,0.0,1.392471115764701,R10EUROPE
WITCH 5.0,ENGAGE-INDCi2030-900-NDCp,0.8602531963864574,0.539412204312317,0.0,1.3996654006987743,R10EUROPE
WITCH 5.0,ENGAGE-INDCi2030-900f,0.845177750293651,0.5114871564073278,0.0,1.3566649067009788,R10EUROPE
WITCH 5.0,ENGAGE-INDCi2030-900f-NDCp,0.8603733601982477,0.5103111449442952,0.0,1.370684505142543,R10EUROPE
IMAGE 3.0,ENGAGE-INDCi2030-1000,0.39298144186378653,0.06689645958963848,0.0,0.459877901453425,R10REST_ASIA
IMAGE 3.0,ENGAGE-INDCi2030-1000f,0.3915167709568267,0.005845009069466804,0.0,0.39736178002629347,R10REST_ASIA
IMAGE 3.0,ENGAGE-INDCi2030-1200,0.4241151285966617,0.1310756998574951,0.0,0.5551908284541568,R10REST_ASIA
IMAGE 3.0,ENGAGE-INDCi2030-1200f,0.4243615522702987,0.11638952426415906,0.0,0.5407510765344578,R10REST_ASIA
IMAGE 3.0,ENGAGE-INDCi2030-1400f,0.46082148671292666,0.1422534702213931,0.0,0.6030749569343198,R10REST_ASIA
IMAGE 3.0,ENGAGE-INDCi2030-800f,0.3628929251648788,0.0,0.0,0.3628929251648788,R10REST_ASIA
IMAGE 3.0,ENGAGE-NPi2020-1000,0.4143643987458422,0.08969284903702483,0.0,0.504057247782867,R10REST_ASIA
IMAGE 3.0,ENGAGE-NPi2020-1200,0.43790583611895195,0.14540635716931882,0.0,0.5833121932882708,R10REST_ASIA
IMAGE 3.0,ENGAGE-NPi2020-1400,0.4639155510351316,0.17739596475348207,0.0,0.6413115157886137,R10REST_ASIA
IMAGE 3.0,ENGAGE-NPi2020-1400f,0.46528110010008933,0.17683544146275118,0.0,0.6421165415628405,R10REST_ASIA
IMAGE 3.2,SSP2021-SSP1-SPA1-19-Default,0.30784726580370425,0.2411586312225986,0.0,0.5490058970263029,R10REST_ASIA
IMAGE 3.2,SSP2021-SSP1-SPA1-19-Lifestyle-Renewables,0.49367219020230524,0.06784660537744527,0.0,0.5615187955797505,R10REST_ASIA
IMAGE 3.2,SSP2021-SSP1-SPA1-19-Renewables,0.3273579953418271,0.25942423809104703,0.0,0.5867822334328741,R10REST_ASIA
IMAGE 3.2,SSP2021-SSP1-SPA1-26-Default,0.36223915826008907,0.2788220269944767,0.0,0.6410611852545658,R10REST_ASIA
IMAGE 3.2,SSP2021-SSP1-SPA1-26-Lifestyle,0.3340489373138977,0.29367080035030346,0.0,0.6277197376642012,R10REST_ASIA
IMAGE 3.2,SSP2021-SSP1-SPA1-26-Lifestyle-Renewables,0.5517706275905722,0.07840376732685408,0.0,0.6301743949174262,R10REST_ASIA
IMAGE 3.2,SSP2021-SSP1-SPA1-26-Renewables,0.36724166781682,0.2897176963788345,0.0,0.6569593641956545,R10REST_ASIA
IMAGE 3.2,SSP2021-SSP2-SPA0-26-Default,0.5190500649676127,0.2618317796897558,0.0,0.7808818446573685,R10REST_ASIA
IMAGE 3.2,SSP2021-SSP2-SPA2-19-Renewables,0.5420637591504517,0.1399215234821753,0.0,0.6819852826326269,R10REST_ASIA
IMAGE 3.2,SSP2021-SSP2-SPA2-26-Default,0.592916519095255,0.24755158121744206,0.0,0.840468100312697,R10REST_ASIA
IMAGE 3.2,SSP2021-SSP2-SPA2-26-Lifestyle,0.5319536189519628,0.20403434789704603,0.0,0.7359879668490088,R10REST_ASIA
IMAGE 3.2,SSP2021-SSP2-SPA2-26-Lifestyle-Renewables,0.5390277022856735,0.09188672523056175,0.0,0.6309144275162353,R10REST_ASIA
IMAGE 3.2,SSP2021-SSP2-SPA2-26-Renewables,0.5869192842076696,0.10015163684240538,0.0,0.687070921050075,R10REST_ASIA
IMAGE 3.3,NAVIGATE Demand-1.5°C-ele_u,0.5430469291276635,0.3130854507813378,0.0,0.8561323799090013,R10REST_ASIA
IMAGE 3.3,NAVIGATE Demand-1.5°C-tec_u,0.4657629293946655,0.32829926173164364,0.0,0.7940621911263092,R10REST_ASIA
IMAGE 3.3,NAVIGATE Demand-2.0°C-ele_u,0.5766137913400183,0.07768561090786183,0.0,0.6542994022478802,R10REST_ASIA
IMAGE 3.3,NAVIGATE Demand-2.0°C-ref,0.6010073909851908,0.1380211423371875,0.0,0.7390285333223784,R10REST_ASIA
IMAGE 3.3,NAVIGATE Demand-2.0°C-tec_u,0.5142532000132145,0.11812563780786801,0.0,0.6323788378210825,R10REST_ASIA
MESSAGEix-GLOBIOM 2.0-M-R12-NGFS,NGFS Phase 5-Below 2°C,0.1020759558228121,0.5963555208693188,0.0,0.6984314766921309,R10REST_ASIA
MESSAGEix-GLOBIOM 2.0-M-R12-NGFS,NGFS Phase 5-Delayed Transition,0.10018277556946871,0.5647093549518868,0.0,0.6648921305213555,R10REST_ASIA
MESSAGEix-GLOBIOM 2.0-M-R12-NGFS,NGFS Phase 5-Low Demand,0.0,0.34743499783740994,0.0,0.34743499783740994,R10REST_ASIA
MESSAGEix-GLOBIOM 2.0-M-R12-NGFS,NGFS Phase 5-Nationally Determined Contributions (NDCs),0.07339201479699234,0.4821356637844464,0.0,0.5555276785814387,R10REST_ASIA
MESSAGEix-GLOBIOM 2.0-M-R12-NGFS,NGFS Phase 5-Net-Zero 2050,0.11802127748388988,0.6747788425611688,0.0,0.7928001200450587,R10REST_ASIA
POLES-JRC ENGAGE,ENGAGE-INDCi2030-1000,0.4328612358373763,0.21452484157142376,0.0,0.6473860774088,R10REST_ASIA
POLES-JRC ENGAGE,ENGAGE-INDCi2030-1000-COV,0.4453601900430887,0.19147528888530155,0.0,0.6368354789283902,R10REST_ASIA
POLES-JRC ENGAGE,ENGAGE-INDCi2030-1000-COV-NDCp,0.4457014601061099,0.1917421073310228,0.0,0.6374435674371327,R10REST_ASIA
POLES-JRC ENGAGE,ENGAGE-INDCi2030-1000-NDCp,0.45542372299017564,0.19237244324540462,0.0,0.6477961662355802,R10REST_ASIA
POLES-JRC ENGAGE,ENGAGE-INDCi2030-1000f,0.4266036684734442,0.22737438958639736,0.0,0.6539780580598415,R10REST_ASIA
POLES-JRC ENGAGE,ENGAGE-INDCi2030-1000f-COV,0.445133167219856,0.18797221578105602,0.0,0.633105383000912,R10REST_ASIA
POLES-JRC ENGAGE,ENGAGE-INDCi2030-1000f-COV-NDCp,0.44935129128084844,0.18395184792717872,0.0,0.6333031392080272,R10REST_ASIA
POLES-JRC ENGAGE,ENGAGE-INDCi2030-1000f-NDCp,0.4504884082136183,0.19488404258972605,0.0,0.6453724508033444,R10REST_ASIA
POLES-JRC ENGAGE,ENGAGE-INDCi2030-1200,0.4505227973381704,0.1793785015322699,0.0,0.6299012988704403,R10REST_ASIA
POLES-JRC ENGAGE,ENGAGE-INDCi2030-1200f,0.4529964771372191,0.18052730060130365,0.0,0.6335237777385228,R10REST_ASIA
POLES-JRC ENGAGE,ENGAGE-INDCi2030-300f,0.3664711178415854,0.35189658803581547,0.0,0.718367705877401,R10REST_ASIA
POLES-JRC ENGAGE,ENGAGE-INDCi2030-400f,0.3760931277388122,0.3329926976222673,0.0,0.7090858253610794,R10REST_ASIA
POLES-JRC ENGAGE,ENGAGE-INDCi2030-500f,0.39082640708530403,0.34673402705781836,0.0,0.7375604341431223,R10REST_ASIA
POLES-JRC ENGAGE,ENGAGE-INDCi2030-600f,0.3958456468352824,0.3408076014208046,0.0,0.736653248256087,R10REST_ASIA
POLES-JRC ENGAGE,ENGAGE-INDCi2030-600f-COV,0.40389413178658745,0.3390443866690393,0.0,0.7429385184556268,R10REST_ASIA
POLES-JRC ENGAGE,ENGAGE-INDCi2030-600f-COV-NDCp,0.40646029454056687,0.3461248772738424,0.0,0.7525851718144092,R10REST_ASIA
POLES-JRC ENGAGE,ENGAGE-INDCi2030-600f-NDCp,0.4116306378914922,0.2966035901088864,0.0,0.7082342280003786,R10REST_ASIA
POLES-JRC ENGAGE,ENGAGE-INDCi2030-700f,0.40099585257958,0.3201876914128769,0.0,0.7211835439924569,R10REST_ASIA
POLES-JRC ENGAGE,ENGAGE-INDCi2030-800f,0.40730504590381417,0.3230174827738201,0.0,0.7303225286776343,R10REST_ASIA
POLES-JRC ENGAGE,ENGAGE-INDCi2030-900,0.4741259669820342,0.15542012597599997,0.0,0.6295460929580341,R10REST_ASIA
POLES-JRC ENGAGE,ENGAGE-INDCi2030-900f,0.41711631102536734,0.2800109385735674,0.0,0.6971272495989347,R10REST_ASIA
POLES-JRC ENGAGE,ENGAGE-NPi2020-1000f,0.44198578569985236,0.20180082018931023,0.0,0.6437866058891626,R10REST_ASIA
POLES-JRC ENGAGE,ENGAGE-NPi2020-1000f-COV,0.45645080836751833,0.19901230266657435,0.0,0.6554631110340927,R10REST_ASIA
POLES-JRC ENGAGE,ENGAGE-NPi2020-1200f,0.4649956769362023,0.20456778706799594,0.0,0.6695634640041983,R10REST_ASIA
POLES-JRC ENGAGE,ENGAGE-NPi2020-900f,0.42920038521841597,0.21213345871174347,0.0,0.6413338439301595,R10REST_ASIA
REMIND-MAgPIE 2.1-4.2,NGFS Phase 2-Delayed Transition,0.5796504733957681,0.8777907285466553,0.0,1.4574412019424234,R10REST_ASIA
REMIND-MAgPIE 3.2.0-4.8.0,RESCUE-End-of-Century-Budget-1150,0.984685797054179,0.8417333331278785,0.0,1.8264191301820576,R10REST_ASIA
REMIND-MAgPIE 3.2.0-4.8.0,RESCUE-End-of-Century-Budget-1150-with-OAE,1.0,0.8735697558894513,0.0,1.8735697558894513,R10REST_ASIA
REMIND-MAgPIE 3.2.0-4.8.0,RESCUE-End-of-Century-Budget-500,0.9118094983993458,0.906154883693034,0.0,1.8179643820923799,R10REST_ASIA
REMIND-MAgPIE 3.2.0-4.8.0,RESCUE-End-of-Century-Budget-500-with-OAE,0.9398127468139281,0.9674442984714586,0.0,1.9072570452853868,R10REST_ASIA
REMIND-MAgPIE 3.2.0-4.8.0,RESCUE-Peak-Budget-1150,0.9788537493149372,0.9725412949882979,0.0,1.951395044303235,R10REST_ASIA
REMIND-MAgPIE 3.2.0-4.8.0,RESCUE-Peak-Budget-1150-with-OAE,0.9787691256635754,0.9737044231981498,0.0,1.9524735488617253,R10REST_ASIA
REMIND-MAgPIE 3.3-4.8,NGFS Phase 5-Below 2°C,0.7018986055545055,0.7608283835779132,0.0,1.4627269891324186,R10REST_ASIA
REMIND-MAgPIE 3.3-4.8,NGFS Phase 5-Delayed Transition,0.7183492868253707,0.7891405123770497,0.0,1.5074897992024203,R10REST_ASIA
REMIND-MAgPIE 3.3-4.8,NGFS Phase 5-Low Demand,0.35464340460846877,0.9383203963982556,0.0,1.2929638010067244,R10REST_ASIA
REMIND-MAgPIE 3.3-4.8,NGFS Phase 5-Net-Zero 2050,0.623543769819301,1.0,0.0,1.623543769819301,R10REST_ASIA
WITCH 5.0,ENGAGE-INDCi2030-1000,0.23626544809890834,0.4114365571156129,0.0,0.6477020052145213,R10REST_ASIA
WITCH 5.0,ENGAGE-INDCi2030-1000-NDCp,0.23792243423654924,0.40987929414389707,0.0,0.6478017283804463,R10REST_ASIA
WITCH 5.0,ENGAGE-INDCi2030-1000f,0.2424775455899834,0.40149537345632086,0.0,0.6439729190463043,R10REST_ASIA
WITCH 5.0,ENGAGE-INDCi2030-1000f-NDCp,0.2443097005995553,0.3989322178154042,0.0,0.6432419184149596,R10REST_ASIA
WITCH 5.0,ENGAGE-INDCi2030-1200,0.24848419533387675,0.39188597067124775,0.0,0.6403701660051245,R10REST_ASIA
WITCH 5.0,ENGAGE-INDCi2030-1200-NDCp,0.2510708521249569,0.3901386446093539,0.0,0.6412094967343107,R10REST_ASIA
WITCH 5.0,ENGAGE-INDCi2030-1200f,0.25361601016790336,0.38548966228598486,0.0,0.6391056724538882,R10REST_ASIA
WITCH 5.0,ENGAGE-INDCi2030-1200f-NDCp,0.25818255254074124,0.3838506441710172,0.0,0.6420331967117585,R10REST_ASIA
WITCH 5.0,ENGAGE-INDCi2030-1400,0.2681629491830411,0.3796210938438055,0.0,0.6477840430268467,R10REST_ASIA
WITCH 5.0,ENGAGE-INDCi2030-1400-NDCp,0.27060070354999977,0.38040875463664064,0.0,0.6510094581866404,R10REST_ASIA
WITCH 5.0,ENGAGE-INDCi2030-1400f,0.26836456495485844,0.3807755974523457,0.0,0.6491401624072042,R10REST_ASIA
WITCH 5.0,ENGAGE-INDCi2030-1400f-NDCp,0.27091120584186545,0.38231973874569186,0.0,0.6532309445875573,R10REST_ASIA
WITCH 5.0,ENGAGE-INDCi2030-1600-NDCp,0.28776541134073924,0.39292346324307265,0.0,0.6806888745838119,R10REST_ASIA
WITCH 5.0,ENGAGE-INDCi2030-500f,0.22562648323644452,0.5042009076274323,0.0,0.7298273908638768,R10REST_ASIA
WITCH 5.0,ENGAGE-INDCi2030-600f,0.22457828900315158,0.47260973830918285,0.0,0.6971880273123344,R10REST_ASIA
WITCH 5.0,ENGAGE-INDCi2030-600f-NDCp,0.22472013199968105,0.46243065057686994,0.0,0.687150782576551,R10REST_ASIA
WITCH 5.0,ENGAGE-INDCi2030-700f,0.225381843229509,0.4443092871746656,0.0,0.6696911304041746,R10REST_ASIA
WITCH 5.0,ENGAGE-INDCi2030-700f-NDCp,0.22847824852749635,0.4334189373741474,0.0,0.6618971859016437,R10REST_ASIA
WITCH 5.0,ENGAGE-INDCi2030-800,0.22301007010488821,0.4620510672952706,0.0,0.6850611374001588,R10REST_ASIA
WITCH 5.0,ENGAGE-INDCi2030-800-NDCp,0.22311335454602152,0.4558867759184916,0.0,0.6790001304645131,R10REST_ASIA
WITCH 5.0,ENGAGE-INDCi2030-800f,0.23257131669849795,0.42330184100048673,0.0,0.6558731576989847,R10REST_ASIA
WITCH 5.0,ENGAGE-INDCi2030-800f-NDCp,0.23451823843607927,0.41873928112696274,0.0,0.653257519563042,R10REST_ASIA
WITCH 5.0,ENGAGE-INDCi2030-900,0.22593344276095909,0.4304635531757082,0.0,0.6563969959366673,R10REST_ASIA
WITCH 5.0,ENGAGE-INDCi2030-900-NDCp,0.22924566360259768,0.42386267162914937,0.0,0.653108335231747,R10REST_ASIA
WITCH 5.0,ENGAGE-INDCi2030-900f,0.23628203296771244,0.41098431848922073,0.0,0.6472663514569332,R10REST_ASIA
WITCH 5.0,ENGAGE-INDCi2030-900f-NDCp,0.23939688247980928,0.40755568310850193,0.0,0.6469525655883113,R10REST_ASIA
IMAGE 3.0,ENGAGE-INDCi2030-1000,0.3379292683516336,0.4665661330087006,0.0,0.8044954013603343,R10PAC_OECD
IMAGE 3.0,ENGAGE-INDCi2030-1000f,0.3440829234792461,0.4329079662107103,0.0,0.7769908896899564,R10PAC_OECD
IMAGE 3.0,ENGAGE-INDCi2030-1200,0.3647503728721273,0.5574234073311093,0.0,0.9221737802032366,R10PAC_OECD
IMAGE 3.0,ENGAGE-INDCi2030-1200f,0.3748720505777373,0.6409444673889961,0.0,1.0158165179667336,R10PAC_OECD
IMAGE 3.0,ENGAGE-INDCi2030-1400f,0.40621571573898024,0.6987338608833438,0.0,1.104949576622324,R10PAC_OECD
IMAGE 3.0,ENGAGE-INDCi2030-800f,0.31671307267354304,0.40492069930787056,0.0,0.7216337719814137,R10PAC_OECD
IMAGE 3.0,ENGAGE-NPi2020-1000,0.3734904078694624,0.49139399442764664,0.0,0.8648844022971091,R10PAC_OECD
IMAGE 3.0,ENGAGE-NPi2020-1200,0.40314028901168714,0.66561733072326,0.0,1.068757619734947,R10PAC_OECD
IMAGE 3.0,ENGAGE-NPi2020-1400,0.4306579225194535,0.703328982307852,0.0,1.1339869048273055,R10PAC_OECD
IMAGE 3.0,ENGAGE-NPi2020-1400f,0.43330549215828656,0.658044888521829,0.0,1.0913503806801155,R10PAC_OECD
IMAGE 3.2,SSP2021-SSP1-SPA1-19-Default,0.1252040792020589,0.3714377492081847,0.0,0.49664182841024357,R10PAC_OECD
IMAGE 3.2,SSP2021-SSP1-SPA1-19-Lifestyle-Renewables,0.18776135587040396,0.2430581276247812,0.0,0.4308194834951852,R10PAC_OECD
IMAGE 3.2,SSP2021-SSP1-SPA1-19-Renewables,0.12143286389248403,0.32397098211466846,0.0,0.4454038460071525,R10PAC_OECD
IMAGE 3.2,SSP2021-SSP1-SPA1-26-Default,0.16541636909403953,0.22904108162952846,0.0,0.39445745072356797,R10PAC_OECD
IMAGE 3.2,SSP2021-SSP1-SPA1-26-Lifestyle,0.0932901929842854,0.19036797887048218,0.0,0.2836581718547676,R10PAC_OECD
IMAGE 3.2,SSP2021-SSP1-SPA1-26-Lifestyle-Renewables,0.2249849848723907,0.0,0.0,0.2249849848723907,R10PAC_OECD
IMAGE 3.2,SSP2021-SSP1-SPA1-26-Renewables,0.14971785695661674,0.3006994457879322,0.0,0.45041730274454894,R10PAC_OECD
IMAGE 3.2,SSP2021-SSP2-SPA0-26-Default,0.26383914521382673,0.16919864277386956,0.0,0.4330377879876963,R10PAC_OECD
IMAGE 3.2,SSP2021-SSP2-SPA2-19-Renewables,0.2843479093862767,0.05792539394147731,0.0,0.342273303327754,R10PAC_OECD
IMAGE 3.2,SSP2021-SSP2-SPA2-26-Default,0.31899660890212295,0.13386922145064273,0.0,0.4528658303527657,R10PAC_OECD
IMAGE 3.2,SSP2021-SSP2-SPA2-26-Lifestyle,0.21651046944429794,0.05494488211938975,0.0,0.2714553515636877,R10PAC_OECD
IMAGE 3.2,SSP2021-SSP2-SPA2-26-Lifestyle-Renewables,0.20590128834312374,0.05004593276637817,0.0,0.2559472211095019,R10PAC_OECD
IMAGE 3.2,SSP2021-SSP2-SPA2-26-Renewables,0.3043033883298178,0.03828977032009427,0.0,0.3425931586499121,R10PAC_OECD
IMAGE 3.3,NAVIGATE Demand-1.5°C-ele_u,0.2671941921002006,0.21772348352127235,0.0,0.484917675621473,R10PAC_OECD
IMAGE 3.3,NAVIGATE Demand-1.5°C-tec_u,0.1985665287470097,0.23557625355742476,0.0,0.4341427823044345,R10PAC_OECD
IMAGE 3.3,NAVIGATE Demand-2.0°C-ele_u,0.29921410403158993,0.19677945157327498,0.0,0.4959935556048649,R10PAC_OECD
IMAGE 3.3,NAVIGATE Demand-2.0°C-ref,0.30600635251536595,0.14968695007595098,0.0,0.4556933025913169,R10PAC_OECD
IMAGE 3.3,NAVIGATE Demand-2.0°C-tec_u,0.24714236571272097,0.1365683074944855,0.0,0.3837106732072065,R10PAC_OECD
MESSAGEix-GLOBIOM 2.0-M-R12-NGFS,NGFS Phase 5-Below 2°C,0.2252044956544551,0.7278664986985052,0.0,0.9530709943529603,R10PAC_OECD
MESSAGEix-GLOBIOM 2.0-M-R12-NGFS,NGFS Phase 5-Delayed Transition,0.2392581969273699,0.7072665628799916,0.0,0.9465247598073615,R10PAC_OECD
MESSAGEix-GLOBIOM 2.0-M-R12-NGFS,NGFS Phase 5-Low Demand,0.0,0.511956699271747,0.0,0.511956699271747,R10PAC_OECD
MESSAGEix-GLOBIOM 2.0-M-R12-NGFS,NGFS Phase 5-Nationally Determined Contributions (NDCs),0.3288403519399749,0.9364190489523208,0.0,1.2652594008922957,R10PAC_OECD
MESSAGEix-GLOBIOM 2.0-M-R12-NGFS,NGFS Phase 5-Net-Zero 2050,0.19260816020880336,1.0,0.0,1.1926081602088034,R10PAC_OECD
POLES-JRC ENGAGE,ENGAGE-INDCi2030-1000,0.4459315158525343,0.18480582167296183,0.0,0.6307373375254961,R10PAC_OECD
POLES-JRC ENGAGE,ENGAGE-INDCi2030-1000-COV,0.4922095023172475,0.11089872794267379,0.0,0.6031082302599213,R10PAC_OECD
POLES-JRC ENGAGE,ENGAGE-INDCi2030-1000-COV-NDCp,0.48808897654039024,0.12250567482293023,0.0,0.6105946513633205,R10PAC_OECD
POLES-JRC ENGAGE,ENGAGE-INDCi2030-1000-NDCp,0.4819141400408038,0.11998300612492636,0.0,0.6018971461657302,R10PAC_OECD
POLES-JRC ENGAGE,ENGAGE-INDCi2030-1000f,0.4771870162939316,0.21666986649065376,0.0,0.6938568827845853,R10PAC_OECD
POLES-JRC ENGAGE,ENGAGE-INDCi2030-1000f-COV,0.509561300919493,0.11279793043438362,0.0,0.6223592313538766,R10PAC_OECD
POLES-JRC ENGAGE,ENGAGE-INDCi2030-1000f-COV-NDCp,0.5091209314895212,0.11017092697070203,0.0,0.6192918584602233,R10PAC_OECD
POLES-JRC ENGAGE,ENGAGE-INDCi2030-1000f-NDCp,0.5041445713737698,0.1516135815697637,0.0,0.6557581529435335,R10PAC_OECD
POLES-JRC ENGAGE,ENGAGE-INDCi2030-1200,0.5001493162377383,0.10335128512568671,0.0,0.603500601363425,R10PAC_OECD
POLES-JRC ENGAGE,ENGAGE-INDCi2030-1200f,0.5096728742170066,0.10805010337334568,0.0,0.6177229775903522,R10PAC_OECD
POLES-JRC ENGAGE,ENGAGE-INDCi2030-300f,0.371891287292259,0.4233864352153491,0.0,0.7952777225076081,R10PAC_OECD
POLES-JRC ENGAGE,ENGAGE-INDCi2030-400f,0.38247790216508465,0.42911885569390956,0.0,0.8115967578589942,R10PAC_OECD
POLES-JRC ENGAGE,ENGAGE-INDCi2030-500f,0.4126744549462402,0.4247958030886837,0.0,0.8374702580349239,R10PAC_OECD
POLES-JRC ENGAGE,ENGAGE-INDCi2030-600f,0.4216779105033027,0.40137774494007,0.0,0.8230556554433728,R10PAC_OECD
POLES-JRC ENGAGE,ENGAGE-INDCi2030-600f-COV,0.4462694584299353,0.361127663768057,0.0,0.8073971221979923,R10PAC_OECD
POLES-JRC ENGAGE,ENGAGE-INDCi2030-600f-COV-NDCp,0.44189238373572953,0.3834356844825432,0.0,0.8253280682182728,R10PAC_OECD
POLES-JRC ENGAGE,ENGAGE-INDCi2030-600f-NDCp,0.44344635262605764,0.37847993730931334,0.0,0.821926289935371,R10PAC_OECD
POLES-JRC ENGAGE,ENGAGE-INDCi2030-700f,0.43481134439375524,0.3998184327724751,0.0,0.8346297771662303,R10PAC_OECD
POLES-JRC ENGAGE,ENGAGE-INDCi2030-800f,0.44658830765036084,0.39068429434207075,0.0,0.8372726019924316,R10PAC_OECD
POLES-JRC ENGAGE,ENGAGE-INDCi2030-900,0.43130242946683256,0.082063232119883,0.0,0.5133656615867156,R10PAC_OECD
POLES-JRC ENGAGE,ENGAGE-INDCi2030-900f,0.463739552970704,0.2773055381850871,0.0,0.7410450911557911,R10PAC_OECD
POLES-JRC ENGAGE,ENGAGE-NPi2020-1000f,0.5068839944473277,0.1093163256548667,0.0,0.6162003201021944,R10PAC_OECD
POLES-JRC ENGAGE,ENGAGE-NPi2020-1000f-COV,0.5377761837150236,0.0830070982567374,0.0,0.6207832819717609,R10PAC_OECD
POLES-JRC ENGAGE,ENGAGE-NPi2020-1200f,0.5333209683488386,0.1060771629219262,0.0,0.6393981312707648,R10PAC_OECD
POLES-JRC ENGAGE,ENGAGE-NPi2020-900f,0.4910061254939145,0.15913513088460343,0.0,0.6501412563785179,R10PAC_OECD
REMIND-MAgPIE 2.1-4.2,NGFS Phase 2-Delayed Transition,0.08340938284440959,0.509097658837701,0.0,0.5925070416821105,R10PAC_OECD
REMIND-MAgPIE 3.2.0-4.8.0,RESCUE-End-of-Century-Budget-1150,0.242640888414927,0.33290749535829445,0.0,0.5755483837732215,R10PAC_OECD
REMIND-MAgPIE 3.2.0-4.8.0,RESCUE-End-of-Century-Budget-1150-with-OAE,0.2514405424972334,0.347932580958171,0.0,0.5993731234554044,R10PAC_OECD
REMIND-MAgPIE 3.2.0-4.8.0,RESCUE-End-of-Century-Budget-500,0.2128203351658111,0.4133930337741634,0.0,0.6262133689399745,R10PAC_OECD
REMIND-MAgPIE 3.2.0-4.8.0,RESCUE-End-of-Century-Budget-500-with-OAE,0.229498008058284,0.43989355914451655,0.0,0.6693915672028006,R10PAC_OECD
REMIND-MAgPIE 3.2.0-4.8.0,RESCUE-Peak-Budget-1150,0.21350252449540694,0.4267387643115825,0.0,0.6402412888069894,R10PAC_OECD
REMIND-MAgPIE 3.2.0-4.8.0,RESCUE-Peak-Budget-1150-with-OAE,0.21306403341906258,0.425287755436395,0.0,0.6383517888554576,R10PAC_OECD
REMIND-MAgPIE 3.3-4.8,NGFS Phase 5-Below 2°C,0.4608102522630496,0.2884111776323601,0.0,0.7492214298954097,R10PAC_OECD
REMIND-MAgPIE 3.3-4.8,NGFS Phase 5-Delayed Transition,0.4281567738975392,0.38120710507675565,0.0,0.8093638789742948,R10PAC_OECD
REMIND-MAgPIE 3.3-4.8,NGFS Phase 5-Low Demand,0.14394153837229964,0.4764593625564454,0.0,0.620400900928745,R10PAC_OECD
REMIND-MAgPIE 3.3-4.8,NGFS Phase 5-Net-Zero 2050,0.36983536508322357,0.7633924525748388,0.0,1.1332278176580624,R10PAC_OECD
WITCH 5.0,ENGAGE-INDCi2030-1000,0.6672129855817288,0.16697292168457054,0.0,0.8341859072662994,R10PAC_OECD
WITCH 5.0,ENGAGE-INDCi2030-1000-NDCp,0.8812380512641834,0.3491189180129993,0.0,1.2303569692771827,R10PAC_OECD
WITCH 5.0,ENGAGE-INDCi2030-1000f,0.7038369251706481,0.16408232106997755,0.0,0.8679192462406257,R10PAC_OECD
WITCH 5.0,ENGAGE-INDCi2030-1000f-NDCp,0.7076989569187156,0.17019459543009652,0.0,0.8778935523488122,R10PAC_OECD
WITCH 5.0,ENGAGE-INDCi2030-1200,0.9129096184689637,0.3623212003835777,0.0,1.2752308188525414,R10PAC_OECD
WITCH 5.0,ENGAGE-INDCi2030-1200-NDCp,0.9139269219688639,0.3896202351383811,0.0,1.303547157107245,R10PAC_OECD
WITCH 5.0,ENGAGE-INDCi2030-1200f,0.7338609461985388,0.17691708976413162,0.0,0.9107780359626705,R10PAC_OECD
WITCH 5.0,ENGAGE-INDCi2030-1200f-NDCp,0.7360252220026126,0.18278521541817067,0.0,0.9188104374207833,R10PAC_OECD
WITCH 5.0,ENGAGE-INDCi2030-1400,0.9530617492108152,0.45659896981224973,0.0,1.409660719023065,R10PAC_OECD
WITCH 5.0,ENGAGE-INDCi2030-1400-NDCp,0.9583886909246668,0.4993625474696298,0.0,1.4577512383942968,R10PAC_OECD
WITCH 5.0,ENGAGE-INDCi2030-1400f,0.7639762561848729,0.19665055548578123,0.0,0.9606268116706541,R10PAC_OECD
WITCH 5.0,ENGAGE-INDCi2030-1400f-NDCp,0.7689771799417935,0.20655674896902124,0.0,0.9755339289108147,R10PAC_OECD
WITCH 5.0,ENGAGE-INDCi2030-1600-NDCp,1.0,0.5629725836933297,0.0,1.5629725836933297,R10PAC_OECD
WITCH 5.0,ENGAGE-INDCi2030-500f,0.5648169622377728,0.29864297237790016,0.0,0.8634599346156729,R10PAC_OECD
WITCH 5.0,ENGAGE-INDCi2030-600f,0.5961726179114939,0.2421195161799137,0.0,0.8382921340914076,R10PAC_OECD
WITCH 5.0,ENGAGE-INDCi2030-600f-NDCp,0.6128969261588209,0.2272305247063,0.0,0.8401274508651209,R10PAC_OECD
WITCH 5.0,ENGAGE-INDCi2030-700f,0.6195433898382621,0.2079915047380783,0.0,0.8275348945763403,R10PAC_OECD
WITCH 5.0,ENGAGE-INDCi2030-700f-NDCp,0.6305843399864637,0.1997725332792007,0.0,0.8303568732656643,R10PAC_OECD
WITCH 5.0,ENGAGE-INDCi2030-800,0.8153373337127424,0.2944305868331266,0.0,1.109767920545869,R10PAC_OECD
WITCH 5.0,ENGAGE-INDCi2030-800-NDCp,0.8190248629084688,0.3136439811289412,0.0,1.13266884403741,R10PAC_OECD
WITCH 5.0,ENGAGE-INDCi2030-800f,0.640659083068698,0.18332313823134336,0.0,0.8239822213000414,R10PAC_OECD
WITCH 5.0,ENGAGE-INDCi2030-800f-NDCp,0.656345344350795,0.18121681546454263,0.0,0.8375621598153375,R10PAC_OECD
WITCH 5.0,ENGAGE-INDCi2030-900,0.8517555880557878,0.31519027373732056,0.0,1.1669458617931083,R10PAC_OECD
WITCH 5.0,ENGAGE-INDCi2030-900-NDCp,0.6127079698577662,0.17906120114777596,0.0,0.7917691710055421,R10PAC_OECD
WITCH 5.0,ENGAGE-INDCi2030-900f,0.6892718654467556,0.16985258895244207,0.0,0.8591244543991976,R10PAC_OECD
WITCH 5.0,ENGAGE-INDCi2030-900f-NDCp,0.6929274294714349,0.17151910961418584,0.0,0.8644465390856207,R10PAC_OECD
IMAGE 3.0,ENGAGE-INDCi2030-1000,0.3529326399459315,0.19689923681880833,0.0,0.5498318767647399,R10REF_ECON
IMAGE 3.0,ENGAGE-INDCi2030-1000f,0.36259928319683166,0.1400507200745767,0.0,0.5026500032714083,R10REF_ECON
IMAGE 3.0,ENGAGE-INDCi2030-1200,0.3651230390534064,0.22209195056717504,0.0,0.5872149896205814,R10REF_ECON
IMAGE 3.0,ENGAGE-INDCi2030-1200f,0.3791179260530241,0.20622716370246372,0.0,0.5853450897554878,R10REF_ECON
IMAGE 3.0,ENGAGE-INDCi2030-1400f,0.4038773994019831,0.2370890834890823,0.0,0.6409664828910654,R10REF_ECON
IMAGE 3.0,ENGAGE-INDCi2030-800f,0.3481280024484921,0.16525244063097308,0.0,0.5133804430794652,R10REF_ECON
IMAGE 3.0,ENGAGE-NPi2020-1000,0.35557412634042407,0.37238717249061054,0.0,0.7279612988310347,R10REF_ECON
IMAGE 3.0,ENGAGE-NPi2020-1200,0.37124730180287596,0.3501341647481414,0.0,0.7213814665510174,R10REF_ECON
IMAGE 3.0,ENGAGE-NPi2020-1400,0.3901089814094707,0.2849616197110255,0.0,0.6750706011204962,R10REF_ECON
IMAGE 3.0,ENGAGE-NPi2020-1400f,0.3971128436185085,0.25854694643039766,0.0,0.6556597900489062,R10REF_ECON
IMAGE 3.2,SSP2021-SSP1-SPA1-19-Default,0.4852489709367254,0.39237884901209746,0.0,0.8776278199488229,R10REF_ECON
IMAGE 3.2,SSP2021-SSP1-SPA1-19-Lifestyle-Renewables,0.5319033393621592,0.45581731294589795,0.0,0.9877206523080571,R10REF_ECON
IMAGE 3.2,SSP2021-SSP1-SPA1-19-Renewables,0.4819023873984946,0.3354590148213332,0.0,0.8173614022198279,R10REF_ECON
IMAGE 3.2,SSP2021-SSP1-SPA1-26-Default,0.5325179895299356,0.3855698693880449,0.0,0.9180878589179804,R10REF_ECON
IMAGE 3.2,SSP2021-SSP1-SPA1-26-Lifestyle,0.518421965779606,0.5248519826852365,0.0,1.0432739484648423,R10REF_ECON
IMAGE 3.2,SSP2021-SSP1-SPA1-26-Lifestyle-Renewables,0.5814105287506519,0.49342004496252856,0.0,1.0748305737131805,R10REF_ECON
IMAGE 3.2,SSP2021-SSP1-SPA1-26-Renewables,0.5178450604235991,0.37525506654868773,0.0,0.8931001269722869,R10REF_ECON
IMAGE 3.2,SSP2021-SSP2-SPA0-26-Default,0.5573360273888179,0.4205925319415512,0.0,0.9779285593303692,R10REF_ECON
IMAGE 3.2,SSP2021-SSP2-SPA2-19-Renewables,0.5417400226511974,0.5148416644083987,0.0,1.056581687059596,R10REF_ECON
IMAGE 3.2,SSP2021-SSP2-SPA2-26-Default,0.6254971140487823,0.533459094726571,0.0,1.1589562087753533,R10REF_ECON
IMAGE 3.2,SSP2021-SSP2-SPA2-26-Lifestyle,0.5999602160986779,0.5745426399612142,0.0,1.1745028560598922,R10REF_ECON
IMAGE 3.2,SSP2021-SSP2-SPA2-26-Lifestyle-Renewables,0.5832633122119621,0.4668923460437899,0.0,1.050155658255752,R10REF_ECON
IMAGE 3.2,SSP2021-SSP2-SPA2-26-Renewables,0.615881055332318,0.3722322011336834,0.0,0.9881132564660013,R10REF_ECON
IMAGE 3.3,NAVIGATE Demand-1.5°C-ele_u,0.49669979929176467,0.10691375737317281,0.0,0.6036135566649374,R10REF_ECON
IMAGE 3.3,NAVIGATE Demand-1.5°C-tec_u,0.4205642136058606,0.10475158071824765,0.0,0.5253157943241082,R10REF_ECON
IMAGE 3.3,NAVIGATE Demand-2.0°C-ele_u,0.5371057323754985,0.11240468612366383,0.0,0.6495104184991624,R10REF_ECON
IMAGE 3.3,NAVIGATE Demand-2.0°C-ref,0.5594568889756327,0.09552389744007588,0.0,0.6549807864157086,R10REF_ECON
IMAGE 3.3,NAVIGATE Demand-2.0°C-tec_u,0.48127139666566965,0.11285501025356319,0.0,0.5941264069192328,R10REF_ECON
MESSAGEix-GLOBIOM 2.0-M-R12-NGFS,NGFS Phase 5-Below 2°C,0.1321961276596799,0.5330794438640976,0.0,0.6652755715237775,R10REF_ECON
MESSAGEix-GLOBIOM 2.0-M-R12-NGFS,NGFS Phase 5-Delayed Transition,0.13520807070422344,0.49336320761983005,0.0,0.6285712783240535,R10REF_ECON
MESSAGEix-GLOBIOM 2.0-M-R12-NGFS,NGFS Phase 5-Low Demand,0.0,0.2918953725735107,0.0,0.2918953725735107,R10REF_ECON
MESSAGEix-GLOBIOM 2.0-M-R12-NGFS,NGFS Phase 5-Nationally Determined Contributions (NDCs),0.2580038030874337,1.0,0.0,1.2580038030874336,R10REF_ECON
MESSAGEix-GLOBIOM 2.0-M-R12-NGFS,NGFS Phase 5-Net-Zero 2050,0.11031549569634828,0.6393054429181675,0.0,0.7496209386145157,R10REF_ECON
POLES-JRC ENGAGE,ENGAGE-INDCi2030-1000,0.5350509563244304,0.2955452144885494,0.0,0.8305961708129799,R10REF_ECON
POLES-JRC ENGAGE,ENGAGE-INDCi2030-1000-COV,0.5936837229044267,0.21330201668030124,0.0,0.806985739584728,R10REF_ECON
POLES-JRC ENGAGE,ENGAGE-INDCi2030-1000-COV-NDCp,0.5924374294666652,0.13128237513952584,0.0,0.723719804606191,R10REF_ECON
POLES-JRC ENGAGE,ENGAGE-INDCi2030-1000-NDCp,0.579016134538397,0.37389440649278827,0.0,0.9529105410311852,R10REF_ECON
POLES-JRC ENGAGE,ENGAGE-INDCi2030-1000f,0.5395183077661484,0.24362604799188162,0.0,0.78314435575803,R10REF_ECON
POLES-JRC ENGAGE,ENGAGE-INDCi2030-1000f-COV,0.595750291420809,0.14212607132047977,0.0,0.7378763627412888,R10REF_ECON
POLES-JRC ENGAGE,ENGAGE-INDCi2030-1000f-COV-NDCp,0.5987467668170682,0.11159433929897346,0.0,0.7103411061160416,R10REF_ECON
POLES-JRC ENGAGE,ENGAGE-INDCi2030-1000f-NDCp,0.5792750628176372,0.2791453954483917,0.0,0.8584204582660289,R10REF_ECON
POLES-JRC ENGAGE,ENGAGE-INDCi2030-1200,0.5556934939928397,0.35388589255877584,0.0,0.9095793865516155,R10REF_ECON
POLES-JRC ENGAGE,ENGAGE-INDCi2030-1200f,0.5607908784647125,0.37222857263143255,0.0,0.9330194510961451,R10REF_ECON
POLES-JRC ENGAGE,ENGAGE-INDCi2030-300f,0.48649828413879315,0.0,0.0,0.48649828413879315,R10REF_ECON
POLES-JRC ENGAGE,ENGAGE-INDCi2030-400f,0.4905689762597512,0.008256470060634583,0.0,0.4988254463203858,R10REF_ECON
POLES-JRC ENGAGE,ENGAGE-INDCi2030-500f,0.5028178402018658,0.007883894667623756,0.0,0.5107017348694896,R10REF_ECON
POLES-JRC ENGAGE,ENGAGE-INDCi2030-600f,0.506465011816957,0.03357091417531434,0.0,0.5400359259922713,R10REF_ECON
POLES-JRC ENGAGE,ENGAGE-INDCi2030-600f-COV,0.560738931570888,0.0198947585588901,0.0,0.5806336901297782,R10REF_ECON
POLES-JRC ENGAGE,ENGAGE-INDCi2030-600f-COV-NDCp,0.5604106114516486,0.010615890925604714,0.0,0.5710265023772533,R10REF_ECON
POLES-JRC ENGAGE,ENGAGE-INDCi2030-600f-NDCp,0.5412803676461836,0.02753432883347071,0.0,0.5688146964796543,R10REF_ECON
POLES-JRC ENGAGE,ENGAGE-INDCi2030-700f,0.5170534890471209,0.039863327126191006,0.0,0.5569168161733119,R10REF_ECON
POLES-JRC ENGAGE,ENGAGE-INDCi2030-800f,0.5236542582661715,0.05696665161153755,0.0,0.5806209098777091,R10REF_ECON
POLES-JRC ENGAGE,ENGAGE-INDCi2030-900,0.5475957128732342,0.2816069315806016,0.0,0.8292026444538358,R10REF_ECON
POLES-JRC ENGAGE,ENGAGE-INDCi2030-900f,0.5327597705357667,0.1932487774638828,0.0,0.7260085479996495,R10REF_ECON
POLES-JRC ENGAGE,ENGAGE-NPi2020-1000f,0.5508052612924531,0.32035842327664965,0.0,0.8711636845691028,R10REF_ECON
POLES-JRC ENGAGE,ENGAGE-NPi2020-1000f-COV,0.6062892397679375,0.2744522119671698,0.0,0.8807414517351073,R10REF_ECON
POLES-JRC ENGAGE,ENGAGE-NPi2020-1200f,0.5675991467769068,0.3617683111657213,0.0,0.9293674579426281,R10REF_ECON
POLES-JRC ENGAGE,ENGAGE-NPi2020-900f,0.5390807840943843,0.2283690452362389,0.0,0.7674498293306232,R10REF_ECON
REMIND-MAgPIE 2.1-4.2,NGFS Phase 2-Delayed Transition,0.5519900903099043,0.21976288695998625,0.0,0.7717529772698906,R10REF_ECON
REMIND-MAgPIE 3.2.0-4.8.0,RESCUE-End-of-Century-Budget-1150,0.8603993800985965,0.2066035078402372,0.0,1.0670028879388338,R10REF_ECON
REMIND-MAgPIE 3.2.0-4.8.0,RESCUE-End-of-Century-Budget-1150-with-OAE,0.851060385733069,0.19995378483111412,0.0,1.0510141705641831,R10REF_ECON
REMIND-MAgPIE 3.2.0-4.8.0,RESCUE-End-of-Century-Budget-500,1.0,0.41085521270609565,0.0,1.4108552127060956,R10REF_ECON
REMIND-MAgPIE 3.2.0-4.8.0,RESCUE-End-of-Century-Budget-500-with-OAE,0.9955617642588244,0.38201040313541146,0.0,1.3775721673942358,R10REF_ECON
REMIND-MAgPIE 3.2.0-4.8.0,RESCUE-Peak-Budget-1150,0.7439378459434952,0.31929650878523624,0.0,1.0632343547287315,R10REF_ECON
REMIND-MAgPIE 3.2.0-4.8.0,RESCUE-Peak-Budget-1150-with-OAE,0.7440323930219352,0.3191884546066229,0.0,1.063220847628558,R10REF_ECON
REMIND-MAgPIE 3.3-4.8,NGFS Phase 5-Below 2°C,0.6953614038693692,0.39778671871900306,0.0,1.0931481225883721,R10REF_ECON
REMIND-MAgPIE 3.3-4.8,NGFS Phase 5-Delayed Transition,0.6649954210419695,0.3481684682682497,0.0,1.0131638893102193,R10REF_ECON
REMIND-MAgPIE 3.3-4.8,NGFS Phase 5-Low Demand,0.29961569520944253,0.18881371121107915,0.0,0.4884294064205217,R10REF_ECON
REMIND-MAgPIE 3.3-4.8,NGFS Phase 5-Net-Zero 2050,0.6065609402776029,0.44886260689537233,0.0,1.0554235471729752,R10REF_ECON
WITCH 5.0,ENGAGE-INDCi2030-1000,0.4060814917960006,0.15058416710175823,0.0,0.5566656588977589,R10REF_ECON
WITCH 5.0,ENGAGE-INDCi2030-1000-NDCp,0.4038814813450194,0.16266316717843532,0.0,0.5665446485234547,R10REF_ECON
WITCH 5.0,ENGAGE-INDCi2030-1000f,0.39997338034415547,0.1574779666874324,0.0,0.5574513470315878,R10REF_ECON
WITCH 5.0,ENGAGE-INDCi2030-1000f-NDCp,0.40152211524273457,0.15456958274061144,0.0,0.556091697983346,R10REF_ECON
WITCH 5.0,ENGAGE-INDCi2030-1200,0.40622910574423604,0.15946214991444194,0.0,0.565691255658678,R10REF_ECON
WITCH 5.0,ENGAGE-INDCi2030-1200-NDCp,0.4083542872949014,0.16084825122940064,0.0,0.569202538524302,R10REF_ECON
WITCH 5.0,ENGAGE-INDCi2030-1200f,0.4072878743263734,0.15758217867706334,0.0,0.5648700530034367,R10REF_ECON
WITCH 5.0,ENGAGE-INDCi2030-1200f-NDCp,0.4085017720763529,0.15819701134173175,0.0,0.5666987834180847,R10REF_ECON
WITCH 5.0,ENGAGE-INDCi2030-1400,0.41540379685116724,0.16371501249937473,0.0,0.5791188093505419,R10REF_ECON
WITCH 5.0,ENGAGE-INDCi2030-1400-NDCp,0.4182279952895288,0.16930164640983175,0.0,0.5875296416993605,R10REF_ECON
WITCH 5.0,ENGAGE-INDCi2030-1400f,0.4169595766260587,0.1668658345337494,0.0,0.5838254111598081,R10REF_ECON
WITCH 5.0,ENGAGE-INDCi2030-1400f-NDCp,0.4182936704060414,0.1695627751268505,0.0,0.5878564455328918,R10REF_ECON
WITCH 5.0,ENGAGE-INDCi2030-1600-NDCp,0.42931837111328314,0.17840722507654197,0.0,0.6077255961898251,R10REF_ECON
WITCH 5.0,ENGAGE-INDCi2030-500f,0.3754481653541322,0.1372960741861549,0.0,0.5127442395402871,R10REF_ECON
WITCH 5.0,ENGAGE-INDCi2030-600f,0.38048432777100355,0.14002807321477,0.0,0.5205124009857736,R10REF_ECON
WITCH 5.0,ENGAGE-INDCi2030-600f-NDCp,0.38260175844664895,0.14351428136690852,0.0,0.5261160398135575,R10REF_ECON
WITCH 5.0,ENGAGE-INDCi2030-700f,0.3857682789117055,0.1467249616996904,0.0,0.5324932406113959,R10REF_ECON
WITCH 5.0,ENGAGE-INDCi2030-700f-NDCp,0.3883917319040265,0.1522979242619901,0.0,0.5406896561660166,R10REF_ECON
WITCH 5.0,ENGAGE-INDCi2030-800,0.39635711902210624,0.1518125135834737,0.0,0.5481696326055799,R10REF_ECON
WITCH 5.0,ENGAGE-INDCi2030-800-NDCp,0.3981812563746862,0.15545876704258893,0.0,0.5536400234172751,R10REF_ECON
WITCH 5.0,ENGAGE-INDCi2030-800f,0.3938309575577292,0.154920027410646,0.0,0.5487509849683752,R10REF_ECON
WITCH 5.0,ENGAGE-INDCi2030-800f-NDCp,0.39532873346974445,0.15443811676076905,0.0,0.5497668502305135,R10REF_ECON
WITCH 5.0,ENGAGE-INDCi2030-900,0.40086994215655686,0.15994374566517286,0.0,0.5608136878217297,R10REF_ECON
WITCH 5.0,ENGAGE-INDCi2030-900-NDCp,0.40781884656490747,0.14717061629910475,0.0,0.5549894628640122,R10REF_ECON
WITCH 5.0,ENGAGE-INDCi2030-900f,0.3986348617667784,0.15714465362214705,0.0,0.5557795153889254,R10REF_ECON
WITCH 5.0,ENGAGE-INDCi2030-900f-NDCp,0.39830564450247913,0.15606063699186246,0.0,0.5543662814943415,R10REF_ECON
IMAGE 3.0,ENGAGE-INDCi2030-1000,0.4087073680943559,0.310799509686934,0.0,0.7195068777812899,R10NORTH_AM
IMAGE 3.0,ENGAGE-INDCi2030-1000f,0.42283928093284184,0.3078010984910039,0.0,0.7306403794238457,R10NORTH_AM
IMAGE 3.0,ENGAGE-INDCi2030-1200,0.44880429642873604,0.36329878901628904,0.0,0.8121030854450251,R10NORTH_AM
IMAGE 3.0,ENGAGE-INDCi2030-1200f,0.4568456383179524,0.3597515316297134,0.0,0.8165971699476657,R10NORTH_AM
IMAGE 3.0,ENGAGE-INDCi2030-1400f,0.4947610638793148,0.41064624515261994,0.0,0.9054073090319348,R10NORTH_AM
IMAGE 3.0,ENGAGE-INDCi2030-800f,0.38805551568557056,0.30243344677917866,0.0,0.6904889624647492,R10NORTH_AM
IMAGE 3.0,ENGAGE-NPi2020-1000,0.45121136523550814,0.24149911173136934,0.0,0.6927104769668775,R10NORTH_AM
IMAGE 3.0,ENGAGE-NPi2020-1200,0.48685648945028825,0.3074222541749492,0.0,0.7942787436252374,R10NORTH_AM
IMAGE 3.0,ENGAGE-NPi2020-1400,0.5179195029696084,0.35139538994269376,0.0,0.8693148929123022,R10NORTH_AM
IMAGE 3.0,ENGAGE-NPi2020-1400f,0.5246053536791984,0.4017342647642583,0.0,0.9263396184434567,R10NORTH_AM
IMAGE 3.2,SSP2021-SSP1-SPA1-19-Default,0.2957141927500509,0.36705448673290575,0.0,0.6627686794829566,R10NORTH_AM
IMAGE 3.2,SSP2021-SSP1-SPA1-19-Lifestyle-Renewables,0.33719976734552426,0.26147247031852366,0.0,0.5986722376640479,R10NORTH_AM
IMAGE 3.2,SSP2021-SSP1-SPA1-19-Renewables,0.30557028156971383,0.4238174149767333,0.0,0.7293876965464472,R10NORTH_AM
IMAGE 3.2,SSP2021-SSP1-SPA1-26-Default,0.33327830699775,0.33378478553379193,0.0,0.667063092531542,R10NORTH_AM
IMAGE 3.2,SSP2021-SSP1-SPA1-26-Lifestyle,0.27360606858485126,0.33928515626403594,0.0,0.6128912248488871,R10NORTH_AM
IMAGE 3.2,SSP2021-SSP1-SPA1-26-Lifestyle-Renewables,0.37592163706908854,0.2386672842723143,0.0,0.6145889213414029,R10NORTH_AM
IMAGE 3.2,SSP2021-SSP1-SPA1-26-Renewables,0.33061932089252005,0.367064611261202,0.0,0.697683932153722,R10NORTH_AM
IMAGE 3.2,SSP2021-SSP2-SPA0-26-Default,0.521172641661449,0.23673097335020643,0.0,0.7579036150116555,R10NORTH_AM
IMAGE 3.2,SSP2021-SSP2-SPA2-19-Renewables,0.4064156909626146,0.4955305599703458,0.0,0.9019462509329603,R10NORTH_AM
IMAGE 3.2,SSP2021-SSP2-SPA2-26-Default,0.4877811033709269,0.210817483066381,0.0,0.6985985864373079,R10NORTH_AM
IMAGE 3.2,SSP2021-SSP2-SPA2-26-Lifestyle,0.3828557546956373,0.21945774201874138,0.0,0.6023134967143787,R10NORTH_AM
IMAGE 3.2,SSP2021-SSP2-SPA2-26-Lifestyle-Renewables,0.3504197537897503,0.213172065890772,0.0,0.5635918196805223,R10NORTH_AM
IMAGE 3.2,SSP2021-SSP2-SPA2-26-Renewables,0.4527200453005997,0.25539929441886516,0.0,0.708119339719465,R10NORTH_AM
IMAGE 3.3,NAVIGATE Demand-1.5°C-ele_u,0.42685423966741964,0.9426247930683818,0.0,1.3694790327358013,R10NORTH_AM
IMAGE 3.3,NAVIGATE Demand-1.5°C-tec_u,0.36034845838288454,0.7239423817199098,0.0,1.0842908401027942,R10NORTH_AM
IMAGE 3.3,NAVIGATE Demand-2.0°C-ele_u,0.44965078195720964,0.566906535509856,0.0,1.0165573174670657,R10NORTH_AM
IMAGE 3.3,NAVIGATE Demand-2.0°C-ref,0.4761547863854878,0.5157800794652546,0.0,0.9919348658507424,R10NORTH_AM
IMAGE 3.3,NAVIGATE Demand-2.0°C-tec_u,0.41345219867250005,0.3944813113127606,0.0,0.8079335099852607,R10NORTH_AM
MESSAGEix-GLOBIOM 2.0-M-R12-NGFS,NGFS Phase 5-Below 2°C,0.34669925103468513,0.7412090976910709,0.0,1.087908348725756,R10NORTH_AM
MESSAGEix-GLOBIOM 2.0-M-R12-NGFS,NGFS Phase 5-Delayed Transition,0.3530912886348288,0.6665998569903036,0.0,1.0196911456251323,R10NORTH_AM
MESSAGEix-GLOBIOM 2.0-M-R12-NGFS,NGFS Phase 5-Low Demand,0.11463558827060036,0.49643319020205684,0.0,0.6110687784726572,R10NORTH_AM
MESSAGEix-GLOBIOM 2.0-M-R12-NGFS,NGFS Phase 5-Nationally Determined Contributions (NDCs),0.40084114760591927,0.6921909081844968,0.0,1.093032055790416,R10NORTH_AM
MESSAGEix-GLOBIOM 2.0-M-R12-NGFS,NGFS Phase 5-Net-Zero 2050,0.27981400967634823,0.9108051553167454,0.0,1.1906191649930937,R10NORTH_AM
POLES-JRC ENGAGE,ENGAGE-INDCi2030-1000,0.06234492672694842,0.04369557798116771,0.0,0.10604050470811613,R10NORTH_AM
POLES-JRC ENGAGE,ENGAGE-INDCi2030-1000-COV,0.11453601571254247,0.031179605898976736,0.0,0.1457156216115192,R10NORTH_AM
POLES-JRC ENGAGE,ENGAGE-INDCi2030-1000-COV-NDCp,0.10779268204973076,0.03365356614511902,0.0,0.14144624819484977,R10NORTH_AM
POLES-JRC ENGAGE,ENGAGE-INDCi2030-1000-NDCp,0.10244226142146552,0.00028107908646735026,0.0,0.10272334050793287,R10NORTH_AM
POLES-JRC ENGAGE,ENGAGE-INDCi2030-1000f,0.10455207382515307,0.052790657756440346,0.0,0.1573427315815934,R10NORTH_AM
POLES-JRC ENGAGE,ENGAGE-INDCi2030-1000f-COV,0.13053443890123054,0.047813690250316225,0.0,0.17834812915154677,R10NORTH_AM
POLES-JRC ENGAGE,ENGAGE-INDCi2030-1000f-COV-NDCp,0.12365624616167037,0.056857775149426026,0.0,0.1805140213110964,R10NORTH_AM
POLES-JRC ENGAGE,ENGAGE-INDCi2030-1000f-NDCp,0.1270844039711177,0.023835665021787352,0.0,0.15092006899290505,R10NORTH_AM
POLES-JRC ENGAGE,ENGAGE-INDCi2030-1200,0.1198535343629157,0.0435857990986989,0.0,0.1634393334616146,R10NORTH_AM
POLES-JRC ENGAGE,ENGAGE-INDCi2030-1200f,0.12867106634308992,0.06292943513636597,0.0,0.1916005014794559,R10NORTH_AM
POLES-JRC ENGAGE,ENGAGE-INDCi2030-300f,0.0,0.1847079492685832,0.0,0.1847079492685832,R10NORTH_AM
POLES-JRC ENGAGE,ENGAGE-INDCi2030-400f,0.004981615014028082,0.17623289677646142,0.0,0.1812145117904895,R10NORTH_AM
POLES-JRC ENGAGE,ENGAGE-INDCi2030-500f,0.020138708565718963,0.16540053337660648,0.0,0.18553924194232546,R10NORTH_AM
POLES-JRC ENGAGE,ENGAGE-INDCi2030-600f,0.03340016647843347,0.14486638423777626,0.0,0.17826655071620973,R10NORTH_AM
POLES-JRC ENGAGE,ENGAGE-INDCi2030-600f-COV,0.06052104972630339,0.13077038359879378,0.0,0.19129143332509718,R10NORTH_AM
POLES-JRC ENGAGE,ENGAGE-INDCi2030-600f-COV-NDCp,0.05896211961694592,0.1581794287500249,0.0,0.2171415483669708,R10NORTH_AM
POLES-JRC ENGAGE,ENGAGE-INDCi2030-600f-NDCp,0.05308141388023676,0.0953603072390949,0.0,0.14844172111933165,R10NORTH_AM
POLES-JRC ENGAGE,ENGAGE-INDCi2030-700f,0.05588081109267453,0.11635401400973504,0.0,0.17223482510240956,R10NORTH_AM
POLES-JRC ENGAGE,ENGAGE-INDCi2030-800f,0.07334598185918245,0.10526406693952335,0.0,0.1786100487987058,R10NORTH_AM
POLES-JRC ENGAGE,ENGAGE-INDCi2030-900,0.03384655329341405,0.0,0.0,0.03384655329341405,R10NORTH_AM
POLES-JRC ENGAGE,ENGAGE-INDCi2030-900f,0.09376377275287015,0.07563385670651683,0.0,0.16939762945938697,R10NORTH_AM
POLES-JRC ENGAGE,ENGAGE-NPi2020-1000f,0.13163516456823682,0.05309107493990939,0.0,0.1847262395081462,R10NORTH_AM
POLES-JRC ENGAGE,ENGAGE-NPi2020-1000f-COV,0.1544187051680495,0.06459164800703547,0.0,0.219010353175085,R10NORTH_AM
POLES-JRC ENGAGE,ENGAGE-NPi2020-1200f,0.14651658157999972,0.07432114845454438,0.0,0.2208377300345441,R10NORTH_AM
POLES-JRC ENGAGE,ENGAGE-NPi2020-900f,0.12103845136637933,0.04932439047337229,0.0,0.17036284183975162,R10NORTH_AM
REMIND-MAgPIE 2.1-4.2,NGFS Phase 2-Delayed Transition,0.3267251701022094,0.8917145902386215,0.0,1.218439760340831,R10NORTH_AM
REMIND-MAgPIE 3.2.0-4.8.0,RESCUE-End-of-Century-Budget-1150,0.3606908941734751,0.7241846558046658,0.0,1.084875549978141,R10NORTH_AM
REMIND-MAgPIE 3.2.0-4.8.0,RESCUE-End-of-Century-Budget-1150-with-OAE,0.37081493699180484,0.7527783895995831,0.0,1.123593326591388,R10NORTH_AM
REMIND-MAgPIE 3.2.0-4.8.0,RESCUE-End-of-Century-Budget-500,0.33598667769820767,0.7259883130725538,0.0,1.0619749907707616,R10NORTH_AM
REMIND-MAgPIE 3.2.0-4.8.0,RESCUE-End-of-Century-Budget-500-with-OAE,0.35113302227602816,0.755624660367747,0.0,1.1067576826437753,R10NORTH_AM
REMIND-MAgPIE 3.2.0-4.8.0,RESCUE-Peak-Budget-1150,0.3308909242536398,1.0,0.0,1.3308909242536398,R10NORTH_AM
REMIND-MAgPIE 3.2.0-4.8.0,RESCUE-Peak-Budget-1150-with-OAE,0.33062620898573636,0.997479737064874,0.0,1.3281059460506104,R10NORTH_AM
REMIND-MAgPIE 3.3-4.8,NGFS Phase 5-Below 2°C,0.32455463091161835,0.6817028712388118,0.0,1.00625750215043,R10NORTH_AM
REMIND-MAgPIE 3.3-4.8,NGFS Phase 5-Delayed Transition,0.2969781170170749,0.67965823526877,0.0,0.9766363522858449,R10NORTH_AM
REMIND-MAgPIE 3.3-4.8,NGFS Phase 5-Low Demand,0.08984662919602017,0.7037261691335576,0.0,0.7935727983295777,R10NORTH_AM
REMIND-MAgPIE 3.3-4.8,NGFS Phase 5-Net-Zero 2050,0.25832083757767765,0.9055524289302725,0.0,1.16387326650795,R10NORTH_AM
WITCH 5.0,ENGAGE-INDCi2030-1000,0.8720181698997449,0.5075764227646324,0.0,1.3795945926643773,R10NORTH_AM
WITCH 5.0,ENGAGE-INDCi2030-1000-NDCp,0.8746425983005132,0.5437550242530783,0.0,1.4183976225535915,R10NORTH_AM
WITCH 5.0,ENGAGE-INDCi2030-1000f,0.9325742574597284,0.5090377128107291,0.0,1.4416119702704575,R10NORTH_AM
WITCH 5.0,ENGAGE-INDCi2030-1000f-NDCp,0.9300231247680008,0.5506371920336095,0.0,1.4806603168016101,R10NORTH_AM
WITCH 5.0,ENGAGE-INDCi2030-1200,0.8425702801392604,0.41248215675030897,0.0,1.2550524368895695,R10NORTH_AM
WITCH 5.0,ENGAGE-INDCi2030-1200-NDCp,0.8047154420500081,0.43767778947107616,0.0,1.2423932315210844,R10NORTH_AM
WITCH 5.0,ENGAGE-INDCi2030-1200f,0.8767722603811255,0.4587371612188013,0.0,1.3355094215999268,R10NORTH_AM
WITCH 5.0,ENGAGE-INDCi2030-1200f-NDCp,0.8462280979755498,0.47976550946605173,0.0,1.3259936074416014,R10NORTH_AM
WITCH 5.0,ENGAGE-INDCi2030-1400,0.7955990195693369,0.40737618969129924,0.0,1.202975209260636,R10NORTH_AM
WITCH 5.0,ENGAGE-INDCi2030-1400-NDCp,0.7799344839138732,0.44480533581582626,0.0,1.2247398197296995,R10NORTH_AM
WITCH 5.0,ENGAGE-INDCi2030-1400f,0.8088704321801863,0.41551137540832705,0.0,1.2243818075885133,R10NORTH_AM
WITCH 5.0,ENGAGE-INDCi2030-1400f-NDCp,0.7994147616532411,0.4502636558387244,0.0,1.2496784174919655,R10NORTH_AM
WITCH 5.0,ENGAGE-INDCi2030-1600-NDCp,0.7895020643613413,0.5135402258862718,0.0,1.303042290247613,R10NORTH_AM
WITCH 5.0,ENGAGE-INDCi2030-500f,0.960442760546107,0.542498814915083,0.0,1.5029415754611901,R10NORTH_AM
WITCH 5.0,ENGAGE-INDCi2030-600f,0.9718122004604896,0.564213912488931,0.0,1.5360261129494206,R10NORTH_AM
WITCH 5.0,ENGAGE-INDCi2030-600f-NDCp,0.9724026770790561,0.6010373918044124,0.0,1.5734400688834684,R10NORTH_AM
WITCH 5.0,ENGAGE-INDCi2030-700f,0.987256032961009,0.5566519929601716,0.0,1.5439080259211806,R10NORTH_AM
WITCH 5.0,ENGAGE-INDCi2030-700f-NDCp,0.9866045616483484,0.6001587878857484,0.0,1.5867633495340967,R10NORTH_AM
WITCH 5.0,ENGAGE-INDCi2030-800,0.9401721309053735,0.5556856217949026,0.0,1.495857752700276,R10NORTH_AM
WITCH 5.0,ENGAGE-INDCi2030-800-NDCp,0.9370810302141399,0.5995732623297482,0.0,1.5366542925438882,R10NORTH_AM
WITCH 5.0,ENGAGE-INDCi2030-800f,1.0,0.5653433149655661,0.0,1.565343314965566,R10NORTH_AM
WITCH 5.0,ENGAGE-INDCi2030-800f-NDCp,0.9794109510592851,0.5822753494211907,0.0,1.561686300480476,R10NORTH_AM
WITCH 5.0,ENGAGE-INDCi2030-900,0.9757642739312706,0.5656020866013127,0.0,1.5413663605325834,R10NORTH_AM
WITCH 5.0,ENGAGE-INDCi2030-900-NDCp,0.9109973554620493,0.5743538318734139,0.0,1.4853511873354632,R10NORTH_AM
WITCH 5.0,ENGAGE-INDCi2030-900f,0.9718985855935539,0.53854746202141,0.0,1.510446047614964,R10NORTH_AM
WITCH 5.0,ENGAGE-INDCi2030-900f-NDCp,0.9587353099163952,0.5784774698020222,0.0,1.5372127797184174,R10NORTH_AM
