model,scenario,CDR_2050,flexibility_scores,shannon_index,carbon_budgets,robustness_score,Region
IMAGE 3.0,ENGAGE-INDCi2030-1000,0.012961401203434725,0.9309123156220226,0.029508017658664936,0.841233941080037,1.8146156755641591,R10LATIN_AM
IMAGE 3.0,ENGAGE-INDCi2030-1000f,0.0044645526911704795,0.9952869983464063,0.0939487104713179,0.8397491349294562,1.9334493964383508,R10LATIN_AM
IMAGE 3.0,ENGAGE-INDCi2030-1200,0.007536134321456808,0.9801623050997424,0.06162696939727366,0.8334266581292379,1.8827520669477107,R10LATIN_AM
IMAGE 3.0,ENGAGE-INDCi2030-1200f,0.0016002977379766027,0.991804098008705,0.11351741616472848,0.8397957266907756,1.9467175386021855,R10LATIN_AM
IMAGE 3.0,ENGAGE-INDCi2030-1400f,0.0,0.9974701116666118,0.11889697385651758,0.8397957266907756,1.956162812213905,R10LATIN_AM
IMAGE 3.0,ENGAGE-INDCi2030-800f,0.010469911893677823,0.934633650365457,0.016957755024546006,0.8452742942474045,1.8073356115310852,R10LATIN_AM
IMAGE 3.0,ENGAGE-NPi2020-1000,0.023423107058444123,0.946190232559335,0.0,0.7622509888674216,1.7318643284852007,R10LATIN_AM
IMAGE 3.0,ENGAGE-NPi2020-1200,0.010225919069873367,0.9703039192171653,0.016398793251875415,0.7795498278223653,1.7764784593612795,R10LATIN_AM
IMAGE 3.0,ENGAGE-NPi2020-1400,0.005464979990331904,0.9788064684769033,0.027937975514479452,0.7977784536602572,1.809987877641972,R10LATIN_AM
IMAGE 3.0,ENGAGE-NPi2020-1400f,0.00544646864651667,0.974478871061238,0.005701907081539359,0.7699002270679497,1.755527473857244,R10LATIN_AM
IMAGE 3.2,SSP2021-SSP1-SPA1-19-Default,0.29735331709910784,0.7986897155303293,0.04532044484319938,0.40080550175560664,1.5421689792282431,R10LATIN_AM
IMAGE 3.2,SSP2021-SSP1-SPA1-19-Lifestyle-Renewables,1.0,0.8474334501625117,0.005159397440188198,0.12455191996871871,1.9771447675714187,R10LATIN_AM
IMAGE 3.2,SSP2021-SSP1-SPA1-19-Renewables,0.3558175252243717,0.7057793834333053,0.18415446864086085,0.3036341155037408,1.5493854928022786,R10LATIN_AM
IMAGE 3.2,SSP2021-SSP1-SPA1-26-Default,0.24439816177037677,0.8272165208912374,0.12748568657455012,0.4346192557273525,1.6337196249635169,R10LATIN_AM
IMAGE 3.2,SSP2021-SSP1-SPA1-26-Lifestyle,0.8113901699266776,0.8438191832312844,0.2240494030688335,0.1722833597955802,2.0515421160223757,R10LATIN_AM
IMAGE 3.2,SSP2021-SSP1-SPA1-26-Lifestyle-Renewables,0.8936652152738618,0.8948275327238345,0.23384581201226975,0.2026410447941305,2.224979604804097,R10LATIN_AM
IMAGE 3.2,SSP2021-SSP1-SPA1-26-Renewables,0.2603922854617335,0.6972253556727962,0.3416224688769933,0.34947792796166927,1.6487180379731923,R10LATIN_AM
IMAGE 3.2,SSP2021-SSP2-SPA0-26-Default,0.4498276265625086,0.9901600942524759,0.1477907238707157,0.49005929002912074,2.077837734714821,R10LATIN_AM
IMAGE 3.2,SSP2021-SSP2-SPA2-19-Renewables,0.3172548409927371,0.7197038366334494,0.005416046730161401,0.42563942980289854,1.4680141541592464,R10LATIN_AM
IMAGE 3.2,SSP2021-SSP2-SPA2-26-Default,0.2547051136667584,0.9922967922607291,0.03617419537036079,0.5730187352998072,1.8561948365976553,R10LATIN_AM
IMAGE 3.2,SSP2021-SSP2-SPA2-26-Lifestyle,0.677769237619516,1.0,0.2578803409603453,0.3819519613476519,2.317601539927513,R10LATIN_AM
IMAGE 3.2,SSP2021-SSP2-SPA2-26-Lifestyle-Renewables,0.6609966198625616,0.908367547160228,0.35680720489045614,0.3686255664722003,2.294796938385446,R10LATIN_AM
IMAGE 3.2,SSP2021-SSP2-SPA2-26-Renewables,0.26442893463561573,0.878690343259876,0.15314678587199612,0.5267784627034047,1.8230445264708925,R10LATIN_AM
IMAGE 3.3,NAVIGATE Demand-1.5°C-ele_u,0.24638612736062968,0.3235257208240669,0.4487723052445019,0.7669083813541072,1.7855925347833057,R10LATIN_AM
IMAGE 3.3,NAVIGATE Demand-1.5°C-tec_u,0.2526646629709109,0.5082296614950492,0.40056096787633694,0.7735688866308051,1.935024178973102,R10LATIN_AM
IMAGE 3.3,NAVIGATE Demand-2.0°C-ele_u,0.20535476282890722,0.508670882121314,0.35973731259832803,0.8376998481166472,1.9114628056651963,R10LATIN_AM
IMAGE 3.3,NAVIGATE Demand-2.0°C-ref,0.21633745046631334,0.6797655327309312,0.3278215700923271,0.8175253714572432,2.0414499247468147,R10LATIN_AM
IMAGE 3.3,NAVIGATE Demand-2.0°C-tec_u,0.21608547964601926,0.7174764190491484,0.33539325686003485,0.8323247380428884,2.101279893598091,R10LATIN_AM
MESSAGEix-GLOBIOM 2.0-M-R12-NGFS,NGFS Phase 5-Below 2°C,0.2316634281173143,0.2867546889400063,0.6122466344273264,0.8432764620586152,1.9739412135432621,R10LATIN_AM
MESSAGEix-GLOBIOM 2.0-M-R12-NGFS,NGFS Phase 5-Delayed Transition,0.21531849320854396,0.40090399189936926,0.5832702448842001,1.0,2.199492729992113,R10LATIN_AM
MESSAGEix-GLOBIOM 2.0-M-R12-NGFS,NGFS Phase 5-Low Demand,0.23811021520814285,0.3688944121483277,0.5407493132370477,0.8004795178157772,1.9482334584092953,R10LATIN_AM
MESSAGEix-GLOBIOM 2.0-M-R12-NGFS,NGFS Phase 5-Nationally Determined Contributions (NDCs),0.21513989796288793,0.4782031268110826,0.7458984339180963,0.9670790746170567,2.4063205333091235,R10LATIN_AM
MESSAGEix-GLOBIOM 2.0-M-R12-NGFS,NGFS Phase 5-Net-Zero 2050,0.2501984080253173,0.04790374614875411,0.6167176431895024,0.7967999737271059,1.7116197710906795,R10LATIN_AM
POLES-JRC ENGAGE,ENGAGE-INDCi2030-1000,0.20048696815988482,0.6606867930591936,0.39599473255314255,0.7013083097758306,1.9584768035480515,R10LATIN_AM
POLES-JRC ENGAGE,ENGAGE-INDCi2030-1000-COV,0.20587420238849866,0.726740718067865,0.40473221732724124,0.6282631110820138,1.9656102488656189,R10LATIN_AM
POLES-JRC ENGAGE,ENGAGE-INDCi2030-1000-COV-NDCp,0.2085350181791951,0.7220541055158453,0.40647544230923205,0.5858886235662695,1.9229531895705418,R10LATIN_AM
POLES-JRC ENGAGE,ENGAGE-INDCi2030-1000-NDCp,0.2013934225767017,0.7181361371353179,0.40934542014570924,0.6820036215575289,2.0108786014152575,R10LATIN_AM
POLES-JRC ENGAGE,ENGAGE-INDCi2030-1000f,0.1932009161828603,0.7422688233786682,0.41447377194318236,0.7013083097758306,2.0512518212805415,R10LATIN_AM
POLES-JRC ENGAGE,ENGAGE-INDCi2030-1000f-COV,0.20091924174382939,0.7800211645528746,0.4036361473766469,0.6282631110820138,2.0128396647553646,R10LATIN_AM
POLES-JRC ENGAGE,ENGAGE-INDCi2030-1000f-COV-NDCp,0.2014103677979747,0.778359536476759,0.41206007394358796,0.5858886235662695,1.9777186017845911,R10LATIN_AM
POLES-JRC ENGAGE,ENGAGE-INDCi2030-1000f-NDCp,0.19549785818973248,0.7877953500178942,0.4086312966710319,0.6820036791230647,2.0739281840017236,R10LATIN_AM
POLES-JRC ENGAGE,ENGAGE-INDCi2030-1200,0.19205927908809572,0.7619742120737375,0.41287165995703085,0.7013083097758306,2.068213460894695,R10LATIN_AM
POLES-JRC ENGAGE,ENGAGE-INDCi2030-1200f,0.18609550118934454,0.7969659331467343,0.40800350799317486,0.7013083097758306,2.092373252105084,R10LATIN_AM
POLES-JRC ENGAGE,ENGAGE-INDCi2030-300f,0.21127611928945353,0.5803586809187004,0.40024998637471804,0.7013083097758306,1.8931930963587025,R10LATIN_AM
POLES-JRC ENGAGE,ENGAGE-INDCi2030-400f,0.2092716423372879,0.5957709710413605,0.4004894061228939,0.7013083097758306,1.9068403292773728,R10LATIN_AM
POLES-JRC ENGAGE,ENGAGE-INDCi2030-500f,0.20592247419133028,0.6214976966832023,0.39681444118633485,0.7013083097758306,1.9255429218366982,R10LATIN_AM
POLES-JRC ENGAGE,ENGAGE-INDCi2030-600f,0.20347401390460318,0.6352995694978575,0.3983055113494782,0.7013083097758306,1.9383874045277694,R10LATIN_AM
POLES-JRC ENGAGE,ENGAGE-INDCi2030-600f-COV,0.21360034684921586,0.6606196588094457,0.3996416430148962,0.6282631110820138,1.9021247597555715,R10LATIN_AM
POLES-JRC ENGAGE,ENGAGE-INDCi2030-600f-COV-NDCp,0.21642516293358494,0.6592207331520498,0.40250826019817204,0.5858886235662695,1.8640427798500763,R10LATIN_AM
POLES-JRC ENGAGE,ENGAGE-INDCi2030-600f-NDCp,0.2062828346386495,0.6799587110802382,0.3990746027706977,0.6820036215575289,1.9673197700471143,R10LATIN_AM
POLES-JRC ENGAGE,ENGAGE-INDCi2030-700f,0.2012420445106732,0.6607075073979647,0.3975762980940811,0.7013083097758306,1.9608341597785497,R10LATIN_AM
POLES-JRC ENGAGE,ENGAGE-INDCi2030-800f,0.1988092477113541,0.681642815312627,0.4055054239753038,0.7013083097758306,1.9872657967751155,R10LATIN_AM
POLES-JRC ENGAGE,ENGAGE-INDCi2030-900,0.21171347150802866,0.5773259627152155,0.40655996722838206,0.7013083097758306,1.8969077112274568,R10LATIN_AM
POLES-JRC ENGAGE,ENGAGE-INDCi2030-900f,0.19519282139463556,0.7119335625139783,0.4178424440166865,0.7013083097758306,2.026277137701131,R10LATIN_AM
POLES-JRC ENGAGE,ENGAGE-NPi2020-1000f,0.22923751281011948,0.7958463613548529,0.4219220701741287,0.4620025346952358,1.909008479034337,R10LATIN_AM
POLES-JRC ENGAGE,ENGAGE-NPi2020-1000f-COV,0.2380803690129296,0.8101103777514483,0.44017007412455805,0.41622687738114705,1.9045876982700831,R10LATIN_AM
POLES-JRC ENGAGE,ENGAGE-NPi2020-1200f,0.2210285332005849,0.8246816409022719,0.448859100936019,0.5238203498712315,2.018389624910107,R10LATIN_AM
POLES-JRC ENGAGE,ENGAGE-NPi2020-900f,0.23513938196173825,0.767492642208892,0.4180630881566205,0.44869282068041827,1.8693879330076688,R10LATIN_AM
REMIND-MAgPIE 2.1-4.2,NGFS Phase 2-Delayed Transition,0.26604124156597475,0.5897580965853588,0.6498009853584286,0.8796285173787554,2.3852288408885176,R10LATIN_AM
REMIND-MAgPIE 3.2.0-4.8.0,RESCUE-End-of-Century-Budget-1150,0.061585216126503944,0.4523738050695059,0.9656313100583386,0.6497891618480454,2.1293794931023937,R10LATIN_AM
REMIND-MAgPIE 3.2.0-4.8.0,RESCUE-End-of-Century-Budget-1150-with-OAE,0.060548140893364584,0.446298740826531,0.9693082549641197,0.6497891618480454,2.125944298532061,R10LATIN_AM
REMIND-MAgPIE 3.2.0-4.8.0,RESCUE-End-of-Century-Budget-500,0.10354323145140498,0.3935815351791102,0.9474216534722177,0.6497891618480454,2.0943355819507783,R10LATIN_AM
REMIND-MAgPIE 3.2.0-4.8.0,RESCUE-End-of-Century-Budget-500-with-OAE,0.09622325109656905,0.39332436104241886,0.951404734069621,0.6497891618480454,2.0907415080566545,R10LATIN_AM
REMIND-MAgPIE 3.2.0-4.8.0,RESCUE-Peak-Budget-1150,0.0749655629984497,0.2549852283944416,1.0,0.6019424634840107,1.9318932548769019,R10LATIN_AM
REMIND-MAgPIE 3.2.0-4.8.0,RESCUE-Peak-Budget-1150-with-OAE,0.0745135566715668,0.255871390545704,0.9997771206537802,0.5911940796229423,1.9213561474939935,R10LATIN_AM
REMIND-MAgPIE 3.3-4.8,NGFS Phase 5-Below 2°C,0.08271660024050811,0.2608611491184058,0.9365853043235431,0.6597959081266681,1.9399589618091253,R10LATIN_AM
REMIND-MAgPIE 3.3-4.8,NGFS Phase 5-Delayed Transition,0.06252922011006862,0.37013090237075896,0.925123162254922,0.656298231102944,2.0140815158386935,R10LATIN_AM
REMIND-MAgPIE 3.3-4.8,NGFS Phase 5-Low Demand,0.0853317829094532,0.29485167710781895,0.7194905450398157,0.2422436887505024,1.34191769380759,R10LATIN_AM
REMIND-MAgPIE 3.3-4.8,NGFS Phase 5-Net-Zero 2050,0.13347323767317446,0.0,0.8209425164941319,0.49214813332539187,1.4465638874926983,R10LATIN_AM
WITCH 5.0,ENGAGE-INDCi2030-1000,0.09606652591067762,0.5951101062140333,0.5844395816694619,0.0,1.275616213794173,R10LATIN_AM
WITCH 5.0,ENGAGE-INDCi2030-1000-NDCp,0.10742495181038939,0.539657755121508,0.5711653386201887,0.42722391513537045,1.6454719606874566,R10LATIN_AM
WITCH 5.0,ENGAGE-INDCi2030-1000f,0.09459048940116196,0.6127000782097812,0.6975337808709604,0.0,1.4048243484819036,R10LATIN_AM
WITCH 5.0,ENGAGE-INDCi2030-1000f-NDCp,0.09869895897365526,0.5489460852591008,0.6701858088787227,0.42722391513537045,1.7450547682468494,R10LATIN_AM
WITCH 5.0,ENGAGE-INDCi2030-1200,0.09576729968800801,0.628861953617233,0.6745096160203267,0.0,1.3991388693255677,R10LATIN_AM
WITCH 5.0,ENGAGE-INDCi2030-1200-NDCp,0.10570238364371368,0.5801578175278179,0.6476689381801339,0.42722391513537045,1.760753054487036,R10LATIN_AM
WITCH 5.0,ENGAGE-INDCi2030-1200f,0.09553673473229757,0.6432203841487487,0.7061508427830505,0.0,1.4449079616640967,R10LATIN_AM
WITCH 5.0,ENGAGE-INDCi2030-1200f-NDCp,0.09874804177137764,0.5888292566246275,0.6751351699643185,0.42722391513537045,1.7899363834956943,R10LATIN_AM
WITCH 5.0,ENGAGE-INDCi2030-1400,0.09530160644347811,0.6695678773930303,0.7183700608653075,0.0,1.4832395447018158,R10LATIN_AM
WITCH 5.0,ENGAGE-INDCi2030-1400-NDCp,0.103181883994374,0.6164651843306259,0.6738464808725305,0.42722391513537045,1.8207174643329012,R10LATIN_AM
WITCH 5.0,ENGAGE-INDCi2030-1400f,0.09530511749878202,0.6707629869326887,0.6909965252177801,0.0,1.4570646296492509,R10LATIN_AM
WITCH 5.0,ENGAGE-INDCi2030-1400f-NDCp,0.10142228053792104,0.6161880692285345,0.6684761800794365,0.42722391513537045,1.8133104449812625,R10LATIN_AM
WITCH 5.0,ENGAGE-INDCi2030-1600-NDCp,0.10289164522039922,0.6378566170735683,0.6810927135590895,0.42722391513537045,1.8490648909884275,R10LATIN_AM
WITCH 5.0,ENGAGE-INDCi2030-500f,0.09514809967355692,0.5107792365221291,0.5787718324487322,0.0,1.1846991686444182,R10LATIN_AM
WITCH 5.0,ENGAGE-INDCi2030-600f,0.09415735207645354,0.5260023467991194,0.6053673034541269,0.0,1.2255270023296998,R10LATIN_AM
WITCH 5.0,ENGAGE-INDCi2030-600f-NDCp,0.09874965148015777,0.4372586215925745,0.6107776574735924,0.42722391513537045,1.574009845681695,R10LATIN_AM
WITCH 5.0,ENGAGE-INDCi2030-700f,0.0939638428563658,0.5506237098501006,0.6605302906127388,0.0,1.3051178433192052,R10LATIN_AM
WITCH 5.0,ENGAGE-INDCi2030-700f-NDCp,0.09857199576796374,0.47314943244531427,0.6549715214764599,0.42722391513537045,1.6539168648251084,R10LATIN_AM
WITCH 5.0,ENGAGE-INDCi2030-800,0.09954480616255508,0.525764456517194,0.5298947249603301,0.0,1.155203987640079,R10LATIN_AM
WITCH 5.0,ENGAGE-INDCi2030-800-NDCp,0.10896133558759766,0.43948557651441716,0.5494564476985611,0.42722391513537045,1.5251272749359464,R10LATIN_AM
WITCH 5.0,ENGAGE-INDCi2030-800f,0.09405801823650982,0.5751120803957792,0.6782969796767242,0.0,1.3474670783090132,R10LATIN_AM
WITCH 5.0,ENGAGE-INDCi2030-800f-NDCp,0.09841934350500625,0.5071459992784914,0.6587284371947268,0.42722391513537045,1.6915176951135948,R10LATIN_AM
WITCH 5.0,ENGAGE-INDCi2030-900,0.09632508217934492,0.5560788333530008,0.63658537762601,0.0,1.2889892931583558,R10LATIN_AM
WITCH 5.0,ENGAGE-INDCi2030-900-NDCp,0.10770791112761102,0.49929630446424583,0.5381838497684097,0.42722391513537045,1.572411980495637,R10LATIN_AM
WITCH 5.0,ENGAGE-INDCi2030-900f,0.09415995329070447,0.5936551495779304,0.6841105180844037,0.0,1.3719256209530386,R10LATIN_AM
WITCH 5.0,ENGAGE-INDCi2030-900f-NDCp,0.09837941669959449,0.5326905615572514,0.6731220626474794,0.42722391513537045,1.731415956039696,R10LATIN_AM
IMAGE 3.0,ENGAGE-INDCi2030-1000,0.4623352870282968,0.7857769934327569,0.21787879776378177,0.659151565132293,2.1251426433571283,R10INDIA+
IMAGE 3.0,ENGAGE-INDCi2030-1000f,0.5680998753719472,0.8254010504942653,0.4218586728019052,0.6787898218402304,2.494149420508348,R10INDIA+
IMAGE 3.0,ENGAGE-INDCi2030-1200,0.4615831467757252,0.8160900255309227,0.3268288907256891,0.6601131885274036,2.2646152515597406,R10INDIA+
IMAGE 3.0,ENGAGE-INDCi2030-1200f,0.48457927714354726,0.8366376675215098,0.44692862475403267,0.6789732162898405,2.44711878570893,R10INDIA+
IMAGE 3.0,ENGAGE-INDCi2030-1400f,0.4963202817329036,0.8374988018104347,0.4579459231331997,0.6789732162898405,2.4707382229663786,R10INDIA+
IMAGE 3.0,ENGAGE-INDCi2030-800f,0.43619919600566726,0.8012468340428156,0.264107191149086,0.6798682148982561,2.1814214360958246,R10INDIA+
IMAGE 3.0,ENGAGE-NPi2020-1000,0.4613010004136683,0.7686603365946001,0.09533127385939755,0.4256019768315701,1.7508945876992361,R10INDIA+
IMAGE 3.0,ENGAGE-NPi2020-1200,0.5728581073954786,0.7775074085015466,0.19752456458074422,0.431187037539288,1.9790771180170574,R10INDIA+
IMAGE 3.0,ENGAGE-NPi2020-1400,0.5248162919879598,0.7868846469256466,0.2149081300689,0.46873837435360327,1.9953474433361098,R10INDIA+
IMAGE 3.0,ENGAGE-NPi2020-1400f,0.5405370577912904,0.7881307430705424,0.21961470601534272,0.43527013186138264,1.9835526387385585,R10INDIA+
IMAGE 3.2,SSP2021-SSP1-SPA1-19-Default,0.8374498502113004,0.6120247053402195,0.21852768132348985,0.3038154235325682,1.9718176604075779,R10INDIA+
IMAGE 3.2,SSP2021-SSP1-SPA1-19-Lifestyle-Renewables,1.0,0.8973556370316791,0.04508974915352953,0.26572355821583277,2.2081689444010415,R10INDIA+
IMAGE 3.2,SSP2021-SSP1-SPA1-19-Renewables,0.32884694615174376,0.4827519397940269,0.2855687733212431,0.2590960100458207,1.3562636693128345,R10INDIA+
IMAGE 3.2,SSP2021-SSP1-SPA1-26-Default,0.24769376993604034,0.8265117998024918,0.16822504302892577,0.442549132956344,1.684979745723802,R10INDIA+
IMAGE 3.2,SSP2021-SSP1-SPA1-26-Lifestyle,0.23694875595525788,0.823682189168034,0.4523001731727547,0.4224877677704368,1.9354188860664836,R10INDIA+
IMAGE 3.2,SSP2021-SSP1-SPA1-26-Lifestyle-Renewables,0.008314425417783051,0.8657145397282638,0.5852471529950364,0.42641743262223103,1.8856935507633144,R10INDIA+
IMAGE 3.2,SSP2021-SSP1-SPA1-26-Renewables,0.3170117643911356,0.6702048585271003,0.3954469175604108,0.37710470391504936,1.7597682443936962,R10INDIA+
IMAGE 3.2,SSP2021-SSP2-SPA0-26-Default,0.4519217165724758,1.0,0.21433112969874651,0.5055061760718657,2.171759022343088,R10INDIA+
IMAGE 3.2,SSP2021-SSP2-SPA2-19-Renewables,0.3805719917600189,0.7938985156271119,0.0,0.0,1.1744705073871309,R10INDIA+
IMAGE 3.2,SSP2021-SSP2-SPA2-26-Default,0.8951300261607757,0.9269230802218673,0.35221424329813233,0.37621594743074926,2.5504832971115245,R10INDIA+
IMAGE 3.2,SSP2021-SSP2-SPA2-26-Lifestyle,0.3521563350322678,0.9287338513172597,0.17215176973798507,0.1778347737585721,1.630876729846085,R10INDIA+
IMAGE 3.2,SSP2021-SSP2-SPA2-26-Lifestyle-Renewables,0.2675133391345807,0.8619479320566388,0.05921698050528785,0.18341115952258336,1.372089411219091,R10INDIA+
IMAGE 3.2,SSP2021-SSP2-SPA2-26-Renewables,0.6880160736977439,0.8536059743998451,0.10077931335153482,0.17906621279878834,1.821467574247912,R10INDIA+
IMAGE 3.3,NAVIGATE Demand-1.5°C-ele_u,0.03396005225874885,0.27201378076850946,0.6049861603402582,0.19443694193737343,1.10539693530489,R10INDIA+
IMAGE 3.3,NAVIGATE Demand-1.5°C-tec_u,0.057325237206400786,0.2254390460295599,0.701773204163378,0.1802212491473693,1.164758736546708,R10INDIA+
IMAGE 3.3,NAVIGATE Demand-2.0°C-ele_u,0.04128627447014026,0.6325113530736289,0.4142584360515145,0.3379107049316581,1.425966768526942,R10INDIA+
IMAGE 3.3,NAVIGATE Demand-2.0°C-ref,0.017663625026010547,0.5788230210409182,0.48633990663485244,0.33716666501947945,1.4199932177212606,R10INDIA+
IMAGE 3.3,NAVIGATE Demand-2.0°C-tec_u,0.0035971133299631352,0.5734534215122539,0.624294873763268,0.3334471988225875,1.5347926074280724,R10INDIA+
MESSAGEix-GLOBIOM 2.0-M-R12-NGFS,NGFS Phase 5-Below 2°C,0.1559407148312838,0.26869938106372665,0.8505156258598042,0.39218383611377583,1.6673395578685906,R10INDIA+
MESSAGEix-GLOBIOM 2.0-M-R12-NGFS,NGFS Phase 5-Delayed Transition,0.14688625447614262,0.36665920081862485,0.7952301952647264,0.555184773665318,1.8639604242248118,R10INDIA+
MESSAGEix-GLOBIOM 2.0-M-R12-NGFS,NGFS Phase 5-Low Demand,0.16393587871613058,0.1270615517060774,0.6236546189745008,0.3073392003974465,1.2219912497941552,R10INDIA+
MESSAGEix-GLOBIOM 2.0-M-R12-NGFS,NGFS Phase 5-Nationally Determined Contributions (NDCs),0.13100717327672468,0.6076468777838946,0.9935831216256771,0.6015579542375453,2.3337951269238415,R10INDIA+
MESSAGEix-GLOBIOM 2.0-M-R12-NGFS,NGFS Phase 5-Net-Zero 2050,0.1739297663474584,0.0,0.6186720364229739,0.29782463243247376,1.090426435202906,R10INDIA+
POLES-JRC ENGAGE,ENGAGE-INDCi2030-1000,0.14486474081231107,0.5073924426034611,0.9491363159082069,0.8949659207988095,2.4963594201227886,R10INDIA+
POLES-JRC ENGAGE,ENGAGE-INDCi2030-1000-COV,0.14589216487426485,0.5511083189256722,0.9609102539385226,0.7280459909803292,2.385956728718789,R10INDIA+
POLES-JRC ENGAGE,ENGAGE-INDCi2030-1000-COV-NDCp,0.1444054053510148,0.5481771255088788,0.9588161860112759,0.7302881336434777,2.3816868505146473,R10INDIA+
POLES-JRC ENGAGE,ENGAGE-INDCi2030-1000-NDCp,0.15629941034871603,0.5625616482725073,0.9611757231292176,1.0,2.680036781750441,R10INDIA+
POLES-JRC ENGAGE,ENGAGE-INDCi2030-1000f,0.12066580504019092,0.5892097434387283,0.8250050789965386,0.8949659207988095,2.4298465482742673,R10INDIA+
POLES-JRC ENGAGE,ENGAGE-INDCi2030-1000f-COV,0.12886726222125325,0.6325918052208677,0.8396830655583798,0.7280459909803292,2.32918812398083,R10INDIA+
POLES-JRC ENGAGE,ENGAGE-INDCi2030-1000f-COV-NDCp,0.12861415017882072,0.6459671360235731,0.8134010147769912,0.7302880892550749,2.3182703902344604,R10INDIA+
POLES-JRC ENGAGE,ENGAGE-INDCi2030-1000f-NDCp,0.15329538911201693,0.6448599289286926,0.9201392556877307,1.0,2.71829457372844,R10INDIA+
POLES-JRC ENGAGE,ENGAGE-INDCi2030-1200,0.12138658328474197,0.6205720853387632,0.7816934908424952,0.8949659207988095,2.41861808026481,R10INDIA+
POLES-JRC ENGAGE,ENGAGE-INDCi2030-1200f,0.11101835307816606,0.6609439352753196,0.7515151547352926,0.8949659207988095,2.4184433638875875,R10INDIA+
POLES-JRC ENGAGE,ENGAGE-INDCi2030-300f,0.16504271031360043,0.4909997544540498,0.9848279637552217,0.8949659207988095,2.5358363493216816,R10INDIA+
POLES-JRC ENGAGE,ENGAGE-INDCi2030-400f,0.16435572862766415,0.4890551689950884,0.9850874189481914,0.8949659207988095,2.5334642373697536,R10INDIA+
POLES-JRC ENGAGE,ENGAGE-INDCi2030-500f,0.15765990306153882,0.4942331764957401,0.9734125921702418,0.8949659207988095,2.52027159252633,R10INDIA+
POLES-JRC ENGAGE,ENGAGE-INDCi2030-600f,0.15531500600346468,0.50093360889044,0.9678277745058453,0.8949659207988095,2.5190423101985595,R10INDIA+
POLES-JRC ENGAGE,ENGAGE-INDCi2030-600f-COV,0.16985284615188107,0.5187480345952895,0.9987453237732405,0.7280459909803292,2.4153921955007402,R10INDIA+
POLES-JRC ENGAGE,ENGAGE-INDCi2030-600f-COV-NDCp,0.17881938548256424,0.5110764666572257,1.0,0.7302880892550749,2.4201839413948654,R10INDIA+
POLES-JRC ENGAGE,ENGAGE-INDCi2030-600f-NDCp,0.1568955963877771,0.5413597687810479,0.9621986515245359,1.0,2.6604540166933606,R10INDIA+
POLES-JRC ENGAGE,ENGAGE-INDCi2030-700f,0.14346086159407007,0.5093275083963237,0.9503559081382384,0.8949659207988095,2.4981101989274417,R10INDIA+
POLES-JRC ENGAGE,ENGAGE-INDCi2030-800f,0.13733352885154346,0.5190891834345303,0.9346399152269756,0.8949659207988095,2.4860285483118587,R10INDIA+
POLES-JRC ENGAGE,ENGAGE-INDCi2030-900,0.17133880593595377,0.4900017159056658,0.9788362539672083,0.8949659207988095,2.535142696607638,R10INDIA+
POLES-JRC ENGAGE,ENGAGE-INDCi2030-900f,0.1259688204233356,0.5471014917549682,0.8828069122983805,0.8949659207988095,2.450843145275494,R10INDIA+
POLES-JRC ENGAGE,ENGAGE-NPi2020-1000f,0.11755240291493993,0.6354490195979419,0.6284776703111197,0.6485641491756885,2.03004324199969,R10INDIA+
POLES-JRC ENGAGE,ENGAGE-NPi2020-1000f-COV,0.12533903957732276,0.666247726273113,0.6934043246681739,0.5566443717389029,2.0416354622575126,R10INDIA+
POLES-JRC ENGAGE,ENGAGE-NPi2020-1200f,0.09070217419049192,0.6721446418680503,0.6469717843581452,0.6867985647541357,2.0966171651708234,R10INDIA+
POLES-JRC ENGAGE,ENGAGE-NPi2020-900f,0.13386590701435658,0.5919372837319825,0.6359511049379253,0.6093694838880057,1.9711237795722703,R10INDIA+
REMIND-MAgPIE 2.1-4.2,NGFS Phase 2-Delayed Transition,0.1229561843722461,0.527857951775924,0.6721663606421859,0.7906468032485965,2.1136273000389525,R10INDIA+
REMIND-MAgPIE 3.2.0-4.8.0,RESCUE-End-of-Century-Budget-1150,0.00013341472407164717,0.596781904694169,0.7435265576124452,0.7015193388927607,2.0419612159234464,R10INDIA+
REMIND-MAgPIE 3.2.0-4.8.0,RESCUE-End-of-Century-Budget-1150-with-OAE,0.0,0.597384253976177,0.7440476542870037,0.7015193388927607,2.0429512471559415,R10INDIA+
REMIND-MAgPIE 3.2.0-4.8.0,RESCUE-End-of-Century-Budget-500,0.042330950633274946,0.5512244430383241,0.7289319579301345,0.7015193388927607,2.0240066904944944,R10INDIA+
REMIND-MAgPIE 3.2.0-4.8.0,RESCUE-End-of-Century-Budget-500-with-OAE,0.03686288757195826,0.5496763162446614,0.7352594511895062,0.7015193388927607,2.023317993898887,R10INDIA+
REMIND-MAgPIE 3.2.0-4.8.0,RESCUE-Peak-Budget-1150,0.06120956629302312,0.4368088825515172,0.8409056752715253,0.6941498509513438,2.0330739750674094,R10INDIA+
REMIND-MAgPIE 3.2.0-4.8.0,RESCUE-Peak-Budget-1150-with-OAE,0.06419457215304286,0.43949421174631953,0.8400251917476781,0.720016052702367,2.0637300283494073,R10INDIA+
REMIND-MAgPIE 3.3-4.8,NGFS Phase 5-Below 2°C,0.042170630267396446,0.46662092747716827,0.8507838702234126,0.8199658588631645,2.179541286831142,R10INDIA+
REMIND-MAgPIE 3.3-4.8,NGFS Phase 5-Delayed Transition,0.06413063708453084,0.5347583646953847,0.7808690073497907,0.8677915720513772,2.2475495811810835,R10INDIA+
REMIND-MAgPIE 3.3-4.8,NGFS Phase 5-Low Demand,0.18805964228780334,0.4229234499894444,0.6997323323296545,0.5222414107494101,1.8329568353563124,R10INDIA+
REMIND-MAgPIE 3.3-4.8,NGFS Phase 5-Net-Zero 2050,0.22332215433445193,0.1415965816951957,0.9518822384466077,0.6204181867281259,1.9372191612043812,R10INDIA+
WITCH 5.0,ENGAGE-INDCi2030-1000,0.1140990172749889,0.6536552300324865,0.38626856921875385,0.38013697481247927,1.5341597913387084,R10INDIA+
WITCH 5.0,ENGAGE-INDCi2030-1000-NDCp,0.11385801957787449,0.6546649356854741,0.38733091830702515,0.38013655544396224,1.535990429014336,R10INDIA+
WITCH 5.0,ENGAGE-INDCi2030-1000f,0.11261932859839004,0.6657844750656617,0.4506568157028827,0.38013697481247927,1.6091975941794137,R10INDIA+
WITCH 5.0,ENGAGE-INDCi2030-1000f-NDCp,0.1120713761241741,0.6673834454821517,0.4578835006948004,0.38013655544396224,1.6174748777450882,R10INDIA+
WITCH 5.0,ENGAGE-INDCi2030-1200,0.11088399702424737,0.6711739031713563,0.4584981869422153,0.38013697481247927,1.6206930619502982,R10INDIA+
WITCH 5.0,ENGAGE-INDCi2030-1200-NDCp,0.11065193820926143,0.6713631916710624,0.4581249413867825,0.38013655544396224,1.6202766267110686,R10INDIA+
WITCH 5.0,ENGAGE-INDCi2030-1200f,0.11013361700970788,0.6763634926339274,0.45461180146963015,0.38013697481247927,1.6212458859257446,R10INDIA+
WITCH 5.0,ENGAGE-INDCi2030-1200f-NDCp,0.10970807396622816,0.6774260499997543,0.4525095112100381,0.38013655544396224,1.6197801906199827,R10INDIA+
WITCH 5.0,ENGAGE-INDCi2030-1400,0.1073639126532023,0.6840732771874982,0.44531612038203133,0.38013697481247927,1.616890285035211,R10INDIA+
WITCH 5.0,ENGAGE-INDCi2030-1400-NDCp,0.10712393883467027,0.6841948766835014,0.4468504180454563,0.38013655544396224,1.6183057890075903,R10INDIA+
WITCH 5.0,ENGAGE-INDCi2030-1400f,0.10744278290875818,0.6857470972172228,0.4448744098830503,0.38013697481247927,1.6182012648215105,R10INDIA+
WITCH 5.0,ENGAGE-INDCi2030-1400f-NDCp,0.10681368526538637,0.6882004403770244,0.5330032784039563,0.38013655544396224,1.7081539594903292,R10INDIA+
WITCH 5.0,ENGAGE-INDCi2030-1600-NDCp,0.10300831962455735,0.6947288270020726,0.5926273138644824,0.38013655544396224,1.7705010159350745,R10INDIA+
WITCH 5.0,ENGAGE-INDCi2030-500f,0.12207140557611493,0.6163412451271059,0.44429538976207944,0.38013697481247927,1.5628450152777795,R10INDIA+
WITCH 5.0,ENGAGE-INDCi2030-600f,0.11831602269869522,0.6278175682094685,0.4227191856670902,0.38013697481247927,1.548989751387733,R10INDIA+
WITCH 5.0,ENGAGE-INDCi2030-600f-NDCp,0.11870109442169195,0.6315364517358784,0.3942175142567165,0.38013655544396224,1.5245916158582489,R10INDIA+
WITCH 5.0,ENGAGE-INDCi2030-700f,0.11764702202383179,0.6389494238138469,0.3907593870754827,0.38013697481247927,1.5274928077256404,R10INDIA+
WITCH 5.0,ENGAGE-INDCi2030-700f-NDCp,0.11489569038957871,0.6428105647843053,0.3890337539595464,0.38013655544396224,1.5268765645773927,R10INDIA+
WITCH 5.0,ENGAGE-INDCi2030-800,0.14905829241581287,0.6187700296426305,0.44127331709553097,0.38013697481247927,1.5892386139664536,R10INDIA+
WITCH 5.0,ENGAGE-INDCi2030-800-NDCp,0.13539194809740557,0.6215947244941348,0.43247947608797754,0.38013655544396224,1.56960270412348,R10INDIA+
WITCH 5.0,ENGAGE-INDCi2030-800f,0.11465897741432325,0.6492424024747802,0.38700846704028596,0.38013697481247927,1.5310468217418685,R10INDIA+
WITCH 5.0,ENGAGE-INDCi2030-800f-NDCp,0.11444103072797579,0.6524538865808844,0.3868054480497583,0.38013655544396224,1.5338369208025806,R10INDIA+
WITCH 5.0,ENGAGE-INDCi2030-900,0.11713843000292738,0.6374472028166295,0.4114303216504809,0.38013697481247927,1.546152929282517,R10INDIA+
WITCH 5.0,ENGAGE-INDCi2030-900-NDCp,0.11498357703099671,0.6411456279969027,0.388792136663672,0.38013655544396224,1.5250578971355337,R10INDIA+
WITCH 5.0,ENGAGE-INDCi2030-900f,0.11368650712361703,0.6575494382082185,0.3862492049065212,0.38013697481247927,1.537622125050836,R10INDIA+
WITCH 5.0,ENGAGE-INDCi2030-900f-NDCp,0.11327330365589929,0.6593424448320684,0.3872866297717494,0.38013655544396224,1.5400389337036793,R10INDIA+
IMAGE 3.0,ENGAGE-INDCi2030-1000,0.017926491629202367,0.899603406574436,0.055834624214795264,0.9824795876204372,1.9558441100388708,R10AFRICA
IMAGE 3.0,ENGAGE-INDCi2030-1000f,0.023775007633942,0.9507320660986038,0.3419952001048953,0.9864584208668618,2.302960694704303,R10AFRICA
IMAGE 3.0,ENGAGE-INDCi2030-1200,0.021553067829535286,0.9495468908083992,0.32047765767442565,0.9840085610774328,2.2755861773897927,R10AFRICA
IMAGE 3.0,ENGAGE-INDCi2030-1200f,0.0,0.9472385345407994,0.3045382293107377,0.9781514492336654,2.2299282130852025,R10AFRICA
IMAGE 3.0,ENGAGE-INDCi2030-1400f,0.002944599216920424,0.9483370473583741,0.31897487110775596,0.9781514492336654,2.248407966916716,R10AFRICA
IMAGE 3.0,ENGAGE-INDCi2030-800f,0.010507452258832435,0.9107494104624989,0.11754227300536202,0.9723004345293792,2.0110995702560728,R10AFRICA
IMAGE 3.0,ENGAGE-NPi2020-1000,0.026774351442189984,0.8992894022594045,0.04325618244562706,0.9471671972596285,1.91648713340685,R10AFRICA
IMAGE 3.0,ENGAGE-NPi2020-1200,0.03331759423379454,0.9152292189161022,0.173999914234561,0.9539038477427134,2.076450575127171,R10AFRICA
IMAGE 3.0,ENGAGE-NPi2020-1400,0.014384498466453,0.9061650647943055,0.18437375989232183,0.9660574616502696,2.07098078480335,R10AFRICA
IMAGE 3.0,ENGAGE-NPi2020-1400f,0.02672839592338998,0.9142601012804019,0.1825445186254723,0.9502929188170667,2.073825934646331,R10AFRICA
IMAGE 3.2,SSP2021-SSP1-SPA1-19-Default,0.572767714225935,0.7628490806761233,0.0,0.34949223477497454,1.685109029677033,R10AFRICA
IMAGE 3.2,SSP2021-SSP1-SPA1-19-Lifestyle-Renewables,0.6605971869595838,0.805116949078504,0.33207293908762137,0.2943305037008491,2.0921175788265582,R10AFRICA
IMAGE 3.2,SSP2021-SSP1-SPA1-19-Renewables,0.5848926664317151,0.5281195772187399,0.07233184927605782,0.3279099182318132,1.5132540111583261,R10AFRICA
IMAGE 3.2,SSP2021-SSP1-SPA1-26-Default,0.3319093476522825,0.761552691713516,0.03173729053094994,0.422597181728495,1.5477965116252435,R10AFRICA
IMAGE 3.2,SSP2021-SSP1-SPA1-26-Lifestyle,0.27460768011466896,0.7746669356839456,0.14939126519623241,0.3335410975641086,1.5322069785589556,R10AFRICA
IMAGE 3.2,SSP2021-SSP1-SPA1-26-Lifestyle-Renewables,0.3557587439408165,0.8599963957866467,0.620401815193418,0.33749546781929884,2.1736524227401803,R10AFRICA
IMAGE 3.2,SSP2021-SSP1-SPA1-26-Renewables,0.35142303652489176,0.54363179722131,0.14518707589058308,0.42701109104800994,1.467253000684795,R10AFRICA
IMAGE 3.2,SSP2021-SSP2-SPA0-26-Default,1.0,0.9723552026399179,0.5353947687583133,0.45989535081889266,2.9676453222171237,R10AFRICA
IMAGE 3.2,SSP2021-SSP2-SPA2-19-Renewables,0.7530254214800683,0.6030081845290189,0.3043815171953676,0.3899188254063797,2.0503339486108345,R10AFRICA
IMAGE 3.2,SSP2021-SSP2-SPA2-26-Default,0.45439917797471063,0.9856282836574699,0.4362549772631476,0.4857414070179679,2.362023845913296,R10AFRICA
IMAGE 3.2,SSP2021-SSP2-SPA2-26-Lifestyle,0.342242583853701,1.0,0.6221740739156895,0.3775199322043895,2.34193658997378,R10AFRICA
IMAGE 3.2,SSP2021-SSP2-SPA2-26-Lifestyle-Renewables,0.31969798173082753,0.8465437679400941,0.6315518641050931,0.37992070702166536,2.17771432079768,R10AFRICA
IMAGE 3.2,SSP2021-SSP2-SPA2-26-Renewables,0.4197095838566875,0.8111604974368795,0.39481033419731926,0.45473257529788197,2.080412990788768,R10AFRICA
IMAGE 3.3,NAVIGATE Demand-1.5°C-ele_u,0.7265765114070524,0.13680635008797587,0.05997197462101613,0.5888691634296618,1.5122239995457063,R10AFRICA
IMAGE 3.3,NAVIGATE Demand-1.5°C-tec_u,0.7656253356038322,0.4025245571297169,0.30587045518415823,0.5784740842346786,2.052494432152386,R10AFRICA
IMAGE 3.3,NAVIGATE Demand-2.0°C-ele_u,0.423859449600767,0.49333358501316427,0.12760473797932478,0.6438818317416095,1.6886796043348657,R10AFRICA
IMAGE 3.3,NAVIGATE Demand-2.0°C-ref,0.3542436380908087,0.6751444750251713,0.3207179081226162,0.629518974387218,1.9796249956258143,R10AFRICA
IMAGE 3.3,NAVIGATE Demand-2.0°C-tec_u,0.36262383953206945,0.7142612050221159,0.33610439559277855,0.6346161836234934,2.0476056237704574,R10AFRICA
MESSAGEix-GLOBIOM 2.0-M-R12-NGFS,NGFS Phase 5-Below 2°C,0.39088162249000075,0.4061844289339983,0.2513254595519993,0.5423600539882162,1.5907515649642145,R10AFRICA
MESSAGEix-GLOBIOM 2.0-M-R12-NGFS,NGFS Phase 5-Delayed Transition,0.3202417067894404,0.5142659470612814,0.30724556959276234,0.6262461293849929,1.7679993528284772,R10AFRICA
MESSAGEix-GLOBIOM 2.0-M-R12-NGFS,NGFS Phase 5-Low Demand,0.41440316889946555,0.22459481280785915,0.35290514686867275,0.49922551400867576,1.4911286425846733,R10AFRICA
MESSAGEix-GLOBIOM 2.0-M-R12-NGFS,NGFS Phase 5-Nationally Determined Contributions (NDCs),0.3855653341662849,0.42200930499405487,0.22652123174495103,0.5311097615996258,1.5652056325049166,R10AFRICA
MESSAGEix-GLOBIOM 2.0-M-R12-NGFS,NGFS Phase 5-Net-Zero 2050,0.46330272338540446,0.0020448457499441124,0.24931839829068028,0.4596849762074165,1.1743509436334452,R10AFRICA
POLES-JRC ENGAGE,ENGAGE-INDCi2030-1000,0.4581013930256572,0.7487292331304678,0.7737995901683479,0.16200480720806879,2.1426350235325415,R10AFRICA
POLES-JRC ENGAGE,ENGAGE-INDCi2030-1000-COV,0.5845347378812481,0.8204342839810216,0.8541246302681658,0.07029282064096525,2.3293864727714007,R10AFRICA
POLES-JRC ENGAGE,ENGAGE-INDCi2030-1000-COV-NDCp,0.5853829999187007,0.7956292838463118,0.809001471280012,0.0,2.1900137550450247,R10AFRICA
POLES-JRC ENGAGE,ENGAGE-INDCi2030-1000-NDCp,0.45031499373562023,0.7962734290285555,0.8668999969154412,0.034833483520054664,2.148321903199671,R10AFRICA
POLES-JRC ENGAGE,ENGAGE-INDCi2030-1000f,0.47748296196049494,0.8236930952452562,0.8138477577717944,0.16200480720806879,2.2770286221856146,R10AFRICA
POLES-JRC ENGAGE,ENGAGE-INDCi2030-1000f-COV,0.6236758764329484,0.8673854399890166,0.8778184373803379,0.07029282064096525,2.439172574443268,R10AFRICA
POLES-JRC ENGAGE,ENGAGE-INDCi2030-1000f-COV-NDCp,0.6339900705076049,0.8364072829831062,0.8094736793509223,0.0,2.2798710328416334,R10AFRICA
POLES-JRC ENGAGE,ENGAGE-INDCi2030-1000f-NDCp,0.5019603597530584,0.8744913152430805,0.9034529286332421,0.034833483520054664,2.314738087149436,R10AFRICA
POLES-JRC ENGAGE,ENGAGE-INDCi2030-1200,0.4872082931753791,0.8320108500611311,0.8079434984323608,0.16200480720806879,2.2891674488769396,R10AFRICA
POLES-JRC ENGAGE,ENGAGE-INDCi2030-1200f,0.5134834721314071,0.8620647273081353,0.8091382360047215,0.16200480720806879,2.3466912426523328,R10AFRICA
POLES-JRC ENGAGE,ENGAGE-INDCi2030-300f,0.4726072180721451,0.6561238623908386,0.7093130020135041,0.16200480720806879,2.0000488896845567,R10AFRICA
POLES-JRC ENGAGE,ENGAGE-INDCi2030-400f,0.46756173407225915,0.667955078596108,0.7228142178308241,0.16200480720806879,2.02033583770726,R10AFRICA
POLES-JRC ENGAGE,ENGAGE-INDCi2030-500f,0.46303734974757904,0.7085868092478536,0.7479193401435292,0.16200480720806879,2.081548306347031,R10AFRICA
POLES-JRC ENGAGE,ENGAGE-INDCi2030-600f,0.45930545618897445,0.7338824450974255,0.7641106214614645,0.16200480720806879,2.119303329955933,R10AFRICA
POLES-JRC ENGAGE,ENGAGE-INDCi2030-600f-COV,0.5804472513731985,0.7397416528786971,0.815740267919982,0.07029282064096525,2.206221992812843,R10AFRICA
POLES-JRC ENGAGE,ENGAGE-INDCi2030-600f-COV-NDCp,0.5742021194641638,0.6926445918431057,0.7719916583418291,0.0,2.0388383696490986,R10AFRICA
POLES-JRC ENGAGE,ENGAGE-INDCi2030-600f-NDCp,0.4417120811274573,0.7635989548324112,0.8685993647478402,0.034833483520054664,2.1087438842277635,R10AFRICA
POLES-JRC ENGAGE,ENGAGE-INDCi2030-700f,0.4594857980792578,0.7553168080020558,0.7838555528636268,0.16200480720806879,2.1606629661530095,R10AFRICA
POLES-JRC ENGAGE,ENGAGE-INDCi2030-800f,0.460180917956033,0.7770368903301983,0.7983252743703906,0.16200480720806879,2.1975478898646905,R10AFRICA
POLES-JRC ENGAGE,ENGAGE-INDCi2030-900,0.47561821801035314,0.6358645540245543,0.6987985234942424,0.16200480720806879,1.9722861027372187,R10AFRICA
POLES-JRC ENGAGE,ENGAGE-INDCi2030-900f,0.4685853977982029,0.8047727887742263,0.8070298467325808,0.16200480720806879,2.242392840513079,R10AFRICA
POLES-JRC ENGAGE,ENGAGE-NPi2020-1000f,0.5994548457101615,0.8710572428324855,0.800987053672599,0.08121835049832601,2.352717492713572,R10AFRICA
POLES-JRC ENGAGE,ENGAGE-NPi2020-1000f-COV,0.7541864499043125,0.9074529720412329,0.8851866123734664,0.013874195641633811,2.5607002299606454,R10AFRICA
POLES-JRC ENGAGE,ENGAGE-NPi2020-1200f,0.6035122656682314,0.8981635418431225,0.8327868301608674,0.08915787532217981,2.423620512994401,R10AFRICA
POLES-JRC ENGAGE,ENGAGE-NPi2020-900f,0.5934028469761086,0.8522159149114039,0.7873516324796412,0.07270782980097133,2.3056782241681253,R10AFRICA
REMIND-MAgPIE 2.1-4.2,NGFS Phase 2-Delayed Transition,0.09913500602807941,0.5556459053051478,0.6711420508756679,1.0,2.325922962208895,R10AFRICA
REMIND-MAgPIE 3.2.0-4.8.0,RESCUE-End-of-Century-Budget-1150,0.01410238306995168,0.5490185512442097,0.4786714443970769,0.2898613045701365,1.3316536832813748,R10AFRICA
REMIND-MAgPIE 3.2.0-4.8.0,RESCUE-End-of-Century-Budget-1150-with-OAE,0.013726309407078122,0.5477974835562122,0.4773009254204831,0.2898613045701365,1.32868602295391,R10AFRICA
REMIND-MAgPIE 3.2.0-4.8.0,RESCUE-End-of-Century-Budget-500,0.029525877669577545,0.4524790051755295,0.4588445542856077,0.2898613045701365,1.2307107417008512,R10AFRICA
REMIND-MAgPIE 3.2.0-4.8.0,RESCUE-End-of-Century-Budget-500-with-OAE,0.027385073894361605,0.45178642924275164,0.4563848015231705,0.2898613045701365,1.22541760923042,R10AFRICA
REMIND-MAgPIE 3.2.0-4.8.0,RESCUE-Peak-Budget-1150,0.03737358928940039,0.34327901050766646,0.4142750422238386,0.18220674840098755,0.9771343904218929,R10AFRICA
REMIND-MAgPIE 3.2.0-4.8.0,RESCUE-Peak-Budget-1150-with-OAE,0.0379070886963715,0.34733060388112236,0.4154018478159288,0.17728938269123234,0.9779289230846551,R10AFRICA
REMIND-MAgPIE 3.3-4.8,NGFS Phase 5-Below 2°C,0.058720710249054474,0.32099960417073187,0.4228938374488904,0.22484137947414345,1.0274555313428204,R10AFRICA
REMIND-MAgPIE 3.3-4.8,NGFS Phase 5-Delayed Transition,0.03843164680790792,0.4630345203942924,0.45165777655306194,0.47299730064324597,1.4261212443985083,R10AFRICA
REMIND-MAgPIE 3.3-4.8,NGFS Phase 5-Low Demand,0.07170458306715086,0.45013000916377255,0.5973134587487867,0.1732180183602432,1.2923660693399532,R10AFRICA
REMIND-MAgPIE 3.3-4.8,NGFS Phase 5-Net-Zero 2050,0.09973095105689646,0.0,0.3818290981216057,0.15505527755298357,0.6366153267314857,R10AFRICA
WITCH 5.0,ENGAGE-INDCi2030-1000,0.10822255542128208,0.9375734143213477,0.8692536196784701,0.4465015862007594,2.3615511756218592,R10AFRICA
WITCH 5.0,ENGAGE-INDCi2030-1000-NDCp,0.10853752723256288,0.9197292465410737,0.7636195863195898,0.37106951717160086,2.1629558772648276,R10AFRICA
WITCH 5.0,ENGAGE-INDCi2030-1000f,0.10743341711543096,0.9464704240060472,0.9742237145763203,0.4465015862007594,2.474629141898558,R10AFRICA
WITCH 5.0,ENGAGE-INDCi2030-1000f-NDCp,0.10758647957431956,0.9325810216351068,0.8926618633189717,0.37106951717160086,2.303898881699999,R10AFRICA
WITCH 5.0,ENGAGE-INDCi2030-1200,0.10649514059465258,0.9517838808253734,0.9226562101694953,0.4465015862007594,2.4274368177902805,R10AFRICA
WITCH 5.0,ENGAGE-INDCi2030-1200-NDCp,0.10680034066907554,0.9367452002615958,0.8465356367632785,0.37106951717160086,2.2611506948655506,R10AFRICA
WITCH 5.0,ENGAGE-INDCi2030-1200f,0.10604591434363562,0.9566325616940649,0.9874930185899061,0.4465015862007594,2.4966730808283657,R10AFRICA
WITCH 5.0,ENGAGE-INDCi2030-1200f-NDCp,0.10625142333321456,0.9441973456291678,0.9115965984398086,0.37106951717160086,2.3331148845737917,R10AFRICA
WITCH 5.0,ENGAGE-INDCi2030-1400,0.10465310725880161,0.966162731447071,1.0,0.4465015862007594,2.5173174249066324,R10AFRICA
WITCH 5.0,ENGAGE-INDCi2030-1400-NDCp,0.10498607467902019,0.9528045489025785,0.9379983037535218,0.37106951717160086,2.3668584445067213,R10AFRICA
WITCH 5.0,ENGAGE-INDCi2030-1400f,0.10445434694734188,0.9669134054609875,0.9980980368383704,0.4465015862007594,2.515967375447459,R10AFRICA
WITCH 5.0,ENGAGE-INDCi2030-1400f-NDCp,0.10401714911589705,0.9547408229396606,0.9404985683166505,0.37106951717160086,2.370326057543809,R10AFRICA
WITCH 5.0,ENGAGE-INDCi2030-1600-NDCp,0.10346189985275928,0.9628877497871704,0.9567840894438135,0.37106951717160086,2.394203256255344,R10AFRICA
WITCH 5.0,ENGAGE-INDCi2030-500f,0.12040969644229306,0.9073231807731392,0.8983017814120844,0.4465015862007594,2.372536244828276,R10AFRICA
WITCH 5.0,ENGAGE-INDCi2030-600f,0.11958894950862405,0.9156546176122693,0.8926514354927086,0.4465015862007594,2.374396588814361,R10AFRICA
WITCH 5.0,ENGAGE-INDCi2030-600f-NDCp,0.11607553558725119,0.8967835156058889,0.8179602533805458,0.37106951717160086,2.2018888217452868,R10AFRICA
WITCH 5.0,ENGAGE-INDCi2030-700f,0.11101161596597874,0.9244040363759368,0.9279854225466154,0.4465015862007594,2.40990266108929,R10AFRICA
WITCH 5.0,ENGAGE-INDCi2030-700f-NDCp,0.10944137570700112,0.9070620979581229,0.815132730259429,0.37106951717160086,2.202705721096154,R10AFRICA
WITCH 5.0,ENGAGE-INDCi2030-800,0.15470601752936872,0.9185332993468205,0.861080191698668,0.4465015862007594,2.3808210947756168,R10AFRICA
WITCH 5.0,ENGAGE-INDCi2030-800-NDCp,0.14144350829238747,0.8937922584612618,0.7301764384531699,0.37106951717160086,2.13648172237842,R10AFRICA
WITCH 5.0,ENGAGE-INDCi2030-800f,0.10864003632786422,0.9334518283152126,0.930262305864916,0.4465015862007594,2.4188557567087523,R10AFRICA
WITCH 5.0,ENGAGE-INDCi2030-800f-NDCp,0.1088994973347808,0.9158797896328015,0.8244128698438284,0.37106951717160086,2.220261673983012,R10AFRICA
WITCH 5.0,ENGAGE-INDCi2030-900,0.11134125582010233,0.9259709739894694,0.8417513461138967,0.4465015862007594,2.325565162124228,R10AFRICA
WITCH 5.0,ENGAGE-INDCi2030-900-NDCp,0.10945759004606728,0.9070795728076791,0.74427025650416,0.37106951717160086,2.1318769365295074,R10AFRICA
WITCH 5.0,ENGAGE-INDCi2030-900f,0.1080033582702342,0.9412585734017517,0.9624252528568406,0.4465015862007594,2.4581887707295857,R10AFRICA
WITCH 5.0,ENGAGE-INDCi2030-900f-NDCp,0.1082358011254786,0.9263889533127215,0.8788982053545321,0.37106951717160086,2.284592476964333,R10AFRICA
IMAGE 3.0,ENGAGE-INDCi2030-1000,0.5993661672965285,0.9047098444615975,0.14671339485753151,0.49679472916273,2.1475841357783874,R10CHINA+
IMAGE 3.0,ENGAGE-INDCi2030-1000f,0.23626682614958927,0.9238128142760063,0.16298306679885657,0.4964688617494348,1.819531568973887,R10CHINA+
IMAGE 3.0,ENGAGE-INDCi2030-1200,0.2511590569909325,0.8980556324809538,0.13069215262341013,0.49683037519062145,1.7767372172859177,R10CHINA+
IMAGE 3.0,ENGAGE-INDCi2030-1200f,0.19090171712264326,0.9389054266793004,0.19246166414185759,0.4963454003406253,1.8186142082844265,R10CHINA+
IMAGE 3.0,ENGAGE-INDCi2030-1400f,0.2006566749295967,0.940772015479152,0.21564185864166555,0.4963454003406253,1.8534159493910396,R10CHINA+
IMAGE 3.0,ENGAGE-INDCi2030-800f,0.5947973911072759,0.9054779353496388,0.1482564358235796,0.49655762405607556,2.14508938633657,R10CHINA+
IMAGE 3.0,ENGAGE-NPi2020-1000,0.47129810412259515,0.8852151141227197,0.09944213486245275,0.21483387761687284,1.6707892307246406,R10CHINA+
IMAGE 3.0,ENGAGE-NPi2020-1200,0.33423704796532816,0.8990618519713143,0.09569483461710294,0.2494320563804149,1.5784257909341601,R10CHINA+
IMAGE 3.0,ENGAGE-NPi2020-1400,0.2611192644116505,0.9263606410920682,0.11588583448607467,0.2977854161591753,1.6011511561489686,R10CHINA+
IMAGE 3.0,ENGAGE-NPi2020-1400f,0.3017481526523243,0.9372778519840191,0.16238988483652078,0.23014518378732535,1.6315610732601895,R10CHINA+
IMAGE 3.2,SSP2021-SSP1-SPA1-19-Default,0.9240850544237129,0.791866150971885,0.10740360557722882,0.475448537828934,2.2988033488017607,R10CHINA+
IMAGE 3.2,SSP2021-SSP1-SPA1-19-Lifestyle-Renewables,1.0,0.865816919145168,0.05439059256486263,0.38073616103561925,2.30094367274565,R10CHINA+
IMAGE 3.2,SSP2021-SSP1-SPA1-19-Renewables,0.5968392153916081,0.7049543959437928,0.1294450685243991,0.36396762593208065,1.7952063057918806,R10CHINA+
IMAGE 3.2,SSP2021-SSP1-SPA1-26-Default,0.4372136728620157,0.8261546814305164,0.10088464456922742,0.6947148226407627,2.058967821502522,R10CHINA+
IMAGE 3.2,SSP2021-SSP1-SPA1-26-Lifestyle,0.06854659045525235,0.798825890865165,0.18624295391530696,0.6663766905817954,1.7199921258175195,R10CHINA+
IMAGE 3.2,SSP2021-SSP1-SPA1-26-Lifestyle-Renewables,0.061302091735277515,0.8852850285207596,0.17148131444629125,0.72803455850652,1.8461029932088484,R10CHINA+
IMAGE 3.2,SSP2021-SSP1-SPA1-26-Renewables,0.22757317322405837,0.6267972941554404,0.26141005618124086,0.4498647734680801,1.5656452970288197,R10CHINA+
IMAGE 3.2,SSP2021-SSP2-SPA0-26-Default,0.5571403837945582,1.0,0.03140751911896579,0.609343549127344,2.197891452040868,R10CHINA+
IMAGE 3.2,SSP2021-SSP2-SPA2-19-Renewables,0.48984294824007835,0.8626170004386133,0.0,0.053230089894031704,1.4056900385727233,R10CHINA+
IMAGE 3.2,SSP2021-SSP2-SPA2-26-Default,0.3084829483629963,0.9983270506629527,0.010997433604490495,0.7465480552115411,2.0643554878419805,R10CHINA+
IMAGE 3.2,SSP2021-SSP2-SPA2-26-Lifestyle,0.3415479770266403,0.9853180225800541,0.08640256880743201,0.6411518919339382,2.0544204603480645,R10CHINA+
IMAGE 3.2,SSP2021-SSP2-SPA2-26-Lifestyle-Renewables,0.09997802530461612,0.9012206198191186,0.10072014829871448,0.5032604477190102,1.6051792411414596,R10CHINA+
IMAGE 3.2,SSP2021-SSP2-SPA2-26-Renewables,0.8558528027635314,0.9109011510403677,0.03573732029646389,0.6071310153637225,2.4096222894640853,R10CHINA+
IMAGE 3.3,NAVIGATE Demand-1.5°C-ele_u,0.12691507412588926,0.06685150950285472,0.7422363880224463,0.3178623728192865,1.2538653444704768,R10CHINA+
IMAGE 3.3,NAVIGATE Demand-1.5°C-tec_u,0.12362453907496651,0.16979450282366496,0.8234511001300795,0.22306144321492152,1.3399315852436327,R10CHINA+
IMAGE 3.3,NAVIGATE Demand-2.0°C-ele_u,0.0,0.518761992215093,0.6214379913751165,0.7405960051070398,1.8807959886972494,R10CHINA+
IMAGE 3.3,NAVIGATE Demand-2.0°C-ref,0.012480255372707237,0.6182178529401923,0.4406916795778679,0.6919326520798523,1.7633224399706198,R10CHINA+
IMAGE 3.3,NAVIGATE Demand-2.0°C-tec_u,0.02274543742847418,0.6046565632521244,0.5519587678225663,0.7284401964053132,1.9078009649084782,R10CHINA+
MESSAGEix-GLOBIOM 2.0-M-R12-NGFS,NGFS Phase 5-Below 2°C,0.30989204831163775,0.27225135855343685,0.8533533455640443,0.43170557976010776,1.8672023321892266,R10CHINA+
MESSAGEix-GLOBIOM 2.0-M-R12-NGFS,NGFS Phase 5-Delayed Transition,0.282852282894965,0.4760999103760017,0.7712037112124868,0.7565811811138634,2.286737085597317,R10CHINA+
MESSAGEix-GLOBIOM 2.0-M-R12-NGFS,NGFS Phase 5-Low Demand,0.30955413121465114,0.3177800255319659,0.5995414536162041,0.3199487332626736,1.5468243436254947,R10CHINA+
MESSAGEix-GLOBIOM 2.0-M-R12-NGFS,NGFS Phase 5-Nationally Determined Contributions (NDCs),0.2735708370928076,0.6228097013187524,1.0,0.7723422797230274,2.6687228181345874,R10CHINA+
MESSAGEix-GLOBIOM 2.0-M-R12-NGFS,NGFS Phase 5-Net-Zero 2050,0.3207243420568843,0.0,0.8419016684509529,0.30253692142913796,1.4651629319369752,R10CHINA+
POLES-JRC ENGAGE,ENGAGE-INDCi2030-1000,0.49557224031106817,0.6553077787907885,0.529256909988419,0.9138482452995078,2.5939851743897835,R10CHINA+
POLES-JRC ENGAGE,ENGAGE-INDCi2030-1000-COV,0.4917283475826726,0.7064658377270714,0.47867622249965075,0.7569562557004402,2.433826663509835,R10CHINA+
POLES-JRC ENGAGE,ENGAGE-INDCi2030-1000-COV-NDCp,0.49131956651498904,0.7061995575643557,0.4791084672934885,0.8418167271240229,2.518444318496856,R10CHINA+
POLES-JRC ENGAGE,ENGAGE-INDCi2030-1000-NDCp,0.49289979147051716,0.6625598912833697,0.5087674155256038,0.9457003010870317,2.6099273993665224,R10CHINA+
POLES-JRC ENGAGE,ENGAGE-INDCi2030-1000f,0.4838131369920992,0.7256279122538318,0.4608760753946215,0.9138482452995078,2.5841653699400604,R10CHINA+
POLES-JRC ENGAGE,ENGAGE-INDCi2030-1000f-COV,0.4771257501563063,0.7364167267160459,0.45165156602642575,0.7569562557004402,2.422150298599218,R10CHINA+
POLES-JRC ENGAGE,ENGAGE-INDCi2030-1000f-COV-NDCp,0.48104330170111426,0.7458193050059654,0.44536120511736976,0.8418166136683543,2.514040425492804,R10CHINA+
POLES-JRC ENGAGE,ENGAGE-INDCi2030-1000f-NDCp,0.48277294077949556,0.7295279372901958,0.43360831550873596,0.9457004136575816,2.5916096072360086,R10CHINA+
POLES-JRC ENGAGE,ENGAGE-INDCi2030-1200,0.47746428345687186,0.7367490824658345,0.44808740228393107,0.9138482452995078,2.5761490135061447,R10CHINA+
POLES-JRC ENGAGE,ENGAGE-INDCi2030-1200f,0.47178118124728946,0.7646544833559927,0.43824421900904215,0.9138482452995078,2.588528128911832,R10CHINA+
POLES-JRC ENGAGE,ENGAGE-INDCi2030-300f,0.504488106928963,0.5268786202322825,0.6225471243945403,0.9138482452995078,2.5677620968552937,R10CHINA+
POLES-JRC ENGAGE,ENGAGE-INDCi2030-400f,0.5054620199291613,0.5443436332789718,0.6152979611557268,0.9138482452995078,2.578951859663367,R10CHINA+
POLES-JRC ENGAGE,ENGAGE-INDCi2030-500f,0.5041585685447514,0.5949041551402838,0.5818340666320804,0.9138482452995078,2.594745035616623,R10CHINA+
POLES-JRC ENGAGE,ENGAGE-INDCi2030-600f,0.5014322408622507,0.6309411070484543,0.5516075951891476,0.9138482452995078,2.59782918839936,R10CHINA+
POLES-JRC ENGAGE,ENGAGE-INDCi2030-600f-COV,0.5003839960996892,0.6407749219983805,0.5493986682091564,0.7569562557004402,2.447513842007666,R10CHINA+
POLES-JRC ENGAGE,ENGAGE-INDCi2030-600f-COV-NDCp,0.5024254725276568,0.6385615525222268,0.555062527891504,0.8418166136683543,2.5378661666097417,R10CHINA+
POLES-JRC ENGAGE,ENGAGE-INDCi2030-600f-NDCp,0.5031928592652656,0.6174638309223385,0.5732006744845761,0.9457003010870317,2.6395576657592117,R10CHINA+
POLES-JRC ENGAGE,ENGAGE-INDCi2030-700f,0.49666264973768176,0.6662371995594761,0.5245353752796275,0.9138482452995078,2.601283469876293,R10CHINA+
POLES-JRC ENGAGE,ENGAGE-INDCi2030-800f,0.4921634242493901,0.6899099533856322,0.501496319758769,0.9138482452995078,2.5974179426932986,R10CHINA+
POLES-JRC ENGAGE,ENGAGE-INDCi2030-900,0.5058411766429832,0.5091637191269495,0.629901487138219,0.9138482452995078,2.5587546282076596,R10CHINA+
POLES-JRC ENGAGE,ENGAGE-INDCi2030-900f,0.4875922195985361,0.7166859237826928,0.46856794996656054,0.9138482452995078,2.5866943386472974,R10CHINA+
POLES-JRC ENGAGE,ENGAGE-NPi2020-1000f,0.47081907401534484,0.7859415606375044,0.4320175023975137,0.8536429824876992,2.542421119538062,R10CHINA+
POLES-JRC ENGAGE,ENGAGE-NPi2020-1000f-COV,0.4653395972449356,0.7925626151950893,0.44804292230564813,1.0,2.705945134745673,R10CHINA+
POLES-JRC ENGAGE,ENGAGE-NPi2020-1200f,0.4556391674491037,0.8130678486723656,0.443753304660807,0.9124256964197246,2.6248860172020008,R10CHINA+
POLES-JRC ENGAGE,ENGAGE-NPi2020-900f,0.4809493145737894,0.7543916592372062,0.4391813408995418,0.7813085847660232,2.4558308994765605,R10CHINA+
REMIND-MAgPIE 2.1-4.2,NGFS Phase 2-Delayed Transition,0.2889201049048447,0.5622854866725999,0.552301688575453,0.4073456312679567,1.8108529114208542,R10CHINA+
REMIND-MAgPIE 3.2.0-4.8.0,RESCUE-End-of-Century-Budget-1150,0.03450492923243925,0.5273375445192814,0.8899675800527677,0.7940812201166692,2.245891273921157,R10CHINA+
REMIND-MAgPIE 3.2.0-4.8.0,RESCUE-End-of-Century-Budget-1150-with-OAE,0.03384850039883432,0.5264013310896166,0.8912478937432251,0.7940812201166692,2.245578945348345,R10CHINA+
REMIND-MAgPIE 3.2.0-4.8.0,RESCUE-End-of-Century-Budget-500,0.06583147188907018,0.4801449538728678,0.8836513469736291,0.7940812201166692,2.223708992852236,R10CHINA+
REMIND-MAgPIE 3.2.0-4.8.0,RESCUE-End-of-Century-Budget-500-with-OAE,0.0632893589926965,0.47911721664159357,0.8881222674398898,0.7940812201166692,2.224610063190849,R10CHINA+
REMIND-MAgPIE 3.2.0-4.8.0,RESCUE-Peak-Budget-1150,0.15754180934693562,0.2560767094563433,0.9668559979632878,0.6310480483037618,2.0115225650703286,R10CHINA+
REMIND-MAgPIE 3.2.0-4.8.0,RESCUE-Peak-Budget-1150-with-OAE,0.15484074040276521,0.2585523300146266,0.9652061557199404,0.6418371619269718,2.020436388064304,R10CHINA+
REMIND-MAgPIE 3.3-4.8,NGFS Phase 5-Below 2°C,0.14696807891578237,0.3129672566033885,0.9094086478504532,0.5225382980340175,1.8918822814036413,R10CHINA+
REMIND-MAgPIE 3.3-4.8,NGFS Phase 5-Delayed Transition,0.1120295582694869,0.42939002842022683,0.8725680899455336,0.6617357472515496,2.0757234238867968,R10CHINA+
REMIND-MAgPIE 3.3-4.8,NGFS Phase 5-Low Demand,0.22873545917075125,0.23884863452108207,0.8187362869587627,0.0,1.286320380650596,R10CHINA+
REMIND-MAgPIE 3.3-4.8,NGFS Phase 5-Net-Zero 2050,0.24865860478166593,0.03129586831369433,0.9216820308659521,0.09801199372929598,1.2996484976906084,R10CHINA+
WITCH 5.0,ENGAGE-INDCi2030-1000,0.12658984745328117,0.39345930607354235,0.41243800569023725,0.4209830588830291,1.35347021810009,R10CHINA+
WITCH 5.0,ENGAGE-INDCi2030-1000-NDCp,0.12622965969974484,0.3774059266816138,0.40644499107612103,0.18418117059545178,1.0942617480529315,R10CHINA+
WITCH 5.0,ENGAGE-INDCi2030-1000f,0.1254867076490006,0.4015967140633668,0.4126134867762491,0.4209830588830291,1.3606799673716456,R10CHINA+
WITCH 5.0,ENGAGE-INDCi2030-1000f-NDCp,0.1252505325698171,0.38740368011931847,0.45951855932722,0.18418117059545178,1.1563539426118075,R10CHINA+
WITCH 5.0,ENGAGE-INDCi2030-1200,0.12503124556632136,0.40626578389141843,0.4654040381380914,0.4209830588830291,1.4176841264788602,R10CHINA+
WITCH 5.0,ENGAGE-INDCi2030-1200-NDCp,0.12490230303150629,0.39218089683421564,0.46222040865112446,0.18418117059545178,1.1634847791122982,R10CHINA+
WITCH 5.0,ENGAGE-INDCi2030-1200f,0.12471385041191069,0.4120796050335013,0.4671428733655436,0.4209830588830291,1.4249193876939847,R10CHINA+
WITCH 5.0,ENGAGE-INDCi2030-1200f-NDCp,0.1245224546193269,0.39738597923186725,0.4616723262332078,0.18418117059545178,1.1677619306798537,R10CHINA+
WITCH 5.0,ENGAGE-INDCi2030-1400,0.12377036477525723,0.41937305123925794,0.46759466624185886,0.4209830588830291,1.431721141139403,R10CHINA+
WITCH 5.0,ENGAGE-INDCi2030-1400-NDCp,0.12363921351100837,0.4030983547766976,0.4628405208599989,0.18418117059545178,1.1737592597431568,R10CHINA+
WITCH 5.0,ENGAGE-INDCi2030-1400f,0.1237523408613657,0.4208382054176282,0.4695173816136489,0.4209830588830291,1.4350909867756718,R10CHINA+
WITCH 5.0,ENGAGE-INDCi2030-1400f-NDCp,0.1234935739932723,0.40555922132614725,0.46240458097861353,0.18418117059545178,1.175638546893485,R10CHINA+
WITCH 5.0,ENGAGE-INDCi2030-1600-NDCp,0.12225221998712985,0.41253265157800434,0.5456626191025875,0.18418117059545178,1.2646286612631734,R10CHINA+
WITCH 5.0,ENGAGE-INDCi2030-500f,0.15255573196352326,0.36415203534468565,0.4074485905250014,0.4209830588830291,1.3451394167162396,R10CHINA+
WITCH 5.0,ENGAGE-INDCi2030-600f,0.1433631147464882,0.37577252204388073,0.4088117326595599,0.4209830588830291,1.348930428332958,R10CHINA+
WITCH 5.0,ENGAGE-INDCi2030-600f-NDCp,0.13865213027153994,0.35731345196761366,0.40545795798175993,0.18418117059545178,1.0856047108163653,R10CHINA+
WITCH 5.0,ENGAGE-INDCi2030-700f,0.13594361178158418,0.3833931687165415,0.4098991581533781,0.4209830588830291,1.350218997534533,R10CHINA+
WITCH 5.0,ENGAGE-INDCi2030-700f-NDCp,0.13281123952673396,0.368271967017744,0.4040180695853977,0.18418117059545178,1.0892824467253275,R10CHINA+
WITCH 5.0,ENGAGE-INDCi2030-800,0.18521992322442787,0.3609003864537238,0.4131690734230246,0.4209830588830291,1.3802724419842052,R10CHINA+
WITCH 5.0,ENGAGE-INDCi2030-800-NDCp,0.18488190708605753,0.34148964880319405,0.4086732384240586,0.18418117059545178,1.119225964908762,R10CHINA+
WITCH 5.0,ENGAGE-INDCi2030-800f,0.12843128853167318,0.3923773776332841,0.408957782972788,0.4209830588830291,1.3507495080207743,R10CHINA+
WITCH 5.0,ENGAGE-INDCi2030-800f-NDCp,0.12729009857228407,0.37572524635100263,0.4067652456437668,0.18418117059545178,1.0939617611625054,R10CHINA+
WITCH 5.0,ENGAGE-INDCi2030-900,0.14372380403597906,0.3818788671263551,0.4104017477200019,0.4209830588830291,1.3569874777653652,R10CHINA+
WITCH 5.0,ENGAGE-INDCi2030-900-NDCp,0.1327449689307617,0.3664850536137224,0.4066394535371811,0.18418117059545178,1.090050646677117,R10CHINA+
WITCH 5.0,ENGAGE-INDCi2030-900f,0.12628631068351565,0.39665900245440083,0.41287807329509935,0.4209830588830291,1.356806445316045,R10CHINA+
WITCH 5.0,ENGAGE-INDCi2030-900f-NDCp,0.12563160768312626,0.38133531829414047,0.4082906690612208,0.18418117059545178,1.0994387656339393,R10CHINA+
IMAGE 3.0,ENGAGE-INDCi2030-1000,0.11618984374047883,0.9177794926596331,0.12617858912936947,0.3121256553841932,1.4722735809136747,R10MIDDLE_EAST
IMAGE 3.0,ENGAGE-INDCi2030-1000f,0.057278974341639935,0.9582816976494531,0.10918968188804366,0.3122083874756804,1.4369587413548173,R10MIDDLE_EAST
IMAGE 3.0,ENGAGE-INDCi2030-1200,0.08761744732238191,0.9448209660056118,0.1190876046203168,0.31212880811292854,1.463654826061239,R10MIDDLE_EAST
IMAGE 3.0,ENGAGE-INDCi2030-1200f,0.06135673995069254,0.9716277583600716,0.06796682227624709,0.3087238999202358,1.409675220507247,R10MIDDLE_EAST
IMAGE 3.0,ENGAGE-INDCi2030-1400f,0.07631333759558447,0.9721519821836605,0.06296308599922545,0.3087238999202358,1.4201523056987062,R10MIDDLE_EAST
IMAGE 3.0,ENGAGE-INDCi2030-800f,0.11104832080098466,0.9247146776172526,0.12081023816194836,0.31220084564288403,1.4687740822230695,R10MIDDLE_EAST
IMAGE 3.0,ENGAGE-NPi2020-1000,0.17190725760302383,0.8929501454355513,0.16025454352160468,0.20758544587269523,1.4326973924328752,R10MIDDLE_EAST
IMAGE 3.0,ENGAGE-NPi2020-1200,0.23319031265619308,0.9378803266458748,0.13331865820279423,0.2183323575262069,1.5227216550310692,R10MIDDLE_EAST
IMAGE 3.0,ENGAGE-NPi2020-1400,0.19576208866656683,0.9464172527252915,0.12210789057426542,0.23417155232687584,1.4984587842929997,R10MIDDLE_EAST
IMAGE 3.0,ENGAGE-NPi2020-1400f,0.19628627853230401,0.9482543551740674,0.13082287310884652,0.21083445894336098,1.486197965758579,R10MIDDLE_EAST
IMAGE 3.2,SSP2021-SSP1-SPA1-19-Default,0.6532762799894838,0.812775303141951,0.13495745241928023,0.11305243940378615,1.7140614749545011,R10MIDDLE_EAST
IMAGE 3.2,SSP2021-SSP1-SPA1-19-Lifestyle-Renewables,0.3224517207536178,0.880633096168091,0.10845023194856451,0.12018100961141792,1.4317160584816913,R10MIDDLE_EAST
IMAGE 3.2,SSP2021-SSP1-SPA1-19-Renewables,1.0,0.6858543760981921,0.16781421127162394,0.11009012470924896,1.963758712079065,R10MIDDLE_EAST
IMAGE 3.2,SSP2021-SSP1-SPA1-26-Default,0.10890833984100869,0.8772714692775637,0.1314227395261639,0.14809703432796853,1.265699582972705,R10MIDDLE_EAST
IMAGE 3.2,SSP2021-SSP1-SPA1-26-Lifestyle,0.0044024550258593914,0.8970323561046339,0.139128933235372,0.1868476260882348,1.2274113704541003,R10MIDDLE_EAST
IMAGE 3.2,SSP2021-SSP1-SPA1-26-Lifestyle-Renewables,0.002534543560353627,0.9085410953105738,0.13323442063443303,0.19907098961844163,1.2433810491238022,R10MIDDLE_EAST
IMAGE 3.2,SSP2021-SSP1-SPA1-26-Renewables,0.0018006379857146942,0.6937546553803129,0.264624254754882,0.1555303137894561,1.1157098619103658,R10MIDDLE_EAST
IMAGE 3.2,SSP2021-SSP2-SPA0-26-Default,0.27488660633208656,1.0,0.2236709357718505,0.08590450000716465,1.5844620421111018,R10MIDDLE_EAST
IMAGE 3.2,SSP2021-SSP2-SPA2-19-Renewables,0.18664874098369633,0.6521511391110755,0.17681088739046139,0.0679024964274948,1.083513263912728,R10MIDDLE_EAST
IMAGE 3.2,SSP2021-SSP2-SPA2-26-Default,0.15551189904127796,0.9857556951266453,0.03876610376425787,0.2281061369928865,1.4081398349250678,R10MIDDLE_EAST
IMAGE 3.2,SSP2021-SSP2-SPA2-26-Lifestyle,0.03493893003272512,0.981626920900968,0.0,0.23419638396151093,1.250762234895204,R10MIDDLE_EAST
IMAGE 3.2,SSP2021-SSP2-SPA2-26-Lifestyle-Renewables,0.006990951119222385,0.8904817393343348,0.09945422096034949,0.23645407533071292,1.2333809867446195,R10MIDDLE_EAST
IMAGE 3.2,SSP2021-SSP2-SPA2-26-Renewables,0.5116106676113331,0.8955502518931437,0.07692566214572619,0.2488156382264514,1.7329022198766544,R10MIDDLE_EAST
IMAGE 3.3,NAVIGATE Demand-1.5°C-ele_u,0.036271740765636155,0.05670913234361183,0.37516300884264114,0.0,0.4681438819518891,R10MIDDLE_EAST
IMAGE 3.3,NAVIGATE Demand-1.5°C-tec_u,0.04690672385975352,0.3068430180785699,0.4124676460221882,0.006976143015059501,0.7731935309755711,R10MIDDLE_EAST
IMAGE 3.3,NAVIGATE Demand-2.0°C-ele_u,0.025337167071626303,0.5743678695076535,0.117085625240801,0.08549399474497073,0.8022846565650515,R10MIDDLE_EAST
IMAGE 3.3,NAVIGATE Demand-2.0°C-ref,0.021139118543947684,0.7876698783915195,0.051756207319847085,0.0731428151945946,0.9337080194499089,R10MIDDLE_EAST
IMAGE 3.3,NAVIGATE Demand-2.0°C-tec_u,0.023049527955072154,0.7442502024893561,0.13660239962614376,0.08331610320635076,0.9872182332769228,R10MIDDLE_EAST
MESSAGEix-GLOBIOM 2.0-M-R12-NGFS,NGFS Phase 5-Below 2°C,0.014221563258808242,0.7169583669221891,0.4363071930234345,0.8607957045270789,2.0282828277315104,R10MIDDLE_EAST
MESSAGEix-GLOBIOM 2.0-M-R12-NGFS,NGFS Phase 5-Delayed Transition,0.01863111736294283,0.7369471185640637,0.5693739892713886,1.0,2.324952225198395,R10MIDDLE_EAST
MESSAGEix-GLOBIOM 2.0-M-R12-NGFS,NGFS Phase 5-Low Demand,0.02913811252823521,0.5324007386904439,0.4387165128138315,0.7552346744207584,1.755490038453269,R10MIDDLE_EAST
MESSAGEix-GLOBIOM 2.0-M-R12-NGFS,NGFS Phase 5-Nationally Determined Contributions (NDCs),0.025029352241696664,0.5970267348574869,0.38531801855625186,0.8111854450335033,1.818559550688939,R10MIDDLE_EAST
MESSAGEix-GLOBIOM 2.0-M-R12-NGFS,NGFS Phase 5-Net-Zero 2050,0.03168139561005029,0.27436207248544303,0.5311613324384175,0.7339790880288677,1.5711838885627785,R10MIDDLE_EAST
POLES-JRC ENGAGE,ENGAGE-INDCi2030-1000,0.05034281956211349,0.7735999125579438,0.6375611429019317,0.24932402221302455,1.7108278972350135,R10MIDDLE_EAST
POLES-JRC ENGAGE,ENGAGE-INDCi2030-1000-COV,0.045489531998652265,0.8232621971706329,0.3933693347259014,0.16298796967838303,1.4251090335735699,R10MIDDLE_EAST
POLES-JRC ENGAGE,ENGAGE-INDCi2030-1000-COV-NDCp,0.04456188204507742,0.816793518070603,0.3548102701333594,0.16234253281606545,1.3785082030651052,R10MIDDLE_EAST
POLES-JRC ENGAGE,ENGAGE-INDCi2030-1000-NDCp,0.053279086398550606,0.779493732462081,0.6645245489145486,0.4078387377562095,1.9051361055313898,R10MIDDLE_EAST
POLES-JRC ENGAGE,ENGAGE-INDCi2030-1000f,0.03572439962956727,0.8271343126835555,0.5408468228416373,0.24932402221302455,1.6530295573677847,R10MIDDLE_EAST
POLES-JRC ENGAGE,ENGAGE-INDCi2030-1000f-COV,0.0349760121444552,0.852990560720836,0.4754861449248509,0.16298796967838303,1.5264406874685252,R10MIDDLE_EAST
POLES-JRC ENGAGE,ENGAGE-INDCi2030-1000f-COV-NDCp,0.03312352489156799,0.8596157019669046,0.38912530747711627,0.16237481622230446,1.4442393505578934,R10MIDDLE_EAST
POLES-JRC ENGAGE,ENGAGE-INDCi2030-1000f-NDCp,0.0388593537267261,0.864403729097929,0.6214257225426412,0.40787441728805657,1.9325632226553529,R10MIDDLE_EAST
POLES-JRC ENGAGE,ENGAGE-INDCi2030-1200,0.03540200053645038,0.8373529515588563,0.5543009611054258,0.24932402221302455,1.6763799354137572,R10MIDDLE_EAST
POLES-JRC ENGAGE,ENGAGE-INDCi2030-1200f,0.02636088410001455,0.8579698683052809,0.6892396633181423,0.24932402221302455,1.8228944379364622,R10MIDDLE_EAST
POLES-JRC ENGAGE,ENGAGE-INDCi2030-300f,0.05354822172395614,0.7470484704229513,0.6643086661460873,0.24932402221302455,1.7142293805060194,R10MIDDLE_EAST
POLES-JRC ENGAGE,ENGAGE-INDCi2030-400f,0.05469479038957785,0.7485041998545134,0.6576810062980346,0.24932402221302455,1.7102040187551506,R10MIDDLE_EAST
POLES-JRC ENGAGE,ENGAGE-INDCi2030-500f,0.055033856848153095,0.761541612761859,0.6446454911222916,0.24932402221302455,1.7105449829453283,R10MIDDLE_EAST
POLES-JRC ENGAGE,ENGAGE-INDCi2030-600f,0.05346430826961363,0.7679976932998812,0.6395655225521548,0.24932402221302455,1.7103515463346741,R10MIDDLE_EAST
POLES-JRC ENGAGE,ENGAGE-INDCi2030-600f-COV,0.05653916549014872,0.7893112343233457,0.6121347472865916,0.16298796967838303,1.6209731167784691,R10MIDDLE_EAST
POLES-JRC ENGAGE,ENGAGE-INDCi2030-600f-COV-NDCp,0.056075848377749316,0.7911810209737019,0.4891513913755269,0.16237481622230446,1.4987830769492825,R10MIDDLE_EAST
POLES-JRC ENGAGE,ENGAGE-INDCi2030-600f-NDCp,0.05860497278795815,0.7316090639451919,0.688311548338397,0.4078387377562095,1.8863643228277565,R10MIDDLE_EAST
POLES-JRC ENGAGE,ENGAGE-INDCi2030-700f,0.05049005312922936,0.7778469266017736,0.639258277108584,0.24932402221302455,1.7169192790526115,R10MIDDLE_EAST
POLES-JRC ENGAGE,ENGAGE-INDCi2030-800f,0.045914977873758145,0.7862340541584653,0.6552874816085201,0.24932402221302455,1.736760535853768,R10MIDDLE_EAST
POLES-JRC ENGAGE,ENGAGE-INDCi2030-900,0.05711225103534755,0.7425073000309602,0.6795420977956361,0.24932402221302455,1.7284856710749685,R10MIDDLE_EAST
POLES-JRC ENGAGE,ENGAGE-INDCi2030-900f,0.04201782131073374,0.8208278113361258,0.4541991089930186,0.24932402221302455,1.566368763852903,R10MIDDLE_EAST
POLES-JRC ENGAGE,ENGAGE-NPi2020-1000f,0.0245257036352216,0.850107171633626,0.6780402678574511,0.20222270389730207,1.7548958470236007,R10MIDDLE_EAST
POLES-JRC ENGAGE,ENGAGE-NPi2020-1000f-COV,0.024701023642364442,0.865988469407116,0.6748455603342842,0.13355479586725616,1.699089849251021,R10MIDDLE_EAST
POLES-JRC ENGAGE,ENGAGE-NPi2020-1200f,0.019700973613308623,0.8638853568059757,0.7202242564462487,0.20969061367574376,1.8135012005412767,R10MIDDLE_EAST
POLES-JRC ENGAGE,ENGAGE-NPi2020-900f,0.028666531169048624,0.8381940551181699,0.6525777531771886,0.19280645239268665,1.7122447918570938,R10MIDDLE_EAST
REMIND-MAgPIE 2.1-4.2,NGFS Phase 2-Delayed Transition,0.05672428677079144,0.5276770836425521,0.7124070082108591,0.5801283609992453,1.876936739623448,R10MIDDLE_EAST
REMIND-MAgPIE 3.2.0-4.8.0,RESCUE-End-of-Century-Budget-1150,2.8634373534246768e-06,0.6738984371958422,0.7833461286027291,0.8666321875636976,2.3238796167996223,R10MIDDLE_EAST
REMIND-MAgPIE 3.2.0-4.8.0,RESCUE-End-of-Century-Budget-1150-with-OAE,0.0,0.673134465572249,0.7849278687980026,0.8666321875636976,2.324694521933949,R10MIDDLE_EAST
REMIND-MAgPIE 3.2.0-4.8.0,RESCUE-End-of-Century-Budget-500,0.003136895974730759,0.6072941826862657,0.8147478615822217,0.8666321875636976,2.2918111278069158,R10MIDDLE_EAST
REMIND-MAgPIE 3.2.0-4.8.0,RESCUE-End-of-Century-Budget-500-with-OAE,0.005818692357445051,0.5569814486427804,0.8352298220161044,0.8666321875636976,2.2646621505800275,R10MIDDLE_EAST
REMIND-MAgPIE 3.2.0-4.8.0,RESCUE-Peak-Budget-1150,0.00027155120134254016,0.31511443411530055,0.999364777321328,0.7325738897763662,2.0473246524143374,R10MIDDLE_EAST
REMIND-MAgPIE 3.2.0-4.8.0,RESCUE-Peak-Budget-1150-with-OAE,0.00016693490271737946,0.3109906685896615,1.0,0.7272192922536069,2.038376895745986,R10MIDDLE_EAST
REMIND-MAgPIE 3.3-4.8,NGFS Phase 5-Below 2°C,0.015254411297478543,0.40495024135185587,0.909057150788243,0.6756124425403071,2.0048742459778843,R10MIDDLE_EAST
REMIND-MAgPIE 3.3-4.8,NGFS Phase 5-Delayed Transition,0.001981399383635065,0.5136074193208304,0.9383376600505554,0.8218028132709484,2.2757292920259693,R10MIDDLE_EAST
REMIND-MAgPIE 3.3-4.8,NGFS Phase 5-Low Demand,0.16785547134403864,0.25627410755727004,0.7196767566093712,0.43311562885355814,1.576921964364238,R10MIDDLE_EAST
REMIND-MAgPIE 3.3-4.8,NGFS Phase 5-Net-Zero 2050,0.3236239931177707,0.0,0.7395131723627951,0.4830761642341143,1.54621332971468,R10MIDDLE_EAST
WITCH 5.0,ENGAGE-INDCi2030-1000,0.027431092394261915,0.7299158777845463,0.8661994739502186,0.7030523386782741,2.326598782807301,R10MIDDLE_EAST
WITCH 5.0,ENGAGE-INDCi2030-1000-NDCp,0.02743907726876572,0.7425965038878326,0.8504967805290033,0.675664049385371,2.296196411070973,R10MIDDLE_EAST
WITCH 5.0,ENGAGE-INDCi2030-1000f,0.023592129147851835,0.7402987830622176,0.8984387765082663,0.7030523386782741,2.36538202739661,R10MIDDLE_EAST
WITCH 5.0,ENGAGE-INDCi2030-1000f-NDCp,0.0235798652458285,0.7544636050010205,0.8705346283542486,0.675664049385371,2.3242421479864683,R10MIDDLE_EAST
WITCH 5.0,ENGAGE-INDCi2030-1200,0.0233967535534591,0.7515013063272542,0.8946076089604619,0.7030523386782741,2.3725580075194492,R10MIDDLE_EAST
WITCH 5.0,ENGAGE-INDCi2030-1200-NDCp,0.023414868436748833,0.7629760806470701,0.8795150990481053,0.675664049385371,2.3415700975172955,R10MIDDLE_EAST
WITCH 5.0,ENGAGE-INDCi2030-1200f,0.02332124466446546,0.7581892405146161,0.892153247065748,0.7030523386782741,2.3767160709231034,R10MIDDLE_EAST
WITCH 5.0,ENGAGE-INDCi2030-1200f-NDCp,0.023313271696094776,0.7705836474238935,0.8756395837401828,0.675664049385371,2.345200552245542,R10MIDDLE_EAST
WITCH 5.0,ENGAGE-INDCi2030-1400,0.023082279486044435,0.7703560056950758,0.8920668159771914,0.7030523386782741,2.388557439836586,R10MIDDLE_EAST
WITCH 5.0,ENGAGE-INDCi2030-1400-NDCp,0.0231200398762607,0.7807769319416771,0.8771378460126428,0.675664049385371,2.3566988672159517,R10MIDDLE_EAST
WITCH 5.0,ENGAGE-INDCi2030-1400f,0.023079290230486136,0.7711069799128017,0.892411046308232,0.7030523386782741,2.3896496551297934,R10MIDDLE_EAST
WITCH 5.0,ENGAGE-INDCi2030-1400f-NDCp,0.02308771988188854,0.782963723625071,0.8761917668327658,0.675664049385371,2.3579072597250965,R10MIDDLE_EAST
WITCH 5.0,ENGAGE-INDCi2030-1600-NDCp,0.01585974190766346,0.7942424429370523,0.9002160321651291,0.675664049385371,2.385982266395216,R10MIDDLE_EAST
WITCH 5.0,ENGAGE-INDCi2030-500f,0.0601708300253112,0.6939045074749208,0.780221008670823,0.7030523386782741,2.237348684849329,R10MIDDLE_EAST
WITCH 5.0,ENGAGE-INDCi2030-600f,0.059188450187723014,0.7061712982037154,0.7839357707485247,0.7030523386782741,2.2523478578182368,R10MIDDLE_EAST
WITCH 5.0,ENGAGE-INDCi2030-600f-NDCp,0.05911428975063743,0.7202141305663463,0.7698714672804513,0.675664049385371,2.2248639369828056,R10MIDDLE_EAST
WITCH 5.0,ENGAGE-INDCi2030-700f,0.05854444870079781,0.7162418937397041,0.7972649485812618,0.7030523386782741,2.2751036297000375,R10MIDDLE_EAST
WITCH 5.0,ENGAGE-INDCi2030-700f-NDCp,0.05754297771734104,0.7312763984412955,0.7802402889877622,0.675664049385371,2.2447237145317698,R10MIDDLE_EAST
WITCH 5.0,ENGAGE-INDCi2030-800,0.1440821042602126,0.7012429730275904,0.7778443578830629,0.7030523386782741,2.32622177384914,R10MIDDLE_EAST
WITCH 5.0,ENGAGE-INDCi2030-800-NDCp,0.14393944697066577,0.7149699336335881,0.755126801386114,0.675664049385371,2.289700231375739,R10MIDDLE_EAST
WITCH 5.0,ENGAGE-INDCi2030-800f,0.041418150456384126,0.7256442573941595,0.8378476990816572,0.7030523386782741,2.307962445610475,R10MIDDLE_EAST
WITCH 5.0,ENGAGE-INDCi2030-800f-NDCp,0.034665477397975854,0.7390957881148572,0.8108747169459987,0.675664049385371,2.260300031844203,R10MIDDLE_EAST
WITCH 5.0,ENGAGE-INDCi2030-900,0.09760049421346992,0.7174763099506054,0.8019632612576779,0.7030523386782741,2.3200924041000275,R10MIDDLE_EAST
WITCH 5.0,ENGAGE-INDCi2030-900-NDCp,0.05744237653386778,0.7315714196693472,0.7798979291573703,0.675664049385371,2.244575774745956,R10MIDDLE_EAST
WITCH 5.0,ENGAGE-INDCi2030-900f,0.025601114190589417,0.7329550796110217,0.8892652595635017,0.7030523386782741,2.350873792043387,R10MIDDLE_EAST
WITCH 5.0,ENGAGE-INDCi2030-900f-NDCp,0.025596915642438534,0.7468255153419077,0.8636287685879332,0.675664049385371,2.3117152489576505,R10MIDDLE_EAST
IMAGE 3.0,ENGAGE-INDCi2030-1000,0.9370370395090812,0.8124585237040463,0.047032865773530094,0.936225347635358,2.7327537766220154,R10EUROPE
IMAGE 3.0,ENGAGE-INDCi2030-1000f,0.8353544558414339,0.8251668509921386,0.041071788570147885,0.9657040258404611,2.6672971212441814,R10EUROPE
IMAGE 3.0,ENGAGE-INDCi2030-1200,0.8768316018333793,0.8275420748735478,0.04035995870019776,0.9375698168875503,2.682303452294675,R10EUROPE
IMAGE 3.0,ENGAGE-INDCi2030-1200f,0.7021741365030442,0.8051013366668088,0.028504223876163633,0.9644240909708236,2.50020378801684,R10EUROPE
IMAGE 3.0,ENGAGE-INDCi2030-1400f,0.6962556506373369,0.8060627404924068,0.02609350394112926,0.9644240909708236,2.4928359860416966,R10EUROPE
IMAGE 3.0,ENGAGE-INDCi2030-800f,0.9270046959499487,0.816711233719289,0.04982492615828345,0.9678137173833526,2.761354573210874,R10EUROPE
IMAGE 3.0,ENGAGE-NPi2020-1000,0.9736044417705773,0.8192334846968495,0.07445987665391761,0.9563210375031165,2.823618840624461,R10EUROPE
IMAGE 3.0,ENGAGE-NPi2020-1200,0.9024908979438677,0.8340638005383614,0.053172510762872265,0.976960714590255,2.7666879238353563,R10EUROPE
IMAGE 3.0,ENGAGE-NPi2020-1400,0.7710558200521981,0.8188153544777094,0.026932247478642715,1.0,2.6168034220085503,R10EUROPE
IMAGE 3.0,ENGAGE-NPi2020-1400f,0.7576089812594548,0.8126024640803673,0.027662675011966256,0.9549810417615101,2.5528551621132984,R10EUROPE
IMAGE 3.2,SSP2021-SSP1-SPA1-19-Default,0.4397021311837907,0.8280706380793527,0.058202560897090964,0.7083706113215865,2.0343459414818206,R10EUROPE
IMAGE 3.2,SSP2021-SSP1-SPA1-19-Lifestyle-Renewables,0.5877783176204154,0.8866054964827998,0.0,0.6627185193779147,2.13710233348113,R10EUROPE
IMAGE 3.2,SSP2021-SSP1-SPA1-19-Renewables,0.3060972038611076,0.7723855568682314,0.07202289203567759,0.703986302783958,1.8544919555489747,R10EUROPE
IMAGE 3.2,SSP2021-SSP1-SPA1-26-Default,0.16830586173073075,0.8662152354785645,0.18691502490595466,0.7829268582063104,2.0043629803215604,R10EUROPE
IMAGE 3.2,SSP2021-SSP1-SPA1-26-Lifestyle,0.4340281726920116,0.898607708896192,0.2726065223919544,0.7298949483920311,2.335137352372189,R10EUROPE
IMAGE 3.2,SSP2021-SSP1-SPA1-26-Lifestyle-Renewables,0.4562123479292548,0.9172915533197017,0.3506806621477049,0.8204406101446543,2.5446251735413155,R10EUROPE
IMAGE 3.2,SSP2021-SSP1-SPA1-26-Renewables,0.09864747955945286,0.8301418699097795,0.19870358832311003,0.7917128359528215,1.9192057737451638,R10EUROPE
IMAGE 3.2,SSP2021-SSP2-SPA0-26-Default,0.5721177083333251,1.0,0.33084728030672783,0.8130536731414659,2.7160186617815185,R10EUROPE
IMAGE 3.2,SSP2021-SSP2-SPA2-19-Renewables,1.0,0.8021290503130734,0.12518588765515454,0.7188073108095586,2.6461222487777865,R10EUROPE
IMAGE 3.2,SSP2021-SSP2-SPA2-26-Default,0.1626975511144258,0.9674565623512306,0.17968658706171123,0.9102236711152101,2.220064371642578,R10EUROPE
IMAGE 3.2,SSP2021-SSP2-SPA2-26-Lifestyle,0.42120034099940307,0.9761727573628122,0.29432244734314955,0.8562806713592428,2.547976217064608,R10EUROPE
IMAGE 3.2,SSP2021-SSP2-SPA2-26-Lifestyle-Renewables,0.34880514550067976,0.9125457078615352,0.34883480205461526,0.7294088915751386,2.339594546991969,R10EUROPE
IMAGE 3.2,SSP2021-SSP2-SPA2-26-Renewables,0.1293803541153269,0.9125836700489189,0.16621514410306032,0.9377578542702931,2.1459370225375993,R10EUROPE
IMAGE 3.3,NAVIGATE Demand-1.5°C-ele_u,0.07345072945941825,0.40306428050612586,0.40497541445974555,0.2689829967770056,1.1504734212022953,R10EUROPE
IMAGE 3.3,NAVIGATE Demand-1.5°C-tec_u,0.07302281671169493,0.4822750228717461,0.33958505162885133,0.24057118256451773,1.1354540737768102,R10EUROPE
IMAGE 3.3,NAVIGATE Demand-2.0°C-ele_u,0.00712630102872438,0.5326377578181336,0.37703596670039397,0.3277153556414243,1.2445153811886762,R10EUROPE
IMAGE 3.3,NAVIGATE Demand-2.0°C-ref,0.0,0.5893239145524929,0.39603502436594556,0.3107502060559462,1.2961091449743847,R10EUROPE
IMAGE 3.3,NAVIGATE Demand-2.0°C-tec_u,0.0002164570618792612,0.5941636477675349,0.36719675577288574,0.3309454092865165,1.2925222698888164,R10EUROPE
MESSAGEix-GLOBIOM 2.0-M-R12-NGFS,NGFS Phase 5-Below 2°C,0.2390994703472596,0.5375202984731439,0.40592284770269915,0.7277609563223465,1.910303572845449,R10EUROPE
MESSAGEix-GLOBIOM 2.0-M-R12-NGFS,NGFS Phase 5-Delayed Transition,0.2288973971085605,0.541673340331144,0.3731255861721296,0.7889664040559685,1.9326627276678026,R10EUROPE
MESSAGEix-GLOBIOM 2.0-M-R12-NGFS,NGFS Phase 5-Low Demand,0.29949575191461625,0.47953516885188574,0.32082621287872715,0.5449473008035916,1.6448044344488206,R10EUROPE
MESSAGEix-GLOBIOM 2.0-M-R12-NGFS,NGFS Phase 5-Nationally Determined Contributions (NDCs),0.21053480047541537,0.5937695290815284,0.45735953140934177,0.7269919812472465,1.9886558422135319,R10EUROPE
MESSAGEix-GLOBIOM 2.0-M-R12-NGFS,NGFS Phase 5-Net-Zero 2050,0.3086955329756712,0.25445926228187826,0.48261739969828193,0.4598658837108318,1.5056380786666632,R10EUROPE
POLES-JRC ENGAGE,ENGAGE-INDCi2030-1000,0.6131004018283869,0.5451685391011183,0.4415941593354606,0.8119640148189429,2.411827115083909,R10EUROPE
POLES-JRC ENGAGE,ENGAGE-INDCi2030-1000-COV,0.6151520805900428,0.581333624551313,0.4287936035435219,0.7610426891507438,2.3863219978356214,R10EUROPE
POLES-JRC ENGAGE,ENGAGE-INDCi2030-1000-COV-NDCp,0.6183167601478977,0.5294927388823046,0.4427128123230578,0.19761340582783032,1.7881357171810905,R10EUROPE
POLES-JRC ENGAGE,ENGAGE-INDCi2030-1000-NDCp,0.6107607500283057,0.48115716866214703,0.4448460800513583,0.11237698115989739,1.6491409799017083,R10EUROPE
POLES-JRC ENGAGE,ENGAGE-INDCi2030-1000f,0.589368207590664,0.5920702642902974,0.4464391304274534,0.8119640148189429,2.4398416171273576,R10EUROPE
POLES-JRC ENGAGE,ENGAGE-INDCi2030-1000f-COV,0.5973692043864143,0.6134433737484093,0.4327615492960307,0.7610426891507438,2.4046168165815978,R10EUROPE
POLES-JRC ENGAGE,ENGAGE-INDCi2030-1000f-COV-NDCp,0.5942541637413156,0.5666689846702214,0.4346831251815166,0.1976133178639941,1.7932195914570475,R10EUROPE
POLES-JRC ENGAGE,ENGAGE-INDCi2030-1000f-NDCp,0.5863456107124433,0.5206195351412215,0.44511632189087547,0.11237689398604042,1.6644583617305808,R10EUROPE
POLES-JRC ENGAGE,ENGAGE-INDCi2030-1200,0.5817933903483621,0.6033511658808526,0.44762105125638174,0.8119640148189429,2.444729622304539,R10EUROPE
POLES-JRC ENGAGE,ENGAGE-INDCi2030-1200f,0.5648717867283259,0.6236675889278616,0.44907962634670173,0.8119640148189429,2.449583016821832,R10EUROPE
POLES-JRC ENGAGE,ENGAGE-INDCi2030-300f,0.6590569530961587,0.5189146217797774,0.4613070903320669,0.8119640148189429,2.451242680026946,R10EUROPE
POLES-JRC ENGAGE,ENGAGE-INDCi2030-400f,0.6515768780042194,0.519171002585699,0.45821952377015157,0.8119640148189429,2.440931419179013,R10EUROPE
POLES-JRC ENGAGE,ENGAGE-INDCi2030-500f,0.6365042698247259,0.5270516970066979,0.4497076315200647,0.8119640148189429,2.4252276131704313,R10EUROPE
POLES-JRC ENGAGE,ENGAGE-INDCi2030-600f,0.6274839575155478,0.5334241358304666,0.4447495562346904,0.8119640148189429,2.4176216643996478,R10EUROPE
POLES-JRC ENGAGE,ENGAGE-INDCi2030-600f-COV,0.6375800791226972,0.543157706725747,0.4284836591608132,0.7610426891507438,2.370264134160001,R10EUROPE
POLES-JRC ENGAGE,ENGAGE-INDCi2030-600f-COV-NDCp,0.6396987610595446,0.48676365749475664,0.44670914700687736,0.1976133178639941,1.7707848834251727,R10EUROPE
POLES-JRC ENGAGE,ENGAGE-INDCi2030-600f-NDCp,0.6303396772402239,0.4553960040021335,0.44928892927265257,0.11237698115989739,1.6474015916749074,R10EUROPE
POLES-JRC ENGAGE,ENGAGE-INDCi2030-700f,0.6172478728790193,0.5470183078186125,0.4411894172788191,0.8119640148189429,2.4174196127953937,R10EUROPE
POLES-JRC ENGAGE,ENGAGE-INDCi2030-800f,0.6086039392471133,0.5566981150741767,0.4435216570348787,0.8119640148189429,2.4207877261751114,R10EUROPE
POLES-JRC ENGAGE,ENGAGE-INDCi2030-900,0.6505315697602355,0.519473308067677,0.46614061040590843,0.8119640148189429,2.448109503052764,R10EUROPE
POLES-JRC ENGAGE,ENGAGE-INDCi2030-900f,0.5987820537387867,0.5765895806742376,0.4440891065711928,0.8119640148189429,2.4314247558031603,R10EUROPE
POLES-JRC ENGAGE,ENGAGE-NPi2020-1000f,0.5752193000336979,0.6215965974544976,0.4530916526870192,0.7070293488560746,2.356936899031289,R10EUROPE
POLES-JRC ENGAGE,ENGAGE-NPi2020-1000f-COV,0.5878422752380655,0.6344280449998345,0.44308062965999356,0.7521549610060007,2.4175059109038943,R10EUROPE
POLES-JRC ENGAGE,ENGAGE-NPi2020-1200f,0.5587470664836448,0.6450943585029707,0.46141031619728606,0.7607731327176789,2.4260248739015804,R10EUROPE
POLES-JRC ENGAGE,ENGAGE-NPi2020-900f,0.5884820971750018,0.6018949647997368,0.4534332857954827,0.6495286347337074,2.2933389825039288,R10EUROPE
REMIND-MAgPIE 2.1-4.2,NGFS Phase 2-Delayed Transition,0.2168045315690547,0.08411221726894305,0.777116083560812,0.118555690218433,1.1965885226172428,R10EUROPE
REMIND-MAgPIE 3.2.0-4.8.0,RESCUE-End-of-Century-Budget-1150,0.13805221100151346,0.34991164535792946,0.7391920130614494,0.8104797408297186,2.0376356102506112,R10EUROPE
REMIND-MAgPIE 3.2.0-4.8.0,RESCUE-End-of-Century-Budget-1150-with-OAE,0.1377488895040711,0.34919803248565984,0.739655893107044,0.8104797408297186,2.0370825559264936,R10EUROPE
REMIND-MAgPIE 3.2.0-4.8.0,RESCUE-End-of-Century-Budget-500,0.1742499298660482,0.30267969653225246,0.7510554565763519,0.8104797408297186,2.038464823804371,R10EUROPE
REMIND-MAgPIE 3.2.0-4.8.0,RESCUE-End-of-Century-Budget-500-with-OAE,0.16739574314152936,0.3026499677967991,0.7513611362751571,0.8104797408297186,2.031886588043204,R10EUROPE
REMIND-MAgPIE 3.2.0-4.8.0,RESCUE-Peak-Budget-1150,0.17098369101584435,0.1832067440991796,0.7894201264933329,0.7030346320608781,1.8466451936692352,R10EUROPE
REMIND-MAgPIE 3.2.0-4.8.0,RESCUE-Peak-Budget-1150-with-OAE,0.17119481117243973,0.1842670774468998,0.7887131125930835,0.6932984057086224,1.8374734069210454,R10EUROPE
REMIND-MAgPIE 3.3-4.8,NGFS Phase 5-Below 2°C,0.27261334976529294,0.23467104090469051,0.7745772123224974,0.7644945316641641,2.0463561346566452,R10EUROPE
REMIND-MAgPIE 3.3-4.8,NGFS Phase 5-Delayed Transition,0.32283292247572526,0.20922961587964176,0.7640199687500152,0.8996674430683104,2.1957499501736923,R10EUROPE
REMIND-MAgPIE 3.3-4.8,NGFS Phase 5-Low Demand,0.349142571133767,0.18000056766011666,0.7302597189393487,0.2745549180311893,1.5339577757644216,R10EUROPE
REMIND-MAgPIE 3.3-4.8,NGFS Phase 5-Net-Zero 2050,0.5773088775871562,0.0,0.7947984187269894,0.36954711137920626,1.741654407693352,R10EUROPE
WITCH 5.0,ENGAGE-INDCi2030-1000,0.2679155731916293,0.11886605775028812,0.8168960935273475,0.0,1.203677724469265,R10EUROPE
WITCH 5.0,ENGAGE-INDCi2030-1000-NDCp,0.2683491289921154,0.1208284633927367,0.8188981923078191,0.0012572109882126408,1.2093329956808838,R10EUROPE
WITCH 5.0,ENGAGE-INDCi2030-1000f,0.26132208394292294,0.13684657316834078,0.815767123405923,0.0,1.2139357805171866,R10EUROPE
WITCH 5.0,ENGAGE-INDCi2030-1000f-NDCp,0.2611198073828685,0.14166561219016507,0.8158951676653157,0.0012572109882126408,1.2199377982265618,R10EUROPE
WITCH 5.0,ENGAGE-INDCi2030-1200,0.24600709203836385,0.14719924212391503,0.8495822631884329,0.0,1.2427885973507118,R10EUROPE
WITCH 5.0,ENGAGE-INDCi2030-1200-NDCp,0.24506100704231484,0.15148523342312328,0.8494871481526182,0.0012572109882126408,1.247290599606269,R10EUROPE
WITCH 5.0,ENGAGE-INDCi2030-1200f,0.2229165020625357,0.15391860718478093,0.8673188405746193,0.0,1.2441539498219358,R10EUROPE
WITCH 5.0,ENGAGE-INDCi2030-1200f-NDCp,0.22154602458578787,0.15794302743626626,0.8673933712795697,0.0012572109882126408,1.2481396342898365,R10EUROPE
WITCH 5.0,ENGAGE-INDCi2030-1400,0.1459182294039787,0.1560316151730378,0.931584531912518,0.0,1.2335343764895346,R10EUROPE
WITCH 5.0,ENGAGE-INDCi2030-1400-NDCp,0.14460144606072167,0.16255149727513174,0.938551166046517,0.0012572109882126408,1.2469613203705832,R10EUROPE
WITCH 5.0,ENGAGE-INDCi2030-1400f,0.14361011871064755,0.160321669808182,0.9363469781312287,0.0,1.2402787666500583,R10EUROPE
WITCH 5.0,ENGAGE-INDCi2030-1400f-NDCp,0.14404057344771304,0.1705492340080532,0.9354401314684596,0.0012572109882126408,1.2512871499124385,R10EUROPE
WITCH 5.0,ENGAGE-INDCi2030-1600-NDCp,0.11727710651903232,0.1833007526060892,1.0,0.0012572109882126408,1.3018350701133343,R10EUROPE
WITCH 5.0,ENGAGE-INDCi2030-500f,0.28271444639723314,0.021027511579602084,0.7764586274788862,0.0,1.0802005854557213,R10EUROPE
WITCH 5.0,ENGAGE-INDCi2030-600f,0.28209018792225377,0.06054718213007226,0.80976093617125,0.0,1.152398306223576,R10EUROPE
WITCH 5.0,ENGAGE-INDCi2030-600f-NDCp,0.2818744139399301,0.07067999074270592,0.8097116974094276,0.0012572109882126408,1.1635233130802762,R10EUROPE
WITCH 5.0,ENGAGE-INDCi2030-700f,0.27732466898947483,0.08911555117342465,0.8071735727340993,0.0,1.1736137928969987,R10EUROPE
WITCH 5.0,ENGAGE-INDCi2030-700f-NDCp,0.2763706745848718,0.09079291524383915,0.8148008877938887,0.0012572109882126408,1.1832216886108122,R10EUROPE
WITCH 5.0,ENGAGE-INDCi2030-800,0.2997514474832254,0.040025417059179696,0.7699840986329551,0.0,1.1097609631753602,R10EUROPE
WITCH 5.0,ENGAGE-INDCi2030-800-NDCp,0.29958492403481035,0.05094031441339683,0.7679913661292368,0.0012572109882126408,1.1197738155656567,R10EUROPE
WITCH 5.0,ENGAGE-INDCi2030-800f,0.27280867262919267,0.1064020411016338,0.8145410706341554,0.0,1.1937517843649819,R10EUROPE
WITCH 5.0,ENGAGE-INDCi2030-800f-NDCp,0.26654791083126655,0.10804482171346759,0.8230581095261481,0.0012572109882126408,1.198908053059095,R10EUROPE
WITCH 5.0,ENGAGE-INDCi2030-900,0.27737316384602717,0.0876015101942989,0.8063066000064995,0.0,1.1712812740468257,R10EUROPE
WITCH 5.0,ENGAGE-INDCi2030-900-NDCp,0.2764407882229677,0.0906125884738963,0.8082255115344698,0.0012572109882126408,1.1765360992195464,R10EUROPE
WITCH 5.0,ENGAGE-INDCi2030-900f,0.26742667136882403,0.12320528123272237,0.8167434124669347,0.0,1.207375365068481,R10EUROPE
WITCH 5.0,ENGAGE-INDCi2030-900f-NDCp,0.26159902600689744,0.126449236520383,0.8215840668139931,0.0012572109882126408,1.2108895403294861,R10EUROPE
IMAGE 3.0,ENGAGE-INDCi2030-1000,0.08044761865578948,0.9866499550402037,0.022607204408784436,0.42950849277519,1.5192132708799675,R10REST_ASIA
IMAGE 3.0,ENGAGE-INDCi2030-1000f,0.028652264958144824,1.0,0.05992413491131777,0.42702599513082573,1.5156023950002884,R10REST_ASIA
IMAGE 3.0,ENGAGE-INDCi2030-1200,0.06428629932156048,0.9973535324776672,0.11030039099081171,0.42616136789193937,1.5981015906819789,R10REST_ASIA
IMAGE 3.0,ENGAGE-INDCi2030-1200f,0.0014758641991147636,0.9987356915916259,0.052722304030322,0.42886569780018347,1.4817995576212462,R10REST_ASIA
IMAGE 3.0,ENGAGE-INDCi2030-1400f,0.0,0.9994372232166046,0.06561356437740004,0.42886569780018347,1.493916485394188,R10REST_ASIA
IMAGE 3.0,ENGAGE-INDCi2030-800f,0.08657439612738281,0.9902789839104874,0.02021762130016044,0.4339096019922171,1.5309806033302478,R10REST_ASIA
IMAGE 3.0,ENGAGE-NPi2020-1000,0.11040216609129556,0.9695330051718889,0.0,0.34878307012944465,1.428718241392629,R10REST_ASIA
IMAGE 3.0,ENGAGE-NPi2020-1200,0.10151254448694495,0.9823712490346973,0.09003400717325567,0.37051831740295144,1.5444361180978492,R10REST_ASIA
IMAGE 3.0,ENGAGE-NPi2020-1400,0.05358001007165554,0.9918424992059519,0.030922280504130314,0.39454091127323226,1.47088570105497,R10REST_ASIA
IMAGE 3.0,ENGAGE-NPi2020-1400f,0.05502781760777788,0.993388205588067,0.020914520452299648,0.3569886977484109,1.4263192413965553,R10REST_ASIA
IMAGE 3.2,SSP2021-SSP1-SPA1-19-Default,0.6718532279755576,0.8571077008471397,0.2143598249716405,0.2818339188520506,2.0251546726463885,R10REST_ASIA
IMAGE 3.2,SSP2021-SSP1-SPA1-19-Lifestyle-Renewables,0.7186676402349348,0.9371793474573369,0.1994110009942096,0.2891481678263116,2.144406156512793,R10REST_ASIA
IMAGE 3.2,SSP2021-SSP1-SPA1-19-Renewables,0.7740857375284869,0.8011496797295141,0.2158300569933207,0.25405267888086597,2.0451181531321874,R10REST_ASIA
IMAGE 3.2,SSP2021-SSP1-SPA1-26-Default,0.5636908467265764,0.8843256286815213,0.35729372158923944,0.35532099124022165,2.1606311882375593,R10REST_ASIA
IMAGE 3.2,SSP2021-SSP1-SPA1-26-Lifestyle,0.3594836424706893,0.8931474314046461,0.39928734785760245,0.37366728335715543,2.0255857050900934,R10REST_ASIA
IMAGE 3.2,SSP2021-SSP1-SPA1-26-Lifestyle-Renewables,0.30306301280084474,0.9619000507171891,0.5328751590097622,0.41757152438437445,2.2154097469121705,R10REST_ASIA
IMAGE 3.2,SSP2021-SSP1-SPA1-26-Renewables,0.6044644508463063,0.8347268897698645,0.37583668488750743,0.33466112076016863,2.1496891462638468,R10REST_ASIA
IMAGE 3.2,SSP2021-SSP2-SPA0-26-Default,0.5809701719926902,0.9862190349903882,0.716874823129776,0.34517652490493267,2.629240555017787,R10REST_ASIA
IMAGE 3.2,SSP2021-SSP2-SPA2-19-Renewables,1.0,0.8314409416066385,0.24847078914427237,0.09789075402908805,2.177802484779999,R10REST_ASIA
IMAGE 3.2,SSP2021-SSP2-SPA2-26-Default,0.8050691537972597,0.9964780255174301,0.6208477594110554,0.3842882773015275,2.806683216027273,R10REST_ASIA
IMAGE 3.2,SSP2021-SSP2-SPA2-26-Lifestyle,0.5115523697067145,0.9934502623658702,0.6343416153978078,0.3586195273771418,2.497963774847534,R10REST_ASIA
IMAGE 3.2,SSP2021-SSP2-SPA2-26-Lifestyle-Renewables,0.48297836034244856,0.9480012771307555,0.5253943168178083,0.3682703170627788,2.324644271353791,R10REST_ASIA
IMAGE 3.2,SSP2021-SSP2-SPA2-26-Renewables,0.7383463858979115,0.9613170627444624,0.37102122567414547,0.3607397799579929,2.431424454274512,R10REST_ASIA
IMAGE 3.3,NAVIGATE Demand-1.5°C-ele_u,0.3866197369043364,0.3224285983100771,0.3316598615284355,0.1953238957761361,1.2360320925189852,R10REST_ASIA
IMAGE 3.3,NAVIGATE Demand-1.5°C-tec_u,0.41809583230827874,0.4514087787110112,0.3438272245153461,0.18813613672660875,1.4014679722612446,R10REST_ASIA
IMAGE 3.3,NAVIGATE Demand-2.0°C-ele_u,0.34515117854899974,0.6252921095576321,0.36340452549853763,0.35408457748888134,1.687932391094051,R10REST_ASIA
IMAGE 3.3,NAVIGATE Demand-2.0°C-ref,0.3383932841576777,0.6872819457193471,0.4535352977366866,0.2765215753148163,1.7557321029285278,R10REST_ASIA
IMAGE 3.3,NAVIGATE Demand-2.0°C-tec_u,0.34249844324602896,0.733259383390871,0.452470023441022,0.3321963511325572,1.8604242012104792,R10REST_ASIA
MESSAGEix-GLOBIOM 2.0-M-R12-NGFS,NGFS Phase 5-Below 2°C,0.20257691209535453,0.3957448017788662,0.42267107249913205,0.34409445877073885,1.3650872451440916,R10REST_ASIA
MESSAGEix-GLOBIOM 2.0-M-R12-NGFS,NGFS Phase 5-Delayed Transition,0.19687611865062915,0.4685500785716797,0.4393826826447684,0.42512626201245446,1.5299351418795317,R10REST_ASIA
MESSAGEix-GLOBIOM 2.0-M-R12-NGFS,NGFS Phase 5-Low Demand,0.20405588071887606,0.45468933150297786,0.3094184117241511,0.2841019667300725,1.2522655906760776,R10REST_ASIA
MESSAGEix-GLOBIOM 2.0-M-R12-NGFS,NGFS Phase 5-Nationally Determined Contributions (NDCs),0.1977489622558044,0.4763771785770036,0.44829950783216427,0.33110583468932964,1.453531483354302,R10REST_ASIA
MESSAGEix-GLOBIOM 2.0-M-R12-NGFS,NGFS Phase 5-Net-Zero 2050,0.20765718406238587,0.18619282774283738,0.3971322898061495,0.2640624094191784,1.055044711030551,R10REST_ASIA
POLES-JRC ENGAGE,ENGAGE-INDCi2030-1000,0.5077295142842663,0.592020031612181,0.7259973218201993,0.13800116145439476,1.9637480291710414,R10REST_ASIA
POLES-JRC ENGAGE,ENGAGE-INDCi2030-1000-COV,0.535235424809743,0.6442715082215738,0.6888954166642628,0.11000450321325927,1.9784068529088388,R10REST_ASIA
POLES-JRC ENGAGE,ENGAGE-INDCi2030-1000-COV-NDCp,0.535183182416686,0.6425128562890956,0.6862033629134313,0.10990733135309486,1.973806732972308,R10REST_ASIA
POLES-JRC ENGAGE,ENGAGE-INDCi2030-1000-NDCp,0.5129204287479051,0.6408979358039364,0.7127758057384393,0.19883747254554793,2.065431642835829,R10REST_ASIA
POLES-JRC ENGAGE,ENGAGE-INDCi2030-1000f,0.5011732899390384,0.6522413006723905,0.6657131472124009,0.13800116145439476,1.9571288992782245,R10REST_ASIA
POLES-JRC ENGAGE,ENGAGE-INDCi2030-1000f-COV,0.5306089072884979,0.686098182264113,0.6775226818646278,0.11000450321325927,2.004234274630498,R10REST_ASIA
POLES-JRC ENGAGE,ENGAGE-INDCi2030-1000f-COV-NDCp,0.53063328212997,0.6921620347048256,0.6752623957520122,0.10990728127680395,2.007964993863612,R10REST_ASIA
POLES-JRC ENGAGE,ENGAGE-INDCi2030-1000f-NDCp,0.5107629247742717,0.7068953340447078,0.6702616600659175,0.19883747254554793,2.086757391430445,R10REST_ASIA
POLES-JRC ENGAGE,ENGAGE-INDCi2030-1200,0.5001593861293638,0.664986284418972,0.6596727397630064,0.13800116145439476,1.962819571765737,R10REST_ASIA
POLES-JRC ENGAGE,ENGAGE-INDCi2030-1200f,0.49900187575606075,0.6980452620739628,0.6613840092571647,0.13800116145439476,1.996432308541583,R10REST_ASIA
POLES-JRC ENGAGE,ENGAGE-INDCi2030-300f,0.5105564972796043,0.5253431197756734,0.7790112528961184,0.13800116145439476,1.9529120314057908,R10REST_ASIA
POLES-JRC ENGAGE,ENGAGE-INDCi2030-400f,0.5114197906085409,0.5428792439613024,0.7714796681704205,0.13800116145439476,1.9637798641946587,R10REST_ASIA
POLES-JRC ENGAGE,ENGAGE-INDCi2030-500f,0.5109563550213954,0.5659507718543456,0.7605090965146214,0.13800116145439476,1.9754173848447572,R10REST_ASIA
POLES-JRC ENGAGE,ENGAGE-INDCi2030-600f,0.510558729965061,0.5800927837661141,0.7434759200420034,0.13800116145439476,1.9721285952275731,R10REST_ASIA
POLES-JRC ENGAGE,ENGAGE-INDCi2030-600f-COV,0.5409394755466059,0.5870165812494865,0.743482255748729,0.11000450321325927,1.9814428157580808,R10REST_ASIA
POLES-JRC ENGAGE,ENGAGE-INDCi2030-600f-COV-NDCp,0.5414522913285092,0.5830531557000354,0.7387356002307675,0.10990728127680395,1.9731483285361162,R10REST_ASIA
POLES-JRC ENGAGE,ENGAGE-INDCi2030-600f-NDCp,0.5150574997472581,0.598926327991037,0.7640823432155636,0.19883747254554793,2.0769036434994064,R10REST_ASIA
POLES-JRC ENGAGE,ENGAGE-INDCi2030-700f,0.5082868765562857,0.5946212255159308,0.7198110313889776,0.13800116145439476,1.960720294915589,R10REST_ASIA
POLES-JRC ENGAGE,ENGAGE-INDCi2030-800f,0.506100897362118,0.6096400084368564,0.7017241266295615,0.13800116145439476,1.9554661938829305,R10REST_ASIA
POLES-JRC ENGAGE,ENGAGE-INDCi2030-900,0.5108035252464721,0.5069748431809158,0.7794899903709746,0.13800116145439476,1.9352695202527572,R10REST_ASIA
POLES-JRC ENGAGE,ENGAGE-INDCi2030-900f,0.503093205407997,0.6340393915998881,0.6764144820520352,0.13800116145439476,1.951548240514315,R10REST_ASIA
POLES-JRC ENGAGE,ENGAGE-NPi2020-1000f,0.549781921516576,0.689093142606924,0.6428423738670945,0.023443491529343746,1.9051609295199383,R10REST_ASIA
POLES-JRC ENGAGE,ENGAGE-NPi2020-1000f-COV,0.581737612550003,0.7163909667736723,0.6756758017616803,0.00459696958405851,1.9784013506694138,R10REST_ASIA
POLES-JRC ENGAGE,ENGAGE-NPi2020-1200f,0.5431055302954155,0.7265396526283029,0.6682926419746323,0.042715528772418854,1.9806533536707696,R10REST_ASIA
POLES-JRC ENGAGE,ENGAGE-NPi2020-900f,0.5530082633265869,0.6601101028305821,0.6319834220214173,0.0,1.8451017881785865,R10REST_ASIA
REMIND-MAgPIE 2.1-4.2,NGFS Phase 2-Delayed Transition,0.16991759351868044,0.46306151726936934,0.7525662429396043,0.501797203740244,1.8873425574678981,R10REST_ASIA
REMIND-MAgPIE 3.2.0-4.8.0,RESCUE-End-of-Century-Budget-1150,0.09548597927323724,0.4596138320920791,0.887479555912799,1.0,2.4425793672781153,R10REST_ASIA
REMIND-MAgPIE 3.2.0-4.8.0,RESCUE-End-of-Century-Budget-1150-with-OAE,0.09521862863314273,0.45734116601045527,0.8901202163078987,1.0,2.442680010951497,R10REST_ASIA
REMIND-MAgPIE 3.2.0-4.8.0,RESCUE-End-of-Century-Budget-500,0.1273585144601756,0.37610293246274734,0.9132907430554578,1.0,2.416752189978381,R10REST_ASIA
REMIND-MAgPIE 3.2.0-4.8.0,RESCUE-End-of-Century-Budget-500-with-OAE,0.12332195504594651,0.3818835663629244,0.9087594024383985,1.0,2.4139649238472694,R10REST_ASIA
REMIND-MAgPIE 3.2.0-4.8.0,RESCUE-Peak-Budget-1150,0.10363960495991094,0.2423101026757154,0.9994716399860076,0.6606191069698624,2.0060404545914965,R10REST_ASIA
REMIND-MAgPIE 3.2.0-4.8.0,RESCUE-Peak-Budget-1150-with-OAE,0.10508902512985896,0.24367310572991072,1.0,0.6828254535142644,2.031587584374034,R10REST_ASIA
REMIND-MAgPIE 3.3-4.8,NGFS Phase 5-Below 2°C,0.110005541397527,0.26965447562812617,0.9854975184560122,0.6840964822192166,2.049254017700882,R10REST_ASIA
REMIND-MAgPIE 3.3-4.8,NGFS Phase 5-Delayed Transition,0.10321363853808352,0.3923439245078036,0.9259424771277586,0.9139477719596856,2.335447812133331,R10REST_ASIA
REMIND-MAgPIE 3.3-4.8,NGFS Phase 5-Low Demand,0.11256118888799765,0.1654006034882038,0.8801656572403208,0.587837889907801,1.745965339524323,R10REST_ASIA
REMIND-MAgPIE 3.3-4.8,NGFS Phase 5-Net-Zero 2050,0.16768825499616596,0.0,0.9837956919018436,0.5057622042995443,1.6572461511975538,R10REST_ASIA
WITCH 5.0,ENGAGE-INDCi2030-1000,0.1886209849594829,0.87635346913755,0.6471302495653464,0.1401647190737252,1.8522694227361045,R10REST_ASIA
WITCH 5.0,ENGAGE-INDCi2030-1000-NDCp,0.18856310572687437,0.8755142483511056,0.6637368756652947,0.14065905520535904,1.8684732849486339,R10REST_ASIA
WITCH 5.0,ENGAGE-INDCi2030-1000f,0.18824108851730764,0.8823136586781165,0.6803494152070515,0.1401647190737252,1.8910688814762007,R10REST_ASIA
WITCH 5.0,ENGAGE-INDCi2030-1000f-NDCp,0.188138845571821,0.8823506977693331,0.6866137818055246,0.14065905520535904,1.8977623803520376,R10REST_ASIA
WITCH 5.0,ENGAGE-INDCi2030-1200,0.1879816614194214,0.8876931904347402,0.6636602235276893,0.1401647190737252,1.879499794455576,R10REST_ASIA
WITCH 5.0,ENGAGE-INDCi2030-1200-NDCp,0.18793604462853883,0.8869075078130059,0.6636912089213295,0.14065905520535904,1.8791938165682331,R10REST_ASIA
WITCH 5.0,ENGAGE-INDCi2030-1200f,0.18778869323484634,0.8912407649401366,0.6637489182591052,0.1401647190737252,1.8829430955078132,R10REST_ASIA
WITCH 5.0,ENGAGE-INDCi2030-1200f-NDCp,0.18770381979560288,0.8912642618116,0.6733256065623027,0.14065905520535904,1.8929527433748647,R10REST_ASIA
WITCH 5.0,ENGAGE-INDCi2030-1400,0.18721381353936567,0.8984602908234846,0.7108821490832693,0.1401647190737252,1.9367209725198449,R10REST_ASIA
WITCH 5.0,ENGAGE-INDCi2030-1400-NDCp,0.18717007392695778,0.8973518964545852,0.7155556043977351,0.14065905520535904,1.9407366299846371,R10REST_ASIA
WITCH 5.0,ENGAGE-INDCi2030-1400f,0.18719018099119017,0.8987220341085295,0.7104437704980406,0.1401647190737252,1.9365207046714856,R10REST_ASIA
WITCH 5.0,ENGAGE-INDCi2030-1400f-NDCp,0.18703759342189427,0.8986894312464971,0.737198468608623,0.14065905520535904,1.9635845484823733,R10REST_ASIA
WITCH 5.0,ENGAGE-INDCi2030-1600-NDCp,0.18630379874081032,0.9042816673864559,0.8206509677775276,0.14065905520535904,2.051895489110153,R10REST_ASIA
WITCH 5.0,ENGAGE-INDCi2030-500f,0.19060606582049114,0.8409586954961579,0.8728158382980512,0.1401647190737252,2.0445453186884257,R10REST_ASIA
WITCH 5.0,ENGAGE-INDCi2030-600f,0.18963842886560214,0.851498411691139,0.7770002498325318,0.1401647190737252,1.9583018094629983,R10REST_ASIA
WITCH 5.0,ENGAGE-INDCi2030-600f-NDCp,0.18919180609514563,0.8531092046546468,0.7523559206905271,0.14065905520535904,1.9353159866456786,R10REST_ASIA
WITCH 5.0,ENGAGE-INDCi2030-700f,0.18905646116190616,0.8595799191301193,0.7047072162484996,0.1401647190737252,1.8935083156142503,R10REST_ASIA
WITCH 5.0,ENGAGE-INDCi2030-700f-NDCp,0.18894276309903313,0.8621258255252717,0.6835424062116223,0.14065905520535904,1.8752700500412862,R10REST_ASIA
WITCH 5.0,ENGAGE-INDCi2030-800,0.19693972804875748,0.8461259164668185,0.7365103153155543,0.1401647190737252,1.9197406789048554,R10REST_ASIA
WITCH 5.0,ENGAGE-INDCi2030-800-NDCp,0.19377303481396396,0.8463098688750413,0.7172457663589007,0.14065905520535904,1.8979877252532649,R10REST_ASIA
WITCH 5.0,ENGAGE-INDCi2030-800f,0.18875735322825865,0.8716343124329922,0.674315633742178,0.1401647190737252,1.874872018477154,R10REST_ASIA
WITCH 5.0,ENGAGE-INDCi2030-800f-NDCp,0.18865091937466258,0.8724295622543149,0.6717815956701175,0.14065905520535904,1.873521132504454,R10REST_ASIA
WITCH 5.0,ENGAGE-INDCi2030-900,0.1890936004930238,0.8604539259464322,0.6542882772771622,0.1401647190737252,1.8440005227903433,R10REST_ASIA
WITCH 5.0,ENGAGE-INDCi2030-900-NDCp,0.18898634261033959,0.8644705214091203,0.6420719519584174,0.14065905520535904,1.8361878711832362,R10REST_ASIA
WITCH 5.0,ENGAGE-INDCi2030-900f,0.18848623661905062,0.87764470194676,0.6876719049763119,0.1401647190737252,1.8939675626158476,R10REST_ASIA
WITCH 5.0,ENGAGE-INDCi2030-900f-NDCp,0.1883900874657933,0.8777199830126525,0.6851869376605388,0.14065905520535904,1.8919560633443437,R10REST_ASIA
IMAGE 3.0,ENGAGE-INDCi2030-1000,0.4230650503066315,0.5643244083259265,0.3592168121638713,0.3434750918097877,1.690081362606217,R10PAC_OECD
IMAGE 3.0,ENGAGE-INDCi2030-1000f,0.3849881524835902,0.5930812839277749,0.3537538494821666,0.3449610137957141,1.676784299689246,R10PAC_OECD
IMAGE 3.0,ENGAGE-INDCi2030-1200,0.3949995772860262,0.5900326034556768,0.3511182134278558,0.34471286034568654,1.6808632545152453,R10PAC_OECD
IMAGE 3.0,ENGAGE-INDCi2030-1200f,0.3646811148973044,0.5900671521713678,0.3752672350462911,0.3429596181807015,1.6729751202956649,R10PAC_OECD
IMAGE 3.0,ENGAGE-INDCi2030-1400f,0.35917215838789607,0.5951675906464371,0.3781650298810267,0.3429596181807015,1.6754643970960612,R10PAC_OECD
IMAGE 3.0,ENGAGE-INDCi2030-800f,0.3982408276584564,0.5624628065593106,0.3559598359884422,0.31366014514625623,1.6303236153524654,R10PAC_OECD
IMAGE 3.0,ENGAGE-NPi2020-1000,0.40870202056669813,0.6106738957175661,0.31592397645895665,0.5314914809050313,1.866791373648252,R10PAC_OECD
IMAGE 3.0,ENGAGE-NPi2020-1200,0.3229845869676647,0.6000704783913328,0.3522885126947483,0.5387540794249669,1.8140976574787127,R10PAC_OECD
IMAGE 3.0,ENGAGE-NPi2020-1400,0.29159648322159915,0.6109826656850219,0.4365071432768742,0.5496544519073596,1.8887407440908548,R10PAC_OECD
IMAGE 3.0,ENGAGE-NPi2020-1400f,0.28785113877184615,0.6083349991817004,0.4242525447458306,0.5303608690814714,1.8507995517808484,R10PAC_OECD
IMAGE 3.2,SSP2021-SSP1-SPA1-19-Default,0.8688905291439087,0.7458363303577275,0.13551042874119715,0.22186268088535788,1.972099969128191,R10PAC_OECD
IMAGE 3.2,SSP2021-SSP1-SPA1-19-Lifestyle-Renewables,0.8737288639817963,0.7620930594184865,0.14499822464851203,0.19342067403689325,1.974240822085688,R10PAC_OECD
IMAGE 3.2,SSP2021-SSP1-SPA1-19-Renewables,0.7258516840768827,0.6924780530446267,0.07771782323513188,0.19951375215083406,1.6955613125074753,R10PAC_OECD
IMAGE 3.2,SSP2021-SSP1-SPA1-26-Default,0.24340524973015407,0.7259292903497623,0.10356568633300949,0.2608105573729195,1.3337107837858453,R10PAC_OECD
IMAGE 3.2,SSP2021-SSP1-SPA1-26-Lifestyle,0.3075443210667151,0.7224058709908829,0.15612741441679107,0.2532624155395648,1.4393400220139538,R10PAC_OECD
IMAGE 3.2,SSP2021-SSP1-SPA1-26-Lifestyle-Renewables,0.320871354219234,0.7394950086180149,0.17984982250194098,0.27502577138574524,1.5152419567249351,R10PAC_OECD
IMAGE 3.2,SSP2021-SSP1-SPA1-26-Renewables,0.2564675259867303,0.6683746774948609,0.2095824259752253,0.24631874556139838,1.380743375018215,R10PAC_OECD
IMAGE 3.2,SSP2021-SSP2-SPA0-26-Default,0.6696596348898851,0.8391959549348037,0.3103368196260512,0.3108239323330004,2.1300163417837403,R10PAC_OECD
IMAGE 3.2,SSP2021-SSP2-SPA2-19-Renewables,1.0,1.0,0.0,0.07470652214684427,2.0747065221468444,R10PAC_OECD
IMAGE 3.2,SSP2021-SSP2-SPA2-26-Default,0.4637280738273124,0.8432566987571313,0.18134435642598196,0.30582669726700207,1.7941558262774278,R10PAC_OECD
IMAGE 3.2,SSP2021-SSP2-SPA2-26-Lifestyle,0.2789672895554445,0.7692367616067152,0.20301625857772243,0.18589333909528374,1.437113648835166,R10PAC_OECD
IMAGE 3.2,SSP2021-SSP2-SPA2-26-Lifestyle-Renewables,0.24633781828293397,0.6837841846260804,0.2147925383101572,0.15266411217068918,1.2975786533898606,R10PAC_OECD
IMAGE 3.2,SSP2021-SSP2-SPA2-26-Renewables,0.5520032111602464,0.7251255039213641,0.1603644475746145,0.25857784273737583,1.6960710053936008,R10PAC_OECD
IMAGE 3.3,NAVIGATE Demand-1.5°C-ele_u,0.3495354590442063,0.08844766877102139,0.10995596018700243,0.17018369392637434,0.7181227819286045,R10PAC_OECD
IMAGE 3.3,NAVIGATE Demand-1.5°C-tec_u,0.3571450961345211,0.3337121471765963,0.13901604442781257,0.16923919487284314,0.9991124826117732,R10PAC_OECD
IMAGE 3.3,NAVIGATE Demand-2.0°C-ele_u,0.24321495763721404,0.18691809878552917,0.17365385376410514,0.25615484602907745,0.8599417562159257,R10PAC_OECD
IMAGE 3.3,NAVIGATE Demand-2.0°C-ref,0.2377792327882656,0.4050353079283001,0.14412814747936323,0.20198915847958304,0.988931846675512,R10PAC_OECD
IMAGE 3.3,NAVIGATE Demand-2.0°C-tec_u,0.2417449816987208,0.43466348454068376,0.18606102442108602,0.2296684852412556,1.0921379759017462,R10PAC_OECD
MESSAGEix-GLOBIOM 2.0-M-R12-NGFS,NGFS Phase 5-Below 2°C,0.26945915151266264,0.5627798940532531,0.46369103297459374,0.32343480522721446,1.619364883767724,R10PAC_OECD
MESSAGEix-GLOBIOM 2.0-M-R12-NGFS,NGFS Phase 5-Delayed Transition,0.26198446758124205,0.5587890760645733,0.5644899910070856,0.39604657076270655,1.7813101054156077,R10PAC_OECD
MESSAGEix-GLOBIOM 2.0-M-R12-NGFS,NGFS Phase 5-Low Demand,0.31037566906970215,0.5213322567962626,0.120974964070239,0.24047821004592135,1.1931610999821252,R10PAC_OECD
MESSAGEix-GLOBIOM 2.0-M-R12-NGFS,NGFS Phase 5-Nationally Determined Contributions (NDCs),0.2675502348985143,0.6713806722778861,0.5345124374211028,0.34672640459959886,1.820169749197102,R10PAC_OECD
MESSAGEix-GLOBIOM 2.0-M-R12-NGFS,NGFS Phase 5-Net-Zero 2050,0.3253163326308243,0.3204499408086795,0.3944177857963847,0.23728790682403142,1.27747196605992,R10PAC_OECD
POLES-JRC ENGAGE,ENGAGE-INDCi2030-1000,0.27295767648585795,0.5465865800160983,0.3999246392516594,0.7589539423533315,1.978422838106947,R10PAC_OECD
POLES-JRC ENGAGE,ENGAGE-INDCi2030-1000-COV,0.28627154251664044,0.5767835617320112,0.3635129458252145,0.7416900280511182,1.968258078124984,R10PAC_OECD
POLES-JRC ENGAGE,ENGAGE-INDCi2030-1000-COV-NDCp,0.2858522455188938,0.5622609693637266,0.3602888883921437,0.7056350571538298,1.914037160428594,R10PAC_OECD
POLES-JRC ENGAGE,ENGAGE-INDCi2030-1000-NDCp,0.2716420158469946,0.5405140920669119,0.3921472467081994,0.7726119988132927,1.9769153534353985,R10PAC_OECD
POLES-JRC ENGAGE,ENGAGE-INDCi2030-1000f,0.27270908004648153,0.575843007085201,0.3493429951131842,0.7589539423533315,1.956849024598198,R10PAC_OECD
POLES-JRC ENGAGE,ENGAGE-INDCi2030-1000f-COV,0.28712897062177106,0.6200780713147861,0.33085408256946935,0.7416900280511182,1.9797511525571445,R10PAC_OECD
POLES-JRC ENGAGE,ENGAGE-INDCi2030-1000f-COV-NDCp,0.28613010448062615,0.6122081252228266,0.3245021409542493,0.7056349781826994,1.9284753488404014,R10PAC_OECD
POLES-JRC ENGAGE,ENGAGE-INDCi2030-1000f-NDCp,0.2729121731185272,0.5816405570659784,0.3567406277182459,0.7726119988132927,1.9839053567160443,R10PAC_OECD
POLES-JRC ENGAGE,ENGAGE-INDCi2030-1200,0.2729298493090879,0.5941182531870847,0.3367862655485119,0.7589539423533315,1.962788310398016,R10PAC_OECD
POLES-JRC ENGAGE,ENGAGE-INDCi2030-1200f,0.2711487036058883,0.6365253037223828,0.3218345221235187,0.7589539423533315,1.9884624718051214,R10PAC_OECD
POLES-JRC ENGAGE,ENGAGE-INDCi2030-300f,0.2859175358945434,0.5408729468956636,0.44551329371572046,0.7589539423533315,2.031257718859259,R10PAC_OECD
POLES-JRC ENGAGE,ENGAGE-INDCi2030-400f,0.2840803732344045,0.5386582848960205,0.4367255512332128,0.7589539423533315,2.0184181517169693,R10PAC_OECD
POLES-JRC ENGAGE,ENGAGE-INDCi2030-500f,0.2799788919263031,0.535297781103804,0.4285078707790648,0.7589539423533315,2.002738486162503,R10PAC_OECD
POLES-JRC ENGAGE,ENGAGE-INDCi2030-600f,0.2771106754135854,0.5425508947325522,0.41372608882376516,0.7589539423533315,1.9923416013232345,R10PAC_OECD
POLES-JRC ENGAGE,ENGAGE-INDCi2030-600f-COV,0.28992947297445587,0.5626333714192813,0.4015853114676384,0.7416900280511182,1.9958381839124937,R10PAC_OECD
POLES-JRC ENGAGE,ENGAGE-INDCi2030-600f-COV-NDCp,0.2901848942128052,0.5458269819179107,0.40111079751717804,0.7056349781826994,1.9427576518305933,R10PAC_OECD
POLES-JRC ENGAGE,ENGAGE-INDCi2030-600f-NDCp,0.2772472136085411,0.5346839717461791,0.4232171925953939,0.7726119988132927,2.007760376763407,R10PAC_OECD
POLES-JRC ENGAGE,ENGAGE-INDCi2030-700f,0.2738560279332994,0.5420593593864167,0.3993880817750976,0.7589539423533315,1.9742574114481453,R10PAC_OECD
POLES-JRC ENGAGE,ENGAGE-INDCi2030-800f,0.27247277944696335,0.5437784694204058,0.38153743830257014,0.7589539423533315,1.9567426295232706,R10PAC_OECD
POLES-JRC ENGAGE,ENGAGE-INDCi2030-900,0.2867818981518388,0.5420393490732653,0.4454627797435985,0.7589539423533315,2.033237969322034,R10PAC_OECD
POLES-JRC ENGAGE,ENGAGE-INDCi2030-900f,0.27251475899520744,0.5577468757629787,0.3614843346639194,0.7589539423533315,1.950699911775437,R10PAC_OECD
POLES-JRC ENGAGE,ENGAGE-NPi2020-1000f,0.3249428644997649,0.6402887072753324,0.325948909751704,0.7246866041989227,2.015867085725724,R10PAC_OECD
POLES-JRC ENGAGE,ENGAGE-NPi2020-1000f-COV,0.33944310686507545,0.6718428715229176,0.3205015758245095,0.7402159184237204,2.072003472636223,R10PAC_OECD
POLES-JRC ENGAGE,ENGAGE-NPi2020-1200f,0.3215752872673193,0.6867603640907737,0.32901319381381916,0.7421248536966939,2.0794736988686062,R10PAC_OECD
POLES-JRC ENGAGE,ENGAGE-NPi2020-900f,0.32579606281981266,0.60738562449049,0.33223645137888536,0.6990070758871118,1.9644252145763,R10PAC_OECD
REMIND-MAgPIE 2.1-4.2,NGFS Phase 2-Delayed Transition,0.0,0.5503607336464901,0.5274817062710354,0.1608465440391505,1.238688983956676,R10PAC_OECD
REMIND-MAgPIE 3.2.0-4.8.0,RESCUE-End-of-Century-Budget-1150,0.020451979934663078,0.6725125396721648,0.5697375796174852,0.16458824670050182,1.4272903459248147,R10PAC_OECD
REMIND-MAgPIE 3.2.0-4.8.0,RESCUE-End-of-Century-Budget-1150-with-OAE,0.019965246501786143,0.6723064765709413,0.5702710046178002,0.16458824670050182,1.4271309743910294,R10PAC_OECD
REMIND-MAgPIE 3.2.0-4.8.0,RESCUE-End-of-Century-Budget-500,0.032144960391457526,0.6250726138096785,0.5795685534634601,0.16458824670050182,1.4013743743650977,R10PAC_OECD
REMIND-MAgPIE 3.2.0-4.8.0,RESCUE-End-of-Century-Budget-500-with-OAE,0.03110286845420958,0.6295573384493439,0.5778123458605605,0.16458824670050182,1.4030607994646158,R10PAC_OECD
REMIND-MAgPIE 3.2.0-4.8.0,RESCUE-Peak-Budget-1150,0.04818112491214194,0.4817750524129466,0.6282755246821056,0.11231475354044124,1.2705464555476353,R10PAC_OECD
REMIND-MAgPIE 3.2.0-4.8.0,RESCUE-Peak-Budget-1150-with-OAE,0.047872135439065454,0.4814368464954055,0.6281646884796055,0.11215064062811304,1.2696243110421894,R10PAC_OECD
REMIND-MAgPIE 3.3-4.8,NGFS Phase 5-Below 2°C,0.06249754320433161,0.44112288582189885,0.6389863388265133,0.14252682638341457,1.2851335942361581,R10PAC_OECD
REMIND-MAgPIE 3.3-4.8,NGFS Phase 5-Delayed Transition,0.11554596062261413,0.461402158909677,0.6270045045994834,0.20823292786101333,1.412185551992788,R10PAC_OECD
REMIND-MAgPIE 3.3-4.8,NGFS Phase 5-Low Demand,0.08598088406994343,0.3347385261618003,0.5973397378161925,0.0,1.0180591480479362,R10PAC_OECD
REMIND-MAgPIE 3.3-4.8,NGFS Phase 5-Net-Zero 2050,0.09551560583604637,0.0,0.7852449601432341,0.03707266826571789,0.9178332342449983,R10PAC_OECD
WITCH 5.0,ENGAGE-INDCi2030-1000,0.15401654399658077,0.42527494125458065,0.33764057566624006,1.0,1.9169320609174016,R10PAC_OECD
WITCH 5.0,ENGAGE-INDCi2030-1000-NDCp,0.1207165707127871,0.40734035124456214,0.619642412232427,0.9934240788509107,2.141123413040687,R10PAC_OECD
WITCH 5.0,ENGAGE-INDCi2030-1000f,0.15287225942905494,0.43648865010908144,0.33958156534576156,1.0,1.9289424748838981,R10PAC_OECD
WITCH 5.0,ENGAGE-INDCi2030-1000f-NDCp,0.14738847741929173,0.42903476407203806,0.398095817825506,0.9934240788509107,1.9679431381677464,R10PAC_OECD
WITCH 5.0,ENGAGE-INDCi2030-1200,0.09493613733987603,0.43633706426189606,0.6762476940755644,1.0,2.2075208956773364,R10PAC_OECD
WITCH 5.0,ENGAGE-INDCi2030-1200-NDCp,0.08563882381641347,0.425549379235351,0.8733569928038772,0.9934240788509107,2.3779692747065524,R10PAC_OECD
WITCH 5.0,ENGAGE-INDCi2030-1200f,0.14621117162217115,0.45467939518526024,0.40207225127743706,1.0,2.0029628180848684,R10PAC_OECD
WITCH 5.0,ENGAGE-INDCi2030-1200f-NDCp,0.14252736241932185,0.44951363395956,0.41007091462433054,0.9934240788509107,1.995535989854123,R10PAC_OECD
WITCH 5.0,ENGAGE-INDCi2030-1400,0.07598662907249157,0.45719317305162394,0.893503363515793,1.0,2.4266831656399086,R10PAC_OECD
WITCH 5.0,ENGAGE-INDCi2030-1400-NDCp,0.07222549728478168,0.45076775573426553,1.0,0.9934240788509107,2.516417331869958,R10PAC_OECD
WITCH 5.0,ENGAGE-INDCi2030-1400f,0.11109459561722274,0.4689258323597327,0.46681347730582773,1.0,2.0468339052827833,R10PAC_OECD
WITCH 5.0,ENGAGE-INDCi2030-1400f-NDCp,0.09444947222148807,0.4626026251490331,0.514603589208075,0.9934240788509107,2.0650797654295068,R10PAC_OECD
WITCH 5.0,ENGAGE-INDCi2030-1600-NDCp,0.06954833845167697,0.4779690621325342,0.8782517297422808,0.9934240788509107,2.419193209177403,R10PAC_OECD
WITCH 5.0,ENGAGE-INDCi2030-500f,0.15588571167554835,0.3658800473773645,0.2639357053810945,1.0,1.7857014644340072,R10PAC_OECD
WITCH 5.0,ENGAGE-INDCi2030-600f,0.1553075156177205,0.38274085193847157,0.28289385050605187,1.0,1.8209422180622439,R10PAC_OECD
WITCH 5.0,ENGAGE-INDCi2030-600f-NDCp,0.15359381208777037,0.38048304739667,0.303080527897174,0.9934240788509107,1.8305814662325253,R10PAC_OECD
WITCH 5.0,ENGAGE-INDCi2030-700f,0.15477111141104127,0.40160991035716165,0.2914267612688392,1.0,1.847807783037042,R10PAC_OECD
WITCH 5.0,ENGAGE-INDCi2030-700f-NDCp,0.15312154698756625,0.3962150600018519,0.31851864636917654,0.9934240788509107,1.8612793322095051,R10PAC_OECD
WITCH 5.0,ENGAGE-INDCi2030-800,0.15660925549466095,0.3760568712009829,0.29615046913844556,1.0,1.8288165958340894,R10PAC_OECD
WITCH 5.0,ENGAGE-INDCi2030-800-NDCp,0.15401594906930072,0.3669997209882733,0.35156972095421074,0.9934240788509107,1.8660094698626954,R10PAC_OECD
WITCH 5.0,ENGAGE-INDCi2030-800f,0.15434168986991292,0.41591862774540184,0.3102784899143715,1.0,1.8805388075296863,R10PAC_OECD
WITCH 5.0,ENGAGE-INDCi2030-800f-NDCp,0.152661905857077,0.410143054078997,0.33184146966916345,0.9934240788509107,1.8880705084561482,R10PAC_OECD
WITCH 5.0,ENGAGE-INDCi2030-900,0.15478802007937048,0.40219435499295325,0.43370848333161544,1.0,1.9906908584039393,R10PAC_OECD
WITCH 5.0,ENGAGE-INDCi2030-900-NDCp,0.15312602021181887,0.39913108223412186,0.31802926295615935,0.9934240788509107,1.8637104442530106,R10PAC_OECD
WITCH 5.0,ENGAGE-INDCi2030-900f,0.15381862554255984,0.42859235032326065,0.33691500588403106,1.0,1.9193259817498514,R10PAC_OECD
WITCH 5.0,ENGAGE-INDCi2030-900f-NDCp,0.15215869391007886,0.42137318323357204,0.34618912749748815,0.9934240788509107,1.9131450834920498,R10PAC_OECD
IMAGE 3.0,ENGAGE-INDCi2030-1000,0.1479803476981847,0.9520473916023127,0.05995621209345176,0.7981852075984461,1.9581691589923953,R10REF_ECON
IMAGE 3.0,ENGAGE-INDCi2030-1000f,0.10170289891827251,0.9788656615259292,0.0784622500864403,0.7986852877172468,1.9577160982478887,R10REF_ECON
IMAGE 3.0,ENGAGE-INDCi2030-1200,0.1168496742637862,0.9712937883231063,0.075032005675254,0.7980904724901285,1.961265940752275,R10REF_ECON
IMAGE 3.0,ENGAGE-INDCi2030-1200f,0.09963541605428132,0.9768068548926603,0.12365488260985978,0.7962928375299111,1.9963899910867124,R10REF_ECON
IMAGE 3.0,ENGAGE-INDCi2030-1400f,0.09521823042076819,0.97958099004862,0.11939744671618162,0.7962928375299111,1.9904895047154811,R10REF_ECON
IMAGE 3.0,ENGAGE-INDCi2030-800f,0.14624102957116436,0.9509414161921915,0.055937457440581775,0.8040737912628313,1.9571936944667692,R10REF_ECON
IMAGE 3.0,ENGAGE-NPi2020-1000,0.17067870697983162,0.9156741854721664,0.2558252162877933,0.6447027693228061,1.9868808780625975,R10REF_ECON
IMAGE 3.0,ENGAGE-NPi2020-1200,0.1432025658521599,0.9437086894730419,0.21030775318425143,0.6634273568038651,1.9606463653133184,R10REF_ECON
IMAGE 3.0,ENGAGE-NPi2020-1400,0.12877661188082945,0.9521070120931967,0.19491157885732713,0.6902604690376432,1.9660556718689963,R10REF_ECON
IMAGE 3.0,ENGAGE-NPi2020-1400f,0.13656031628765264,0.9455394368151019,0.19246519382423313,0.6516712913210488,1.9262362382480367,R10REF_ECON
IMAGE 3.2,SSP2021-SSP1-SPA1-19-Default,0.12315508269078346,0.8899709934467134,0.49965216226000375,0.6599303208478983,2.1727085592453985,R10REF_ECON
IMAGE 3.2,SSP2021-SSP1-SPA1-19-Lifestyle-Renewables,0.17991900763669827,0.865811777949635,0.3286728610258907,0.6292604591234583,2.003664105735682,R10REF_ECON
IMAGE 3.2,SSP2021-SSP1-SPA1-19-Renewables,0.11906021185167233,0.7360690568948699,0.24301089767351614,0.6329608146505264,1.7311009810705849,R10REF_ECON
IMAGE 3.2,SSP2021-SSP1-SPA1-26-Default,0.015175403022252596,0.9190459511566149,0.013147450371270597,0.7138223213977652,1.6611911259479033,R10REF_ECON
IMAGE 3.2,SSP2021-SSP1-SPA1-26-Lifestyle,0.08804997493259667,0.9446048071980794,0.006971356131031456,0.7037294515001309,1.7433555897618385,R10REF_ECON
IMAGE 3.2,SSP2021-SSP1-SPA1-26-Lifestyle-Renewables,0.09999337133983834,0.938784187961253,0.05621007295763333,0.7113655951142174,1.8063532273729421,R10REF_ECON
IMAGE 3.2,SSP2021-SSP1-SPA1-26-Renewables,0.0163921797348087,0.8058553562784847,0.16635355080151967,0.6998348749718157,1.688435961786629,R10REF_ECON
IMAGE 3.2,SSP2021-SSP2-SPA0-26-Default,0.20262731687231464,0.9990144721303852,0.06858673261452419,0.6662965192150316,1.9365250408322556,R10REF_ECON
IMAGE 3.2,SSP2021-SSP2-SPA2-19-Renewables,0.062249893525024656,0.643465933495665,0.18109780031112874,0.7299243640488141,1.6167379913806326,R10REF_ECON
IMAGE 3.2,SSP2021-SSP2-SPA2-26-Default,0.019483990496467558,0.9908815180676399,0.06248782813958046,0.7914690856790393,1.8643224223827275,R10REF_ECON
IMAGE 3.2,SSP2021-SSP2-SPA2-26-Lifestyle,0.06904532268755437,1.0,0.0,0.7646758066148648,1.8337211293024192,R10REF_ECON
IMAGE 3.2,SSP2021-SSP2-SPA2-26-Lifestyle-Renewables,0.06592262769854329,0.899839026319213,0.1355234024933233,0.7458065696939775,1.847091626205057,R10REF_ECON
IMAGE 3.2,SSP2021-SSP2-SPA2-26-Renewables,0.03372410897337903,0.8578842163137027,0.04262910205592416,0.7679157623084477,1.7021531896514537,R10REF_ECON
IMAGE 3.3,NAVIGATE Demand-1.5°C-ele_u,0.022463749733952813,0.3052747744618552,0.4614419850408183,0.5689962524877954,1.3581767617244216,R10REF_ECON
IMAGE 3.3,NAVIGATE Demand-1.5°C-tec_u,0.026127233729848844,0.4438712600368461,0.34823549533787806,0.5661330845451935,1.3843670736497666,R10REF_ECON
IMAGE 3.3,NAVIGATE Demand-2.0°C-ele_u,0.006368019608191571,0.5859270207387707,0.2869748680648364,0.6098216587161581,1.4890915671279568,R10REF_ECON
IMAGE 3.3,NAVIGATE Demand-2.0°C-ref,0.0,0.7190647247634021,0.16068170883851488,0.5957892946081924,1.4755357282101094,R10REF_ECON
IMAGE 3.3,NAVIGATE Demand-2.0°C-tec_u,0.00035582593374381625,0.7514330338772957,0.16398747590679946,0.5974263734532503,1.5132027091710891,R10REF_ECON
MESSAGEix-GLOBIOM 2.0-M-R12-NGFS,NGFS Phase 5-Below 2°C,0.007814785453617102,0.6498113431877567,0.3440537263068166,0.2665415592897789,1.268221414237969,R10REF_ECON
MESSAGEix-GLOBIOM 2.0-M-R12-NGFS,NGFS Phase 5-Delayed Transition,0.010635869036887707,0.6949418353422371,0.4040070290490903,0.32505924973948336,1.4346439831676985,R10REF_ECON
MESSAGEix-GLOBIOM 2.0-M-R12-NGFS,NGFS Phase 5-Low Demand,0.017842501992704696,0.5920968741952315,0.3644079627359681,0.18154441068412502,1.1558917496080292,R10REF_ECON
MESSAGEix-GLOBIOM 2.0-M-R12-NGFS,NGFS Phase 5-Nationally Determined Contributions (NDCs),0.005671294934471543,0.8486686008990418,1.0,0.36386896175360833,2.2182088575871215,R10REF_ECON
MESSAGEix-GLOBIOM 2.0-M-R12-NGFS,NGFS Phase 5-Net-Zero 2050,0.022350078966593547,0.1741638847425976,0.6367916805662224,0.17033101021436484,1.0036366544897783,R10REF_ECON
POLES-JRC ENGAGE,ENGAGE-INDCi2030-1000,0.8902701766622098,0.7968148990701597,0.5090561354390393,0.1535497938613678,2.3496910050327764,R10REF_ECON
POLES-JRC ENGAGE,ENGAGE-INDCi2030-1000-COV,0.9969682209018885,0.8259482581068915,0.4984775721092842,0.09939119196216832,2.420785243080233,R10REF_ECON
POLES-JRC ENGAGE,ENGAGE-INDCi2030-1000-COV-NDCp,0.9966014448637226,0.8269388609104108,0.4972482495120017,0.10088190779145959,2.4216704630775947,R10REF_ECON
POLES-JRC ENGAGE,ENGAGE-INDCi2030-1000-NDCp,0.8899663831977747,0.8208576682528612,0.4730315253991502,0.240217760242386,2.424073337092172,R10REF_ECON
POLES-JRC ENGAGE,ENGAGE-INDCi2030-1000f,0.8869375330599665,0.8165846981441989,0.5078539755102336,0.1535497938613678,2.3649260005757666,R10REF_ECON
POLES-JRC ENGAGE,ENGAGE-INDCi2030-1000f-COV,0.9924490116709649,0.8493085679666037,0.48489549340693117,0.09939119196216832,2.4260442650066683,R10REF_ECON
POLES-JRC ENGAGE,ENGAGE-INDCi2030-1000f-COV-NDCp,0.9891887957214122,0.8498309507562113,0.4818334106016408,0.10088183993963969,2.4217349970189037,R10REF_ECON
POLES-JRC ENGAGE,ENGAGE-INDCi2030-1000f-NDCp,0.8884810351566039,0.8717770116532568,0.4536974586834693,0.24021766217280277,2.4541731676661325,R10REF_ECON
POLES-JRC ENGAGE,ENGAGE-INDCi2030-1200,0.8853420412049908,0.8269327032061868,0.505964143561701,0.1535497938613678,2.3717886818342464,R10REF_ECON
POLES-JRC ENGAGE,ENGAGE-INDCi2030-1200f,0.8821088232075067,0.8367537397949035,0.518672066094495,0.1535497938613678,2.391084422958273,R10REF_ECON
POLES-JRC ENGAGE,ENGAGE-INDCi2030-300f,0.8926805289468213,0.7619164702498875,0.5513154801040748,0.1535497938613678,2.3594622731621513,R10REF_ECON
POLES-JRC ENGAGE,ENGAGE-INDCi2030-400f,0.8924596303182609,0.7684584949719953,0.544804253657082,0.1535497938613678,2.359272172808706,R10REF_ECON
POLES-JRC ENGAGE,ENGAGE-INDCi2030-500f,0.8922391122026054,0.7770466199717381,0.5313682283753509,0.1535497938613678,2.354203754411062,R10REF_ECON
POLES-JRC ENGAGE,ENGAGE-INDCi2030-600f,0.8917477497589423,0.7870737656382287,0.5202648921764503,0.1535497938613678,2.352636201434989,R10REF_ECON
POLES-JRC ENGAGE,ENGAGE-INDCi2030-600f-COV,1.0,0.8006746388670726,0.5232888775643983,0.09939119196216832,2.4233547083936395,R10REF_ECON
POLES-JRC ENGAGE,ENGAGE-INDCi2030-600f-COV-NDCp,0.9996386058549582,0.803554755854597,0.5225253143229001,0.10088183993963969,2.426600515972095,R10REF_ECON
POLES-JRC ENGAGE,ENGAGE-INDCi2030-600f-NDCp,0.8917354528987269,0.796354749480162,0.4952222735247236,0.240217760242386,2.4235302361459987,R10REF_ECON
POLES-JRC ENGAGE,ENGAGE-INDCi2030-700f,0.8905611449830443,0.79880193227225,0.5101974709441949,0.1535497938613678,2.353110342060857,R10REF_ECON
POLES-JRC ENGAGE,ENGAGE-INDCi2030-800f,0.8891051356601519,0.804378988883651,0.5086813862378804,0.1535497938613678,2.355715304643051,R10REF_ECON
POLES-JRC ENGAGE,ENGAGE-INDCi2030-900,0.8940194613432518,0.7551092662975791,0.555909328294909,0.1535497938613678,2.358587849797108,R10REF_ECON
POLES-JRC ENGAGE,ENGAGE-INDCi2030-900f,0.8881528857277528,0.806961069808887,0.510006306060743,0.1535497938613678,2.3586700554587505,R10REF_ECON
POLES-JRC ENGAGE,ENGAGE-NPi2020-1000f,0.8823881566698177,0.8552229724362743,0.47397780579038257,0.03022657971974219,2.241815514616217,R10REF_ECON
POLES-JRC ENGAGE,ENGAGE-NPi2020-1000f-COV,0.9893277677101739,0.8655766224855568,0.46343299048304076,0.0,2.3183373806787717,R10REF_ECON
POLES-JRC ENGAGE,ENGAGE-NPi2020-1200f,0.8800936757754314,0.8773450366114544,0.48243251742087373,0.04982007118469866,2.289691300992458,R10REF_ECON
POLES-JRC ENGAGE,ENGAGE-NPi2020-900f,0.8857826148980299,0.8409810814254821,0.47029068187064793,0.007176945124521282,2.204231323318681,R10REF_ECON
REMIND-MAgPIE 2.1-4.2,NGFS Phase 2-Delayed Transition,0.057586964519185734,0.6633625415115555,0.7507158854096646,0.6561111378257063,2.127776529266112,R10REF_ECON
REMIND-MAgPIE 3.2.0-4.8.0,RESCUE-End-of-Century-Budget-1150,0.01706863443552027,0.8679981709902785,0.6567616238879076,0.8384618024754684,2.380290231789175,R10REF_ECON
REMIND-MAgPIE 3.2.0-4.8.0,RESCUE-End-of-Century-Budget-1150-with-OAE,0.016647251241161384,0.8639900541276522,0.658893737440741,0.8384618024754684,2.377992845285023,R10REF_ECON
REMIND-MAgPIE 3.2.0-4.8.0,RESCUE-End-of-Century-Budget-500,0.028952373767474476,0.8102208660807214,0.6836441603404164,0.8384618024754684,2.3612792026640808,R10REF_ECON
REMIND-MAgPIE 3.2.0-4.8.0,RESCUE-End-of-Century-Budget-500-with-OAE,0.02784470493920967,0.8191308380020627,0.6797398901769944,0.8384618024754684,2.3651772355937353,R10REF_ECON
REMIND-MAgPIE 3.2.0-4.8.0,RESCUE-Peak-Budget-1150,0.02337335753864328,0.6057470507504421,0.7379101384854352,0.6909952103951331,2.058025757169654,R10REF_ECON
REMIND-MAgPIE 3.2.0-4.8.0,RESCUE-Peak-Budget-1150-with-OAE,0.023529597038703377,0.6060598425208829,0.7373618555713906,0.6911767103596633,2.0581280054906403,R10REF_ECON
REMIND-MAgPIE 3.3-4.8,NGFS Phase 5-Below 2°C,0.024111175756756958,0.534913408946074,0.7688648774620475,0.5006735962990482,1.8285630584639267,R10REF_ECON
REMIND-MAgPIE 3.3-4.8,NGFS Phase 5-Delayed Transition,0.022699492123497055,0.6429407670230105,0.7224778447834055,0.6463053027409722,2.034423406670885,R10REF_ECON
REMIND-MAgPIE 3.3-4.8,NGFS Phase 5-Low Demand,0.024338615568222366,0.4310258928673947,0.7260003626883362,0.256556565688686,1.4379214368126392,R10REF_ECON
REMIND-MAgPIE 3.3-4.8,NGFS Phase 5-Net-Zero 2050,0.031193455919171387,0.0,0.9465701759782309,0.29854147415869986,1.2763051060561021,R10REF_ECON
WITCH 5.0,ENGAGE-INDCi2030-1000,0.047501779949926284,0.9208751689778765,0.3264051497044062,0.9999822247724972,2.2947643234047064,R10REF_ECON
WITCH 5.0,ENGAGE-INDCi2030-1000-NDCp,0.04739902613366601,0.9202309132486879,0.3604197467910225,1.0,2.3280496861733764,R10REF_ECON
WITCH 5.0,ENGAGE-INDCi2030-1000f,0.046622936456665966,0.9284430247049388,0.38122533162465183,0.9999822247724972,2.356273517558754,R10REF_ECON
WITCH 5.0,ENGAGE-INDCi2030-1000f-NDCp,0.04648427722609672,0.9342321079856646,0.3769990509966806,1.0,2.3577154362084416,R10REF_ECON
WITCH 5.0,ENGAGE-INDCi2030-1200,0.04614241496741291,0.9351321935324252,0.3968601150862204,0.9999822247724972,2.3781169483585556,R10REF_ECON
WITCH 5.0,ENGAGE-INDCi2030-1200-NDCp,0.04610435678372504,0.9346327995542322,0.41463740321977327,1.0,2.3953745595577303,R10REF_ECON
WITCH 5.0,ENGAGE-INDCi2030-1200f,0.04596485910035887,0.9353363458057805,0.42670115707886397,0.9999822247724972,2.4079845867575007,R10REF_ECON
WITCH 5.0,ENGAGE-INDCi2030-1200f-NDCp,0.045888679674709304,0.9343990347024876,0.426629279043092,1.0,2.406916993420289,R10REF_ECON
WITCH 5.0,ENGAGE-INDCi2030-1400,0.04525382539065705,0.9341780173467898,0.5125911200501325,0.9999822247724972,2.4920051875600766,R10REF_ECON
WITCH 5.0,ENGAGE-INDCi2030-1400-NDCp,0.045210427177013915,0.9327791902816522,0.5357524438580671,1.0,2.513742061316733,R10REF_ECON
WITCH 5.0,ENGAGE-INDCi2030-1400f,0.04525649247372648,0.9342301901057053,0.5351566363623736,0.9999822247724972,2.5146255437143026,R10REF_ECON
WITCH 5.0,ENGAGE-INDCi2030-1400f-NDCp,0.045127658427616714,0.9327513952865607,0.535817650723894,1.0,2.5136967044380714,R10REF_ECON
WITCH 5.0,ENGAGE-INDCi2030-1600-NDCp,0.04432608914099362,0.9308030585712251,0.6373702066504199,1.0,2.6124993543626385,R10REF_ECON
WITCH 5.0,ENGAGE-INDCi2030-500f,0.0581650622441092,0.9158479169735123,0.2009094576424488,0.9999822247724972,2.1749046616325676,R10REF_ECON
WITCH 5.0,ENGAGE-INDCi2030-600f,0.05755493462689322,0.9190327022556495,0.252027225064481,0.9999822247724972,2.228597086719521,R10REF_ECON
WITCH 5.0,ENGAGE-INDCi2030-600f-NDCp,0.05738926230018734,0.9193185933672359,0.25221198310749116,1.0,2.2289198387749147,R10REF_ECON
WITCH 5.0,ENGAGE-INDCi2030-700f,0.05659317732714071,0.9197727969314656,0.25981518507708523,0.9999822247724972,2.236163384108189,R10REF_ECON
WITCH 5.0,ENGAGE-INDCi2030-700f-NDCp,0.0564694614067779,0.9193756095794385,0.29164520103692654,1.0,2.267490272023143,R10REF_ECON
WITCH 5.0,ENGAGE-INDCi2030-800,0.08314800545677377,0.9180882834244177,0.21120330307130203,0.9999822247724972,2.2124218167249907,R10REF_ECON
WITCH 5.0,ENGAGE-INDCi2030-800-NDCp,0.08290465273801151,0.9191976908113926,0.24203770280420156,1.0,2.244140046353605,R10REF_ECON
WITCH 5.0,ENGAGE-INDCi2030-800f,0.05005269773528732,0.9188819620303034,0.3288505582797421,0.9999822247724972,2.29776744281783,R10REF_ECON
WITCH 5.0,ENGAGE-INDCi2030-800f-NDCp,0.048331530576531806,0.9207946902548955,0.3271672513904196,1.0,2.296293472221847,R10REF_ECON
WITCH 5.0,ENGAGE-INDCi2030-900,0.06328628162259703,0.9204331765252839,0.27734954730575273,0.9999822247724972,2.2610512302261307,R10REF_ECON
WITCH 5.0,ENGAGE-INDCi2030-900-NDCp,0.05280563579758696,0.9188814427656403,0.2896821476234789,1.0,2.261369226186706,R10REF_ECON
WITCH 5.0,ENGAGE-INDCi2030-900f,0.04738510354550826,0.9205573053518806,0.36520373333860784,0.9999822247724972,2.333128367008494,R10REF_ECON
WITCH 5.0,ENGAGE-INDCi2030-900f-NDCp,0.04682710285271126,0.9246839638517019,0.35506919523400043,1.0,2.3265802619384135,R10REF_ECON
IMAGE 3.0,ENGAGE-INDCi2030-1000,0.8047773173540239,0.8800962964287622,0.022342685919295963,0.48477856818589854,2.191994867887981,R10NORTH_AM
IMAGE 3.0,ENGAGE-INDCi2030-1000f,0.6921737170444184,0.8688253477891144,0.017579704206799728,0.4871663016943156,2.065745070734648,R10NORTH_AM
IMAGE 3.0,ENGAGE-INDCi2030-1200,0.7805413576736244,0.8927522323784096,0.03961030868463622,0.48661708441981183,2.199520983156482,R10NORTH_AM
IMAGE 3.0,ENGAGE-INDCi2030-1200f,0.602783860655096,0.8533042618774371,0.023071596961449965,0.4844319505378178,1.9635916700318008,R10NORTH_AM
IMAGE 3.0,ENGAGE-INDCi2030-1400f,0.593007900304066,0.8565338795690194,0.022689873813008177,0.4844319505378178,1.9566636042239114,R10NORTH_AM
IMAGE 3.0,ENGAGE-INDCi2030-800f,0.7963914403302182,0.869867776214801,0.024755307453327213,0.4866452433683695,2.177659767366716,R10NORTH_AM
IMAGE 3.0,ENGAGE-NPi2020-1000,0.8178733115518546,0.9258433385941524,0.13078449318140656,0.9550831432368801,2.8295842865642937,R10NORTH_AM
IMAGE 3.0,ENGAGE-NPi2020-1200,0.7961329212095754,0.9412667580608185,0.10958281050879336,0.9707172441491916,2.8176997339283787,R10NORTH_AM
IMAGE 3.0,ENGAGE-NPi2020-1400,0.6589428721590918,0.9220052690246806,0.08258035753673416,0.9941788639456756,2.6577073626661822,R10NORTH_AM
IMAGE 3.0,ENGAGE-NPi2020-1400f,0.6459313192593223,0.9171925096119806,0.05854842128126844,0.9533253858403387,2.57499763599291,R10NORTH_AM
IMAGE 3.2,SSP2021-SSP1-SPA1-19-Default,0.3629045495052791,0.7437810578285013,0.11314480917354186,0.7559065506230096,1.975736967130332,R10NORTH_AM
IMAGE 3.2,SSP2021-SSP1-SPA1-19-Lifestyle-Renewables,0.934437486185432,0.8080851533498338,0.031076901508693282,0.6814316824690384,2.4550312235129974,R10NORTH_AM
IMAGE 3.2,SSP2021-SSP1-SPA1-19-Renewables,0.13692304347884707,0.6062702358175097,0.27364568065155737,0.684522722991292,1.7013616829392062,R10NORTH_AM
IMAGE 3.2,SSP2021-SSP1-SPA1-26-Default,0.003480985339591153,0.798794406049027,0.24127644684767927,0.8648871954910937,1.908439033727391,R10NORTH_AM
IMAGE 3.2,SSP2021-SSP1-SPA1-26-Lifestyle,0.4747335617621505,0.8184790316787078,0.28508700979628643,0.6857267331339725,2.2640263363711175,R10NORTH_AM
IMAGE 3.2,SSP2021-SSP1-SPA1-26-Lifestyle-Renewables,0.49968758899135324,0.8620669700001805,0.20205152235579635,0.7630322482795227,2.3268383296268524,R10NORTH_AM
IMAGE 3.2,SSP2021-SSP1-SPA1-26-Renewables,0.0,0.6995033168582946,0.38490773779222714,0.8179092372843273,1.902320291934849,R10NORTH_AM
IMAGE 3.2,SSP2021-SSP2-SPA0-26-Default,0.5305440775942762,1.0,0.18156648942979725,1.0,2.7121105670240735,R10NORTH_AM
IMAGE 3.2,SSP2021-SSP2-SPA2-19-Renewables,1.0,0.6906689727283873,0.09826566241975884,0.37113423519514177,2.160068870343288,R10NORTH_AM
IMAGE 3.2,SSP2021-SSP2-SPA2-26-Default,0.1072732558786358,0.9826127588476606,0.06025258369097748,0.7308703059349972,1.881008904352271,R10NORTH_AM
IMAGE 3.2,SSP2021-SSP2-SPA2-26-Lifestyle,0.43151393700957347,0.9689529936686966,0.16067168972881277,0.4216806146537064,1.9828192350607894,R10NORTH_AM
IMAGE 3.2,SSP2021-SSP2-SPA2-26-Lifestyle-Renewables,0.41717371612241494,0.8350245993674509,0.11719877936460991,0.4004090860478415,1.7698061809023171,R10NORTH_AM
IMAGE 3.2,SSP2021-SSP2-SPA2-26-Renewables,0.4196276383025289,0.8290525368466712,0.0,0.4591371004631177,1.7078172756123178,R10NORTH_AM
IMAGE 3.3,NAVIGATE Demand-1.5°C-ele_u,0.10940884939216125,0.296799905165658,0.5569657296516664,0.3556867365751924,1.318861220784678,R10NORTH_AM
IMAGE 3.3,NAVIGATE Demand-1.5°C-tec_u,0.12815914402579595,0.46949965496081314,0.42889259041276984,0.36391995302035446,1.3904713424197332,R10NORTH_AM
IMAGE 3.3,NAVIGATE Demand-2.0°C-ele_u,0.03234651597803933,0.5806940145352079,0.5295868278079965,0.5820318141291518,1.7246591724503957,R10NORTH_AM
IMAGE 3.3,NAVIGATE Demand-2.0°C-ref,0.06448140061481347,0.6517172203042921,0.4101710309122939,0.4801274319907246,1.606497083822124,R10NORTH_AM
IMAGE 3.3,NAVIGATE Demand-2.0°C-tec_u,0.056007942931461524,0.728908616484274,0.31209118463598035,0.5568848952285169,1.6538926392802327,R10NORTH_AM
MESSAGEix-GLOBIOM 2.0-M-R12-NGFS,NGFS Phase 5-Below 2°C,0.07290830134141602,0.6958589315676658,0.32947017152698094,0.7808414640370874,1.8790788684731503,R10NORTH_AM
MESSAGEix-GLOBIOM 2.0-M-R12-NGFS,NGFS Phase 5-Delayed Transition,0.05555867759025874,0.7227554008731624,0.34958659505871265,0.7898618898508879,1.9177625633730215,R10NORTH_AM
MESSAGEix-GLOBIOM 2.0-M-R12-NGFS,NGFS Phase 5-Low Demand,0.09474519897594423,0.6401547810080507,0.3944273417538699,0.6379752925418565,1.7673026142797212,R10NORTH_AM
MESSAGEix-GLOBIOM 2.0-M-R12-NGFS,NGFS Phase 5-Nationally Determined Contributions (NDCs),0.055822210114484384,0.7450456019882633,0.5543718438828084,0.7601646379403918,2.115404293925948,R10NORTH_AM
MESSAGEix-GLOBIOM 2.0-M-R12-NGFS,NGFS Phase 5-Net-Zero 2050,0.10332657859802014,0.3887626712862183,0.6048860206939712,0.6158757722822085,1.712851042860418,R10NORTH_AM
POLES-JRC ENGAGE,ENGAGE-INDCi2030-1000,0.3566086666898434,0.7296022877265144,0.4533570348889569,0.4416210683882147,1.9811890576935294,R10NORTH_AM
POLES-JRC ENGAGE,ENGAGE-INDCi2030-1000-COV,0.38171877869799115,0.7541223670298222,0.43582917358652523,0.33763163822842723,1.9093019575427659,R10NORTH_AM
POLES-JRC ENGAGE,ENGAGE-INDCi2030-1000-COV-NDCp,0.3831464104542088,0.7478509364978438,0.42472558732545285,0.1584271401058046,1.71415007438331,R10NORTH_AM
POLES-JRC ENGAGE,ENGAGE-INDCi2030-1000-NDCp,0.36957804607318306,0.7613664673115655,0.4385616277156748,0.3018319438938272,1.8713380849942507,R10NORTH_AM
POLES-JRC ENGAGE,ENGAGE-INDCi2030-1000f,0.3456815729289112,0.7833618728749607,0.4110454951830429,0.4416210683882147,1.9817100093751296,R10NORTH_AM
POLES-JRC ENGAGE,ENGAGE-INDCi2030-1000f-COV,0.37383359726483667,0.7814963233716447,0.4263655518820463,0.33763163822842723,1.9193271107469547,R10NORTH_AM
POLES-JRC ENGAGE,ENGAGE-INDCi2030-1000f-COV-NDCp,0.3733003043779116,0.7730303719920446,0.42672346730257904,0.1584270817260573,1.7314812253985927,R10NORTH_AM
POLES-JRC ENGAGE,ENGAGE-INDCi2030-1000f-NDCp,0.363053234181331,0.7938266394589384,0.42412574657873536,0.3018319438938272,1.882837564112832,R10NORTH_AM
POLES-JRC ENGAGE,ENGAGE-INDCi2030-1200,0.34457261085206564,0.7901835936167985,0.4107442948429515,0.4416210683882147,1.9871215677000302,R10NORTH_AM
POLES-JRC ENGAGE,ENGAGE-INDCi2030-1200f,0.33500141111037623,0.8063155058839451,0.4101247760179986,0.4416210683882147,1.9930627614005347,R10NORTH_AM
POLES-JRC ENGAGE,ENGAGE-INDCi2030-300f,0.38142657085586057,0.7065458704400339,0.5218154282837072,0.4416210683882147,2.051408937967816,R10NORTH_AM
POLES-JRC ENGAGE,ENGAGE-INDCi2030-400f,0.37389722432144834,0.707394942846066,0.5067730554389319,0.4416210683882147,2.029686290994661,R10NORTH_AM
POLES-JRC ENGAGE,ENGAGE-INDCi2030-500f,0.36832150408225994,0.7036336674469178,0.4987150392374663,0.4416210683882147,2.0122912791548586,R10NORTH_AM
POLES-JRC ENGAGE,ENGAGE-INDCi2030-600f,0.3659663779459592,0.716707570124452,0.47675379884669655,0.4416210683882147,2.0010488153053223,R10NORTH_AM
POLES-JRC ENGAGE,ENGAGE-INDCi2030-600f-COV,0.3974777555939514,0.7139759316140314,0.47455039414511613,0.33763163822842723,1.9236357195815263,R10NORTH_AM
POLES-JRC ENGAGE,ENGAGE-INDCi2030-600f-COV-NDCp,0.398915324602761,0.7012438775899258,0.4663245722152104,0.1584270817260573,1.7249108561339546,R10NORTH_AM
POLES-JRC ENGAGE,ENGAGE-INDCi2030-600f-NDCp,0.37673139047385806,0.7392481860020564,0.463148286116947,0.3018319438938272,1.8809598064866888,R10NORTH_AM
POLES-JRC ENGAGE,ENGAGE-INDCi2030-700f,0.35843715381179725,0.7318233482169649,0.44585434844721594,0.4416210683882147,1.9777359188641928,R10NORTH_AM
POLES-JRC ENGAGE,ENGAGE-INDCi2030-800f,0.35293013580494237,0.7497407270375569,0.42840681276478687,0.4416210683882147,1.9726987439955008,R10NORTH_AM
POLES-JRC ENGAGE,ENGAGE-INDCi2030-900,0.38604297840676544,0.709075479096379,0.5247155024679717,0.4416210683882147,2.061455028359331,R10NORTH_AM
POLES-JRC ENGAGE,ENGAGE-INDCi2030-900f,0.3472932507596507,0.7675925319737559,0.4158886077416405,0.4416210683882147,1.9723954588632617,R10NORTH_AM
POLES-JRC ENGAGE,ENGAGE-NPi2020-1000f,0.3565717467986193,0.811476741912718,0.42726693118173986,0.5273753310173616,2.1226907509104387,R10NORTH_AM
POLES-JRC ENGAGE,ENGAGE-NPi2020-1000f-COV,0.37301274658025707,0.8116338690998413,0.44825413548519266,0.5522137289149922,2.185114480080283,R10NORTH_AM
POLES-JRC ENGAGE,ENGAGE-NPi2020-1200f,0.341955042467647,0.8290317931806807,0.43735690825127294,0.5480350826209155,2.156378826520516,R10NORTH_AM
POLES-JRC ENGAGE,ENGAGE-NPi2020-900f,0.36485079540060955,0.7939455645510713,0.428715734222304,0.49502987823565786,2.082541972409643,R10NORTH_AM
REMIND-MAgPIE 2.1-4.2,NGFS Phase 2-Delayed Transition,0.19101352475685612,0.2454078443628325,0.9646867670921714,0.7380402367357187,2.1391483729475786,R10NORTH_AM
REMIND-MAgPIE 3.2.0-4.8.0,RESCUE-End-of-Century-Budget-1150,0.03173635820475002,0.4569623849018449,0.910838500221299,0.4788273189533083,1.8783645622812022,R10NORTH_AM
REMIND-MAgPIE 3.2.0-4.8.0,RESCUE-End-of-Century-Budget-1150-with-OAE,0.03048611793480752,0.4541296810652305,0.9132762975077615,0.4788273189533083,1.8767194154611078,R10NORTH_AM
REMIND-MAgPIE 3.2.0-4.8.0,RESCUE-End-of-Century-Budget-500,0.07474644125574373,0.40756699574540045,0.9185525040922271,0.4788273189533083,1.8796932600466796,R10NORTH_AM
REMIND-MAgPIE 3.2.0-4.8.0,RESCUE-End-of-Century-Budget-500-with-OAE,0.06301831305089627,0.4068950685324508,0.9224822550147104,0.4788273189533083,1.8712229555513658,R10NORTH_AM
REMIND-MAgPIE 3.2.0-4.8.0,RESCUE-Peak-Budget-1150,0.061062607331519726,0.27027361739980416,1.0,0.30012150977818375,1.6314577345095076,R10NORTH_AM
REMIND-MAgPIE 3.2.0-4.8.0,RESCUE-Peak-Budget-1150-with-OAE,0.06454742220203338,0.27264410629931385,0.9971086890097673,0.3002662431506979,1.6345664606618127,R10NORTH_AM
REMIND-MAgPIE 3.3-4.8,NGFS Phase 5-Below 2°C,0.10688137731730696,0.3230262175971212,0.9321095903837865,0.3670921859435535,1.729109371241768,R10NORTH_AM
REMIND-MAgPIE 3.3-4.8,NGFS Phase 5-Delayed Transition,0.18476121194327755,0.3213780333356838,0.8468743530062248,0.5914220225515602,1.9444356208367464,R10NORTH_AM
REMIND-MAgPIE 3.3-4.8,NGFS Phase 5-Low Demand,0.16621775066156405,0.21939823754916213,0.8001050207877114,0.0,1.1857210089984376,R10NORTH_AM
REMIND-MAgPIE 3.3-4.8,NGFS Phase 5-Net-Zero 2050,0.2285424464379696,0.0,0.9290767734304506,0.11461474866404402,1.2722339685324642,R10NORTH_AM
WITCH 5.0,ENGAGE-INDCi2030-1000,0.2192116748790226,0.4935856914664863,0.6865997761089425,0.6212761460050104,2.0206732884594616,R10NORTH_AM
WITCH 5.0,ENGAGE-INDCi2030-1000-NDCp,0.21753353703772624,0.4101947461232491,0.7453131506223168,0.3240152282791159,1.697056662062408,R10NORTH_AM
WITCH 5.0,ENGAGE-INDCi2030-1000f,0.18135104953303313,0.5022575402799002,0.6910681913893305,0.6212761460050104,1.995952927207274,R10NORTH_AM
WITCH 5.0,ENGAGE-INDCi2030-1000f-NDCp,0.18144707487385947,0.4256978209340766,0.7345758916952502,0.3240152282791159,1.665736015782302,R10NORTH_AM
WITCH 5.0,ENGAGE-INDCi2030-1200,0.1595863074999777,0.508852390433869,0.7048806713640065,0.6212761460050104,1.9945955153028636,R10NORTH_AM
WITCH 5.0,ENGAGE-INDCi2030-1200-NDCp,0.1579378850751021,0.43615317616137594,0.7414015162303981,0.3240152282791159,1.6595078057459918,R10NORTH_AM
WITCH 5.0,ENGAGE-INDCi2030-1200f,0.14322462464733718,0.5102214576968646,0.7392431440881038,0.6212761460050104,2.0139653724373154,R10NORTH_AM
WITCH 5.0,ENGAGE-INDCi2030-1200f-NDCp,0.13701955805775298,0.4468013476478904,0.7896913231828998,0.3240152282791159,1.6975274571676588,R10NORTH_AM
WITCH 5.0,ENGAGE-INDCi2030-1400,0.10266201048755882,0.5152217230398214,0.8618080324538101,0.6212761460050104,2.1009679119862006,R10NORTH_AM
WITCH 5.0,ENGAGE-INDCi2030-1400-NDCp,0.10428222790745795,0.46449785733250104,0.8727118178384362,0.3240152282791159,1.7655071313575113,R10NORTH_AM
WITCH 5.0,ENGAGE-INDCi2030-1400f,0.10154236226893593,0.5150316696822893,0.8728751732269094,0.6212761460050104,2.110725351183145,R10NORTH_AM
WITCH 5.0,ENGAGE-INDCi2030-1400f-NDCp,0.10147730361494703,0.4676664365258789,0.9028929752520714,0.3240152282791159,1.7960519436720133,R10NORTH_AM
WITCH 5.0,ENGAGE-INDCi2030-1600-NDCp,0.08476016314400349,0.4838272771172066,0.9765753273389984,0.3240152282791159,1.8691779958793246,R10NORTH_AM
WITCH 5.0,ENGAGE-INDCi2030-500f,0.27539177524684705,0.4585493089292765,0.6353129035021609,0.6212761460050104,1.9905301336832948,R10NORTH_AM
WITCH 5.0,ENGAGE-INDCi2030-600f,0.2745034228091912,0.47264373481217303,0.6359177352465679,0.6212761460050104,2.004341038872943,R10NORTH_AM
WITCH 5.0,ENGAGE-INDCi2030-600f-NDCp,0.2747640504254689,0.3785855796976219,0.7372720624962422,0.3240152282791159,1.714636920898449,R10NORTH_AM
WITCH 5.0,ENGAGE-INDCi2030-700f,0.2739386837269646,0.4835795686893863,0.6896862589343624,0.6212761460050104,2.0684806573557237,R10NORTH_AM
WITCH 5.0,ENGAGE-INDCi2030-700f-NDCp,0.27400717869536223,0.3963109339871148,0.739954331900604,0.3240152282791159,1.7342876728621968,R10NORTH_AM
WITCH 5.0,ENGAGE-INDCi2030-800,0.2749995592406026,0.4639630715021278,0.6401204993581684,0.6212761460050104,2.000359276105909,R10NORTH_AM
WITCH 5.0,ENGAGE-INDCi2030-800-NDCp,0.2750277793952297,0.36176248352549767,0.6991545230685476,0.3240152282791159,1.6599600142683908,R10NORTH_AM
WITCH 5.0,ENGAGE-INDCi2030-800f,0.27351816073574703,0.49431217425076424,0.6913085350269776,0.6212761460050104,2.0804150160184993,R10NORTH_AM
WITCH 5.0,ENGAGE-INDCi2030-800f-NDCp,0.24650176654464387,0.4069161066616584,0.7411677525476554,0.3240152282791159,1.7186008540330737,R10NORTH_AM
WITCH 5.0,ENGAGE-INDCi2030-900,0.2738929479603353,0.4846927652896395,0.6940043550985838,0.6212761460050104,2.073866214353569,R10NORTH_AM
WITCH 5.0,ENGAGE-INDCi2030-900-NDCp,0.2740204339079709,0.39710499688531503,0.7358673869232946,0.3240152282791159,1.7310080459956965,R10NORTH_AM
WITCH 5.0,ENGAGE-INDCi2030-900f,0.23021302484068096,0.4970157288151997,0.6919080808322171,0.6212761460050104,2.0404129804931084,R10NORTH_AM
WITCH 5.0,ENGAGE-INDCi2030-900f-NDCp,0.2127593973189042,0.41549591854481355,0.7380166704052842,0.3240152282791159,1.6902872145481176,R10NORTH_AM
