model,scenario,CDR_2050,flexibility_scores,shannon_index,carbon_budgets,robustness_score,Region
IMAGE 3.0,ENGAGE-INDCi2030-1000,0.012832231739158763,0.600113490996095,0.309555275522852,0.006136182341960991,0.9286371806000668,R10LATIN_AM
IMAGE 3.0,ENGAGE-INDCi2030-1000f,0.004420060288667154,0.6416126901507248,0.3359962128608165,0.0061315484947533656,0.9881605117949618,R10LATIN_AM
IMAGE 3.0,ENGAGE-INDCi2030-1200,0.007461031451193344,0.6318625425673451,0.32273414051039456,0.006111817035899623,0.9681695315648327,R10LATIN_AM
IMAGE 3.0,ENGAGE-INDCi2030-1200f,0.0015843496473147923,0.6393674352052546,0.3440255325102623,0.006131693900335773,0.9911090112631674,R10LATIN_AM
IMAGE 3.0,ENGAGE-INDCi2030-1400f,0.0,0.6430200361851933,0.3462328419234012,0.006131693900335773,0.9953845720089303,R10LATIN_AM
IMAGE 3.0,ENGAGE-INDCi2030-800f,0.010365571869856594,0.6025124529032165,0.30440572337808397,0.0061487916507486085,0.9234325398019056,R10LATIN_AM
IMAGE 3.0,ENGAGE-NPi2020-1000,0.023189679349284408,0.609962414374311,0.29744771410744913,0.005889688931075485,0.93648949676212,R10LATIN_AM
IMAGE 3.0,ENGAGE-NPi2020-1200,0.010124010605869116,0.6255073249294445,0.3041763733732901,0.005943675895336895,0.9457513848039405,R10LATIN_AM
IMAGE 3.0,ENGAGE-NPi2020-1400,0.005410517627308765,0.6309885012260736,0.3089110647898442,0.006000564578687731,0.9513106482219144,R10LATIN_AM
IMAGE 3.0,ENGAGE-NPi2020-1400f,0.005392190762033012,0.6281987115228347,0.29978728808267296,0.0059135610042495585,0.9392917513717902,R10LATIN_AM
IMAGE 3.2,SSP2021-SSP1-SPA1-19-Default,0.2943899824975839,0.5148760687405015,0.31604334041009524,0.0047616742333274065,1.130071065881508,R10LATIN_AM
IMAGE 3.2,SSP2021-SSP1-SPA1-19-Lifestyle-Renewables,0.9900342978163709,0.546298762654225,0.29956468862251645,0.0038995301156868932,1.839797279208799,R10LATIN_AM
IMAGE 3.2,SSP2021-SSP1-SPA1-19-Renewables,0.35227155373626967,0.4549813366495465,0.3730089247852317,0.0044584175713933425,1.184720232742441,R10LATIN_AM
IMAGE 3.2,SSP2021-SSP1-SPA1-26-Default,0.24196256247594677,0.5332659003764294,0.34975691351356086,0.004867201658143108,1.1298525780240802,R10LATIN_AM
IMAGE 3.2,SSP2021-SSP1-SPA1-26-Lifestyle,0.8033040971384641,0.5439688221119287,0.3893783866154916,0.0040484924560376025,1.740699798321922,R10LATIN_AM
IMAGE 3.2,SSP2021-SSP1-SPA1-26-Lifestyle-Renewables,0.8847592138865737,0.5768514021038685,0.3933979932290259,0.004143234031431454,1.8591518432508995,R10LATIN_AM
IMAGE 3.2,SSP2021-SSP1-SPA1-26-Renewables,0.2577972934939073,0.4494669746894659,0.4376202960360483,0.004601488922668376,1.1494860531420898,R10LATIN_AM
IMAGE 3.2,SSP2021-SSP2-SPA0-26-Default,0.44534477840221787,0.638307626653144,0.35808836054430304,0.005040221313294331,1.4467809869129593,R10LATIN_AM
IMAGE 3.2,SSP2021-SSP2-SPA2-19-Renewables,0.31409317373108886,0.46395774836944803,0.2996699954945848,0.004839177029292589,1.0825600946244143,R10LATIN_AM
IMAGE 3.2,SSP2021-SSP2-SPA2-26-Default,0.2521667983593081,0.6396850510135473,0.31229050352033993,0.005299124735578345,1.2094414776287739,R10LATIN_AM
IMAGE 3.2,SSP2021-SSP2-SPA2-26-Lifestyle,0.6710147912481745,0.6446509310547767,0.40325970399168204,0.0047028352895776915,1.723628261584211,R10LATIN_AM
IMAGE 3.2,SSP2021-SSP2-SPA2-26-Lifestyle-Renewables,0.6544093244046258,0.5855799850167848,0.4438508102639566,0.004661245700487445,1.6885013653858547,R10LATIN_AM
IMAGE 3.2,SSP2021-SSP2-SPA2-26-Renewables,0.26179371462430284,0.5664485478913204,0.36028602933979276,0.005154816094368271,1.1936831079497843,R10LATIN_AM
IMAGE 3.3,NAVIGATE Demand-1.5°C-ele_u,0.24393071659317592,0.2085611571494025,0.48158540543366407,0.005904223922839092,0.9399815030990815,R10LATIN_AM
IMAGE 3.3,NAVIGATE Demand-1.5°C-tec_u,0.25014668218741576,0.3276307244724375,0.46180360460732633,0.005925010315571725,1.0455060215827512,R10LATIN_AM
IMAGE 3.3,NAVIGATE Demand-2.0°C-ele_u,0.20330825842056455,0.32791515775995955,0.44505307533771316,0.006125152991898366,0.9824016445101357,R10LATIN_AM
IMAGE 3.3,NAVIGATE Demand-2.0°C-ref,0.21418149586380045,0.4382114835739411,0.4319575900028615,0.0060621916132046465,1.0904127610538077,R10LATIN_AM
IMAGE 3.3,NAVIGATE Demand-2.0°C-tec_u,0.21393203610966038,0.46252184154988063,0.4350643613088389,0.006108378116069476,1.1176266170844493,R10LATIN_AM
MESSAGEix-GLOBIOM 2.0-M-R12-NGFS,NGFS Phase 5-Below 2°C,0.2293547393858586,0.18485667720949792,0.5486612593022018,0.006142556729708103,0.9690152326272664,R10LATIN_AM
MESSAGEix-GLOBIOM 2.0-M-R12-NGFS,NGFS Phase 5-Delayed Transition,0.21317269323059984,0.25844313164150506,0.5367718325013804,0.006631666320461609,1.0150193236939469,R10LATIN_AM
MESSAGEix-GLOBIOM 2.0-M-R12-NGFS,NGFS Phase 5-Low Demand,0.2357372797164987,0.23780812625232395,0.5193248864776487,0.00600899417644349,0.9988792866229149,R10LATIN_AM
MESSAGEix-GLOBIOM 2.0-M-R12-NGFS,NGFS Phase 5-Nationally Determined Contributions (NDCs),0.21299587781197346,0.30827409093206987,0.6035005029725887,0.006528925273693635,1.1312993969903258,R10LATIN_AM
MESSAGEix-GLOBIOM 2.0-M-R12-NGFS,NGFS Phase 5-Net-Zero 2050,0.24770500520411884,0.03088119455580601,0.5504957781032623,0.0059975108962227325,0.8350794887594098,R10LATIN_AM
POLES-JRC ENGAGE,ENGAGE-INDCi2030-1000,0.1984889747435047,0.4259123562812038,0.459930012987168,0.005699496384241465,1.090030840396118,R10LATIN_AM
POLES-JRC ENGAGE,ENGAGE-INDCi2030-1000-COV,0.2038225214002027,0.4684940805378661,0.4635151278783909,0.005471533771165418,1.141303263587625,R10LATIN_AM
POLES-JRC ENGAGE,ENGAGE-INDCi2030-1000-COV-NDCp,0.20645682029316353,0.4654728513927136,0.4642303980051227,0.0053392896391131735,1.141499359330113,R10LATIN_AM
POLES-JRC ENGAGE,ENGAGE-INDCi2030-1000-NDCp,0.19938639570556052,0.46294712942836347,0.4654079909331854,0.0056392494789067405,1.1333807655460162,R10LATIN_AM
POLES-JRC ENGAGE,ENGAGE-INDCi2030-1000f,0.19127553339057762,0.47850428808399204,0.46751222697729883,0.005699496384241465,1.14299154483611,R10LATIN_AM
POLES-JRC ENGAGE,ENGAGE-INDCi2030-1000f-COV,0.19891694041764982,0.5028413699714418,0.46306539471109015,0.005471533771165418,1.170295238871347,R10LATIN_AM
POLES-JRC ENGAGE,ENGAGE-INDCi2030-1000f-COV-NDCp,0.19940317205580488,0.5017701998851072,0.4665218521881017,0.0053392896391131735,1.1730345137681268,R10LATIN_AM
POLES-JRC ENGAGE,ENGAGE-INDCi2030-1000f-NDCp,0.19354958475747625,0.5078530058696592,0.46511497586426914,0.005639249658559753,1.1721568161499643,R10LATIN_AM
POLES-JRC ENGAGE,ENGAGE-INDCi2030-1200,0.19014527351110125,0.49120738525306473,0.4668548575297451,0.005699496384241465,1.1539070126781525,R10LATIN_AM
POLES-JRC ENGAGE,ENGAGE-INDCi2030-1200f,0.1842409288467783,0.5137648308219811,0.46485738519650643,0.005699496384241465,1.1685626412495074,R10LATIN_AM
POLES-JRC ENGAGE,ENGAGE-INDCi2030-300f,0.20917060440610194,0.3741287639999622,0.4616760044522275,0.005699496384241465,1.0506748692425332,R10LATIN_AM
POLES-JRC ENGAGE,ENGAGE-INDCi2030-400f,0.20718610347427555,0.38406431117722145,0.46177424179702753,0.005699496384241465,1.058724152832766,R10LATIN_AM
POLES-JRC ENGAGE,ENGAGE-INDCi2030-500f,0.20387031214062343,0.40064906881522555,0.46026635115579445,0.005699496384241465,1.070485228495885,R10LATIN_AM
POLES-JRC ENGAGE,ENGAGE-INDCi2030-600f,0.2014462524799223,0.4095464589754927,0.4608781585562022,0.005699496384241465,1.0775703663958587,R10LATIN_AM
POLES-JRC ENGAGE,ENGAGE-INDCi2030-600f-COV,0.2114716694061967,0.42586907812459807,0.46142639247639444,0.005471533771165418,1.1042386737783547,R10LATIN_AM
POLES-JRC ENGAGE,ENGAGE-INDCi2030-600f-COV-NDCp,0.21426833421474542,0.42496725939708135,0.46260260648041346,0.0053392896391131735,1.1071774897313533,R10LATIN_AM
POLES-JRC ENGAGE,ENGAGE-INDCi2030-600f-NDCp,0.20422708134304593,0.4383360161766815,0.4611937277592638,0.0056392494789067405,1.109396074757898,R10LATIN_AM
POLES-JRC ENGAGE,ENGAGE-INDCi2030-700f,0.1992365262282552,0.4259257097989787,0.4605789519345722,0.005699496384241465,1.0914406843460476,R10LATIN_AM
POLES-JRC ENGAGE,ENGAGE-INDCi2030-800f,0.19682797395731141,0.4394216755380842,0.4638323856178469,0.005699496384241465,1.105781531497484,R10LATIN_AM
POLES-JRC ENGAGE,ENGAGE-INDCi2030-900,0.2096035981027174,0.37217371938645893,0.4642650797875989,0.005699496384241465,1.0517418936610168,R10LATIN_AM
POLES-JRC ENGAGE,ENGAGE-INDCi2030-900f,0.19324758786823432,0.4589486339237802,0.4688944412788525,0.005699496384241465,1.1267901594551086,R10LATIN_AM
POLES-JRC ENGAGE,ENGAGE-NPi2020-1000f,0.22695300002813795,0.5130430978239621,0.4705683702030007,0.004952660578643483,1.2155171286337443,R10LATIN_AM
POLES-JRC ENGAGE,ENGAGE-NPi2020-1000f-COV,0.23570773095957823,0.522238409274608,0.4780557870499762,0.0048098019288869915,1.2408117292130494,R10LATIN_AM
POLES-JRC ENGAGE,ENGAGE-NPi2020-1200f,0.2188258286646235,0.5316317876314306,0.4816210189464995,0.005145584287992842,1.2372242195305463,R10LATIN_AM
POLES-JRC ENGAGE,ENGAGE-NPi2020-900f,0.23279605290946498,0.49476484637765283,0.4689849747232235,0.004911123047904046,1.2014569970582454,R10LATIN_AM
REMIND-MAgPIE 2.1-4.2,NGFS Phase 2-Delayed Transition,0.2633899537839653,0.3801881060608445,0.5640703462687874,0.006256005795076526,1.2139044119086737,R10LATIN_AM
REMIND-MAgPIE 3.2.0-4.8.0,RESCUE-End-of-Century-Budget-1150,0.06097147620367278,0.2916231946228491,0.6936600427839619,0.005538713200745743,1.0517934268112294,R10LATIN_AM
REMIND-MAgPIE 3.2.0-4.8.0,RESCUE-End-of-Century-Budget-1150-with-OAE,0.0599447361534489,0.2877068988023977,0.6951687458348672,0.005538713200745743,1.0483590939914595,R10LATIN_AM
REMIND-MAgPIE 3.2.0-4.8.0,RESCUE-End-of-Century-Budget-500,0.1025113504436297,0.2537227030991817,0.6861883604086766,0.005538713200745743,1.0479611271522338,R10LATIN_AM
REMIND-MAgPIE 3.2.0-4.8.0,RESCUE-End-of-Century-Budget-500-with-OAE,0.09526431883300009,0.25355691555252047,0.687822675309576,0.005538713200745743,1.0421826228958422,R10LATIN_AM
REMIND-MAgPIE 3.2.0-4.8.0,RESCUE-Peak-Budget-1150,0.07421847852357907,0.16437646488969165,0.7077620075126366,0.0053893911565707844,0.9517463420824781,R10LATIN_AM
REMIND-MAgPIE 3.2.0-4.8.0,RESCUE-Peak-Budget-1150-with-OAE,0.073770976757135,0.16494773014556846,0.7076705569311779,0.0053558471356751165,0.9517451109695564,R10LATIN_AM
REMIND-MAgPIE 3.3-4.8,NGFS Phase 5-Below 2°C,0.08189227123686892,0.16816438265519923,0.6817420514646463,0.005569942687020752,0.9373686480437351,R10LATIN_AM
REMIND-MAgPIE 3.3-4.8,NGFS Phase 5-Delayed Transition,0.06190607252467708,0.2386052308254544,0.6770389707408501,0.005559026985396524,0.9831093010763781,R10LATIN_AM
REMIND-MAgPIE 3.3-4.8,NGFS Phase 5-Low Demand,0.0844813917741795,0.19007640817061788,0.5926649687071743,0.0042668276743053285,0.871489596326277,R10LATIN_AM
REMIND-MAgPIE 3.3-4.8,NGFS Phase 5-Net-Zero 2050,0.13214308313703885,0.0,0.6342921626890153,0.0050467402657325385,0.7714819860917866,R10LATIN_AM
WITCH 5.0,ENGAGE-INDCi2030-1000,0.09510915552363593,0.3836382840509836,0.5372516280981777,0.0035108231007505196,1.0195098907735478,R10LATIN_AM
WITCH 5.0,ENGAGE-INDCi2030-1000-NDCp,0.10635438673355634,0.34789087429001087,0.5318050164409265,0.0048441219595991665,0.9908943994240929,R10LATIN_AM
WITCH 5.0,ENGAGE-INDCi2030-1000f,0.09364782875438626,0.39497767587527,0.5836557945317662,0.0035108231007505196,1.0757921222621731,R10LATIN_AM
WITCH 5.0,ENGAGE-INDCi2030-1000f-NDCp,0.09771535454268959,0.3538786049611542,0.5724345307277063,0.0048441219595991665,1.0288726121911493,R10LATIN_AM
WITCH 5.0,ENGAGE-INDCi2030-1200,0.09481291130038697,0.40539644390427504,0.5742086505998338,0.0035108231007505196,1.0779288289052464,R10LATIN_AM
WITCH 5.0,ENGAGE-INDCi2030-1200-NDCp,0.10464898516822072,0.373999277228015,0.5631955368373189,0.0048441219595991665,1.0466879211931537,R10LATIN_AM
WITCH 5.0,ENGAGE-INDCi2030-1200f,0.09458464408635912,0.414652619514902,0.5871914982014542,0.0035108231007505196,1.0999395849034659,R10LATIN_AM
WITCH 5.0,ENGAGE-INDCi2030-1200f-NDCp,0.09776394819586752,0.37958932851535815,0.5744653243243497,0.0048441219595991665,1.0566627229951744,R10LATIN_AM
WITCH 5.0,ENGAGE-INDCi2030-1400,0.09435185901604098,0.4316375555657875,0.5922052180348394,0.0035108231007505196,1.1217054557174184,R10LATIN_AM
WITCH 5.0,ENGAGE-INDCi2030-1400-NDCp,0.10215360406774031,0.3974048550415925,0.5739365567702337,0.0048441219595991665,1.0783391378391656,R10LATIN_AM
WITCH 5.0,ENGAGE-INDCi2030-1400f,0.09435533508121338,0.43240798404324077,0.5809734650976224,0.0035108231007505196,1.111247607322827,R10LATIN_AM
WITCH 5.0,ENGAGE-INDCi2030-1400f-NDCp,0.10041153629529564,0.39722621253302,0.571733045594942,0.0048441219595991665,1.0742149163828567,R10LATIN_AM
WITCH 5.0,ENGAGE-INDCi2030-1600-NDCp,0.1018662577269491,0.411194862075926,0.5769097896148687,0.0048441219595991665,1.094815031377343,R10LATIN_AM
WITCH 5.0,ENGAGE-INDCi2030-500f,0.09419988204887199,0.3292743103874385,0.5349260695814763,0.0035108231007505196,0.9619110851185373,R10LATIN_AM
WITCH 5.0,ENGAGE-INDCi2030-600f,0.0932190079472605,0.3390879026010499,0.545838571474833,0.0035108231007505196,0.9816563051238939,R10LATIN_AM
WITCH 5.0,ENGAGE-INDCi2030-600f-NDCp,0.09776554186276935,0.2818791775213814,0.5480585170614019,0.0048441219595991665,0.9325473584051517,R10LATIN_AM
WITCH 5.0,ENGAGE-INDCi2030-700f,0.09302742718242993,0.35496008721570255,0.5684727335729383,0.0035108231007505196,1.0199710710718213,R10LATIN_AM
WITCH 5.0,ENGAGE-INDCi2030-700f-NDCp,0.09758965661449427,0.305016222153911,0.5661918911425834,0.0048441219595991665,0.9736418918705878,R10LATIN_AM
WITCH 5.0,ENGAGE-INDCi2030-800,0.09855277227041197,0.33893454640931775,0.5148710937586831,0.0035108231007505196,0.9558692355391634,R10LATIN_AM
WITCH 5.0,ENGAGE-INDCi2030-800-NDCp,0.10787545936760119,0.28331478608516436,0.5228975482018086,0.0048441219595991665,0.9189319156141733,R10LATIN_AM
WITCH 5.0,ENGAGE-INDCi2030-800f,0.09312066403878241,0.37074653808798863,0.5757626600423771,0.0035108231007505196,1.0431406852698988,R10LATIN_AM
WITCH 5.0,ENGAGE-INDCi2030-800f-NDCp,0.09743852563852706,0.32693214061558457,0.5677334073609069,0.0048441219595991665,0.9969481955746178,R10LATIN_AM
WITCH 5.0,ENGAGE-INDCi2030-900,0.09536513509753197,0.35847673766086596,0.5586477935201398,0.0035108231007505196,1.0160004893792882,R10LATIN_AM
WITCH 5.0,ENGAGE-INDCi2030-900-NDCp,0.10663452616249246,0.3218718275450853,0.5182722401472577,0.0048441219595991665,0.9516227158144347,R10LATIN_AM
WITCH 5.0,ENGAGE-INDCi2030-900f,0.09322158323858487,0.38270034490087557,0.578148037946308,0.0035108231007505196,1.057580789186519,R10LATIN_AM
WITCH 5.0,ENGAGE-INDCi2030-900f-NDCp,0.09739899673176718,0.34339946647197395,0.5736393176180921,0.0048441219595991665,1.0192819027814324,R10LATIN_AM
IMAGE 3.0,ENGAGE-INDCi2030-1000,0.12433398000454308,0.7430049442322967,0.24925818789721393,0.005261272137229642,1.1218583842712833,R10INDIA+
IMAGE 3.0,ENGAGE-INDCi2030-1000f,0.141624859687976,0.7745632510253215,0.33167187209634064,0.0053287231978413506,1.2531887060074793,R10INDIA+
IMAGE 3.0,ENGAGE-INDCi2030-1200,0.12421101666855369,0.7671475494505294,0.29327713120301785,0.005264575002594622,1.1899002723246956,R10INDIA+
IMAGE 3.0,ENGAGE-INDCi2030-1200f,0.12797052946581045,0.7835125771105089,0.3418008473331563,0.005329353098464428,1.2586133070079402,R10INDIA+
IMAGE 3.0,ENGAGE-INDCi2030-1400f,0.1298900027119745,0.7841984215720617,0.3462521499392518,0.005329353098464428,1.2656699273217524,R10INDIA+
IMAGE 3.0,ENGAGE-INDCi2030-800f,0.12006113204716086,0.7553257920256863,0.2679357766190298,0.005332427129234136,1.148655127821111,R10INDIA+
IMAGE 3.0,ENGAGE-NPi2020-1000,0.12416489008804268,0.7293725010190495,0.19974549488005594,0.004459104833349529,1.0577419908204977,R10INDIA+
IMAGE 3.0,ENGAGE-NPi2020-1200,0.1424027572689453,0.7364186903839086,0.2410344974701621,0.004478287710624175,1.12433423283364,R10INDIA+
IMAGE 3.0,ENGAGE-NPi2020-1400,0.13454866108236496,0.7438871272125684,0.24805795346614185,0.004607264408158093,1.1311010061692333,R10INDIA+
IMAGE 3.0,ENGAGE-NPi2020-1400f,0.13711876393336458,0.7448795718876098,0.24995954431492945,0.004492311819112971,1.1364501919550167,R10INDIA+
IMAGE 3.2,SSP2021-SSP1-SPA1-19-Default,0.1856594281633001,0.6046211334805967,0.24952035535251701,0.004040807409579635,1.0438417244059934,R10INDIA+
IMAGE 3.2,SSP2021-SSP1-SPA1-19-Lifestyle-Renewables,0.21223387171323466,0.8318709848999235,0.17944648670575364,0.003909974171451441,1.2274613174903632,R10INDIA+
IMAGE 3.2,SSP2021-SSP1-SPA1-19-Renewables,0.10251069418284654,0.5016627314987725,0.27660686760395753,0.0038872106868931703,0.8846675039724696,R10INDIA+
IMAGE 3.2,SSP2021-SSP1-SPA1-26-Default,0.08924340096259738,0.7754478996463534,0.22919665554626753,0.004517312833782999,1.0984052689890011,R10INDIA+
IMAGE 3.2,SSP2021-SSP1-SPA1-26-Lifestyle,0.08748675682633086,0.7731942757842536,0.343971106016559,0.004448408532386362,1.20910054715953,R10INDIA+
IMAGE 3.2,SSP2021-SSP1-SPA1-26-Lifestyle-Renewables,0.050108568505106754,0.8066706513142157,0.39768547567314116,0.004461905660265078,1.2589266011527287,R10INDIA+
IMAGE 3.2,SSP2021-SSP1-SPA1-26-Renewables,0.10057582442105711,0.6509583149733107,0.32100077008095634,0.00429253238531382,1.0768274418606378,R10INDIA+
IMAGE 3.2,SSP2021-SSP2-SPA0-26-Default,0.12263152177493696,0.9136213794165813,0.2478248288685328,0.004733549916039015,1.28881127997609,R10INDIA+
IMAGE 3.2,SSP2021-SSP2-SPA2-19-Renewables,0.11096694172504633,0.7494732745357272,0.1612289427119537,0.00299729968624977,1.0246664586589769,R10INDIA+
IMAGE 3.2,SSP2021-SSP2-SPA2-26-Default,0.19508924770952724,0.855419770977857,0.3035335372813029,0.0042894797942216924,1.3583320357629087,R10INDIA+
IMAGE 3.2,SSP2021-SSP2-SPA2-26-Lifestyle,0.10632141991760695,0.8568619471202855,0.23078316507264215,0.0036081046208247796,1.1975746367313593,R10INDIA+
IMAGE 3.2,SSP2021-SSP2-SPA2-26-Lifestyle-Renewables,0.09248359497986089,0.8036707626282695,0.1851542908850346,0.003627257702473344,1.0849359061956383,R10INDIA+
IMAGE 3.2,SSP2021-SSP2-SPA2-26-Renewables,0.16122930943640174,0.7970268680220493,0.20194665813758542,0.0036123342156700123,1.1638151698117063,R10INDIA+
IMAGE 3.3,NAVIGATE Demand-1.5°C-ele_u,0.05430123312998618,0.33382177908945926,0.4056605973239869,0.003665127699235884,0.7974487372426682,R10INDIA+
IMAGE 3.3,NAVIGATE Demand-1.5°C-tec_u,0.0581210806615467,0.29672765302826554,0.4447653220558499,0.0036163013919787612,0.8032303571376409,R10INDIA+
IMAGE 3.3,NAVIGATE Demand-2.0°C-ele_u,0.055498957517468916,0.6209375826853807,0.32860115979558924,0.004157913674480111,1.009195613672919,R10INDIA+
IMAGE 3.3,NAVIGATE Demand-2.0°C-ref,0.05163701850991373,0.5781778811519414,0.35772412867746345,0.004155358138010644,0.9916943864773292,R10INDIA+
IMAGE 3.3,NAVIGATE Demand-2.0°C-tec_u,0.049337360702787596,0.5739013006640264,0.41346186796423,0.004142582974531476,1.0408431123055755,R10INDIA+
MESSAGEix-GLOBIOM 2.0-M-R12-NGFS,NGFS Phase 5-Below 2°C,0.07424319095611669,0.3311820483179262,0.5048615004970394,0.00434432432769622,0.9146310640987785,R10INDIA+
MESSAGEix-GLOBIOM 2.0-M-R12-NGFS,NGFS Phase 5-Delayed Transition,0.07276292627536678,0.4092014707212315,0.482524610561089,0.004904179832289487,0.9693931873899767,R10INDIA+
MESSAGEix-GLOBIOM 2.0-M-R12-NGFS,NGFS Phase 5-Low Demand,0.07555027699452713,0.21837557659726778,0.4132031867783602,0.004052910443490938,0.7111819508136461,R10INDIA+
MESSAGEix-GLOBIOM 2.0-M-R12-NGFS,NGFS Phase 5-Nationally Determined Contributions (NDCs),0.07016694129776269,0.6011344429356331,0.5626648470919173,0.005063456710072166,1.2390296880353855,R10INDIA+
MESSAGEix-GLOBIOM 2.0-M-R12-NGFS,NGFS Phase 5-Net-Zero 2050,0.07718412355233309,0.1171782806183704,0.41119008139322905,0.004020230979623852,0.6095727165435564,R10INDIA+
POLES-JRC ENGAGE,ENGAGE-INDCi2030-1000,0.07243243995582327,0.5212874899122643,0.5447070705741364,0.006071218184566133,1.14449821862679,R10INDIA+
POLES-JRC ENGAGE,ENGAGE-INDCi2030-1000-COV,0.0726004079507573,0.5561046979170056,0.5494640771681897,0.005497902208971525,1.1836670852449243,R10INDIA+
POLES-JRC ENGAGE,ENGAGE-INDCi2030-1000-COV-NDCp,0.07235734568920728,0.5537701691489576,0.5486180140317387,0.005505603243891341,1.180251132113795,R10INDIA+
POLES-JRC ENGAGE,ENGAGE-INDCi2030-1000-NDCp,0.074301832143418,0.5652266230335553,0.5495713342887387,0.006431976277703343,1.1955317657434155,R10INDIA+
POLES-JRC ENGAGE,ENGAGE-INDCi2030-1000f,0.06847628701791066,0.58645031452481,0.4945545123564532,0.006071218184566133,1.15555233208374,R10INDIA+
POLES-JRC ENGAGE,ENGAGE-INDCi2030-1000f-COV,0.06981709882994935,0.6210016582428325,0.500484837340526,0.005497902208971525,1.1968014966222793,R10INDIA+
POLES-JRC ENGAGE,ENGAGE-INDCi2030-1000f-COV-NDCp,0.06977571891309184,0.6316543481547904,0.489866139624401,0.005505603091431533,1.1968018097837148,R10INDIA+
POLES-JRC ENGAGE,ENGAGE-INDCi2030-1000f-NDCp,0.07381072098245484,0.6307725207051323,0.5329914316501163,0.006431976277703343,1.244006649615407,R10INDIA+
POLES-JRC ENGAGE,ENGAGE-INDCi2030-1200,0.06859412314907844,0.6114286352932427,0.47705539609499437,0.006071218184566133,1.1631493727218818,R10INDIA+
POLES-JRC ENGAGE,ENGAGE-INDCi2030-1200f,0.06689907735123979,0.64358251656093,0.46486248803909297,0.006071218184566133,1.181415300135829,R10INDIA+
POLES-JRC ENGAGE,ENGAGE-INDCi2030-300f,0.07573122689733855,0.5082316465649145,0.5591275137362892,0.006071218184566133,1.1491616053831082,R10INDIA+
POLES-JRC ENGAGE,ENGAGE-INDCi2030-400f,0.07561891598248252,0.5066828948961013,0.5592323410303213,0.006071218184566133,1.1476053700934712,R10INDIA+
POLES-JRC ENGAGE,ENGAGE-INDCi2030-500f,0.07452425172804468,0.5108068832355207,0.5545153782075054,0.006071218184566133,1.1459177313556368,R10INDIA+
POLES-JRC ENGAGE,ENGAGE-INDCi2030-600f,0.07414089720895503,0.5161433963752434,0.5522589526693623,0.006071218184566133,1.1486144644381269,R10INDIA+
POLES-JRC ENGAGE,ENGAGE-INDCi2030-600f-COV,0.07651760995184861,0.5303315727869243,0.5647505239141128,0.005497902208971525,1.1770976088618572,R10INDIA+
POLES-JRC ENGAGE,ENGAGE-INDCi2030-600f-COV-NDCp,0.07798350090052661,0.5242216054456917,0.5652574488757297,0.005505603091431533,1.1729681583133795,R10INDIA+
POLES-JRC ENGAGE,ENGAGE-INDCi2030-600f-NDCp,0.07439929936975327,0.5483405324310311,0.5499846265202116,0.006431976277703343,1.1791564345986996,R10INDIA+
POLES-JRC ENGAGE,ENGAGE-INDCi2030-700f,0.07220292734642507,0.5228286597087102,0.545199820600965,0.006071218184566133,1.1463026258406663,R10INDIA+
POLES-JRC ENGAGE,ENGAGE-INDCi2030-800f,0.0712012029045245,0.5306032784256006,0.5388501114621469,0.006071218184566133,1.1467258109768383,R10INDIA+
POLES-JRC ENGAGE,ENGAGE-INDCi2030-900,0.07676054146837225,0.5074367656507195,0.5567066921812713,0.006071218184566133,1.1469752174849293,R10INDIA+
POLES-JRC ENGAGE,ENGAGE-INDCi2030-900f,0.06934324827957053,0.5529134880688211,0.517908100718924,0.006071218184566133,1.146236055251882,R10INDIA+
POLES-JRC ENGAGE,ENGAGE-NPi2020-1000f,0.06796729376793038,0.6232772669152402,0.4151518370050455,0.0052249077874795095,1.1116213054756956,R10INDIA+
POLES-JRC ENGAGE,ENGAGE-NPi2020-1000f-COV,0.06924028882021012,0.6478066842985907,0.44138405617513793,0.004909193079625761,1.1633402223735645,R10INDIA+
POLES-JRC ENGAGE,ENGAGE-NPi2020-1200f,0.06357769530574381,0.6525032420283741,0.4226239862762877,0.00535623063965471,1.1440611542500603,R10INDIA+
POLES-JRC ENGAGE,ENGAGE-NPi2020-900f,0.0706343001924407,0.5886226451680663,0.4181713176332264,0.005090286788106048,1.0825185497818395,R10INDIA+
REMIND-MAgPIE 2.1-4.2,NGFS Phase 2-Delayed Transition,0.06885072872926408,0.5375871034560638,0.432803313295758,0.005712915753475323,1.0449540612345611,R10INDIA+
REMIND-MAgPIE 3.2.0-4.8.0,RESCUE-End-of-Century-Budget-1150,0.04877109937853842,0.592481110099693,0.4616348670772047,0.005406791737996721,1.1082938682934327,R10INDIA+
REMIND-MAgPIE 3.2.0-4.8.0,RESCUE-End-of-Century-Budget-1150-with-OAE,0.04874928812792942,0.5929608470284142,0.4618454049881935,0.005406791737996721,1.108962331882534,R10INDIA+
REMIND-MAgPIE 3.2.0-4.8.0,RESCUE-End-of-Century-Budget-500,0.055669745964980484,0.5561971841651311,0.4557382327695024,0.005406791737996721,1.0730119546376107,R10INDIA+
REMIND-MAgPIE 3.2.0-4.8.0,RESCUE-End-of-Century-Budget-500-with-OAE,0.05477580195238294,0.5549641892642538,0.45829472041884767,0.005406791737996721,1.0734415033734812,R10INDIA+
REMIND-MAgPIE 3.2.0-4.8.0,RESCUE-Peak-Budget-1150,0.05875610858478144,0.46507170062028447,0.5009788065165494,0.0053814799302733364,1.0301880956518887,R10INDIA+
REMIND-MAgPIE 3.2.0-4.8.0,RESCUE-Peak-Budget-1150-with-OAE,0.05924411102480646,0.4672104125254862,0.5006230660737075,0.005470321967937391,1.0325479115919376,R10INDIA+
REMIND-MAgPIE 3.3-4.8,NGFS Phase 5-Below 2°C,0.0556435360567246,0.48881529806238155,0.504969878866555,0.005813617227478205,1.0552423302131393,R10INDIA+
REMIND-MAgPIE 3.3-4.8,NGFS Phase 5-Delayed Transition,0.059233658626754275,0.5430828897046264,0.47672228126108024,0.005977883085035332,1.0850167126774963,R10INDIA+
REMIND-MAgPIE 3.3-4.8,NGFS Phase 5-Low Demand,0.07949414043655241,0.45401274368239364,0.4439407516575989,0.004791030034838459,0.9822386658113835,R10INDIA+
REMIND-MAgPIE 3.3-4.8,NGFS Phase 5-Net-Zero 2050,0.08525901753467055,0.22995190092292608,0.5458165015553679,0.0051282355091169345,0.8661556555220814,R10INDIA+
WITCH 5.0,ENGAGE-INDCi2030-1000,0.06740271845462353,0.6377774775711014,0.31729245571142595,0.004302947255184169,1.026775598992335,R10INDIA+
WITCH 5.0,ENGAGE-INDCi2030-1000-NDCp,0.06736331904646575,0.6385816506702408,0.31772167502658466,0.004302945814788939,1.0279695905580801,R10INDIA+
WITCH 5.0,ENGAGE-INDCi2030-1000f,0.06716081216749387,0.6474377310714062,0.3433071427529135,0.004302947255184169,1.0622086332469978,R10INDIA+
WITCH 5.0,ENGAGE-INDCi2030-1000f-NDCp,0.06707123038542213,0.6487112200248021,0.3462269294947142,0.004302945814788939,1.0663123257197273,R10INDIA+
WITCH 5.0,ENGAGE-INDCi2030-1200,0.06687711220771272,0.6517301038926557,0.34647528026101665,0.004302947255184169,1.0693854436165693,R10INDIA+
WITCH 5.0,ENGAGE-INDCi2030-1200-NDCp,0.06683917416897744,0.6518808614119285,0.3463244784168229,0.004302945814788939,1.0693474598125179,R10INDIA+
WITCH 5.0,ENGAGE-INDCi2030-1200f,0.066754436643505,0.6558633166057164,0.34490506974415147,0.004302947255184169,1.071825770248557,R10INDIA+
WITCH 5.0,ENGAGE-INDCi2030-1200f-NDCp,0.06668486691624409,0.6567095830868065,0.34405568455104585,0.004302945814788939,1.0717530803688853,R10INDIA+
WITCH 5.0,ENGAGE-INDCi2030-1400,0.06630163268012729,0.662003721306629,0.3411493496005541,0.004302947255184169,1.0737576508424944,R10INDIA+
WITCH 5.0,ENGAGE-INDCi2030-1400-NDCp,0.06626240066033319,0.662100568386038,0.34176924959351823,0.004302945814788939,1.0744351644546783,R10INDIA+
WITCH 5.0,ENGAGE-INDCi2030-1400f,0.0663145267510141,0.6633368237179333,0.3409708859674939,0.004302947255184169,1.0749251836916254,R10INDIA+
WITCH 5.0,ENGAGE-INDCi2030-1400f-NDCp,0.06621167898475296,0.6652907719465411,0.3765774610658994,0.004302945814788939,1.1123828578119823,R10INDIA+
WITCH 5.0,ENGAGE-INDCi2030-1600-NDCp,0.0655895603675722,0.6704902604203472,0.40066727104447175,0.004302945814788939,1.1410500376471802,R10INDIA+
WITCH 5.0,ENGAGE-INDCi2030-500f,0.06870608103621348,0.6080590118045504,0.34073694533297927,0.004302947255184169,1.0218049854289273,R10INDIA+
WITCH 5.0,ENGAGE-INDCi2030-600f,0.06809213383029512,0.6171992501230766,0.33201954382379606,0.004302947255184169,1.021613875032352,R10INDIA+
WITCH 5.0,ENGAGE-INDCi2030-600f-NDCp,0.06815508712057973,0.6201611292429201,0.32050405610069194,0.004302945814788939,1.0131232182789809,R10INDIA+
WITCH 5.0,ENGAGE-INDCi2030-700f,0.06798276253354679,0.626065139696002,0.3191068741415337,0.004302947255184169,1.0174577236262667,R10INDIA+
WITCH 5.0,ENGAGE-INDCi2030-700f-NDCp,0.06753296222701585,0.6291403187754105,0.31840966917151525,0.004302945814788939,1.0193858959887305,R10INDIA+
WITCH 5.0,ENGAGE-INDCi2030-800,0.07311802099346525,0.6099934004704078,0.3395159418279953,0.004302947255184169,1.0269303105470526,R10INDIA+
WITCH 5.0,ENGAGE-INDCi2030-800-NDCp,0.07088378438343702,0.6122431091910993,0.33596297938227176,0.004302945814788939,1.023392818771597,R10INDIA+
WITCH 5.0,ENGAGE-INDCi2030-800f,0.06749426330482697,0.6342629115165794,0.3175913955229734,0.004302947255184169,1.023651517599564,R10INDIA+
WITCH 5.0,ENGAGE-INDCi2030-800f-NDCp,0.06745863238156566,0.6368206758697864,0.3175093700635076,0.004302945814788939,1.0260916241296485,R10INDIA+
WITCH 5.0,ENGAGE-INDCi2030-900,0.06789961557879443,0.6248687061498984,0.3274585209588794,0.004302947255184169,1.0245297899427563,R10INDIA+
WITCH 5.0,ENGAGE-INDCi2030-900-NDCp,0.06754733033799079,0.6278142913611485,0.31831204889639975,0.004302945814788939,1.017976616410328,R10INDIA+
WITCH 5.0,ENGAGE-INDCi2030-900f,0.06733527940430178,0.6408789927979467,0.3172846319772817,0.004302947255184169,1.0298018514347143,R10INDIA+
WITCH 5.0,ENGAGE-INDCi2030-900f-NDCp,0.06726772700744595,0.6423070205496113,0.317703781195837,0.004302945814788939,1.0315814745676832,R10INDIA+
IMAGE 3.0,ENGAGE-INDCi2030-1000,0.051408340659129206,0.7650380837525415,0.5080158616337384,0.001018933005719702,1.325481219051129,R10AFRICA
IMAGE 3.0,ENGAGE-INDCi2030-1000f,0.054640362161433954,0.795112107683696,0.6154337707794819,0.001023059467551704,1.4662093000921637,R10AFRICA
IMAGE 3.0,ENGAGE-INDCi2030-1200,0.053412468244609664,0.7944149841844308,0.6073565944925444,0.0010205187094226925,1.4562045656310079,R10AFRICA
IMAGE 3.0,ENGAGE-INDCi2030-1200f,0.04150175814152738,0.793057202418206,0.6013733102386601,0.0010144442783087992,1.4369467150767024,R10AFRICA
IMAGE 3.0,ENGAGE-INDCi2030-1400f,0.043129009905401146,0.7937033508029256,0.6067924839738895,0.0010144442783087992,1.444639288960525,R10AFRICA
IMAGE 3.0,ENGAGE-INDCi2030-800f,0.04730841261720388,0.7715941951543648,0.5311794528823394,0.0010083761705595197,1.3510904368244674,R10AFRICA
IMAGE 3.0,ENGAGE-NPi2020-1000,0.056297867017914845,0.7648533855153369,0.5032942122208072,0.0009823104025604525,1.3254277751566192,R10AFRICA
IMAGE 3.0,ENGAGE-NPi2020-1200,0.05991381017001158,0.7742292313140156,0.5523723155164647,0.0009892970062636785,1.3875046540067555,R10AFRICA
IMAGE 3.0,ENGAGE-NPi2020-1400,0.04945095556285093,0.768897669905766,0.5562664117136477,0.0010019015616205753,1.375616938743885,R10AFRICA
IMAGE 3.0,ENGAGE-NPi2020-1400f,0.05627247096449021,0.7736591935457776,0.5555797578250157,0.0009855520992854473,1.386496974434569,R10AFRICA
IMAGE 3.2,SSP2021-SSP1-SPA1-19-Default,0.35802608101316774,0.6845987976842117,0.4870568648451835,0.00036245961518392044,1.5300442031577468,R10AFRICA
IMAGE 3.2,SSP2021-SSP1-SPA1-19-Lifestyle-Renewables,0.4065626233054683,0.7094608789060208,0.611709188771081,0.000305251191566498,1.7280379421741365,R10AFRICA
IMAGE 3.2,SSP2021-SSP1-SPA1-19-Renewables,0.3647266023440046,0.5465302316388109,0.5142085295694786,0.00034007651945062447,1.4258054400717446,R10AFRICA
IMAGE 3.2,SSP2021-SSP1-SPA1-26-Default,0.22492232971195197,0.6838362579843961,0.4989702927525097,0.00043827701054858365,1.4081671574594063,R10AFRICA
IMAGE 3.2,SSP2021-SSP1-SPA1-26-Lifestyle,0.19325613927160795,0.6915500938384198,0.5431348109497495,0.00034591663516916,1.4282869606949464,R10AFRICA
IMAGE 3.2,SSP2021-SSP1-SPA1-26-Lifestyle-Renewables,0.2381020425757044,0.7417411265985906,0.7199410265121453,0.0003500177263476631,1.7001342134127877,R10AFRICA
IMAGE 3.2,SSP2021-SSP1-SPA1-26-Renewables,0.23570603312910035,0.5556545638611746,0.541556657762641,0.00044285469129287316,1.3333601094442087,R10AFRICA
IMAGE 3.2,SSP2021-SSP2-SPA0-26-Default,0.5941242524093931,0.8078308985118169,0.6880313926909548,0.0004769590717516739,2.0904635026839165,R10AFRICA
IMAGE 3.2,SSP2021-SSP2-SPA2-19-Renewables,0.4576405448069537,0.5905799248907058,0.601314484218624,0.00040438617327437853,1.6499393400895577,R10AFRICA
IMAGE 3.2,SSP2021-SSP2-SPA2-26-Default,0.29261296526717984,0.8156381627717634,0.6508166607788778,0.0005037641067475747,1.7595715529245686,R10AFRICA
IMAGE 3.2,SSP2021-SSP2-SPA2-26-Lifestyle,0.23063270847543882,0.8240916474756351,0.7206062905018461,0.0003915272379060621,1.7757221736908262,R10AFRICA
IMAGE 3.2,SSP2021-SSP2-SPA2-26-Lifestyle-Renewables,0.21817405421801989,0.7338282523797213,0.7241264910445654,0.0003940170898393199,1.6765228147321458,R10AFRICA
IMAGE 3.2,SSP2021-SSP2-SPA2-26-Renewables,0.273442715240538,0.7130157113551869,0.6352593224223437,0.00047160473925890375,1.6221893537573275,R10AFRICA
IMAGE 3.3,NAVIGATE Demand-1.5°C-ele_u,0.4430242821517371,0.31635867097535997,0.5095689250795228,0.0006107182624753295,1.2695625964690953,R10AFRICA
IMAGE 3.3,NAVIGATE Demand-1.5°C-tec_u,0.464603540777589,0.4726548812004582,0.601873396308824,0.0005999374895999437,1.5397317557764711,R10AFRICA
IMAGE 3.3,NAVIGATE Demand-2.0°C-ele_u,0.275736024398908,0.5260690114191621,0.5349566641386183,0.0006677720925823927,1.3374294720492705,R10AFRICA
IMAGE 3.3,NAVIGATE Demand-2.0°C-ref,0.23726476100179325,0.6330106975116961,0.6074467788260631,0.0006528763231442928,1.4783751136626968,R10AFRICA
IMAGE 3.3,NAVIGATE Demand-2.0°C-tec_u,0.2418958488247299,0.6560192701006285,0.6132225021520351,0.0006581626566145682,1.5117957837340081,R10AFRICA
MESSAGEix-GLOBIOM 2.0-M-R12-NGFS,NGFS Phase 5-Below 2°C,0.2575117353254219,0.4748076282752155,0.5813984955753965,0.000562483502920379,1.3142803426789542,R10AFRICA
MESSAGEix-GLOBIOM 2.0-M-R12-NGFS,NGFS Phase 5-Delayed Transition,0.21847452891610647,0.5383814867124582,0.6023895817202803,0.0006494820441817662,1.359895079393027,R10AFRICA
MESSAGEix-GLOBIOM 2.0-M-R12-NGFS,NGFS Phase 5-Low Demand,0.2705102709712577,0.36799609611593254,0.6195291066468043,0.00051774852111975,1.2585532222551143,R10AFRICA
MESSAGEix-GLOBIOM 2.0-M-R12-NGFS,NGFS Phase 5-Nationally Determined Contributions (NDCs),0.2545738348117229,0.4841158656858352,0.5720875753666285,0.0005508157854602168,1.3113280916496466,R10AFRICA
MESSAGEix-GLOBIOM 2.0-M-R12-NGFS,NGFS Phase 5-Net-Zero 2050,0.29753326473986463,0.23709156825492497,0.5806450922683627,0.00047674089150864443,1.115746666154661,R10AFRICA
POLES-JRC ENGAGE,ENGAGE-INDCi2030-1000,0.29465889258294997,0.6762934629278491,0.777522921586834,0.00016801575038252184,1.7486432928480156,R10AFRICA
POLES-JRC ENGAGE,ENGAGE-INDCi2030-1000-COV,0.3645288029756759,0.7184705791545102,0.8076750410139495,7.290092936148115e-05,1.890747324073497,R10AFRICA
POLES-JRC ENGAGE,ENGAGE-INDCi2030-1000-COV-NDCp,0.36499757165860564,0.7038802070499778,0.7907368748200851,0.0,1.8596146535286686,R10AFRICA
POLES-JRC ENGAGE,ENGAGE-INDCi2030-1000-NDCp,0.2903559531859242,0.704259095090584,0.8124706113665463,3.6125927205002715e-05,1.8071217855702595,R10AFRICA
POLES-JRC ENGAGE,ENGAGE-INDCi2030-1000f,0.30536958355054455,0.720387421271237,0.7925560560977621,0.00016801575038252184,1.8184810766699262,R10AFRICA
POLES-JRC ENGAGE,ENGAGE-INDCi2030-1000f-COV,0.3861590765906006,0.7460873835558143,0.8165691355682935,7.290092936148115e-05,1.9488884966440698,R10AFRICA
POLES-JRC ENGAGE,ENGAGE-INDCi2030-1000f-COV-NDCp,0.39185893224650015,0.7278659429037581,0.7909141305566629,0.0,1.910639005706921,R10AFRICA
POLES-JRC ENGAGE,ENGAGE-INDCi2030-1000f-NDCp,0.3188963441718577,0.7502670797268337,0.826191717029198,3.6125927205002715e-05,1.8953912668550945,R10AFRICA
POLES-JRC ENGAGE,ENGAGE-INDCi2030-1200,0.310744020344095,0.725279948470544,0.7903397368465046,0.00016801575038252184,1.826531721411526,R10AFRICA
POLES-JRC ENGAGE,ENGAGE-INDCi2030-1200f,0.32526427527610974,0.742957725121879,0.7907882130616564,0.00016801575038252184,1.8591782292100276,R10AFRICA
POLES-JRC ENGAGE,ENGAGE-INDCi2030-300f,0.30267513780155336,0.621822718697588,0.7533161822552906,0.00016801575038252184,1.6779820545048145,R10AFRICA
POLES-JRC ENGAGE,ENGAGE-INDCi2030-400f,0.2998868898487478,0.6287818739463922,0.7583842192115027,0.00016801575038252184,1.687220998757025,R10AFRICA
POLES-JRC ENGAGE,ENGAGE-INDCi2030-500f,0.29738661329821664,0.6526815742584494,0.7678080880980213,0.00016801575038252184,1.7180442914050698,R10AFRICA
POLES-JRC ENGAGE,ENGAGE-INDCi2030-600f,0.29532428497151836,0.6675605396953236,0.773885911991663,0.00016801575038252184,1.7369387524088873,R10AFRICA
POLES-JRC ENGAGE,ENGAGE-INDCi2030-600f-COV,0.3622699659863113,0.6710069424892063,0.7932664596273996,7.290092936148115e-05,1.8266162690322787,R10AFRICA
POLES-JRC ENGAGE,ENGAGE-INDCi2030-600f-COV-NDCp,0.3588187656137087,0.6433043163328934,0.7768442667578849,0.0,1.778967348704487,R10AFRICA
POLES-JRC ENGAGE,ENGAGE-INDCi2030-600f-NDCp,0.28560179016243276,0.6850398758100893,0.8131085138409108,3.6125927205002715e-05,1.7837863057406378,R10AFRICA
POLES-JRC ENGAGE,ENGAGE-INDCi2030-700f,0.2954239459567477,0.6801682933298229,0.78129769204155,0.00016801575038252184,1.7570579470785033,R10AFRICA
POLES-JRC ENGAGE,ENGAGE-INDCi2030-800f,0.2958080848368664,0.6929441079473456,0.7867292831170959,0.00016801575038252184,1.7756494916516905,R10AFRICA
POLES-JRC ENGAGE,ENGAGE-INDCi2030-900,0.30433908409764626,0.6099061355071315,0.7493692958095117,0.00016801575038252184,1.663782531164672,R10AFRICA
POLES-JRC ENGAGE,ENGAGE-INDCi2030-900f,0.30045258945027037,0.7092584428295947,0.7899967736169522,0.00016801575038252184,1.7998758216471997,R10AFRICA
POLES-JRC ENGAGE,ENGAGE-NPi2020-1000f,0.3727739901788355,0.7482471485019845,0.787728452084943,8.423183446822598e-05,1.908833822600231,R10AFRICA
POLES-JRC ENGAGE,ENGAGE-NPi2020-1000f-COV,0.4582821552306754,0.7696552206361327,0.8193349741172269,1.4388976672088018e-05,2.047286738960707,R10AFRICA
POLES-JRC ENGAGE,ENGAGE-NPi2020-1200f,0.3750162117163563,0.764191151194752,0.7996653357421231,9.24659433440644e-05,1.9389651645965755,R10AFRICA
POLES-JRC ENGAGE,ENGAGE-NPi2020-900f,0.3694295195431172,0.7371646254695646,0.7826100376062428,7.540554378121225e-05,1.889279588162706,R10AFRICA
REMIND-MAgPIE 2.1-4.2,NGFS Phase 2-Delayed Transition,0.09628599244202453,0.5627212966366354,0.7389877103874348,0.0010371034864831694,1.3990321029525778,R10AFRICA
REMIND-MAgPIE 3.2.0-4.8.0,RESCUE-End-of-Century-Budget-1150,0.049295052248765,0.5588230680015843,0.6667387988955751,0.0003006161695662484,1.2751575353154905,R10AFRICA
REMIND-MAgPIE 3.2.0-4.8.0,RESCUE-End-of-Century-Budget-1150-with-OAE,0.049087225483159365,0.5581048324911649,0.6662243385005596,0.0003006161695662484,1.2737170126444501,R10AFRICA
REMIND-MAgPIE 3.2.0-4.8.0,RESCUE-End-of-Century-Budget-500,0.0578184223047372,0.5020382305778706,0.6592962534854961,0.0003006161695662484,1.2194535225376701,R10AFRICA
REMIND-MAgPIE 3.2.0-4.8.0,RESCUE-End-of-Century-Budget-500-with-OAE,0.05663536598273931,0.5016308554311261,0.6583729205003893,0.0003006161695662484,1.2169397580838208,R10AFRICA
REMIND-MAgPIE 3.2.0-4.8.0,RESCUE-Peak-Budget-1150,0.06215524427437862,0.4378064810368734,0.6425659132475735,0.00018896725402742584,1.142716605812853,R10AFRICA
REMIND-MAgPIE 3.2.0-4.8.0,RESCUE-Peak-Budget-1150-with-OAE,0.06245006804734942,0.44018963986025356,0.6429888894047173,0.00018386743690552594,1.1458124647492258,R10AFRICA
REMIND-MAgPIE 3.3-4.8,NGFS Phase 5-Below 2°C,0.07395214350454049,0.42470167043584106,0.6458012050397802,0.0002331837785583195,1.14468820275872,R10AFRICA
REMIND-MAgPIE 3.3-4.8,NGFS Phase 5-Delayed Transition,0.06273995065933512,0.5082470148536384,0.6565985071760193,0.0004905471495942383,1.2280760198385872,R10AFRICA
REMIND-MAgPIE 3.3-4.8,NGFS Phase 5-Low Demand,0.08112732368653366,0.500656544397767,0.7112742038124089,0.00017964501076311385,1.2932377169074727,R10AFRICA
REMIND-MAgPIE 3.3-4.8,NGFS Phase 5-Net-Zero 2050,0.09661532507029595,0.2358887841297071,0.6303864735575302,0.00016080836894781476,0.963051391126481,R10AFRICA
WITCH 5.0,ENGAGE-INDCi2030-1000,0.10130797665447862,0.7873721510305419,0.8133541056610906,0.000463068351769073,1.7024973016978802,R10AFRICA
WITCH 5.0,ENGAGE-INDCi2030-1000-NDCp,0.1014820371624527,0.7768761604481595,0.7737015890181256,0.0003848374899862935,1.652444624118724,R10AFRICA
WITCH 5.0,ENGAGE-INDCi2030-1000f,0.10087188107557686,0.7926053976022985,0.8527573955156922,0.000463068351769073,1.7466977425453367,R10AFRICA
WITCH 5.0,ENGAGE-INDCi2030-1000f-NDCp,0.10095646683338666,0.7844356113575478,0.8221410064450843,0.0003848374899862935,1.707917922126005,R10AFRICA
WITCH 5.0,ENGAGE-INDCi2030-1200,0.10035336836435134,0.7957307881176912,0.833400174535775,0.000463068351769073,1.7299473993695866,R10AFRICA
WITCH 5.0,ENGAGE-INDCi2030-1200-NDCp,0.1005220287907297,0.7868849931491325,0.8048263124206415,0.0003848374899862935,1.69261817185049,R10AFRICA
WITCH 5.0,ENGAGE-INDCi2030-1200f,0.10010511583302374,0.7985827960881061,0.8577383782682082,0.000463068351769073,1.7568893585411072,R10AFRICA
WITCH 5.0,ENGAGE-INDCi2030-1200f-NDCp,0.10021868472343932,0.7912683663924085,0.8292486579815765,0.0003848374899862935,1.7211205465874106,R10AFRICA
WITCH 5.0,ENGAGE-INDCi2030-1400,0.09933541930776883,0.8041884692249971,0.8624332031532159,0.000463068351769073,1.766420160037751,R10AFRICA
WITCH 5.0,ENGAGE-INDCi2030-1400-NDCp,0.09951942459403995,0.796331148003229,0.8391592334473259,0.0003848374899862935,1.735394643534581,R10AFRICA
WITCH 5.0,ENGAGE-INDCi2030-1400f,0.09922557988868848,0.8046300178294222,0.8617192511860065,0.000463068351769073,1.7660379172558862,R10AFRICA
WITCH 5.0,ENGAGE-INDCi2030-1400f-NDCp,0.09898397453258695,0.7974700699360631,0.8400977736038346,0.0003848374899862935,1.7369366555624708,R10AFRICA
WITCH 5.0,ENGAGE-INDCi2030-1600-NDCp,0.09867713129985134,0.8022621156352382,0.8462109728919871,0.0003848374899862935,1.7475350573170627,R10AFRICA
WITCH 5.0,ENGAGE-INDCi2030-500f,0.10804286492350394,0.7695788770406026,0.8242580982472342,0.000463068351769073,1.7023429085631097,R10AFRICA
WITCH 5.0,ENGAGE-INDCi2030-600f,0.10758930170585707,0.7744794520451647,0.8221370920858452,0.000463068351769073,1.704668914188636,R10AFRICA
WITCH 5.0,ENGAGE-INDCi2030-600f-NDCp,0.10564771014123255,0.7633794158105186,0.7940997896406831,0.0003848374899862935,1.6635117530824204,R10AFRICA
WITCH 5.0,ENGAGE-INDCi2030-700f,0.10284927424935299,0.7796258852145665,0.8354006347639641,0.000463068351769073,1.7183388625796527,R10AFRICA
WITCH 5.0,ENGAGE-INDCi2030-700f-NDCp,0.10198152416083696,0.7694253073812396,0.793038404364997,0.0003848374899862935,1.6648300733970598,R10AFRICA
WITCH 5.0,ENGAGE-INDCi2030-800,0.1269957834268553,0.7761727008840893,0.810285994194608,0.000463068351769073,1.7139175468573216,R10AFRICA
WITCH 5.0,ENGAGE-INDCi2030-800-NDCp,0.1196666224920641,0.761619949793045,0.7611478226305347,0.0003848374899862935,1.64281923240563,R10AFRICA
WITCH 5.0,ENGAGE-INDCi2030-800f,0.10153868599438326,0.7849478223402068,0.8362553228867425,0.000463068351769073,1.7232048995731015,R10AFRICA
WITCH 5.0,ENGAGE-INDCi2030-800f-NDCp,0.10168206998319074,0.7746118988723871,0.7965219491811762,0.0003848374899862935,1.6732007555267403,R10AFRICA
WITCH 5.0,ENGAGE-INDCi2030-900,0.10303144064774886,0.7805475624055308,0.8030304029152752,0.000463068351769073,1.6870724743203238,R10AFRICA
WITCH 5.0,ENGAGE-INDCi2030-900-NDCp,0.1019904845693346,0.7694355861377852,0.7664383084432951,0.0003848374899862935,1.6382492166404012,R10AFRICA
WITCH 5.0,ENGAGE-INDCi2030-900f,0.10118684337813015,0.7895397721535208,0.8483285321577665,0.000463068351769073,1.7395182160411866,R10AFRICA
WITCH 5.0,ENGAGE-INDCi2030-900f-NDCp,0.10131529652857005,0.7807934190402871,0.8169744549166689,0.0003848374899862935,1.699468007975512,R10AFRICA
IMAGE 3.0,ENGAGE-INDCi2030-1000,0.11960368477525969,0.7960437204233589,0.12600965744773077,0.09378388176457136,1.1354409444109208,R10CHINA+
IMAGE 3.0,ENGAGE-INDCi2030-1000f,0.07793876169104798,0.8084525962745723,0.13578381799409597,0.09377520211255226,1.1159503780722686,R10CHINA+
IMAGE 3.0,ENGAGE-INDCi2030-1200,0.0796476153909664,0.7917212883011459,0.11638474341668882,0.09378483121549937,1.0815384783243005,R10CHINA+
IMAGE 3.0,ENGAGE-INDCi2030-1200f,0.07273320617463165,0.818256430725575,0.15349336641961145,0.09377191365220755,1.1382549169720257,R10CHINA+
IMAGE 3.0,ENGAGE-INDCi2030-1400f,0.07385256807000884,0.819468926421671,0.16741908928324295,0.09377191365220755,1.1545124974271304,R10CHINA+
IMAGE 3.0,ENGAGE-INDCi2030-800f,0.11907942684652623,0.7965426556446753,0.12693665402062812,0.09377756634383966,1.1363363028556694,R10CHINA+
IMAGE 3.0,ENGAGE-NPi2020-1000,0.1049081307022862,0.7833803654121627,0.09761099728499607,0.08627370439003414,1.072173197789479,R10CHINA+
IMAGE 3.0,ENGAGE-NPi2020-1200,0.08918064867327759,0.7923749067100248,0.09535977093294833,0.08719524529872971,1.0641105716149803,R10CHINA+
IMAGE 3.0,ENGAGE-NPi2020-1400,0.08079052926895956,0.8101076094457212,0.1074897066208154,0.08848316277593397,1.0868710081114301,R10CHINA+
IMAGE 3.0,ENGAGE-NPi2020-1400f,0.08545261292407605,0.8171991934201436,0.13542745827436792,0.0866815291804102,1.1247607937989976,R10CHINA+
IMAGE 3.2,SSP2021-SSP1-SPA1-19-Default,0.15686452753363275,0.7227428987861879,0.10239392672770667,0.09321531459537502,1.0752166676429022,R10CHINA+
IMAGE 3.2,SSP2021-SSP1-SPA1-19-Lifestyle-Renewables,0.16557561568484513,0.7707797176829017,0.07054585369353006,0.09069260002212118,1.097593787083398,R10CHINA+
IMAGE 3.2,SSP2021-SSP1-SPA1-19-Renewables,0.11931372209886527,0.6662869032717513,0.11563554575354527,0.09024596116339917,0.991482132287561,R10CHINA+
IMAGE 3.2,SSP2021-SSP1-SPA1-26-Default,0.10099701039467195,0.745015986254545,0.09847759874534227,0.09905558881133232,1.0435461842058915,R10CHINA+
IMAGE 3.2,SSP2021-SSP1-SPA1-26-Lifestyle,0.05869320013812167,0.7272637952295938,0.14975741695702635,0.09830078757896588,1.0340151999037077,R10CHINA+
IMAGE 3.2,SSP2021-SSP1-SPA1-26-Lifestyle-Renewables,0.057861908401270874,0.7834257802923578,0.14088922129714695,0.09994307771290371,1.0821199877036793,R10CHINA+
IMAGE 3.2,SSP2021-SSP1-SPA1-26-Renewables,0.07694118240787189,0.6155177410731699,0.19491477034447596,0.09253387741285493,0.9799075712383726,R10CHINA+
IMAGE 3.2,SSP2021-SSP2-SPA0-26-Default,0.11475836058320008,0.8579421436217761,0.05673855318253998,0.09678167949640165,1.1262207368839179,R10CHINA+
IMAGE 3.2,SSP2021-SSP2-SPA2-19-Renewables,0.10703611446927118,0.7687011197293174,0.03787018660828413,0.081969301478986,0.9955767222858587,R10CHINA+
IMAGE 3.2,SSP2021-SSP2-SPA2-26-Default,0.086225417260175,0.8568554319308467,0.04447699970420494,0.10043619455276048,1.0879940434479871,R10CHINA+
IMAGE 3.2,SSP2021-SSP2-SPA2-26-Lifestyle,0.09001956315891535,0.8484050487708482,0.08977735364815169,0.09762891163929634,1.1258308772172116,R10CHINA+
IMAGE 3.2,SSP2021-SSP2-SPA2-26-Lifestyle-Renewables,0.06229989441437261,0.7937771955936511,0.09837877604239717,0.09395609962015407,1.048411965670575,R10CHINA+
IMAGE 3.2,SSP2021-SSP2-SPA2-26-Renewables,0.14903501314149956,0.8000654592126236,0.05933972252358945,0.09672274748182995,1.1051629423595426,R10CHINA+
IMAGE 3.3,NAVIGATE Demand-1.5°C-ele_u,0.06539086688407977,0.2517890751814715,0.48377577376757586,0.08901792320395675,0.8899736390370839,R10CHINA+
IMAGE 3.3,NAVIGATE Demand-1.5°C-tec_u,0.06501328456908705,0.3186586162151767,0.532566286430008,0.0864928499794421,1.002731037193714,R10CHINA+
IMAGE 3.3,NAVIGATE Demand-2.0°C-ele_u,0.050827615998030144,0.5453403465449657,0.41120498519650994,0.1002776585298273,1.107650606269333,R10CHINA+
IMAGE 3.3,NAVIGATE Demand-2.0°C-ref,0.052259700337628924,0.6099447216972769,0.3026199150094212,0.09898148421743534,1.0638058212617623,R10CHINA+
IMAGE 3.3,NAVIGATE Demand-2.0°C-tec_u,0.053437609444949165,0.6011356013481127,0.3694646791787528,0.09995388209426755,1.1239917720660821,R10CHINA+
MESSAGEix-GLOBIOM 2.0-M-R12-NGFS,NGFS Phase 5-Below 2°C,0.0863871086606404,0.3852123727885383,0.550530345485558,0.09205019762192738,1.1141800245566642,R10CHINA+
MESSAGEix-GLOBIOM 2.0-M-R12-NGFS,NGFS Phase 5-Delayed Transition,0.0832843496670765,0.5176279812824558,0.5011781693708178,0.10070343220201,1.20279393252236,R10CHINA+
MESSAGEix-GLOBIOM 2.0-M-R12-NGFS,NGFS Phase 5-Low Demand,0.08634833334970121,0.4147868097319334,0.3980504313593459,0.08907349452497934,0.9882590689659598,R10CHINA+
MESSAGEix-GLOBIOM 2.0-M-R12-NGFS,NGFS Phase 5-Nationally Determined Contributions (NDCs),0.08221932232707733,0.6129274870479382,0.6386297213803882,0.10112323745342498,1.4348997682088287,R10CHINA+
MESSAGEix-GLOBIOM 2.0-M-R12-NGFS,NGFS Phase 5-Net-Zero 2050,0.08763009269992746,0.2083637811069637,0.5436506412707368,0.08860972164812429,0.9282542367257524,R10CHINA+
POLES-JRC ENGAGE,ENGAGE-INDCi2030-1000,0.1076935392740388,0.634037534997103,0.3558263216278481,0.10489232417311695,1.202449720072107,R10CHINA+
POLES-JRC ENGAGE,ENGAGE-INDCi2030-1000-COV,0.10725246027244471,0.6672687031503699,0.3254394913436425,0.10071342251328345,1.2006740772797406,R10CHINA+
POLES-JRC ENGAGE,ENGAGE-INDCi2030-1000-COV-NDCp,0.10720555346261819,0.6670957333183029,0.3256991665248961,0.10297372634264078,1.2029741796484579,R10CHINA+
POLES-JRC ENGAGE,ENGAGE-INDCi2030-1000-NDCp,0.10738688111532022,0.638748350354807,0.3435170624666516,0.10574072063452802,1.195393014571307,R10CHINA+
POLES-JRC ENGAGE,ENGAGE-INDCi2030-1000f,0.10634420569007653,0.6797159721438497,0.3147458832499501,0.10489232417311695,1.2056983852569934,R10CHINA+
POLES-JRC ENGAGE,ENGAGE-INDCi2030-1000f-COV,0.10557684142753736,0.6867241525756909,0.30920417129341193,0.10071342251328345,1.2022185878099236,R10CHINA+
POLES-JRC ENGAGE,ENGAGE-INDCi2030-1000f-COV-NDCp,0.10602637263097404,0.6928318639846741,0.30542517700013877,0.10297372332068866,1.2072571369364755,R10CHINA+
POLES-JRC ENGAGE,ENGAGE-INDCi2030-1000f-NDCp,0.10622484525539844,0.6822493440207379,0.29836451650662804,0.10574072363290454,1.1925794294156689,R10CHINA+
POLES-JRC ENGAGE,ENGAGE-INDCi2030-1200,0.10561568744660463,0.686940043679411,0.3070629659416192,0.10489232417311695,1.2045110212407517,R10CHINA+
POLES-JRC ENGAGE,ENGAGE-INDCi2030-1200f,0.10496356283603932,0.7050667882949594,0.3011495797367204,0.10489232417311695,1.216072255040836,R10CHINA+
POLES-JRC ENGAGE,ENGAGE-INDCi2030-300f,0.10871661713391667,0.5506127324815134,0.41187130743325934,0.10489232417311695,1.1760929812218064,R10CHINA+
POLES-JRC ENGAGE,ENGAGE-INDCi2030-400f,0.1088283717025584,0.5619576270576817,0.4075163034984227,0.10489232417311695,1.1831946264317799,R10CHINA+
POLES-JRC ENGAGE,ENGAGE-INDCi2030-500f,0.10867880326350836,0.5948006480562472,0.3874125497927341,0.10489232417311695,1.1957843252856066,R10CHINA+
POLES-JRC ENGAGE,ENGAGE-INDCi2030-600f,0.1083659626154506,0.6182094722667817,0.3692537088708755,0.10489232417311695,1.2007214679262246,R10CHINA+
POLES-JRC ENGAGE,ENGAGE-INDCi2030-600f-COV,0.10824567862576451,0.6245973056792284,0.3679266749260305,0.10071342251328345,1.201483081744307,R10CHINA+
POLES-JRC ENGAGE,ENGAGE-INDCi2030-600f-COV-NDCp,0.10847993396228159,0.6231595487592683,0.3713292926338121,0.10297372332068866,1.2059424986760505,R10CHINA+
POLES-JRC ENGAGE,ENGAGE-INDCi2030-600f-NDCp,0.10856799005540839,0.6094549253096193,0.3822259571426943,0.10574072063452802,1.20598959314225,R10CHINA+
POLES-JRC ENGAGE,ENGAGE-INDCi2030-700f,0.10781866157458234,0.6411370502432625,0.3529898146327841,0.10489232417311695,1.206837850623746,R10CHINA+
POLES-JRC ENGAGE,ENGAGE-INDCi2030-800f,0.10730238444966096,0.6565143589098733,0.3391488823564845,0.10489232417311695,1.2078579498891358,R10CHINA+
POLES-JRC ENGAGE,ENGAGE-INDCi2030-900,0.1088718791770373,0.5391055160293994,0.41628951097369704,0.10489232417311695,1.1691592303532508,R10CHINA+
POLES-JRC ENGAGE,ENGAGE-INDCi2030-900f,0.10677784785981638,0.673907449915141,0.31936685023931355,0.10489232417311695,1.2049444721873879,R10CHINA+
POLES-JRC ENGAGE,ENGAGE-NPi2020-1000f,0.10485316295568946,0.71889441309821,0.2974088203620208,0.10328872494961348,1.2244451213655339,R10CHINA+
POLES-JRC ENGAGE,ENGAGE-NPi2020-1000f-COV,0.10422440395695462,0.7231953068758472,0.30703624417055925,0.10718702201993165,1.2416429770232926,R10CHINA+
POLES-JRC ENGAGE,ENGAGE-NPi2020-1200f,0.10311129904178053,0.7365150628610002,0.3044592154698943,0.10485443382645163,1.248940011199127,R10CHINA+
POLES-JRC ENGAGE,ENGAGE-NPi2020-900f,0.10601558779611722,0.6984002798091005,0.3017125646476817,0.10136205976119544,1.207490492014095,R10CHINA+
REMIND-MAgPIE 2.1-4.2,NGFS Phase 2-Delayed Transition,0.08398062010516581,0.5736122668055955,0.3696706920907208,0.09140135742653277,1.118664936428015,R10CHINA+
REMIND-MAgPIE 3.2.0-4.8.0,RESCUE-End-of-Century-Budget-1150,0.05478698760678765,0.5509108397683805,0.5725266959630401,0.1017022657028988,1.279926789041107,R10CHINA+
REMIND-MAgPIE 3.2.0-4.8.0,RESCUE-End-of-Century-Budget-1150-with-OAE,0.05471166371119474,0.5503026957817745,0.5732958566200816,0.1017022657028988,1.2800124818159497,R10CHINA+
REMIND-MAgPIE 3.2.0-4.8.0,RESCUE-End-of-Century-Budget-500,0.05838164571373974,0.5202555540134514,0.5687321587169046,0.1017022657028988,1.2490716241469946,R10CHINA+
REMIND-MAgPIE 3.2.0-4.8.0,RESCUE-End-of-Century-Budget-500-with-OAE,0.05808994334390281,0.5195879581456647,0.5714181068162184,0.1017022657028988,1.2507982740086847,R10CHINA+
REMIND-MAgPIE 3.2.0-4.8.0,RESCUE-Peak-Budget-1150,0.06890522348763257,0.37470567071379657,0.6187181461363274,0.09735979038572093,1.1596888307234774,R10CHINA+
REMIND-MAgPIE 3.2.0-4.8.0,RESCUE-Peak-Budget-1150-with-OAE,0.06859528122927284,0.3763137802622542,0.6177269876777666,0.09764716417034423,1.160283213339638,R10CHINA+
REMIND-MAgPIE 3.3-4.8,NGFS Phase 5-Below 2°C,0.06769190907143013,0.4116605391721459,0.5842061028086506,0.09446957542529412,1.1580281264775207,R10CHINA+
REMIND-MAgPIE 3.3-4.8,NGFS Phase 5-Delayed Transition,0.06368278371525124,0.4872862526483634,0.5620737863809463,0.09817717358289432,1.211219996327455,R10CHINA+
REMIND-MAgPIE 3.3-4.8,NGFS Phase 5-Low Demand,0.07707455239531899,0.36351468600806713,0.5297338174626702,0.08055148969917683,1.050874545565233,R10CHINA+
REMIND-MAgPIE 3.3-4.8,NGFS Phase 5-Net-Zero 2050,0.0793606935016406,0.22869289999965248,0.5915794546791215,0.08316209132597512,0.9827951395063896,R10CHINA+
WITCH 5.0,ENGAGE-INDCi2030-1000,0.0653535477739532,0.46394643286242976,0.2856462510290855,0.09176459757054599,0.9067108292360144,R10CHINA+
WITCH 5.0,ENGAGE-INDCi2030-1000-NDCp,0.06531221694972322,0.45351850496419177,0.2820458903576266,0.08545725322144644,0.8863338654929881,R10CHINA+
WITCH 5.0,ENGAGE-INDCi2030-1000f,0.06522696468803711,0.46923231701957485,0.28575167296467924,0.09176459757054599,0.9119755522428372,R10CHINA+
WITCH 5.0,ENGAGE-INDCi2030-1000f-NDCp,0.06519986407012492,0.4600128292710828,0.3139303425288523,0.08545725322144644,0.9246002890915065,R10CHINA+
WITCH 5.0,ENGAGE-INDCi2030-1200,0.06517470132511648,0.4722652437529479,0.3174661000411825,0.09176459757054599,0.946670642689793,R10CHINA+
WITCH 5.0,ENGAGE-INDCi2030-1200-NDCp,0.06515990542717189,0.4631160058821241,0.3155535042717055,0.08545725322144644,0.9292866688024479,R10CHINA+
WITCH 5.0,ENGAGE-INDCi2030-1200f,0.06513828086603755,0.47604177617037613,0.318510721883472,0.09176459757054599,0.9514553764904317,R10CHINA+
WITCH 5.0,ENGAGE-INDCi2030-1200f-NDCp,0.06511631858169009,0.4664971147827453,0.3152242385333011,0.08545725322144644,0.932294925119183,R10CHINA+
WITCH 5.0,ENGAGE-INDCi2030-1400,0.06503001777649833,0.48077944101380143,0.3187821407616605,0.09176459757054599,0.9563561971225063,R10CHINA+
WITCH 5.0,ENGAGE-INDCi2030-1400-NDCp,0.06501496843126937,0.4702077503352259,0.31592604259381535,0.08545725322144644,0.9366060145817572,R10CHINA+
WITCH 5.0,ENGAGE-INDCi2030-1400f,0.06502794956843275,0.4817311734658189,0.3199372303539163,0.09176459757054599,0.958460950958714,R10CHINA+
WITCH 5.0,ENGAGE-INDCi2030-1400f-NDCp,0.06499825658793382,0.47180627599878483,0.3156641475534857,0.08545725322144644,0.9379259333616508,R10CHINA+
WITCH 5.0,ENGAGE-INDCi2030-1600-NDCp,0.06485581369882576,0.4763360654028974,0.36568220780288246,0.08545725322144644,0.9923313401260522,R10CHINA+
WITCH 5.0,ENGAGE-INDCi2030-500f,0.06833308108160234,0.4449090639326007,0.2826488122956335,0.09176459757054599,0.8876555548803825,R10CHINA+
WITCH 5.0,ENGAGE-INDCi2030-600f,0.06727824664406098,0.45245748065428903,0.2834677329302191,0.09176459757054599,0.8949680577991151,R10CHINA+
WITCH 5.0,ENGAGE-INDCi2030-600f-NDCp,0.06673767059900504,0.44046686814060126,0.2814529208150536,0.08545725322144644,0.8741147127761063,R10CHINA+
WITCH 5.0,ENGAGE-INDCi2030-700f,0.06642687352016786,0.45740768784121993,0.28412101416398466,0.09176459757054599,0.8997201730959185,R10CHINA+
WITCH 5.0,ENGAGE-INDCi2030-700f-NDCp,0.06606744006964932,0.4475852824024589,0.28058789413193125,0.08545725322144644,0.879697869825486,R10CHINA+
WITCH 5.0,ENGAGE-INDCi2030-800,0.07208123169017869,0.4427968631705366,0.2860854469401217,0.09176459757054599,0.892728139371383,R10CHINA+
WITCH 5.0,ENGAGE-INDCi2030-800-NDCp,0.07204244501443882,0.43018806799230086,0.2833845311977307,0.08545725322144644,0.8710722974259169,R10CHINA+
WITCH 5.0,ENGAGE-INDCi2030-800f,0.06556484945423982,0.4632436355578486,0.2835554740484474,0.09176459757054599,0.9041285566310818,R10CHINA+
WITCH 5.0,ENGAGE-INDCi2030-800f-NDCp,0.06543390018913724,0.4524267713871225,0.2822382863426941,0.08545725322144644,0.8855562111404003,R10CHINA+
WITCH 5.0,ENGAGE-INDCi2030-900,0.06731963501853853,0.4564240302939131,0.28442294963821085,0.09176459757054599,0.8999312125212086,R10CHINA+
WITCH 5.0,ENGAGE-INDCi2030-900-NDCp,0.06605983565132345,0.44642454211951876,0.2821627155352637,0.08545725322144644,0.8801043465275524,R10CHINA+
WITCH 5.0,ENGAGE-INDCi2030-900f,0.06531871753679121,0.46602488639805234,0.2859106258386507,0.09176459757054599,0.9090188273440403,R10CHINA+
WITCH 5.0,ENGAGE-INDCi2030-900f-NDCp,0.06524359167710758,0.45607095273353626,0.2831546990052942,0.08545725322144644,0.8899264966373845,R10CHINA+
IMAGE 3.0,ENGAGE-INDCi2030-1000,0.0742840319743033,0.8719458619934,0.16248074628786557,0.007737927501532592,1.1164485677571014,R10MIDDLE_EAST
IMAGE 3.0,ENGAGE-INDCi2030-1000f,0.05919875080349591,0.8993652247310552,0.14619762855106935,0.007738434591579022,1.1125000386771995,R10MIDDLE_EAST
IMAGE 3.0,ENGAGE-INDCi2030-1200,0.06696751062452236,0.8902525187993784,0.1556843506168223,0.007737946825561902,1.1206423268662848,R10MIDDLE_EAST
IMAGE 3.0,ENGAGE-INDCi2030-1200f,0.0602429425017162,0.9084003002247275,0.10668733710198126,0.007717077111978191,1.083047656940403,R10MIDDLE_EAST
IMAGE 3.0,ENGAGE-INDCi2030-1400f,0.06407287207386876,0.9087551915986247,0.10189147673466883,0.007717077111978191,1.0824366175191404,R10MIDDLE_EAST
IMAGE 3.0,ENGAGE-INDCi2030-800f,0.07296744439072311,0.8766408743279999,0.15733541883311752,0.007738388365401559,1.1146821259172421,R10MIDDLE_EAST
IMAGE 3.0,ENGAGE-NPi2020-1000,0.08855156634960314,0.8551367801607588,0.1951410445331083,0.007097168894540392,1.1459265599380106,R10MIDDLE_EAST
IMAGE 3.0,ENGAGE-NPi2020-1200,0.10424429208794284,0.8855538139193921,0.16932418734737187,0.0071630399710644445,1.1662853333257712,R10MIDDLE_EAST
IMAGE 3.0,ENGAGE-NPi2020-1400,0.09466006275354094,0.8913331800772323,0.15857916139472253,0.007260123193336335,1.1518325274188321,R10MIDDLE_EAST
IMAGE 3.0,ENGAGE-NPi2020-1400f,0.0947942918286204,0.8925768698576253,0.16693208749343683,0.007117083079704047,1.1614203322593866,R10MIDDLE_EAST
IMAGE 3.2,SSP2021-SSP1-SPA1-19-Default,0.21181552635762757,0.8008596591043851,0.17089489927100351,0.006517747465954669,1.1900878321989707,R10MIDDLE_EAST
IMAGE 3.2,SSP2021-SSP1-SPA1-19-Lifestyle-Renewables,0.12710142274299263,0.8467983294071036,0.1454888984218167,0.006561440631842058,1.125950091203755,R10MIDDLE_EAST
IMAGE 3.2,SSP2021-SSP1-SPA1-19-Renewables,0.30060092128255844,0.7149361658405741,0.20238665240394263,0.0064995905419728455,1.224423330069048,R10MIDDLE_EAST
IMAGE 3.2,SSP2021-SSP1-SPA1-26-Default,0.07241946038011797,0.8445225602947012,0.1675070329776154,0.006732546402470626,1.0911816000549053,R10MIDDLE_EAST
IMAGE 3.2,SSP2021-SSP1-SPA1-26-Lifestyle,0.04565868308166563,0.8579003732820527,0.17489307951298996,0.006970060516058668,1.085422196392767,R10MIDDLE_EAST
IMAGE 3.2,SSP2021-SSP1-SPA1-26-Lifestyle-Renewables,0.045180367790330196,0.8656916106978936,0.16924344935616367,0.007044981213319306,1.0871604090577067,R10MIDDLE_EAST
IMAGE 3.2,SSP2021-SSP1-SPA1-26-Renewables,0.044992436903225186,0.7202845320201364,0.29517480609447005,0.006778107223664529,1.067229882241496,R10MIDDLE_EAST
IMAGE 3.2,SSP2021-SSP2-SPA0-26-Default,0.1149214442043536,0.9276078664646676,0.25592285744110665,0.006351349522887848,1.3048035176330155,R10MIDDLE_EAST
IMAGE 3.2,SSP2021-SSP2-SPA2-19-Renewables,0.09232641170397526,0.6921195986779917,0.21100956936981458,0.006241009790542954,1.0016965895423244,R10MIDDLE_EAST
IMAGE 3.2,SSP2021-SSP2-SPA2-26-Default,0.08435321388385231,0.9179646936456463,0.0786997372654741,0.007222946425675384,1.088240591220648,R10MIDDLE_EAST
IMAGE 3.2,SSP2021-SSP2-SPA2-26-Lifestyle,0.053478145196970646,0.9151695777208668,0.041544137860305475,0.007260275393945961,1.0174521361720887,R10MIDDLE_EAST
IMAGE 3.2,SSP2021-SSP2-SPA2-26-Lifestyle-Renewables,0.046321518170952,0.8534657076280385,0.13686661895428892,0.007274113468152126,1.0439279582214316,R10MIDDLE_EAST
IMAGE 3.2,SSP2021-SSP2-SPA2-26-Renewables,0.1755392734900857,0.8568970117860535,0.11527398969285432,0.007349881231181611,1.1550601562001752,R10MIDDLE_EAST
IMAGE 3.3,NAVIGATE Demand-1.5°C-ele_u,0.05381943747220956,0.2890146226180953,0.40112132294350095,0.005824814823788185,0.749780197857594,R10MIDDLE_EAST
IMAGE 3.3,NAVIGATE Demand-1.5°C-tec_u,0.05654273305176361,0.45835137225110545,0.43687617113323224,0.0058675737172455035,0.9576378501533469,R10MIDDLE_EAST
IMAGE 3.3,NAVIGATE Demand-2.0°C-ele_u,0.0510194258556724,0.6394615351302635,0.15376554174464258,0.00634883341180298,0.8505953361423816,R10MIDDLE_EAST
IMAGE 3.3,NAVIGATE Demand-2.0°C-ref,0.04994443336184283,0.7838636770809865,0.09115017816813027,0.006273129291442104,0.9312314179024017,R10MIDDLE_EAST
IMAGE 3.3,NAVIGATE Demand-2.0°C-tec_u,0.05043363108396535,0.754469231918999,0.1724715085643322,0.006335484454928039,0.9837098560222246,R10MIDDLE_EAST
MESSAGEix-GLOBIOM 2.0-M-R12-NGFS,NGFS Phase 5-Below 2°C,0.0481730579339156,0.7359930837838374,0.4597253247073315,0.011100892412641464,1.254992358837726,R10MIDDLE_EAST
MESSAGEix-GLOBIOM 2.0-M-R12-NGFS,NGFS Phase 5-Delayed Transition,0.049302210570391025,0.7495251577062132,0.5872639756273315,0.011954117701469195,1.398045461605405,R10MIDDLE_EAST
MESSAGEix-GLOBIOM 2.0-M-R12-NGFS,NGFS Phase 5-Low Demand,0.05199273233566433,0.6110504403954232,0.4620345513842067,0.010453876887039821,1.1355316010023342,R10MIDDLE_EAST
MESSAGEix-GLOBIOM 2.0-M-R12-NGFS,NGFS Phase 5-Nationally Determined Contributions (NDCs),0.05094060384361559,0.6548012344974197,0.4108544515335967,0.010796816106364989,1.127393105980997,R10MIDDLE_EAST
MESSAGEix-GLOBIOM 2.0-M-R12-NGFS,NGFS Phase 5-Net-Zero 2050,0.05264398974839052,0.4363622773486468,0.5506388306778378,0.010323594960201209,1.0499686927350764,R10MIDDLE_EAST
POLES-JRC ENGAGE,ENGAGE-INDCi2030-1000,0.057422612610983366,0.7743385290799284,0.6526183527471453,0.007352997270613481,1.4917324917086705,R10MIDDLE_EAST
POLES-JRC ENGAGE,ENGAGE-INDCi2030-1000-COV,0.056179833337061495,0.8079591232307469,0.4185712827143374,0.006823817455365284,1.289534056737511,R10MIDDLE_EAST
POLES-JRC ENGAGE,ENGAGE-INDCi2030-1000-COV-NDCp,0.0559422904095752,0.8035799281049065,0.3816141212169924,0.006819861377347719,1.2479562011088219,R10MIDDLE_EAST
POLES-JRC ENGAGE,ENGAGE-INDCi2030-1000-NDCp,0.058174501205943474,0.778328553472491,0.6784615873031908,0.008324581972747111,1.5232892239543725,R10MIDDLE_EAST
POLES-JRC ENGAGE,ENGAGE-INDCi2030-1000f,0.053679280061222336,0.8105804851994993,0.5599219457325015,0.007352997270613481,1.4315347082638366,R10MIDDLE_EAST
POLES-JRC ENGAGE,ENGAGE-INDCi2030-1000f-COV,0.05348764079748654,0.8280847629085073,0.49727662082973323,0.006823817455365284,1.3856728419910922,R10MIDDLE_EAST
POLES-JRC ENGAGE,ENGAGE-INDCi2030-1000f-COV-NDCp,0.05301327517768988,0.8325698804733366,0.41450356991865867,0.006820059252122482,1.3069067848218077,R10MIDDLE_EAST
POLES-JRC ENGAGE,ENGAGE-INDCi2030-1000f-NDCp,0.0544820464181919,0.8358113003598905,0.6371532645156952,0.008324800663404335,1.5357714119571817,R10MIDDLE_EAST
POLES-JRC ENGAGE,ENGAGE-INDCi2030-1200,0.05359672346311893,0.8174983447599207,0.5728171434214676,0.007352997270613481,1.4512652089151208,R10MIDDLE_EAST
POLES-JRC ENGAGE,ENGAGE-INDCi2030-1200f,0.05128156863798355,0.8314556766865242,0.7021499335867684,0.007352997270613481,1.5922401761818894,R10MIDDLE_EAST
POLES-JRC ENGAGE,ENGAGE-INDCi2030-300f,0.05824341857379374,0.7563636157810054,0.6782546731982241,0.007352997270613481,1.5002147048236365,R10MIDDLE_EAST
POLES-JRC ENGAGE,ENGAGE-INDCi2030-400f,0.05853701992239109,0.7573491219612718,0.6719023537645901,0.007352997270613481,1.4951414929188664,R10MIDDLE_EAST
POLES-JRC ENGAGE,ENGAGE-INDCi2030-500f,0.058623844525650094,0.7661752476933633,0.6594083878283883,0.007352997270613481,1.4915604773180153,R10MIDDLE_EAST
POLES-JRC ENGAGE,ENGAGE-INDCi2030-600f,0.05822193089137303,0.7705459137887041,0.6545394621728553,0.007352997270613481,1.4906603041235458,R10MIDDLE_EAST
POLES-JRC ENGAGE,ENGAGE-INDCi2030-600f-COV,0.059009308266808155,0.7849748495143801,0.6282482748165396,0.006823817455365284,1.479056250053093,R10MIDDLE_EAST
POLES-JRC ENGAGE,ENGAGE-INDCi2030-600f-COV-NDCp,0.058890666851681976,0.7862406659908171,0.5103741563979672,0.006820059252122482,1.362325548492589,R10MIDDLE_EAST
POLES-JRC ENGAGE,ENGAGE-INDCi2030-600f-NDCp,0.059538298659416,0.7459113777664531,0.7012603763436919,0.008324581972747111,1.515034634742308,R10MIDDLE_EAST
POLES-JRC ENGAGE,ENGAGE-INDCi2030-700f,0.05746031464764297,0.777213691522293,0.6542449809763491,0.007352997270613481,1.4962719844168986,R10MIDDLE_EAST
POLES-JRC ENGAGE,ENGAGE-INDCi2030-800f,0.05628877708062571,0.7828916464104705,0.6696082659947489,0.007352997270613481,1.5161416867564586,R10MIDDLE_EAST
POLES-JRC ENGAGE,ENGAGE-INDCi2030-900,0.059156058037647896,0.7532893140667457,0.6928552450632385,0.007352997270613481,1.5126536144382454,R10MIDDLE_EAST
POLES-JRC ENGAGE,ENGAGE-INDCi2030-900f,0.05529083386369809,0.8063110818893795,0.4768739364532902,0.007352997270613481,1.3458288494769812,R10MIDDLE_EAST
POLES-JRC ENGAGE,ENGAGE-NPi2020-1000f,0.05081163476002383,0.8261327533496233,0.6914158073550482,0.007064299024718354,1.5754244944894136,R10MIDDLE_EAST
POLES-JRC ENGAGE,ENGAGE-NPi2020-1000f-COV,0.05085652887938765,0.8368841448974536,0.6883538212016471,0.006643412618425459,1.5827379075969137,R10MIDDLE_EAST
POLES-JRC ENGAGE,ENGAGE-NPi2020-1200f,0.049576168203571566,0.8354603703818859,0.7318472985064152,0.007110072105613619,1.6239939091974864,R10MIDDLE_EAST
POLES-JRC ENGAGE,ENGAGE-NPi2020-900f,0.051871974698392366,0.8180677587856152,0.6670111108949326,0.0070065839672741465,1.5439574283462143,R10MIDDLE_EAST
REMIND-MAgPIE 2.1-4.2,NGFS Phase 2-Delayed Transition,0.05905671219409174,0.6078525994077966,0.7243548111094049,0.009380597256285228,1.4006447199675784,R10MIDDLE_EAST
REMIND-MAgPIE 3.2.0-4.8.0,RESCUE-End-of-Century-Budget-1150,0.04453208154231303,0.7068421811867713,0.7923468269040262,0.011136665984913348,1.5548577556180239,R10MIDDLE_EAST
REMIND-MAgPIE 3.2.0-4.8.0,RESCUE-End-of-Century-Budget-1150-with-OAE,0.04453134830313269,0.7063249842817179,0.7938628550665681,0.011136665984913348,1.5558558536363318,R10MIDDLE_EAST
REMIND-MAgPIE 3.2.0-4.8.0,RESCUE-End-of-Century-Budget-500,0.045334611915862875,0.6617521369600878,0.8224440019595662,0.011136665984913348,1.5406674168204302,R10MIDDLE_EAST
REMIND-MAgPIE 3.2.0-4.8.0,RESCUE-End-of-Century-Budget-500-with-OAE,0.04602133837040229,0.6276911986628215,0.8420750570055344,0.011136665984913348,1.5269242600236714,R10MIDDLE_EAST
REMIND-MAgPIE 3.2.0-4.8.0,RESCUE-Peak-Budget-1150,0.04460088430330252,0.46395099224024383,0.9993911670998628,0.010314982074508438,1.5182580257179177,R10MIDDLE_EAST
REMIND-MAgPIE 3.2.0-4.8.0,RESCUE-Peak-Budget-1150-with-OAE,0.04457409525238688,0.4611592671274764,1.0,0.010282162124503367,1.5160155245043667,R10MIDDLE_EAST
REMIND-MAgPIE 3.3-4.8,NGFS Phase 5-Below 2°C,0.04843753889013055,0.5247684362798535,0.9128352930533051,0.009965848112047586,1.4960071163353366,R10MIDDLE_EAST
REMIND-MAgPIE 3.3-4.8,NGFS Phase 5-Delayed Transition,0.045038724397201815,0.5983276555255735,0.9408993688022042,0.01086189317205616,1.5951276418970357,R10MIDDLE_EAST
REMIND-MAgPIE 3.3-4.8,NGFS Phase 5-Low Demand,0.0875140271724609,0.4241170064633649,0.7313225440782395,0.00847951169408892,1.2514330894081542,R10MIDDLE_EAST
REMIND-MAgPIE 3.3-4.8,NGFS Phase 5-Net-Zero 2050,0.12740160602669684,0.25062342217214406,0.7503348730409488,0.008785734947367447,1.1371456361871572,R10MIDDLE_EAST
WITCH 5.0,ENGAGE-INDCi2030-1000,0.05155561641889051,0.7447651170744046,0.8717581014502122,0.010134035546409296,1.6782128704899166,R10MIDDLE_EAST
WITCH 5.0,ENGAGE-INDCi2030-1000-NDCp,0.05155766110229499,0.7533497036902191,0.8567077628892659,0.009966164426031545,1.6715812921078117,R10MIDDLE_EAST
WITCH 5.0,ENGAGE-INDCi2030-1000f,0.050572574739698575,0.7517941824339509,0.9026580499782682,0.010134035546409296,1.7151588426983269,R10MIDDLE_EAST
WITCH 5.0,ENGAGE-INDCi2030-1000f-NDCp,0.05056943432754439,0.7613835465426939,0.8759131556020353,0.009966164426031545,1.6978323008983052,R10MIDDLE_EAST
WITCH 5.0,ENGAGE-INDCi2030-1200,0.05052254499467182,0.7593781164212058,0.8989860449832358,0.010134035546409296,1.7190207419455226,R10MIDDLE_EAST
WITCH 5.0,ENGAGE-INDCi2030-1200-NDCp,0.0505271836651004,0.7671463601374885,0.8845205403833362,0.009966164426031545,1.7121602486119567,R10MIDDLE_EAST
WITCH 5.0,ENGAGE-INDCi2030-1200f,0.050503209465711074,0.7639057438305019,0.8966336474374348,0.010134035546409296,1.721176636280057,R10MIDDLE_EAST
WITCH 5.0,ENGAGE-INDCi2030-1200f-NDCp,0.050501167831105004,0.7722965645043145,0.8808060300176456,0.009966164426031545,1.7135699267790967,R10MIDDLE_EAST
WITCH 5.0,ENGAGE-INDCi2030-1400,0.050442017754515844,0.7721424545950331,0.8965508070539367,0.010134035546409296,1.729269314949895,R10MIDDLE_EAST
WITCH 5.0,ENGAGE-INDCi2030-1400-NDCp,0.05045168704151406,0.7791972595591018,0.8822420482757076,0.009966164426031545,1.721857159302355,R10MIDDLE_EAST
WITCH 5.0,ENGAGE-INDCi2030-1400f,0.05044125229712151,0.7726508524584983,0.8968807366326489,0.010134035546409296,1.730106876934678,R10MIDDLE_EAST
WITCH 5.0,ENGAGE-INDCi2030-1400f-NDCp,0.050443410874356484,0.7806776835116678,0.8813352731397062,0.009966164426031545,1.722422531951762,R10MIDDLE_EAST
WITCH 5.0,ENGAGE-INDCi2030-1600-NDCp,0.048592545640991976,0.7883132010374208,0.9043614710811093,0.009966164426031545,1.7512333821855535,R10MIDDLE_EAST
WITCH 5.0,ENGAGE-INDCi2030-500f,0.05993926705353173,0.7203859795571306,0.7893515373854012,0.010134035546409296,1.5798108195424727,R10MIDDLE_EAST
WITCH 5.0,ENGAGE-INDCi2030-600f,0.05968770946801693,0.7286904060619163,0.7929119728752286,0.010134035546409296,1.591424123951571,R10MIDDLE_EAST
WITCH 5.0,ENGAGE-INDCi2030-600f-NDCp,0.059668719236560454,0.738197185125225,0.779431958769342,0.009966164426031545,1.587264027557159,R10MIDDLE_EAST
WITCH 5.0,ENGAGE-INDCi2030-700f,0.059522800282261874,0.7355080425845424,0.8056874015065181,0.010134035546409296,1.6108522799197316,R10MIDDLE_EAST
WITCH 5.0,ENGAGE-INDCi2030-700f-NDCp,0.05926635403517681,0.7456861683951626,0.7893700167181955,0.009966164426031545,1.6042887035745663,R10MIDDLE_EAST
WITCH 5.0,ENGAGE-INDCi2030-800,0.08142639121502242,0.7253540065812644,0.7870736225056136,0.010134035546409296,1.6039880558483095,R10MIDDLE_EAST
WITCH 5.0,ENGAGE-INDCi2030-800-NDCp,0.08138986102380577,0.7346469453789412,0.7652998473076232,0.009966164426031545,1.5913028181364017,R10MIDDLE_EAST
WITCH 5.0,ENGAGE-INDCi2030-800f,0.055137276404096575,0.74187329651819,0.8445841766253745,0.010134035546409296,1.6517287850940703,R10MIDDLE_EAST
WITCH 5.0,ENGAGE-INDCi2030-800f-NDCp,0.0534081222975603,0.7509797735680254,0.8187317637780634,0.009966164426031545,1.6330858240696806,R10MIDDLE_EAST
WITCH 5.0,ENGAGE-INDCi2030-900,0.06952386517895684,0.7363437231571051,0.8101905268333942,0.010134035546409296,1.6261921507158654,R10MIDDLE_EAST
WITCH 5.0,ENGAGE-INDCi2030-900-NDCp,0.059240593133083594,0.7458858931772896,0.7890418799317953,0.009966164426031545,1.6041345306682,R10MIDDLE_EAST
WITCH 5.0,ENGAGE-INDCi2030-900f,0.051087014681714435,0.7468226094339939,0.8938656388861207,0.010134035546409296,1.7019092985482382,R10MIDDLE_EAST
WITCH 5.0,ENGAGE-INDCi2030-900f-NDCp,0.0510859395612823,0.7562126786593629,0.8692941938258957,0.009966164426031545,1.6865589764725726,R10MIDDLE_EAST
IMAGE 3.0,ENGAGE-INDCi2030-1000,0.11141351291130373,0.7971988209294569,0.07064638532893212,0.016024352438152936,0.9952830716078457,R10EUROPE
IMAGE 3.0,ENGAGE-INDCi2030-1000f,0.10428073876682101,0.8061154560977202,0.0672928306457114,0.016170982791181975,0.9938600083014346,R10EUROPE
IMAGE 3.0,ENGAGE-INDCi2030-1200,0.10719025486925668,0.8077820015299674,0.06689237275654446,0.0160310399836295,0.9978956691393981,R10EUROPE
IMAGE 3.0,ENGAGE-INDCi2030-1200f,0.09493847872516291,0.7920367448207317,0.06022262940552659,0.016164616247184196,0.9633624691986055,R10EUROPE
IMAGE 3.0,ENGAGE-INDCi2030-1400f,0.09452331202271771,0.7927113015084764,0.05886641796047416,0.016164616247184196,0.9622656477388525,R10EUROPE
IMAGE 3.0,ENGAGE-INDCi2030-800f,0.1107097695742831,0.8001826804746757,0.07221712948467164,0.016181476640789623,0.99929105617442,R10EUROPE
IMAGE 3.0,ENGAGE-NPi2020-1000,0.11397862300168281,0.8019523855869115,0.08607614368409695,0.016124310722549873,1.0181314629952412,R10EUROPE
IMAGE 3.0,ENGAGE-NPi2020-1200,0.10899018910834656,0.8123578868610865,0.07410039783453075,0.016226974862259116,1.0116754486662227,R10EUROPE
IMAGE 3.0,ENGAGE-NPi2020-1400,0.09977035330708472,0.8016590098709435,0.059338274341843196,0.01634157493115172,0.9771092124510232,R10EUROPE
IMAGE 3.0,ENGAGE-NPi2020-1400f,0.0988270918299826,0.7972998148519883,0.05974919481670984,0.016117645428832088,0.9719937469275128,R10EUROPE
IMAGE 3.2,SSP2021-SSP1-SPA1-19-Default,0.07652673636315825,0.8081528611374269,0.07693017970262554,0.014890976640480868,0.9765007538436915,R10EUROPE
IMAGE 3.2,SSP2021-SSP1-SPA1-19-Lifestyle-Renewables,0.08691390352524536,0.8492230952585247,0.044186857646482086,0.014663897857923516,0.9949877542881758,R10EUROPE
IMAGE 3.2,SSP2021-SSP1-SPA1-19-Renewables,0.06715469115335565,0.7690821367046433,0.08470515637750768,0.014869168583003264,0.9358111528185098,R10EUROPE
IMAGE 3.2,SSP2021-SSP1-SPA1-26-Default,0.05748897961229616,0.8349165296312143,0.14934063032066083,0.015261828030938895,1.0570079675951103,R10EUROPE
IMAGE 3.2,SSP2021-SSP1-SPA1-26-Lifestyle,0.07612872263290814,0.857644293963605,0.1975485486048464,0.014998041181210816,1.1463196063825702,R10EUROPE
IMAGE 3.2,SSP2021-SSP1-SPA1-26-Lifestyle-Renewables,0.07768488599777776,0.8707535742400995,0.24147112972286494,0.015448425769544792,1.205358015730287,R10EUROPE
IMAGE 3.2,SSP2021-SSP1-SPA1-26-Renewables,0.052602621601156495,0.809606114438364,0.15597258469857347,0.015305530499879759,1.0334868512379738,R10EUROPE
IMAGE 3.2,SSP2021-SSP2-SPA0-26-Default,0.08581535168892587,0.9287848971407139,0.23031335935894892,0.015411682290985659,1.2603252904795743,R10EUROPE
IMAGE 3.2,SSP2021-SSP2-SPA2-19-Renewables,0.11583020415232897,0.7899512781474978,0.11461334358108623,0.014942889990181682,1.0353377158710946,R10EUROPE
IMAGE 3.2,SSP2021-SSP2-SPA2-26-Default,0.05709557091323165,0.905951210687966,0.14527408986868035,0.01589501709343466,1.1242158885633127,R10EUROPE
IMAGE 3.2,SSP2021-SSP2-SPA2-26-Lifestyle,0.07522888292657379,0.9120668173458565,0.20976539118813492,0.015626698377017665,1.2126877898375827,R10EUROPE
IMAGE 3.2,SSP2021-SSP2-SPA2-26-Lifestyle-Renewables,0.07015054443425277,0.8674237125237522,0.24043269446216428,0.014995623478417045,1.1930025748985862,R10EUROPE
IMAGE 3.2,SSP2021-SSP2-SPA2-26-Renewables,0.05475845444008461,0.8674503482065936,0.13769538905969034,0.016031975303307758,1.0759361670096763,R10EUROPE
IMAGE 3.3,NAVIGATE Demand-1.5°C-ele_u,0.050835133786075515,0.5099525906562141,0.2720160152658745,0.012705411853993726,0.8455091515621579,R10EUROPE
IMAGE 3.3,NAVIGATE Demand-1.5°C-tec_u,0.05080511679719734,0.5655297940969318,0.23522901351648828,0.012564088205789872,0.8641280126164074,R10EUROPE
IMAGE 3.3,NAVIGATE Demand-2.0°C-ele_u,0.04618264413451123,0.6008661624019608,0.2562979725894917,0.012997553396250092,0.9163443325222138,R10EUROPE
IMAGE 3.3,NAVIGATE Demand-2.0°C-ref,0.04568275227604286,0.6406392786613191,0.26698637279590753,0.012913166781097229,0.9662215705143667,R10EUROPE
IMAGE 3.3,NAVIGATE Demand-2.0°C-tec_u,0.045697936187374326,0.6440350155204643,0.2507626757363625,0.013013620056464205,0.9535092475006652,R10EUROPE
MESSAGEix-GLOBIOM 2.0-M-R12-NGFS,NGFS Phase 5-Below 2°C,0.06245497086587275,0.6042919345534014,0.2725490177888318,0.014987426457973841,0.9542833496660796,R10EUROPE
MESSAGEix-GLOBIOM 2.0-M-R12-NGFS,NGFS Phase 5-Delayed Transition,0.06173932142432276,0.607205863211897,0.25409808916468124,0.015291869430146446,0.9383351432310474,R10EUROPE
MESSAGEix-GLOBIOM 2.0-M-R12-NGFS,NGFS Phase 5-Low Demand,0.06669161612062553,0.5636074105955023,0.22467575453393931,0.014078090202774863,0.869052871452842,R10EUROPE
MESSAGEix-GLOBIOM 2.0-M-R12-NGFS,NGFS Phase 5-Nationally Determined Contributions (NDCs),0.06045123206067556,0.6437584871893589,0.3014860245828192,0.01498360148705934,1.020679345319913,R10EUROPE
MESSAGEix-GLOBIOM 2.0-M-R12-NGFS,NGFS Phase 5-Net-Zero 2050,0.06733695731987824,0.4056857818433576,0.31569547693490213,0.0136548853990275,0.8023731014971655,R10EUROPE
POLES-JRC ENGAGE,ENGAGE-INDCi2030-1000,0.0886901832086313,0.6096582246884247,0.2926168159570554,0.015406262204528563,1.00637148605864,R10EUROPE
POLES-JRC ENGAGE,ENGAGE-INDCi2030-1000-COV,0.08883410324583016,0.6350329939620022,0.2854155396844502,0.015152973644319572,1.0244356105366021,R10EUROPE
POLES-JRC ENGAGE,ENGAGE-INDCi2030-1000-COV-NDCp,0.08905609745281866,0.5986595001235708,0.2932461424759817,0.012350411258525911,0.993312151310897,R10EUROPE
POLES-JRC ENGAGE,ENGAGE-INDCi2030-1000-NDCp,0.08852606259657783,0.5647454659999019,0.2944462661678451,0.011926435429181278,0.9596442301935061,R10EUROPE
POLES-JRC ENGAGE,ENGAGE-INDCi2030-1000f,0.08702543025542198,0.6425662198000954,0.29534247693094834,0.015406262204528563,1.0403403891909941,R10EUROPE
POLES-JRC ENGAGE,ENGAGE-INDCi2030-1000f-COV,0.08758667979311417,0.6575623884640791,0.2876478078814703,0.015152973644319572,1.0479498497829831,R10EUROPE
POLES-JRC ENGAGE,ENGAGE-INDCi2030-1000f-COV-NDCp,0.08736816762936943,0.6247437371047148,0.28872883897536034,0.01235041082098362,1.0131911545304282,R10EUROPE
POLES-JRC ENGAGE,ENGAGE-INDCi2030-1000f-NDCp,0.08681340278636555,0.5924337303004218,0.29459829754667055,0.011926434995568436,0.9857718656290263,R10EUROPE
POLES-JRC ENGAGE,ENGAGE-INDCi2030-1200,0.08649407612744593,0.6504813199994985,0.29600739637349466,0.015406262204528563,1.0483890547049677,R10EUROPE
POLES-JRC ENGAGE,ENGAGE-INDCi2030-1200f,0.08530706875183985,0.6647360781692867,0.29682795466490486,0.015406262204528563,1.06227736379056,R10EUROPE
POLES-JRC ENGAGE,ENGAGE-INDCi2030-300f,0.09191391817708738,0.5912374996641729,0.3037068236533435,0.015406262204528563,1.0022645036991324,R10EUROPE
POLES-JRC ENGAGE,ENGAGE-INDCi2030-400f,0.09138920996954458,0.5914173859748355,0.30196983502692676,0.015406262204528563,1.0001826931758355,R10EUROPE
POLES-JRC ENGAGE,ENGAGE-INDCi2030-500f,0.09033190491262345,0.5969467743382006,0.29718125485182806,0.015406262204528563,0.9998661963071807,R10EUROPE
POLES-JRC ENGAGE,ENGAGE-INDCi2030-600f,0.0896991529890063,0.6014179144682525,0.29439196425455244,0.015406262204528563,1.00091529391634,R10EUROPE
POLES-JRC ENGAGE,ENGAGE-INDCi2030-600f-COV,0.09040737019358094,0.6082473498919817,0.2852411726362293,0.015152973644319572,0.9990488663661115,R10EUROPE
POLES-JRC ENGAGE,ENGAGE-INDCi2030-600f-COV-NDCp,0.09055599033278709,0.568679187123229,0.2954943815840135,0.01235041082098362,0.9670799698610132,R10EUROPE
POLES-JRC ENGAGE,ENGAGE-INDCi2030-600f-NDCp,0.08989947445096517,0.5466704745729712,0.29694570331730213,0.011926435429181278,0.9454420877704197,R10EUROPE
POLES-JRC ENGAGE,ENGAGE-INDCi2030-700f,0.08898111773456384,0.6109560912310197,0.2923891180807762,0.015406262204528563,1.0077325892508884,R10EUROPE
POLES-JRC ENGAGE,ENGAGE-INDCi2030-800f,0.08837476781609789,0.6177478040851454,0.2937011785170829,0.015406262204528563,1.0152300126228548,R10EUROPE
POLES-JRC ENGAGE,ENGAGE-INDCi2030-900,0.09131588425980385,0.5916294947465924,0.3064260425674813,0.015406262204528563,1.0047776837784061,R10EUROPE
POLES-JRC ENGAGE,ENGAGE-INDCi2030-900f,0.08768578757506816,0.6317043963019663,0.2940204115994724,0.015406262204528563,1.0288168576810353,R10EUROPE
POLES-JRC ENGAGE,ENGAGE-NPi2020-1000f,0.08603292044346766,0.6632829935118059,0.2990850215110015,0.014884305045931946,1.063285240512207,R10EUROPE
POLES-JRC ENGAGE,ENGAGE-NPi2020-1000f-COV,0.08691838998915159,0.6722860144325593,0.2934530674176937,0.015108765057135896,1.0677662368965406,R10EUROPE
POLES-JRC ENGAGE,ENGAGE-NPi2020-1200f,0.08487743523322036,0.6797698967674833,0.30376489597348366,0.015151632839461682,1.083563860813649,R10EUROPE
POLES-JRC ENGAGE,ENGAGE-NPi2020-900f,0.08696327186768223,0.6494595951510911,0.299277215853021,0.014598289846996567,1.050298372718791,R10EUROPE
REMIND-MAgPIE 2.1-4.2,NGFS Phase 2-Delayed Transition,0.06089103772084388,0.28616395824385904,0.48137315678598175,0.011957169042276589,0.8403853217929613,R10EUROPE
REMIND-MAgPIE 3.2.0-4.8.0,RESCUE-End-of-Century-Budget-1150,0.05536676310368643,0.4726587245868096,0.4600380121651789,0.01539887925412904,1.003462379109804,R10EUROPE
REMIND-MAgPIE 3.2.0-4.8.0,RESCUE-End-of-Century-Budget-1150-with-OAE,0.055345485873541544,0.4721580272496103,0.4602989796122158,0.01539887925412904,1.0032013719894968,R10EUROPE
REMIND-MAgPIE 3.2.0-4.8.0,RESCUE-End-of-Century-Budget-500,0.05790594084576771,0.43951903228763034,0.4667120922351288,0.01539887925412904,0.9795359446226559,R10EUROPE
REMIND-MAgPIE 3.2.0-4.8.0,RESCUE-End-of-Century-Budget-500-with-OAE,0.05742513711235844,0.4394981735009433,0.46688406007760397,0.01539887925412904,0.9792062499450347,R10EUROPE
REMIND-MAgPIE 3.2.0-4.8.0,RESCUE-Peak-Budget-1150,0.05767682251320657,0.3556923645310356,0.4882951071971411,0.014864434862816705,0.9165287291042,R10EUROPE
REMIND-MAgPIE 3.2.0-4.8.0,RESCUE-Peak-Budget-1150-with-OAE,0.05769163205423146,0.3564363338516261,0.4878973586534822,0.014816005747465298,0.9168413303068051,R10EUROPE
REMIND-MAgPIE 3.3-4.8,NGFS Phase 5-Below 2°C,0.06480588410953689,0.391801629613934,0.47994485058546593,0.015170143508002804,0.9517225078169397,R10EUROPE
REMIND-MAgPIE 3.3-4.8,NGFS Phase 5-Delayed Transition,0.0683286591694896,0.37395097940903704,0.4740056063152672,0.015842509194864636,0.9321277540886586,R10EUROPE
REMIND-MAgPIE 3.3-4.8,NGFS Phase 5-Low Demand,0.07017421398261157,0.3534427918733505,0.4550129242887663,0.012733127234407544,0.8913630573791359,R10EUROPE
REMIND-MAgPIE 3.3-4.8,NGFS Phase 5-Net-Zero 2050,0.08617949898434064,0.22714769767874085,0.49132080146221035,0.013205629384901227,0.8178536275101931,R10EUROPE
WITCH 5.0,ENGAGE-INDCi2030-1000,0.0644763470534103,0.31054854554973815,0.5037524070741931,0.011367459334487828,0.8901447590118294,R10EUROPE
WITCH 5.0,ENGAGE-INDCi2030-1000-NDCp,0.06450675988806057,0.3119254423489142,0.504878738358363,0.011373712847272593,0.8926846534426104,R10EUROPE
WITCH 5.0,ENGAGE-INDCi2030-1000f,0.06401383058363985,0.32316434403254346,0.5031172763908041,0.011367459334487828,0.9016629103414752,R10EUROPE
WITCH 5.0,ENGAGE-INDCi2030-1000f-NDCp,0.06399964139837772,0.3265455610759142,0.5031893109260223,0.011373712847272593,0.9051082262475867,R10EUROPE
WITCH 5.0,ENGAGE-INDCi2030-1200,0.06293952292602907,0.3304281616854895,0.5221408381586432,0.011367459334487828,0.9268759821046496,R10EUROPE
WITCH 5.0,ENGAGE-INDCi2030-1200-NDCp,0.06287315747429785,0.3334353726175843,0.522087328790635,0.011373712847272593,0.9297695717297899,R10EUROPE
WITCH 5.0,ENGAGE-INDCi2030-1200f,0.06131977687690462,0.3351427181689581,0.5321189981670397,0.011367459334487828,0.9399489525473901,R10EUROPE
WITCH 5.0,ENGAGE-INDCi2030-1200f-NDCp,0.06122364137405692,0.33796640112366827,0.5321609272993262,0.011373712847272593,0.942724682644324,R10EUROPE
WITCH 5.0,ENGAGE-INDCi2030-1400,0.055918544251031335,0.3366252831762794,0.5682732875351335,0.011367459334487828,0.9721845742969321,R10EUROPE
WITCH 5.0,ENGAGE-INDCi2030-1400-NDCp,0.05582617525482872,0.3411998749952148,0.572192543691236,0.011373712847272593,0.9805923067885521,R10EUROPE
WITCH 5.0,ENGAGE-INDCi2030-1400f,0.05575663616724574,0.33963534509602084,0.5709525220552437,0.011367459334487828,0.9777119626529982,R10EUROPE
WITCH 5.0,ENGAGE-INDCi2030-1400f-NDCp,0.055786831470198965,0.346811384598536,0.5704423525390417,0.011373712847272593,0.9844142814550493,R10EUROPE
WITCH 5.0,ENGAGE-INDCi2030-1600-NDCp,0.05390944246177676,0.3557583243965492,0.6067621387245352,0.011373712847272593,1.0278036184301338,R10EUROPE
WITCH 5.0,ENGAGE-INDCi2030-500f,0.06551445029942364,0.24190138201510705,0.48100328824589583,0.011367459334487828,0.7997865798949143,R10EUROPE
WITCH 5.0,ENGAGE-INDCi2030-600f,0.06547066015809166,0.26962985298379877,0.4997383439190505,0.011367459334487828,0.8462063163954286,R10EUROPE
WITCH 5.0,ENGAGE-INDCi2030-600f-NDCp,0.06545552416305046,0.27673940844145123,0.4997106434087783,0.011373712847272593,0.8532792888605526,R10EUROPE
WITCH 5.0,ENGAGE-INDCi2030-700f,0.06513637114808903,0.2896744834325726,0.49828275720614434,0.011367459334487828,0.8644610711212938,R10EUROPE
WITCH 5.0,ENGAGE-INDCi2030-700f-NDCp,0.06506945087150189,0.2908513844614164,0.5025736961197763,0.011373712847272593,0.8698682442999671,R10EUROPE
WITCH 5.0,ENGAGE-INDCi2030-800,0.06670955251321951,0.25523101921144115,0.4773608783605482,0.011367459334487828,0.8106689094196967,R10EUROPE
WITCH 5.0,ENGAGE-INDCi2030-800-NDCp,0.06669787131763555,0.262889317223469,0.47623981631215545,0.011373712847272593,0.8172007177005327,R10EUROPE
WITCH 5.0,ENGAGE-INDCi2030-800f,0.06481958551073264,0.30180332781432895,0.5024275294081104,0.011367459334487828,0.8804179020676598,R10EUROPE
WITCH 5.0,ENGAGE-INDCi2030-800f-NDCp,0.06438040902380374,0.3029559638021464,0.5072190049567259,0.011373712847272593,0.8859290906299486,R10EUROPE
WITCH 5.0,ENGAGE-INDCi2030-900,0.06513977293870528,0.2886121759601082,0.4977950197802279,0.011367459334487828,0.8629144280135291,R10EUROPE
WITCH 5.0,ENGAGE-INDCi2030-900-NDCp,0.06507436916455608,0.2907248604915657,0.49887455197243963,0.011373712847272593,0.8660474944758341,R10EUROPE
WITCH 5.0,ENGAGE-INDCi2030-900f,0.06444205183632283,0.3135931061617929,0.5036665124837161,0.011367459334487828,0.8930691298163196,R10EUROPE
WITCH 5.0,ENGAGE-INDCi2030-900f-NDCp,0.06403325736374502,0.315869185865007,0.5063897449636142,0.011373712847272593,0.8976659010396388,R10EUROPE
IMAGE 3.0,ENGAGE-INDCi2030-1000,0.04708362381352245,0.8737632028448206,0.15673956145645257,0.11165398911137646,1.189240377226172,R10REST_ASIA
IMAGE 3.0,ENGAGE-INDCi2030-1000f,0.025887637000449513,0.8823498116569074,0.1753832284294018,0.11151749070241777,1.1951381677891764,R10REST_ASIA
IMAGE 3.0,ENGAGE-INDCi2030-1200,0.040469997551023235,0.8806476315206908,0.20055137942795012,0.1114699497741441,1.2331389582738082,R10REST_ASIA
IMAGE 3.0,ENGAGE-INDCi2030-1200f,0.01476635698221149,0.8815366217573053,0.17178516892309614,0.11161864547607665,1.1797067931386895,R10REST_ASIA
IMAGE 3.0,ENGAGE-INDCi2030-1400f,0.014162395509432794,0.8819878395360573,0.17822568698114472,0.11161864547607665,1.1859945675027113,R10REST_ASIA
IMAGE 3.0,ENGAGE-INDCi2030-800f,0.04959085825104749,0.8760973561282542,0.1555457175073007,0.11189598104524248,1.193129912931845,R10REST_ASIA
IMAGE 3.0,ENGAGE-NPi2020-1000,0.059341792685983046,0.8627537603284889,0.14544492429013597,0.10721535780847243,1.1747558351130802,R10REST_ASIA
IMAGE 3.0,ENGAGE-NPi2020-1200,0.05570393158749628,0.8710111840462433,0.19042622428918995,0.10841045528535917,1.2255517952082886,R10REST_ASIA
IMAGE 3.0,ENGAGE-NPi2020-1400,0.03608870947096425,0.8771029927575165,0.16089380210509957,0.10973132092637912,1.1838168252599595,R10REST_ASIA
IMAGE 3.0,ENGAGE-NPi2020-1400f,0.03668118943784808,0.8780971748806132,0.15589389072335158,0.10766653854455045,1.1783387935863634,R10REST_ASIA
IMAGE 3.2,SSP2021-SSP1-SPA1-19-Default,0.28910196332510696,0.790442984467914,0.25253983095400645,0.10353420521956912,1.4356189839665965,R10REST_ASIA
IMAGE 3.2,SSP2021-SSP1-SPA1-19-Lifestyle-Renewables,0.30825962118577027,0.8419442272316618,0.24507134702139738,0.10393637411990253,1.4992115695587318,R10REST_ASIA
IMAGE 3.2,SSP2021-SSP1-SPA1-19-Renewables,0.33093812756873064,0.754451372553307,0.25327436393450736,0.10200667303295272,1.4406705370894977,R10REST_ASIA
IMAGE 3.2,SSP2021-SSP1-SPA1-26-Default,0.24483914353615308,0.8079492700042743,0.32395009787034784,0.10757484086036749,1.4843133522711425,R10REST_ASIA
IMAGE 3.2,SSP2021-SSP1-SPA1-26-Lifestyle,0.16127231949612142,0.8136233609327315,0.34493025815123435,0.10858359899149306,1.4284095375715804,R10REST_ASIA
IMAGE 3.2,SSP2021-SSP1-SPA1-26-Lifestyle-Renewables,0.13818355115893985,0.8578443241295578,0.41167118858754187,0.11099764319425734,1.5186967070702968,R10REST_ASIA
IMAGE 3.2,SSP2021-SSP1-SPA1-26-Renewables,0.2615247478142555,0.7760478816651505,0.3332142261833949,0.10643887222965337,1.4772257278924543,R10REST_ASIA
IMAGE 3.2,SSP2021-SSP2-SPA0-26-Default,0.2519102864926689,0.8734860395911991,0.5035980543503936,0.10701705442393508,1.7360114348581965,R10REST_ASIA
IMAGE 3.2,SSP2021-SSP2-SPA2-19-Renewables,0.42338803641932005,0.7739343942919329,0.2695817861093904,0.09342021804453303,1.5603244348651764,R10REST_ASIA
IMAGE 3.2,SSP2021-SSP2-SPA2-26-Default,0.34361733594889704,0.8800845146321369,0.455622602665254,0.10916758696757743,1.7884920402138653,R10REST_ASIA
IMAGE 3.2,SSP2021-SSP2-SPA2-26-Lifestyle,0.2235027418616346,0.8781370891488227,0.4623641795798094,0.10775620857912623,1.671760219169393,R10REST_ASIA
IMAGE 3.2,SSP2021-SSP2-SPA2-26-Lifestyle-Renewables,0.2118095245661778,0.8489047788236153,0.40793373406955824,0.10828685054782046,1.5769348880071716,R10REST_ASIA
IMAGE 3.2,SSP2021-SSP2-SPA2-26-Renewables,0.31631266849200457,0.8574693523838423,0.3308084061792645,0.10787278919483546,1.6124632162499468,R10REST_ASIA
IMAGE 3.3,NAVIGATE Demand-1.5°C-ele_u,0.17237710513252186,0.44654299706641454,0.31114333311855863,0.09877751167923568,1.0288409469967308,R10REST_ASIA
IMAGE 3.3,NAVIGATE Demand-1.5°C-tec_u,0.18525793044754094,0.5295016954790754,0.31722218956286213,0.09838229773957047,1.1303641132290492,R10REST_ASIA
IMAGE 3.3,NAVIGATE Demand-2.0°C-ele_u,0.15540710776195016,0.6413416290088109,0.32700307654484567,0.10750685750890059,1.2312586708245072,R10REST_ASIA
IMAGE 3.3,NAVIGATE Demand-2.0°C-ref,0.1526416040984601,0.6812128410570825,0.3720327207035128,0.10324210969943014,1.3091292755584856,R10REST_ASIA
IMAGE 3.3,NAVIGATE Demand-2.0°C-tec_u,0.15432154045742766,0.7107850464433857,0.3715005059973256,0.10630334858338429,1.3429104414815232,R10REST_ASIA
MESSAGEix-GLOBIOM 2.0-M-R12-NGFS,NGFS Phase 5-Below 2°C,0.09706206219520015,0.4936992096986346,0.3566128474996329,0.10695755776900741,1.0543316771624751,R10REST_ASIA
MESSAGEix-GLOBIOM 2.0-M-R12-NGFS,NGFS Phase 5-Delayed Transition,0.09472915134408752,0.5405267996549405,0.3649620254717025,0.11141303519620915,1.11163101166694,R10REST_ASIA
MESSAGEix-GLOBIOM 2.0-M-R12-NGFS,NGFS Phase 5-Low Demand,0.09766729407804636,0.5316117126061224,0.3000314282120579,0.10365891225705409,1.0329693471532808,R10REST_ASIA
MESSAGEix-GLOBIOM 2.0-M-R12-NGFS,NGFS Phase 5-Nationally Determined Contributions (NDCs),0.09508634132782946,0.5455611082345144,0.3694169020387484,0.10624338729408288,1.1163077388951752,R10REST_ASIA
MESSAGEix-GLOBIOM 2.0-M-R12-NGFS,NGFS Phase 5-Net-Zero 2050,0.09914103974690508,0.35891757920475487,0.3438535837281884,0.10255705111515814,0.9044692537950065,R10REST_ASIA
POLES-JRC ENGAGE,ENGAGE-INDCi2030-1000,0.22193833140127742,0.6199413776581062,0.5081556861077503,0.09562566094139452,1.4456610561085286,R10REST_ASIA
POLES-JRC ENGAGE,ENGAGE-INDCi2030-1000-COV,0.23319445526487562,0.6535489790444617,0.4896194465383605,0.0940862841308061,1.470449164978504,R10REST_ASIA
POLES-JRC ENGAGE,ENGAGE-INDCi2030-1000-COV-NDCp,0.23317307633809423,0.6524178325781923,0.48827448721486055,0.09408094120355776,1.4679463373347048,R10REST_ASIA
POLES-JRC ENGAGE,ENGAGE-INDCi2030-1000-NDCp,0.2240625866995684,0.6513791326704057,0.5015501711474807,0.098970703257833,1.4759625937752878,R10REST_ASIA
POLES-JRC ENGAGE,ENGAGE-INDCi2030-1000f,0.21925535629165258,0.6586750659074478,0.4780375048963933,0.09562566094139452,1.4515935880368884,R10REST_ASIA
POLES-JRC ENGAGE,ENGAGE-INDCi2030-1000f-COV,0.2313011656670633,0.6804514568260368,0.4839375890725737,0.0940862841308061,1.48977649569648,R10REST_ASIA
POLES-JRC ENGAGE,ENGAGE-INDCi2030-1000f-COV-NDCp,0.23131114047718682,0.6843516630769835,0.4828083423478377,0.09408093845014767,1.4925520843521558,R10REST_ASIA
POLES-JRC ENGAGE,ENGAGE-INDCi2030-1000f-NDCp,0.22317968075319264,0.6938279665893632,0.48030995757996503,0.098970703257833,1.496288308180354,R10REST_ASIA
POLES-JRC ENGAGE,ENGAGE-INDCi2030-1200,0.2188404408553175,0.6668725056971914,0.47501969653566045,0.09562566094139452,1.4563583040295638,R10REST_ASIA
POLES-JRC ENGAGE,ENGAGE-INDCi2030-1200f,0.2183667579309427,0.6881356931775169,0.47587465266737894,0.09562566094139452,1.4780027647172331,R10REST_ASIA
POLES-JRC ENGAGE,ENGAGE-INDCi2030-300f,0.22309520532938598,0.5770554877257306,0.534641628616854,0.09562566094139452,1.4304179826133652,R10REST_ASIA
POLES-JRC ENGAGE,ENGAGE-INDCi2030-400f,0.22344848709521328,0.5883345387638079,0.5308788229542895,0.09562566094139452,1.4382875097547054,R10REST_ASIA
POLES-JRC ENGAGE,ENGAGE-INDCi2030-500f,0.22325883737004323,0.6031739033735383,0.5253978875799368,0.09562566094139452,1.447456289264913,R10REST_ASIA
POLES-JRC ENGAGE,ENGAGE-INDCi2030-600f,0.22309611900152296,0.6122698970175987,0.5168880539636536,0.09562566094139452,1.4478797309241698,R10REST_ASIA
POLES-JRC ENGAGE,ENGAGE-INDCi2030-600f-COV,0.23552869908345092,0.6167232108950328,0.5168912193045495,0.0940862841308061,1.4632294134138393,R10REST_ASIA
POLES-JRC ENGAGE,ENGAGE-INDCi2030-600f-COV-NDCp,0.23573855645046898,0.614173977176985,0.5145197738635537,0.09408093845014767,1.4585132459411556,R10REST_ASIA
POLES-JRC ENGAGE,ENGAGE-INDCi2030-600f-NDCp,0.2249371309489486,0.6243834350087859,0.5271830939355354,0.098970703257833,1.475474363151103,R10REST_ASIA
POLES-JRC ENGAGE,ENGAGE-INDCi2030-700f,0.22216641833426357,0.6216144382779878,0.5050649941069757,0.09562566094139452,1.4444715116606217,R10REST_ASIA
POLES-JRC ENGAGE,ENGAGE-INDCi2030-800f,0.22127185959751464,0.6312743618336014,0.49602871421029154,0.09562566094139452,1.4442005965828022,R10REST_ASIA
POLES-JRC ENGAGE,ENGAGE-INDCi2030-900,0.22319629550745015,0.5652412049913749,0.5348808075077354,0.09562566094139452,1.418943968947955,R10REST_ASIA
POLES-JRC ENGAGE,ENGAGE-INDCi2030-900f,0.2200410349299299,0.6469677890174127,0.4833839286303233,0.09562566094139452,1.4460184135190606,R10REST_ASIA
POLES-JRC ENGAGE,ENGAGE-NPi2020-1000f,0.23914725470272297,0.6823777838870225,0.4666111877818399,0.08932678701727169,1.4774630133888569,R10REST_ASIA
POLES-JRC ENGAGE,ENGAGE-NPi2020-1000f-COV,0.25222434284659545,0.6999354579058652,0.4830148814137543,0.08829052409642814,1.5234652062626433,R10REST_ASIA
POLES-JRC ENGAGE,ENGAGE-NPi2020-1200f,0.23641510422627843,0.7064629861391334,0.47932622936161273,0.0903864466012572,1.5125907663282816,R10REST_ASIA
POLES-JRC ENGAGE,ENGAGE-NPi2020-900f,0.240467556497719,0.6637361968740904,0.46118601804896614,0.08803776291629976,1.4534275343370753,R10REST_ASIA
REMIND-MAgPIE 2.1-4.2,NGFS Phase 2-Delayed Transition,0.0836970316189805,0.5369966146266487,0.5214296105841248,0.11562873368154912,1.257751990511303,R10REST_ASIA
REMIND-MAgPIE 3.2.0-4.8.0,RESCUE-End-of-Century-Budget-1150,0.05323770657543151,0.5347790997033827,0.5888327662943394,0.14302206844768703,1.3198716410208406,R10REST_ASIA
REMIND-MAgPIE 3.2.0-4.8.0,RESCUE-End-of-Century-Budget-1150-with-OAE,0.05312829983839117,0.5333173447308586,0.5901520493203524,0.14302206844768703,1.319619762337289,R10REST_ASIA
REMIND-MAgPIE 3.2.0-4.8.0,RESCUE-End-of-Century-Budget-500,0.06628076521472931,0.48106576549200053,0.6017281242668161,0.14302206844768703,1.2920967234212328,R10REST_ASIA
REMIND-MAgPIE 3.2.0-4.8.0,RESCUE-End-of-Century-Budget-500-with-OAE,0.06462890160137055,0.48478380854999675,0.5994642508917077,0.14302206844768703,1.2918990294907622,R10REST_ASIA
REMIND-MAgPIE 3.2.0-4.8.0,RESCUE-Peak-Budget-1150,0.05657437927279988,0.39501162150199515,0.6447843971211483,0.12436144573380288,1.2207318436297463,R10REST_ASIA
REMIND-MAgPIE 3.2.0-4.8.0,RESCUE-Peak-Budget-1150-with-OAE,0.05716751917079457,0.3958882907620089,0.6450483676034481,0.12558244627693615,1.2236866238131876,R10REST_ASIA
REMIND-MAgPIE 3.3-4.8,NGFS Phase 5-Below 2°C,0.05917948369147492,0.4125992352112557,0.637802877887484,0.1256523329075884,1.2352339296978032,R10REST_ASIA
REMIND-MAgPIE 3.3-4.8,NGFS Phase 5-Delayed Transition,0.05640006289082146,0.49151180112941456,0.6080489741732219,0.13829054644946176,1.2942513846429196,R10REST_ASIA
REMIND-MAgPIE 3.3-4.8,NGFS Phase 5-Low Demand,0.060225320173702517,0.34554423877441326,0.5851787173335247,0.12035962105791628,1.1113078973395567,R10REST_ASIA
REMIND-MAgPIE 3.3-4.8,NGFS Phase 5-Net-Zero 2050,0.08278472913329941,0.23916030645708317,0.6369526394810994,0.11584674648373382,1.0747444215552158,R10REST_ASIA
WITCH 5.0,ENGAGE-INDCi2030-1000,0.09135093896853139,0.8028216606518133,0.46875342524518604,0.09574462265457054,1.4586706475201012,R10REST_ASIA
WITCH 5.0,ENGAGE-INDCi2030-1000-NDCp,0.09132725330247181,0.8022818826494268,0.47705015282653696,0.0957718033834675,1.466431092161903,R10REST_ASIA
WITCH 5.0,ENGAGE-INDCi2030-1000f,0.09119547560350286,0.8066551920133075,0.48534983478377713,0.09574462265457054,1.4789451250551582,R10REST_ASIA
WITCH 5.0,ENGAGE-INDCi2030-1000f-NDCp,0.09115363516860756,0.8066790151680602,0.4884795339065512,0.0957718033834675,1.4820839876266865,R10REST_ASIA
WITCH 5.0,ENGAGE-INDCi2030-1200,0.09108931138310095,0.810115250382057,0.4770118571546519,0.09574462265457054,1.4739610415743805,R10REST_ASIA
WITCH 5.0,ENGAGE-INDCi2030-1200-NDCp,0.09107064382261579,0.8096099075653397,0.477027337564007,0.0957718033834675,1.47347969233543,R10REST_ASIA
WITCH 5.0,ENGAGE-INDCi2030-1200f,0.091010343854093,0.8123970130728425,0.47705616934787104,0.09574462265457054,1.4762081489293772,R10REST_ASIA
WITCH 5.0,ENGAGE-INDCi2030-1200f-NDCp,0.09097561146652236,0.8124121260139728,0.48184071579968685,0.0957718033834675,1.4810002566636495,R10REST_ASIA
WITCH 5.0,ENGAGE-INDCi2030-1400,0.09077508834226385,0.8170405363535304,0.5006040937621046,0.09574462265457054,1.5041643411124692,R10REST_ASIA
WITCH 5.0,ENGAGE-INDCi2030-1400-NDCp,0.09075718897134309,0.8163276287278317,0.5029389681293827,0.0957718033834675,1.505795589212025,R10REST_ASIA
WITCH 5.0,ENGAGE-INDCi2030-1400f,0.09076541729759038,0.8172088868875278,0.5003850783114495,0.09574462265457054,1.5041040051511383,R10REST_ASIA
WITCH 5.0,ENGAGE-INDCi2030-1400f-NDCp,0.0907029745517504,0.8171879170688291,0.5137518176123047,0.0957718033834675,1.5174145126163519,R10REST_ASIA
WITCH 5.0,ENGAGE-INDCi2030-1600-NDCp,0.09040268695308756,0.8207847846646497,0.5554449735501906,0.0957718033834675,1.5624042485513954,R10REST_ASIA
WITCH 5.0,ENGAGE-INDCi2030-500f,0.09216328495613543,0.7800561137067465,0.5815067224822373,0.09574462265457054,1.54947074379969,R10REST_ASIA
WITCH 5.0,ENGAGE-INDCi2030-600f,0.0917673031031029,0.786835148551143,0.5336369245617726,0.09574462265457054,1.5079839988705892,R10REST_ASIA
WITCH 5.0,ENGAGE-INDCi2030-600f-NDCp,0.09158453361361789,0.787871193680321,0.5213245328642805,0.0957718033834675,1.496552063541687,R10REST_ASIA
WITCH 5.0,ENGAGE-INDCi2030-700f,0.09152914699656907,0.7920330893220895,0.49751907605562523,0.09574462265457054,1.4768259350288544,R10REST_ASIA
WITCH 5.0,ENGAGE-INDCi2030-700f-NDCp,0.09148261883391962,0.7936705895966726,0.48694506408412913,0.0957718033834675,1.467870075898189,R10REST_ASIA
WITCH 5.0,ENGAGE-INDCi2030-800,0.0947551819408045,0.7833796160061239,0.5134080138575601,0.09574462265457054,1.4872874344590592,R10REST_ASIA
WITCH 5.0,ENGAGE-INDCi2030-800-NDCp,0.0934592898722311,0.7834979322645491,0.5037833788649381,0.0957718033834675,1.4765124043851858,R10REST_ASIA
WITCH 5.0,ENGAGE-INDCi2030-800f,0.09140674436072094,0.7997863485860484,0.4823353367877263,0.09574462265457054,1.4692730523890662,R10REST_ASIA
WITCH 5.0,ENGAGE-INDCi2030-800f-NDCp,0.09136318889876856,0.8002978449251351,0.48106932264143787,0.0957718033834675,1.468502159848809,R10REST_ASIA
WITCH 5.0,ENGAGE-INDCi2030-900,0.09154434536314865,0.7925952413338151,0.4723296005373413,0.09574462265457054,1.4522138098888757,R10REST_ASIA
WITCH 5.0,ENGAGE-INDCi2030-900-NDCp,0.09150045268736454,0.7951786733820493,0.46622628234346075,0.0957718033834675,1.4486772117963422,R10REST_ASIA
WITCH 5.0,ENGAGE-INDCi2030-900f,0.09129579649255644,0.803652168043467,0.48900817588612616,0.09574462265457054,1.4797007630767203,R10REST_ASIA
WITCH 5.0,ENGAGE-INDCi2030-900f-NDCp,0.09125644979369178,0.8037005880349892,0.4877666776586449,0.0957718033834675,1.4784955188707936,R10REST_ASIA
IMAGE 3.0,ENGAGE-INDCi2030-1000,0.11904783762777559,0.7587998431830715,0.24768781510629057,0.07954929042577291,1.2050847863429104,R10PAC_OECD
IMAGE 3.0,ENGAGE-INDCi2030-1000f,0.11323161090004066,0.7747203194210878,0.24490348589189298,0.07965234563217694,1.2125077618451983,R10PAC_OECD
IMAGE 3.0,ENGAGE-INDCi2030-1200,0.11476085093396486,0.7730324988913003,0.24356017112074993,0.07963513510211231,1.2109886560481273,R10PAC_OECD
IMAGE 3.0,ENGAGE-INDCi2030-1200f,0.11012972126293367,0.7730516258651354,0.25586829590741733,0.07951354006892751,1.218563183104414,R10PAC_OECD
IMAGE 3.0,ENGAGE-INDCi2030-1400f,0.10928823096504076,0.7758753474220275,0.2573452261531072,0.07951354006892751,1.2220223446091028,R10PAC_OECD
IMAGE 3.0,ENGAGE-INDCi2030-800f,0.11525595027569753,0.7577692170781913,0.2460278195243668,0.0774814931178144,1.1965344799960702,R10PAC_OECD
IMAGE 3.0,ENGAGE-NPi2020-1000,0.1168538921584548,0.7844599991360152,0.22562258891849338,0.09258905157680551,1.2195255317897689,R10PAC_OECD
IMAGE 3.0,ENGAGE-NPi2020-1200,0.10376059788200102,0.7785897002926591,0.24415664205204687,0.09309274463511559,1.2195996848618225,R10PAC_OECD
IMAGE 3.0,ENGAGE-NPi2020-1400,0.09896608103902672,0.7846309413829392,0.28708067561934175,0.0938487332715939,1.2645264313129014,R10PAC_OECD
IMAGE 3.0,ENGAGE-NPi2020-1400f,0.09839398158401165,0.783165131528074,0.2808348272237508,0.09251063868841478,1.254904579024251,R10PAC_OECD
IMAGE 3.2,SSP2021-SSP1-SPA1-19-Default,0.18714745220166784,0.85928907162478,0.1336705217249972,0.0711149363830917,1.2512219819345367,R10PAC_OECD
IMAGE 3.2,SSP2021-SSP1-SPA1-19-Lifestyle-Renewables,0.18788650538117407,0.8682891755409039,0.1385062031792105,0.06914235847249191,1.2638242425737805,R10PAC_OECD
IMAGE 3.2,SSP2021-SSP1-SPA1-19-Renewables,0.16529834155064896,0.8297486862982845,0.10421514205974926,0.06956494016158139,1.168827110070264,R10PAC_OECD
IMAGE 3.2,SSP2021-SSP1-SPA1-26-Default,0.09160489469506346,0.8482680705325863,0.11738912192129804,0.07381614242785012,1.1310782295767978,R10PAC_OECD
IMAGE 3.2,SSP2021-SSP1-SPA1-26-Lifestyle,0.1014021051383486,0.8463174234958131,0.14417846015950614,0.0732926456884717,1.1651906344821397,R10PAC_OECD
IMAGE 3.2,SSP2021-SSP1-SPA1-26-Lifestyle-Renewables,0.10343780265717811,0.8557783681856268,0.15626915118482607,0.07480202986207883,1.1902873518897097,R10PAC_OECD
IMAGE 3.2,SSP2021-SSP1-SPA1-26-Renewables,0.09360015073303254,0.8164044960945559,0.17142308162407485,0.07281107172323073,1.154238800174894,R10PAC_OECD
IMAGE 3.2,SSP2021-SSP2-SPA0-26-Default,0.15671503468866396,0.9109751346466585,0.22277496119308754,0.07728478932068095,1.3677499198490908,R10PAC_OECD
IMAGE 3.2,SSP2021-SSP2-SPA2-19-Renewables,0.20717435702454273,1.0,0.06460439999159337,0.060909011404489934,1.332687768420626,R10PAC_OECD
IMAGE 3.2,SSP2021-SSP2-SPA2-26-Default,0.12525909373720534,0.9132232570236208,0.1570308760416609,0.0769382091529107,1.2724514359553978,R10PAC_OECD
IMAGE 3.2,SSP2021-SSP2-SPA2-26-Lifestyle,0.09703697814592338,0.8722440954881825,0.1680764778164524,0.06862030478230703,1.2059778562328654,R10PAC_OECD
IMAGE 3.2,SSP2021-SSP2-SPA2-26-Lifestyle-Renewables,0.0920528430462359,0.8249355582140565,0.1740785396291289,0.06631571216452903,1.1573826530539504,R10PAC_OECD
IMAGE 3.2,SSP2021-SSP2-SPA2-26-Renewables,0.13874307595488466,0.8478230756412453,0.14633796515543224,0.07366129387605096,1.2065654106276131,R10PAC_OECD
IMAGE 3.3,NAVIGATE Demand-1.5°C-ele_u,0.10781623005387415,0.49534339439482,0.12064607738966698,0.06753077199340594,0.7913364738317671,R10PAC_OECD
IMAGE 3.3,NAVIGATE Demand-1.5°C-tec_u,0.1089785982394008,0.6311275231905926,0.1354572423634856,0.06746526684183543,0.9430286306353145,R10PAC_OECD
IMAGE 3.3,NAVIGATE Demand-2.0°C-ele_u,0.09157582767489342,0.5498589183654575,0.1531112279527993,0.07349324842800257,0.8680392224211528,R10PAC_OECD
IMAGE 3.3,NAVIGATE Demand-2.0°C-ref,0.09074552347579619,0.6706136864890395,0.13806274759988638,0.06973662044665638,0.9691585780113785,R10PAC_OECD
IMAGE 3.3,NAVIGATE Demand-2.0°C-tec_u,0.09135128959980322,0.6870165352638515,0.15943483837099615,0.0716563031484168,1.0094589663830678,R10PAC_OECD
MESSAGEix-GLOBIOM 2.0-M-R12-NGFS,NGFS Phase 5-Below 2°C,0.09558461490791935,0.7579447641015391,0.3009355932997796,0.07815940866231334,1.2326243809715514,R10PAC_OECD
MESSAGEix-GLOBIOM 2.0-M-R12-NGFS,NGFS Phase 5-Delayed Transition,0.0944428607486036,0.755735354295039,0.3523101861687037,0.08319535304936332,1.2856837542617099,R10PAC_OECD
MESSAGEix-GLOBIOM 2.0-M-R12-NGFS,NGFS Phase 5-Low Demand,0.10183459210215078,0.7349983865740228,0.12626217550587862,0.07240600497089904,1.0355011591529513,R10PAC_OECD
MESSAGEix-GLOBIOM 2.0-M-R12-NGFS,NGFS Phase 5-Nationally Determined Contributions (NDCs),0.09529302886843091,0.8180686848324895,0.3370314110628163,0.07977478322674868,1.3301679079904853,R10PAC_OECD
MESSAGEix-GLOBIOM 2.0-M-R12-NGFS,NGFS Phase 5-Net-Zero 2050,0.10411677084313292,0.6237852567960294,0.26562883080981764,0.07218474345102302,1.065715601900003,R10PAC_OECD
POLES-JRC ENGAGE,ENGAGE-INDCi2030-1000,0.09611901281373912,0.748979768219765,0.26843553000369597,0.10836457084076327,1.2218988818779632,R10PAC_OECD
POLES-JRC ENGAGE,ENGAGE-INDCi2030-1000-COV,0.09815269906143709,0.7656975207504712,0.24987744208329604,0.10716724267104334,1.2208949045662476,R10PAC_OECD
POLES-JRC ENGAGE,ENGAGE-INDCi2030-1000-COV-NDCp,0.09808865165882338,0.7576574753048244,0.24823422432347902,0.10466667231613717,1.2086470236032638,R10PAC_OECD
POLES-JRC ENGAGE,ENGAGE-INDCi2030-1000-NDCp,0.09591804632198477,0.7456178974296558,0.2644715964144889,0.10931181695522296,1.2153193571213525,R10PAC_OECD
POLES-JRC ENGAGE,ENGAGE-INDCi2030-1000f,0.0960810398343793,0.7651768077873377,0.24265538877031814,0.10836457084076327,1.2122778072327982,R10PAC_OECD
POLES-JRC ENGAGE,ENGAGE-INDCi2030-1000f-COV,0.09828367076730841,0.789666369821294,0.23323207355890185,0.10716724267104334,1.2283493568185475,R10PAC_OECD
POLES-JRC ENGAGE,ENGAGE-INDCi2030-1000f-COV-NDCp,0.09813109447355263,0.7853093843307195,0.22999465503019131,0.10466666683914294,1.2181018006736064,R10PAC_OECD
POLES-JRC ENGAGE,ENGAGE-INDCi2030-1000f-NDCp,0.09611206219758073,0.7683864665133275,0.2464257686502016,0.10931181695522296,1.2202361143163327,R10PAC_OECD
POLES-JRC ENGAGE,ENGAGE-INDCi2030-1200,0.0961147622266761,0.7752944097597243,0.23625555208805524,0.10836457084076327,1.2160292949152187,R10PAC_OECD
POLES-JRC ENGAGE,ENGAGE-INDCi2030-1200f,0.09584269312868693,0.7987719408280914,0.2286350394743035,0.10836457084076327,1.231614244271845,R10PAC_OECD
POLES-JRC ENGAGE,ENGAGE-INDCi2030-300f,0.09809862473041345,0.7458165678225432,0.2916708749740104,0.10836457084076327,1.2439506383677303,R10PAC_OECD
POLES-JRC ENGAGE,ENGAGE-INDCi2030-400f,0.09781799907081389,0.7445904793479564,0.287191992443,0.10836457084076327,1.2379650417025334,R10PAC_OECD
POLES-JRC ENGAGE,ENGAGE-INDCi2030-500f,0.09719149989227394,0.7427300261640818,0.28300365561988833,0.10836457084076327,1.2312897525170072,R10PAC_OECD
POLES-JRC ENGAGE,ENGAGE-INDCi2030-600f,0.09675338128240903,0.7467455188336225,0.2754697679224983,0.10836457084076327,1.227333238879293,R10PAC_OECD
POLES-JRC ENGAGE,ENGAGE-INDCi2030-600f-COV,0.09871144607375454,0.7578636457580591,0.2692819312031722,0.10716724267104334,1.233024265706029,R10PAC_OECD
POLES-JRC ENGAGE,ENGAGE-INDCi2030-600f-COV-NDCp,0.09875046153767764,0.7485592370174163,0.2690400838518566,0.10466666683914294,1.2210164492460938,R10PAC_OECD
POLES-JRC ENGAGE,ENGAGE-INDCi2030-600f-NDCp,0.0967742374220701,0.7423902070047252,0.28030713530864687,0.10931181695522296,1.2287833966906652,R10PAC_OECD
POLES-JRC ENGAGE,ENGAGE-INDCi2030-700f,0.09625623553928234,0.7464733934154567,0.2681620606896555,0.10836457084076327,1.2192562604851578,R10PAC_OECD
POLES-JRC ENGAGE,ENGAGE-INDCi2030-800f,0.09604494503828837,0.7474251327777433,0.2590640545321533,0.10836457084076327,1.2108987031889482,R10PAC_OECD
POLES-JRC ENGAGE,ENGAGE-INDCi2030-900,0.09823065562449233,0.7464623152399465,0.29164512932343406,0.10836457084076327,1.2447026710286362,R10PAC_OECD
POLES-JRC ENGAGE,ENGAGE-INDCi2030-900f,0.09605135739287804,0.755158367929534,0.24884351202553395,0.10836457084076327,1.2084178081887091,R10PAC_OECD
POLES-JRC ENGAGE,ENGAGE-NPi2020-1000f,0.10405972377653837,0.8008554487052458,0.23073203525113306,0.10598798065644269,1.2416351883893602,R10PAC_OECD
POLES-JRC ENGAGE,ENGAGE-NPi2020-1000f-COV,0.10627462840442323,0.8183245691016859,0.22795567160419453,0.10706500670350773,1.2596198758138113,R10PAC_OECD
POLES-JRC ENGAGE,ENGAGE-NPi2020-1200f,0.10354532807135018,0.8265832404971999,0.23229382070208143,0.1071973997365414,1.2696197890071728,R10PAC_OECD
POLES-JRC ENGAGE,ENGAGE-NPi2020-900f,0.10419004938489497,0.7826395355828936,0.23393663079009422,0.10420699274752392,1.2249732085054068,R10PAC_OECD
REMIND-MAgPIE 2.1-4.2,NGFS Phase 2-Delayed Transition,0.05442486690680075,0.7510692275902194,0.33344803125953354,0.06688319969959323,1.205825325456147,R10PAC_OECD
REMIND-MAgPIE 3.2.0-4.8.0,RESCUE-End-of-Century-Budget-1150,0.057548896413718825,0.8186953129893412,0.3549847448513041,0.06714270318882092,1.298371657443185,R10PAC_OECD
REMIND-MAgPIE 3.2.0-4.8.0,RESCUE-End-of-Century-Budget-1150-with-OAE,0.05747454813002362,0.8185812316561678,0.3552566176241205,0.06714270318882092,1.298455100599133,R10PAC_OECD
REMIND-MAgPIE 3.2.0-4.8.0,RESCUE-End-of-Century-Budget-500,0.0593349932164509,0.7924314648966639,0.3599953351262472,0.06714270318882092,1.278904496428183,R10PAC_OECD
REMIND-MAgPIE 3.2.0-4.8.0,RESCUE-End-of-Century-Budget-500-with-OAE,0.059175814204380464,0.7949143129309354,0.3591002420384477,0.06714270318882092,1.2803330723625845,R10PAC_OECD
REMIND-MAgPIE 3.2.0-4.8.0,RESCUE-Peak-Budget-1150,0.061784509170429665,0.7130985967238885,0.38482000459782756,0.06351730718681584,1.2232204176789616,R10PAC_OECD
REMIND-MAgPIE 3.2.0-4.8.0,RESCUE-Peak-Budget-1150-with-OAE,0.06173731118596548,0.7129113580492732,0.3847635142839421,0.06350592523661001,1.2229181087557905,R10PAC_OECD
REMIND-MAgPIE 3.3-4.8,NGFS Phase 5-Below 2°C,0.06397133476487396,0.6905926102878985,0.3902790264637708,0.06561264693696073,1.210455618453504,R10PAC_OECD
REMIND-MAgPIE 3.3-4.8,NGFS Phase 5-Delayed Transition,0.07207445347706976,0.7018196882844199,0.38417219890074994,0.07016965323601995,1.2282359938982594,R10PAC_OECD
REMIND-MAgPIE 3.3-4.8,NGFS Phase 5-Low Demand,0.0675584031083573,0.6316957505067788,0.3690528430483621,0.0557277864596491,1.1240347831231474,R10PAC_OECD
REMIND-MAgPIE 3.3-4.8,NGFS Phase 5-Net-Zero 2050,0.06901482699654406,0.44637670453347555,0.4648232208719568,0.058298938590283525,1.03851369099226,R10PAC_OECD
WITCH 5.0,ENGAGE-INDCi2030-1000,0.07795081547197523,0.681818818990169,0.2366909716136017,0.12508217207348532,1.1215427781492313,R10PAC_OECD
WITCH 5.0,ENGAGE-INDCi2030-1000-NDCp,0.07286426153194132,0.6718898121659816,0.3804199329507486,0.12462610310234519,1.2498001097510167,R10PAC_OECD
WITCH 5.0,ENGAGE-INDCi2030-1000f,0.07777602658773607,0.6880269894405999,0.23768024329353374,0.12508217207348532,1.128565431395355,R10PAC_OECD
WITCH 5.0,ENGAGE-INDCi2030-1000f-NDCp,0.07693838168182789,0.68390034448874,0.2675034275491417,0.12462610310234519,1.1529682568220547,R10PAC_OECD
WITCH 5.0,ENGAGE-INDCi2030-1200,0.06892631347921474,0.6879430679843351,0.4092701647952532,0.12508217207348532,1.2912217183322885,R10PAC_OECD
WITCH 5.0,ENGAGE-INDCi2030-1200-NDCp,0.06750615357904105,0.6819707542494843,0.5097316196605111,0.12462610310234519,1.3838346305913816,R10PAC_OECD
WITCH 5.0,ENGAGE-INDCi2030-1200f,0.07675854882160507,0.6980978096766655,0.26953011169003804,0.12508217207348532,1.169468642261794,R10PAC_OECD
WITCH 5.0,ENGAGE-INDCi2030-1200f-NDCp,0.07619584884417878,0.6952379239233002,0.27360682122119984,0.12462610310234519,1.1696666970910239,R10PAC_OECD
WITCH 5.0,ENGAGE-INDCi2030-1400,0.06603178575338982,0.6994894956631126,0.5199996979553031,0.12508217207348532,1.410603151445291,R10PAC_OECD
WITCH 5.0,ENGAGE-INDCi2030-1400-NDCp,0.06545727479055151,0.695932234953129,0.5742782485284382,0.12462610310234519,1.460293861374464,R10PAC_OECD
WITCH 5.0,ENGAGE-INDCi2030-1400f,0.07139450974216825,0.7059849691738537,0.3025270215189217,0.12508217207348532,1.204988672508429,R10PAC_OECD
WITCH 5.0,ENGAGE-INDCi2030-1400f-NDCp,0.0688519756305229,0.7024842943599485,0.3268843917741465,0.12462610310234519,1.2228467648669632,R10PAC_OECD
WITCH 5.0,ENGAGE-INDCi2030-1600-NDCp,0.06504834014383057,0.7109915118423331,0.5122263390734826,0.12462610310234519,1.4128922941619915,R10PAC_OECD
WITCH 5.0,ENGAGE-INDCi2030-500f,0.0782363298818821,0.6489364221079802,0.19912552671946265,0.12508217207348532,1.0513804507828102,R10PAC_OECD
WITCH 5.0,ENGAGE-INDCi2030-600f,0.07814801072886081,0.6582709562933172,0.2087879975064197,0.12508217207348532,1.070289136602083,R10PAC_OECD
WITCH 5.0,ENGAGE-INDCi2030-600f-NDCp,0.07788624338844795,0.6570209831023658,0.2190766190615246,0.12462610310234519,1.0786099486546836,R10PAC_OECD
WITCH 5.0,ENGAGE-INDCi2030-700f,0.07806607525979355,0.6687173065974229,0.21313699897411095,0.12508217207348532,1.0850025529048126,R10PAC_OECD
WITCH 5.0,ENGAGE-INDCi2030-700f-NDCp,0.07781410513519137,0.6657305917651675,0.2269450243173179,0.12462610310234519,1.0951158243200219,R10PAC_OECD
WITCH 5.0,ENGAGE-INDCi2030-800,0.07834685083132939,0.6545705488505941,0.21554454934337702,0.12508217207348532,1.073544121098786,R10PAC_OECD
WITCH 5.0,ENGAGE-INDCi2030-800-NDCp,0.07795072459713656,0.6495562995022984,0.2437902926993506,0.12462610310234519,1.0959234199011307,R10PAC_OECD
WITCH 5.0,ENGAGE-INDCi2030-800f,0.07800048133834062,0.6766389458717995,0.2227452320644517,0.12508217207348532,1.1024668313480772,R10PAC_OECD
WITCH 5.0,ENGAGE-INDCi2030-800f-NDCp,0.07774389518687198,0.6734414537453948,0.23373531894199856,0.12462610310234519,1.1095467709766107,R10PAC_OECD
WITCH 5.0,ENGAGE-INDCi2030-900,0.0780686580502594,0.6690408687627075,0.2856542718342958,0.12508217207348532,1.157845970720748,R10PAC_OECD
WITCH 5.0,ENGAGE-INDCi2030-900-NDCp,0.07781478841791513,0.6673449696030505,0.22669559838979533,0.12462610310234519,1.0964814595131063,R10PAC_OECD
WITCH 5.0,ENGAGE-INDCi2030-900f,0.07792058352903866,0.6836554139311822,0.2363211676703212,0.12508217207348532,1.1229793372040273,R10PAC_OECD
WITCH 5.0,ENGAGE-INDCi2030-900f-NDCp,0.07766702981854687,0.6796587148564653,0.2410479449248506,0.12462610310234519,1.122999792702208,R10PAC_OECD
IMAGE 3.0,ENGAGE-INDCi2030-1000,0.19776891215079923,0.9242228209701496,0.030779570984427355,0.1275617119796291,1.2803330160850055,R10REF_ECON
IMAGE 3.0,ENGAGE-INDCi2030-1000f,0.154195729328904,0.9372611898020619,0.04027996952791558,0.12759912296051515,1.2593360116193966,R10REF_ECON
IMAGE 3.0,ENGAGE-INDCi2030-1200,0.16845738870496554,0.9335799353494791,0.038518993514563074,0.12755462484860097,1.268110942417609,R10REF_ECON
IMAGE 3.0,ENGAGE-INDCi2030-1200f,0.15224906175778827,0.9362602497595236,0.06348039851031376,0.12742014382324435,1.27940985385087,R10REF_ECON
IMAGE 3.0,ENGAGE-INDCi2030-1400f,0.1480899984938932,0.9376089645519392,0.061294769269812956,0.12742014382324435,1.2744138761388897,R10REF_ECON
IMAGE 3.0,ENGAGE-INDCi2030-800f,0.19613123270363422,0.9236851235214605,0.028716472936902115,0.12800223677282124,1.276535065934818,R10REF_ECON
IMAGE 3.0,ENGAGE-NPi2020-1000,0.21914087159998955,0.9065390822921976,0.13133235288552544,0.1160796947011909,1.3730920014789034,R10REF_ECON
IMAGE 3.0,ENGAGE-NPi2020-1200,0.1932703244509877,0.9201687535657067,0.10796516643880973,0.11748048061132241,1.3388847250668265,R10REF_ECON
IMAGE 3.0,ENGAGE-NPi2020-1400,0.17968736457862156,0.9242518069544171,0.1000612708450462,0.11948786505063654,1.3234883074287214,R10REF_ECON
IMAGE 3.0,ENGAGE-NPi2020-1400f,0.18701622094585757,0.921058816912515,0.0988053762654488,0.11660100965349379,1.3234814237773151,R10REF_ECON
IMAGE 3.2,SSP2021-SSP1-SPA1-19-Default,0.17439433469917795,0.8940428363098942,0.25650518368027553,0.11721886744097637,1.442161222130324,R10REF_ECON
IMAGE 3.2,SSP2021-SSP1-SPA1-19-Lifestyle-Renewables,0.22784120665445134,0.8822972329119969,0.16872996647675337,0.11492445587048189,1.3937928619136835,R10REF_ECON
IMAGE 3.2,SSP2021-SSP1-SPA1-19-Renewables,0.1705387514635246,0.8192195826688599,0.12475389811606062,0.1152012793727373,1.2297135116211824,R10REF_ECON
IMAGE 3.2,SSP2021-SSP1-SPA1-26-Default,0.07272454850109125,0.9081783500277315,0.006749473788237472,0.12125052662254271,1.1089028989396028,R10REF_ECON
IMAGE 3.2,SSP2021-SSP1-SPA1-26-Lifestyle,0.14134062671271302,0.9206044234821157,0.003578867700286904,0.1204954792838658,1.1860193971789814,R10REF_ECON
IMAGE 3.2,SSP2021-SSP1-SPA1-26-Lifestyle-Renewables,0.1525860995917842,0.9177745846947509,0.028856424884591305,0.12106673899215968,1.220283848163286,R10REF_ECON
IMAGE 3.2,SSP2021-SSP1-SPA1-26-Renewables,0.07387022172957411,0.8531479275385841,0.08540050724729055,0.12020412611347893,1.1326227826289277,R10REF_ECON
IMAGE 3.2,SSP2021-SSP2-SPA0-26-Default,0.2492225346227543,0.9470570351318867,0.03521019976726066,0.11769512257785474,1.3491848920997564,R10REF_ECON
IMAGE 3.2,SSP2021-SSP2-SPA2-19-Renewables,0.11704819716806841,0.7741982714021453,0.09296972582443755,0.12245512002107511,1.1066713144157263,R10REF_ECON
IMAGE 3.2,SSP2021-SSP2-SPA2-26-Default,0.07678135964059359,0.9431029972664652,0.032079220396496265,0.12705927907076278,1.1790228563743177,R10REF_ECON
IMAGE 3.2,SSP2021-SSP2-SPA2-26-Lifestyle,0.12344652907828976,0.947536174013506,0.0,0.125054874549847,1.1960375776416428,R10REF_ECON
IMAGE 3.2,SSP2021-SSP2-SPA2-26-Lifestyle-Renewables,0.12050631168859953,0.8988404258860876,0.0695733109455383,0.12364326741882478,1.2125633159390503,R10REF_ECON
IMAGE 3.2,SSP2021-SSP2-SPA2-26-Renewables,0.09018934348928945,0.8784430516825068,0.021884395743473263,0.12529725555234503,1.1158140464676145,R10REF_ECON
IMAGE 3.3,NAVIGATE Demand-1.5°C-ele_u,0.07958699386294803,0.6097782294034012,0.23688932035301377,0.11041609211475782,1.0366706357341209,R10REF_ECON
IMAGE 3.3,NAVIGATE Demand-1.5°C-tec_u,0.08303639874862867,0.6771603574407582,0.17877278723583817,0.11020189859426537,1.0491714420194902,R10REF_ECON
IMAGE 3.3,NAVIGATE Demand-2.0°C-ele_u,0.06443183276586274,0.7462242981052714,0.14732357188577325,0.11347023970962125,1.0714499424665287,R10REF_ECON
IMAGE 3.3,NAVIGATE Demand-2.0°C-ref,0.05843593433332881,0.8109525037446086,0.08248876789256528,0.11242047890991567,1.0642976848804182,R10REF_ECON
IMAGE 3.3,NAVIGATE Demand-2.0°C-tec_u,0.058770967246174276,0.8266891621455535,0.08418584128301984,0.11254294873640724,1.082188919411155,R10REF_ECON
MESSAGEix-GLOBIOM 2.0-M-R12-NGFS,NGFS Phase 5-Below 2°C,0.06579405549734929,0.7772832501196659,0.1766260029037757,0.08778946425908386,1.107492772779875,R10REF_ECON
MESSAGEix-GLOBIOM 2.0-M-R12-NGFS,NGFS Phase 5-Delayed Transition,0.06845028642559907,0.7992245611718624,0.20740408032184893,0.09216717118364506,1.1672460991029556,R10REF_ECON
MESSAGEix-GLOBIOM 2.0-M-R12-NGFS,NGFS Phase 5-Low Demand,0.07523579305124552,0.7492239257931612,0.18707520646634215,0.08143082974771779,1.0929657550584666,R10REF_ECON
MESSAGEix-GLOBIOM 2.0-M-R12-NGFS,NGFS Phase 5-Nationally Determined Contributions (NDCs),0.06377582184942464,0.8739626510775598,0.5133675045456884,0.09507052474594066,1.5461765022186134,R10REF_ECON
MESSAGEix-GLOBIOM 2.0-M-R12-NGFS,NGFS Phase 5-Net-Zero 2050,0.07947996555308579,0.5460354099408206,0.3269081559677367,0.08059195554562434,1.0330154870072674,R10REF_ECON
POLES-JRC ENGAGE,ENGAGE-INDCi2030-1000,0.8966823414131846,0.848752684451428,0.2613328779240116,0.07933655317983522,2.0861044569684593,R10REF_ECON
POLES-JRC ENGAGE,ENGAGE-INDCi2030-1000-COV,0.997145385746179,0.8629165914266103,0.25590218726573666,0.07528494955814997,2.191249113996676,R10REF_ECON
POLES-JRC ENGAGE,ENGAGE-INDCi2030-1000-COV-NDCp,0.9968000426084943,0.8633981976135492,0.25527109299168815,0.07539646997117874,2.19086580318491,R10REF_ECON
POLES-JRC ENGAGE,ENGAGE-INDCi2030-1000-NDCp,0.8963963004036882,0.8604416745778396,0.24283901376560216,0.08582018152620541,2.0854971702733356,R10REF_ECON
POLES-JRC ENGAGE,ENGAGE-INDCi2030-1000f,0.8935444439536385,0.8583642639005977,0.2607157280812958,0.07933655317983522,2.091960989115367,R10REF_ECON
POLES-JRC ENGAGE,ENGAGE-INDCi2030-1000f-COV,0.9928902607291121,0.8742737869819606,0.24892958941576657,0.07528494955814997,2.1913785866849893,R10REF_ECON
POLES-JRC ENGAGE,ENGAGE-INDCi2030-1000f-COV-NDCp,0.9898205585446999,0.874527756365584,0.24735761560730238,0.07539646489518584,2.187102395412772,R10REF_ECON
POLES-JRC ENGAGE,ENGAGE-INDCi2030-1000f-NDCp,0.8949977500631134,0.8851973796186225,0.2329135321830532,0.0858201741896224,2.0989288360544114,R10REF_ECON
POLES-JRC ENGAGE,ENGAGE-INDCi2030-1200,0.8920421861559295,0.8633952038925128,0.2597455497698669,0.07933655317983522,2.094519492998144,R10REF_ECON
POLES-JRC ENGAGE,ENGAGE-INDCi2030-1200f,0.8889979042730317,0.8681699450566559,0.26626938424848723,0.07933655317983522,2.10277378675801,R10REF_ECON
POLES-JRC ENGAGE,ENGAGE-INDCi2030-300f,0.8989518425099724,0.831785945436983,0.283027452238437,0.07933655317983522,2.0931017933652276,R10REF_ECON
POLES-JRC ENGAGE,ENGAGE-INDCi2030-400f,0.8987438522991649,0.8349665134407085,0.27968480016581243,0.07933655317983522,2.092731719085521,R10REF_ECON
POLES-JRC ENGAGE,ENGAGE-INDCi2030-500f,0.8985362203656352,0.8391418439762031,0.27278718139591734,0.07933655317983522,2.0898017989175908,R10REF_ECON
POLES-JRC ENGAGE,ENGAGE-INDCi2030-600f,0.8980735711454638,0.8440167901939636,0.26708708939935594,0.07933655317983522,2.0885140039186183,R10REF_ECON
POLES-JRC ENGAGE,ENGAGE-INDCi2030-600f-COV,1.0,0.8506291929365277,0.26863950523174945,0.07528494955814997,2.194553647726427,R10REF_ECON
POLES-JRC ENGAGE,ENGAGE-INDCi2030-600f-COV-NDCp,0.9996597242594863,0.8520294334318824,0.26824751667589863,0.07539646489518584,2.1953331392624533,R10REF_ECON
POLES-JRC ENGAGE,ENGAGE-INDCi2030-600f-NDCp,0.8980619928637645,0.8485289712853913,0.25423102275482967,0.08582018152620541,2.086642168430191,R10REF_ECON
POLES-JRC ENGAGE,ENGAGE-INDCi2030-700f,0.8969563067283297,0.8497187300555591,0.2619188024841427,0.07933655317983522,2.0879303924478663,R10REF_ECON
POLES-JRC ENGAGE,ENGAGE-INDCi2030-800f,0.8955853806706187,0.8524301548157323,0.2611404938617822,0.07933655317983522,2.0884925825279685,R10REF_ECON
POLES-JRC ENGAGE,ENGAGE-INDCi2030-900,0.9002125331408083,0.8284764539560994,0.2853857846204273,0.07933655317983522,2.09341132489717,R10REF_ECON
POLES-JRC ENGAGE,ENGAGE-INDCi2030-900f,0.894688776352738,0.8536854976679356,0.2618206646449682,0.07933655317983522,2.0895314918454773,R10REF_ECON
POLES-JRC ENGAGE,ENGAGE-NPi2020-1000f,0.889260914623482,0.877149221792495,0.24332480336864964,0.07011074668682342,2.07984568647145,R10REF_ECON
POLES-JRC ENGAGE,ENGAGE-NPi2020-1000f-COV,0.9899514095754522,0.882182906235361,0.2379114378484244,0.06784949703175291,2.1778952506909905,R10REF_ECON
POLES-JRC ENGAGE,ENGAGE-NPi2020-1200f,0.887100513863969,0.8879044134159945,0.24766517758004827,0.07157653528174743,2.094246640141759,R10REF_ECON
POLES-JRC ENGAGE,ENGAGE-NPi2020-900f,0.8924570145135732,0.8702251723146023,0.24143195376302473,0.06838640411279735,2.0725005447039977,R10REF_ECON
REMIND-MAgPIE 2.1-4.2,NGFS Phase 2-Delayed Transition,0.11265775077541568,0.783871502171842,0.38539314071556646,0.11693315445685258,1.3988555481196767,R10REF_ECON
REMIND-MAgPIE 3.2.0-4.8.0,RESCUE-End-of-Century-Budget-1150,0.07450714716781542,0.8833602022592602,0.3371600759367091,0.13057480301134763,1.4256022283751322,R10REF_ECON
REMIND-MAgPIE 3.2.0-4.8.0,RESCUE-End-of-Century-Budget-1150-with-OAE,0.07411038789413127,0.8814115565738684,0.3382546337507352,0.13057480301134763,1.4243513812300823,R10REF_ECON
REMIND-MAgPIE 3.2.0-4.8.0,RESCUE-End-of-Century-Budget-500,0.08569644908853316,0.855270328689106,0.35096069659119206,0.13057480301134763,1.422502277380179,R10REF_ECON
REMIND-MAgPIE 3.2.0-4.8.0,RESCUE-End-of-Century-Budget-500-with-OAE,0.0846535079231799,0.8596021331091267,0.3489563711603239,0.13057480301134763,1.423786815203978,R10REF_ECON
REMIND-MAgPIE 3.2.0-4.8.0,RESCUE-Peak-Budget-1150,0.08044344788569452,0.7558602985738986,0.37881908637323125,0.11954283103278188,1.3346656638656065,R10REF_ECON
REMIND-MAgPIE 3.2.0-4.8.0,RESCUE-Peak-Budget-1150-with-OAE,0.08059055738458883,0.7560123700715086,0.37853761574186306,0.1195564090404822,1.3346969522384426,R10REF_ECON
REMIND-MAgPIE 3.3-4.8,NGFS Phase 5-Below 2°C,0.08113815100686457,0.7214227621413336,0.3947102434755178,0.10530487595425395,1.3025760325779698,R10REF_ECON
REMIND-MAgPIE 3.3-4.8,NGFS Phase 5-Delayed Transition,0.07980896042569727,0.7739429486617848,0.3708966482660041,0.11619958018518099,1.3408481375386672,R10REF_ECON
REMIND-MAgPIE 3.3-4.8,NGFS Phase 5-Low Demand,0.0813523001604424,0.6709152627566616,0.3727049944925759,0.0870424871433897,1.2120150445530695,R10REF_ECON
REMIND-MAgPIE 3.3-4.8,NGFS Phase 5-Net-Zero 2050,0.08780657151077792,0.46136130631891165,0.48593836911931754,0.09018337707126922,1.1252896240202763,R10REF_ECON
WITCH 5.0,ENGAGE-INDCi2030-1000,0.10316190338938498,0.9090676697599679,0.16756579717461284,0.14265814166866342,1.322453511992629,R10REF_ECON
WITCH 5.0,ENGAGE-INDCi2030-1000-NDCp,0.10306515408838418,0.9087544488160681,0.1850277859990961,0.14265947143297789,1.3395068603365263,R10REF_ECON
WITCH 5.0,ENGAGE-INDCi2030-1000f,0.10233441593678608,0.9127469710168042,0.19570869716575,0.14265814166866342,1.3534482257880038,R10REF_ECON
WITCH 5.0,ENGAGE-INDCi2030-1000f-NDCp,0.10220385938790909,0.9155614778148841,0.19353906202625862,0.14265947143297789,1.3539638706620296,R10REF_ECON
WITCH 5.0,ENGAGE-INDCi2030-1200,0.10188197416972478,0.9159990767864942,0.20373508693552767,0.14265814166866342,1.3642742795604101,R10REF_ECON
WITCH 5.0,ENGAGE-INDCi2030-1200-NDCp,0.10184613995155974,0.9157562839852187,0.21286136898223937,0.14265947143297789,1.3731232643519957,R10REF_ECON
WITCH 5.0,ENGAGE-INDCi2030-1200f,0.10171479394565841,0.9160983304909823,0.2190545081963342,0.14265814166866342,1.3795257743016385,R10REF_ECON
WITCH 5.0,ENGAGE-INDCi2030-1200f-NDCp,0.10164306613592364,0.9156426333893503,0.2190176083484783,0.14265947143297789,1.37896277930673,R10REF_ECON
WITCH 5.0,ENGAGE-INDCi2030-1400,0.1010453101551255,0.9155351803056856,0.26314762415241594,0.14265814166866342,1.4223862562818903,R10REF_ECON
WITCH 5.0,ENGAGE-INDCi2030-1400-NDCp,0.101004447956645,0.9148551057423647,0.2750378951576699,0.14265947143297789,1.4335569202896574,R10REF_ECON
WITCH 5.0,ENGAGE-INDCi2030-1400f,0.10104782138470382,0.9155605453898487,0.27473202695041615,0.14265814166866342,1.4339985353936322,R10REF_ECON
WITCH 5.0,ENGAGE-INDCi2030-1400f-NDCp,0.1009265158764524,0.9148415925143035,0.27507137024365874,0.14265947143297789,1.4334989500673925,R10REF_ECON
WITCH 5.0,ENGAGE-INDCi2030-1600-NDCp,0.10017178704002605,0.9138943601695008,0.3272051524598958,0.14265947143297789,1.4839307711024003,R10REF_ECON
WITCH 5.0,ENGAGE-INDCi2030-500f,0.11320206681964727,0.9066235461818788,0.10314038690953163,0.14265814166866342,1.265624141579721,R10REF_ECON
WITCH 5.0,ENGAGE-INDCi2030-600f,0.11262759257980588,0.9081719087450575,0.12938258760892718,0.14265814166866342,1.292840230602454,R10REF_ECON
WITCH 5.0,ENGAGE-INDCi2030-600f-NDCp,0.11247160147030422,0.9083109018184081,0.12947743638441206,0.14265947143297789,1.2929194111061022,R10REF_ECON
WITCH 5.0,ENGAGE-INDCi2030-700f,0.11172203646646628,0.9085317241761539,0.13338067320609942,0.14265814166866342,1.2962925755173829,R10REF_ECON
WITCH 5.0,ENGAGE-INDCi2030-700f-NDCp,0.1116055500015018,0.9083386216678322,0.14972116906905258,0.14265947143297789,1.3123248121713644,R10REF_ECON
WITCH 5.0,ENGAGE-INDCi2030-800,0.13672510840328328,0.9077127560447351,0.10842491264952106,0.14265814166866342,1.295520918766203,R10REF_ECON
WITCH 5.0,ENGAGE-INDCi2030-800-NDCp,0.13649597622801446,0.908252122034317,0.12425429149456392,0.14265947143297789,1.3116618611898734,R10REF_ECON
WITCH 5.0,ENGAGE-INDCi2030-800f,0.10556375591055092,0.9080986226359437,0.16882119047252767,0.14265814166866342,1.3251417106876857,R10REF_ECON
WITCH 5.0,ENGAGE-INDCi2030-800f-NDCp,0.10394316676286112,0.9090285430274704,0.1679570354153716,0.14265947143297789,1.323588216638681,R10REF_ECON
WITCH 5.0,ENGAGE-INDCi2030-900,0.1180240229588272,0.9088527841378067,0.14238224498723065,0.14265814166866342,1.311917193752528,R10REF_ECON
WITCH 5.0,ENGAGE-INDCi2030-900-NDCp,0.1081558234650183,0.9080983701825148,0.14871340123690105,0.14265947143297789,1.307627066317412,R10REF_ECON
WITCH 5.0,ENGAGE-INDCi2030-900f,0.10305204507967376,0.9089131324536545,0.18748372923481013,0.14265814166866342,1.3421070484368016,R10REF_ECON
WITCH 5.0,ENGAGE-INDCi2030-900f-NDCp,0.10252665167871901,0.9109194101038258,0.18228098669832465,0.14265947143297789,1.3383865199138474,R10REF_ECON
IMAGE 3.0,ENGAGE-INDCi2030-1000,0.139977450689984,0.793915156078501,0.13557666815872738,0.8331811896898542,1.9026504646170666,R10NORTH_AM
IMAGE 3.0,ENGAGE-INDCi2030-1000f,0.12679797232095188,0.7868381385960673,0.13349317991489246,0.8339542919690225,1.8810835828009342,R10NORTH_AM
IMAGE 3.0,ENGAGE-INDCi2030-1200,0.1371407979943125,0.8018618057204975,0.14313010657235248,0.8337764659573756,1.9159091762445382,R10NORTH_AM
IMAGE 3.0,ENGAGE-INDCi2030-1200f,0.1163355033105941,0.7770924641319942,0.13589551834098715,0.8330689615484865,1.862392447332062,R10NORTH_AM
IMAGE 3.0,ENGAGE-INDCi2030-1400f,0.11519129426551329,0.7791203378803053,0.1357285398094317,0.8330689615484865,1.8631091335037369,R10NORTH_AM
IMAGE 3.0,ENGAGE-INDCi2030-800f,0.13899594135514273,0.787492678371612,0.13663202988514112,0.8337855832844274,1.896906232896323,R10NORTH_AM
IMAGE 3.0,ENGAGE-NPi2020-1000,0.14151024690410785,0.822639678523332,0.18301275845024548,0.9854567839274232,2.1326194678051085,R10NORTH_AM
IMAGE 3.0,ENGAGE-NPi2020-1200,0.13896568346685917,0.8323240283233606,0.17373843004331202,0.9905188057173118,2.1355469475508437,R10NORTH_AM
IMAGE 3.0,ENGAGE-NPi2020-1400,0.12290853006380706,0.82022975844381,0.16192664979347648,0.9981152278782023,2.1031801661792957,R10NORTH_AM
IMAGE 3.0,ENGAGE-NPi2020-1400f,0.12138561712391416,0.8172078315775467,0.15141427336895902,0.984887655821334,2.074895377891754,R10NORTH_AM
IMAGE 3.2,SSP2021-SSP1-SPA1-19-Default,0.08825927676202211,0.7083229528363861,0.17529656794736662,0.9209672262929827,1.8928460238387574,R10NORTH_AM
IMAGE 3.2,SSP2021-SSP1-SPA1-19-Lifestyle-Renewables,0.15515328330759187,0.7486994306951993,0.13939730753928295,0.8968536934771872,1.9401037150192613,R10NORTH_AM
IMAGE 3.2,SSP2021-SSP1-SPA1-19-Renewables,0.06180969289181083,0.6219800439553788,0.24550504218365538,0.8978545130679547,1.8271492920987997,R10NORTH_AM
IMAGE 3.2,SSP2021-SSP1-SPA1-26-Default,0.046191216094178415,0.7428657796712391,0.23134565166670562,0.9562530672948102,1.9766557147269332,R10NORTH_AM
IMAGE 3.2,SSP2021-SSP1-SPA1-26-Lifestyle,0.10134809491719025,0.7552257365985885,0.2505098639960817,0.8982443484420308,2.005328043953891,R10NORTH_AM
IMAGE 3.2,SSP2021-SSP1-SPA1-26-Lifestyle-Renewables,0.10426879248976567,0.7825945598792832,0.21418735168211053,0.9232743904214311,2.0243250944725903,R10NORTH_AM
IMAGE 3.2,SSP2021-SSP1-SPA1-26-Renewables,0.04578379065786982,0.6805210031560779,0.29417480453636125,0.9410425061361661,1.961522104486475,R10NORTH_AM
IMAGE 3.2,SSP2021-SSP2-SPA0-26-Default,0.10788033264450635,0.8692025727381089,0.20522650995477115,1.0,2.1823094153373863,R10NORTH_AM
IMAGE 3.2,SSP2021-SSP2-SPA2-19-Renewables,0.16282692544925226,0.6749739272308749,0.16878792919730212,0.7963853359901029,1.802974117867532,R10NORTH_AM
IMAGE 3.2,SSP2021-SSP2-SPA2-26-Default,0.05833938880518345,0.8582851412476002,0.15215973126918542,0.9128609708160272,1.9816452321379965,R10NORTH_AM
IMAGE 3.2,SSP2021-SSP2-SPA2-26-Lifestyle,0.09628953455164142,0.849708188227212,0.19608642247132144,0.8127512834567552,1.95483542870693,R10NORTH_AM
IMAGE 3.2,SSP2021-SSP2-SPA2-26-Lifestyle-Renewables,0.09461111014540752,0.7656146821553207,0.17706991072795875,0.8058639707861344,1.8431596738148213,R10NORTH_AM
IMAGE 3.2,SSP2021-SSP2-SPA2-26-Renewables,0.09489832488990217,0.7618648300162495,0.1258032265924039,0.8248789746110691,1.8074453561096249,R10NORTH_AM
IMAGE 3.3,NAVIGATE Demand-1.5°C-ele_u,0.05858934536464661,0.4276639299937287,0.3694387515627527,0.7913837324407821,1.6470757593619103,R10NORTH_AM
IMAGE 3.3,NAVIGATE Demand-1.5°C-tec_u,0.060783938626829244,0.5361019317616472,0.31341525702461653,0.7940494898949545,1.7043506173080474,R10NORTH_AM
IMAGE 3.3,NAVIGATE Demand-2.0°C-ele_u,0.049569728287519085,0.6059207599557402,0.35746229992727063,0.8646699240189557,1.8776227121894857,R10NORTH_AM
IMAGE 3.3,NAVIGATE Demand-2.0°C-ref,0.05333089592156656,0.6505161604811396,0.305225817828753,0.8316752410651291,1.8407481152965883,R10NORTH_AM
IMAGE 3.3,NAVIGATE Demand-2.0°C-tec_u,0.052339135871784924,0.6989845616534718,0.26232239744867786,0.8565278343562663,1.8701739293302009,R10NORTH_AM
MESSAGEix-GLOBIOM 2.0-M-R12-NGFS,NGFS Phase 5-Below 2°C,0.054317206799183906,0.6782326972433194,0.2699245502728558,0.9290406726484204,1.9315151269637794,R10NORTH_AM
MESSAGEix-GLOBIOM 2.0-M-R12-NGFS,NGFS Phase 5-Delayed Transition,0.052286552447897434,0.695120963668486,0.2787241498653559,0.9319613133862306,1.9580929793679698,R10NORTH_AM
MESSAGEix-GLOBIOM 2.0-M-R12-NGFS,NGFS Phase 5-Low Demand,0.056873065752447605,0.6432561163042693,0.29833899918107515,0.8827833485334584,1.8812515297712504,R10NORTH_AM
MESSAGEix-GLOBIOM 2.0-M-R12-NGFS,NGFS Phase 5-Nationally Determined Contributions (NDCs),0.05231739712065229,0.7091169588612618,0.3683040987692961,0.9223459132353743,2.0520843679865846,R10NORTH_AM
MESSAGEix-GLOBIOM 2.0-M-R12-NGFS,NGFS Phase 5-Net-Zero 2050,0.05787745732425026,0.4854072597147759,0.39040069705287395,0.8756279480580573,1.8093133621499573,R10NORTH_AM
POLES-JRC ENGAGE,ENGAGE-INDCi2030-1000,0.08752238690102433,0.6994201171391146,0.3241168270777534,0.8192076196330721,1.9302669507509647,R10NORTH_AM
POLES-JRC ENGAGE,ENGAGE-INDCi2030-1000-COV,0.09046135312542067,0.7148162506366756,0.3164495515836289,0.7855378381509521,1.9072649934966772,R10NORTH_AM
POLES-JRC ENGAGE,ENGAGE-INDCi2030-1000-COV-NDCp,0.0906284476214961,0.710878425620017,0.3115924698571431,0.7275148613625388,1.840614204461195,R10NORTH_AM
POLES-JRC ENGAGE,ENGAGE-INDCi2030-1000-NDCp,0.08904036372034912,0.7193648140253917,0.317644818833966,0.7739465842752407,1.8999965808549475,R10NORTH_AM
POLES-JRC ENGAGE,ENGAGE-INDCi2030-1000f,0.08624344559308546,0.7331757073833648,0.30560833788399056,0.8192076196330721,1.9442351104935127,R10NORTH_AM
POLES-JRC ENGAGE,ENGAGE-INDCi2030-1000f-COV,0.08953844677208547,0.7320043306988085,0.31230984545927987,0.7855378381509521,1.919390461081126,R10NORTH_AM
POLES-JRC ENGAGE,ENGAGE-INDCi2030-1000f-COV-NDCp,0.0894760285008378,0.7266885682164825,0.3124664096906753,0.7275148424602973,1.856145848868293,R10NORTH_AM
POLES-JRC ENGAGE,ENGAGE-INDCi2030-1000f-NDCp,0.08827667928260266,0.7397465239518903,0.31133007935904816,0.7739465842752407,1.9132998668687817,R10NORTH_AM
POLES-JRC ENGAGE,ENGAGE-INDCi2030-1200,0.0861136491952467,0.7374590590775106,0.3054765827344855,0.8192076196330721,1.9482569106403151,R10NORTH_AM
POLES-JRC ENGAGE,ENGAGE-INDCi2030-1200f,0.0849934059737649,0.7475882708049142,0.3052055843837597,0.8192076196330721,1.9569948807955109,R10NORTH_AM
POLES-JRC ENGAGE,ENGAGE-INDCi2030-300f,0.09042715220356708,0.6849430155715744,0.35406282864554794,0.8192076196330721,1.9486406160537615,R10NORTH_AM
POLES-JRC ENGAGE,ENGAGE-INDCi2030-400f,0.08954589388224884,0.6854761472939747,0.3474827893186605,0.8192076196330721,1.9417124501279561,R10NORTH_AM
POLES-JRC ENGAGE,ENGAGE-INDCi2030-500f,0.08889329410673448,0.6831144461979034,0.3439579422716232,0.8192076196330721,1.9351733022093331,R10NORTH_AM
POLES-JRC ENGAGE,ENGAGE-INDCi2030-600f,0.08861764276091272,0.691323536734176,0.33435135779657565,0.8192076196330721,1.9335001569247363,R10NORTH_AM
POLES-JRC ENGAGE,ENGAGE-INDCi2030-600f-COV,0.09230583318242883,0.6896083436202679,0.33338751454265153,0.7855378381509521,1.9008395294963005,R10NORTH_AM
POLES-JRC ENGAGE,ENGAGE-INDCi2030-600f-COV-NDCp,0.09247409076569885,0.6816138995147447,0.3297892636314894,0.7275148424602973,1.8313920963722303,R10NORTH_AM
POLES-JRC ENGAGE,ENGAGE-INDCi2030-600f-NDCp,0.08987761357324651,0.7054767671081913,0.3283998493644924,0.7739465842752407,1.8977008143211709,R10NORTH_AM
POLES-JRC ENGAGE,ENGAGE-INDCi2030-700f,0.08773639876570348,0.7008147188202161,0.3208348999274695,0.8192076196330721,1.928593637146461,R10NORTH_AM
POLES-JRC ENGAGE,ENGAGE-INDCi2030-800f,0.08709184011482858,0.7120650232273064,0.31320276155858634,0.8192076196330721,1.9315672445337932,R10NORTH_AM
POLES-JRC ENGAGE,ENGAGE-INDCi2030-900,0.0909674710147996,0.6865313543403002,0.35533141854025857,0.8192076196330721,1.9520378635284303,R10NORTH_AM
POLES-JRC ENGAGE,ENGAGE-INDCi2030-900f,0.086432081418669,0.7232741538573635,0.3077268780524177,0.8192076196330721,1.9366407329615223,R10NORTH_AM
POLES-JRC ENGAGE,ENGAGE-NPi2020-1000f,0.0875180656812193,0.7508290057931037,0.31270413905256,0.8469732038799239,1.9980244144068071,R10NORTH_AM
POLES-JRC ENGAGE,ENGAGE-NPi2020-1000f-COV,0.08944237183476661,0.7509276657982008,0.32188464741405215,0.8550154003636832,2.017270085410703,R10NORTH_AM
POLES-JRC ENGAGE,ENGAGE-NPi2020-1200f,0.08580728078600353,0.7618518050889289,0.31711783405999233,0.8536624348998235,2.018439354834748,R10NORTH_AM
POLES-JRC ENGAGE,ENGAGE-NPi2020-900f,0.08848707148268645,0.7398211968993975,0.3133378941842936,0.8365003671173148,1.9781465296836924,R10NORTH_AM
REMIND-MAgPIE 2.1-4.2,NGFS Phase 2-Delayed Transition,0.0681406123829636,0.3953949059401101,0.547789633331364,0.9151824567875463,1.9265076084419839,R10NORTH_AM
REMIND-MAgPIE 3.2.0-4.8.0,RESCUE-End-of-Century-Budget-1150,0.04949831350901597,0.5282297923148221,0.5242345920256207,0.8312542894183647,1.9332169872678233,R10NORTH_AM
REMIND-MAgPIE 3.2.0-4.8.0,RESCUE-End-of-Century-Budget-1150-with-OAE,0.04935198146857948,0.5264511403827427,0.5253009664720881,0.8312542894183647,1.932358377741775,R10NORTH_AM
REMIND-MAgPIE 3.2.0-4.8.0,RESCUE-End-of-Century-Budget-500,0.05453234845694198,0.49721447640946104,0.5276089565199896,0.8312542894183647,1.9106100708047573,R10NORTH_AM
REMIND-MAgPIE 3.2.0-4.8.0,RESCUE-End-of-Century-Budget-500-with-OAE,0.053159651566611406,0.4967925739782637,0.5293279616185632,0.8312542894183647,1.9105344765818033,R10NORTH_AM
REMIND-MAgPIE 3.2.0-4.8.0,RESCUE-Peak-Budget-1150,0.05293074963848614,0.41100810019049017,0.5632368279788332,0.7733927785391693,1.8005684563469788,R10NORTH_AM
REMIND-MAgPIE 3.2.0-4.8.0,RESCUE-Peak-Budget-1150-with-OAE,0.05333862329509869,0.4124965278215711,0.5619720713996476,0.7734396404271346,1.8012468629434522,R10NORTH_AM
REMIND-MAgPIE 3.3-4.8,NGFS Phase 5-Below 2°C,0.058293522109907986,0.4441314055817493,0.5335392816008131,0.7950765980267174,1.8310408073191877,R10NORTH_AM
REMIND-MAgPIE 3.3-4.8,NGFS Phase 5-Delayed Transition,0.06740882209156603,0.4430965123171812,0.4962545247497191,0.8677102932677172,1.8744701524261835,R10NORTH_AM
REMIND-MAgPIE 3.3-4.8,NGFS Phase 5-Low Demand,0.06523843725327165,0.37906349959476765,0.4757960473229364,0.6762191942932682,1.5963171784642438,R10NORTH_AM
REMIND-MAgPIE 3.3-4.8,NGFS Phase 5-Net-Zero 2050,0.0725331150218614,0.24130356363971464,0.5322126255585695,0.713329249961587,1.5593785541817324,R10NORTH_AM
WITCH 5.0,ENGAGE-INDCi2030-1000,0.07144101226857996,0.5512255302166672,0.42614503936685466,0.8773764854131436,1.9261880672652456,R10NORTH_AM
WITCH 5.0,ENGAGE-INDCi2030-1000-NDCp,0.07124459775502259,0.49886443826787014,0.4518282422297902,0.781129105966731,1.8030663842194141,R10NORTH_AM
WITCH 5.0,ENGAGE-INDCi2030-1000f,0.06700968599292328,0.5566705754936608,0.42809967435544494,0.8773764854131436,1.9291564212551726,R10NORTH_AM
WITCH 5.0,ENGAGE-INDCi2030-1000f-NDCp,0.06702092509983301,0.508598803579567,0.44713140438830484,0.781129105966731,1.8038802390344357,R10NORTH_AM
WITCH 5.0,ENGAGE-INDCi2030-1200,0.06446227235744871,0.5608114753704903,0.43414171721484535,0.8773764854131436,1.9367919503559279,R10NORTH_AM
WITCH 5.0,ENGAGE-INDCi2030-1200-NDCp,0.06426933582938085,0.51516371076656,0.45011716191042617,0.781129105966731,1.810679314473098,R10NORTH_AM
WITCH 5.0,ENGAGE-INDCi2030-1200f,0.06254724970591326,0.5616711113483142,0.4491730174110902,0.8773764854131436,1.9507678638784611,R10NORTH_AM
WITCH 5.0,ENGAGE-INDCi2030-1200f-NDCp,0.06182098926067905,0.5218496870916522,0.47124074607591443,0.781129105966731,1.8360405283949768,R10NORTH_AM
WITCH 5.0,ENGAGE-INDCi2030-1400,0.05779967418931948,0.5648107730023858,0.5027870179324267,0.8773764854131436,2.0027739505372755,R10NORTH_AM
WITCH 5.0,ENGAGE-INDCi2030-1400-NDCp,0.057989309515188076,0.5329613079871194,0.5075567000419685,0.781129105966731,1.879636423511007,R10NORTH_AM
WITCH 5.0,ENGAGE-INDCi2030-1400f,0.05766862705194827,0.5646914386875156,0.5076281571778543,0.8773764854131436,2.0073647083304618,R10NORTH_AM
WITCH 5.0,ENGAGE-INDCi2030-1400f-NDCp,0.0576610123831401,0.5349508557228911,0.5207589524234256,0.781129105966731,1.8944999264961877,R10NORTH_AM
WITCH 5.0,ENGAGE-INDCi2030-1600-NDCp,0.05570438585767298,0.5450982315163828,0.5529900890554331,0.781129105966731,1.9349218123962197,R10NORTH_AM
WITCH 5.0,ENGAGE-INDCi2030-500f,0.07801650732852462,0.5292262203391608,0.40371043797862316,0.8773764854131436,1.888329651059452,R10NORTH_AM
WITCH 5.0,ENGAGE-INDCi2030-600f,0.07791253177442183,0.5380760963848423,0.403975011706812,0.8773764854131436,1.8973401252792197,R10NORTH_AM
WITCH 5.0,ENGAGE-INDCi2030-600f-NDCp,0.07794303644764418,0.47901707399079263,0.44831080009173574,0.781129105966731,1.7864000164969036,R10NORTH_AM
WITCH 5.0,ENGAGE-INDCi2030-700f,0.07784643294189882,0.5449426956400092,0.4274951706647955,0.8773764854131436,1.9276607846598472,R10NORTH_AM
WITCH 5.0,ENGAGE-INDCi2030-700f-NDCp,0.07785444980771751,0.4901468063850832,0.4494841148571743,0.781129105966731,1.7986144770167063,R10NORTH_AM
WITCH 5.0,ENGAGE-INDCi2030-800,0.07797060113763842,0.5326255164941481,0.405813441947927,0.8773764854131436,1.8937860449928572,R10NORTH_AM
WITCH 5.0,ENGAGE-INDCi2030-800-NDCp,0.07797390411300027,0.4684538685743488,0.43163690754389006,0.781129105966731,1.7591937861979703,R10NORTH_AM
WITCH 5.0,ENGAGE-INDCi2030-800f,0.07779721361275485,0.5516816880370423,0.42820480873843125,0.8773764854131436,1.935060195801372,R10NORTH_AM
WITCH 5.0,ENGAGE-INDCi2030-800f-NDCp,0.07463513014586845,0.49680578379874646,0.45001490582081066,0.781129105966731,1.8025849257321567,R10NORTH_AM
WITCH 5.0,ENGAGE-INDCi2030-900,0.07784107988440044,0.5456416706822399,0.42938405102104377,0.8773764854131436,1.9302432870008277,R10NORTH_AM
WITCH 5.0,ENGAGE-INDCi2030-900-NDCp,0.07785600123935354,0.4906453976920249,0.4476963477970817,0.781129105966731,1.7973268526951913,R10NORTH_AM
WITCH 5.0,ENGAGE-INDCi2030-900f,0.07272864475502952,0.5533792472690948,0.42846707021921326,0.8773764854131436,1.9319514476564812,R10NORTH_AM
WITCH 5.0,ENGAGE-INDCi2030-900f-NDCp,0.07068581747639961,0.5021930391784302,0.4486365166110088,0.781129105966731,1.8026444792325695,R10NORTH_AM
