,model,scenario,total_CDR,total_CDR_gdp,total_CDR_land,region
0,IMAGE 3.0,ENGAGE-INDCi2030-1000,-3814.9697114091414,-0.013426422083243846,-1.8809410798431734,R10LATIN_AM
1,IMAGE 3.0,ENGAGE-INDCi2030-1000f,-4829.947112161216,-0.016998538251478765,-2.3813677758868104,R10LATIN_AM
2,IMAGE 3.0,ENGAGE-INDCi2030-1200,-4463.036258707024,-0.01570723049334205,-2.2004652395341977,R10LATIN_AM
3,IMAGE 3.0,ENGAGE-INDCi2030-1200f,-5172.092090183101,-0.018202684872838756,-2.5500596903989425,R10LATIN_AM
4,IMAGE 3.0,ENGAGE-INDCi2030-1400f,-5363.253087837285,-0.018875457773940254,-2.644310130258594,R10LATIN_AM
5,IMAGE 3.0,ENGAGE-INDCi2030-800f,-4112.5865678199025,-0.01447385622703501,-2.0276787510762206,R10LATIN_AM
6,IMAGE 3.0,ENGAGE-NPi2020-1000,-2565.2834305694178,-0.009028270394643488,-1.26479299994672,R10LATIN_AM
7,IMAGE 3.0,ENGAGE-NPi2020-1200,-4141.732338954904,-0.014576431989046922,-2.042048846353145,R10LATIN_AM
8,IMAGE 3.0,ENGAGE-NPi2020-1400,-4710.442674924428,-0.01657795378121072,-2.3224470446028946,R10LATIN_AM
9,IMAGE 3.0,ENGAGE-NPi2020-1400f,-4712.653917787355,-0.016585736039590765,-2.323537280660589,R10LATIN_AM
10,IMAGE 3.2,SSP2021-SSP1-SPA1-19-Default,25674.22212293419,0.10613331343751128,12.65846959602472,R10LATIN_AM
11,IMAGE 3.2,SSP2021-SSP1-SPA1-19-Lifestyle-Renewables,87021.08407406931,0.40152937386204257,42.90504856155797,R10LATIN_AM
12,IMAGE 3.2,SSP2021-SSP1-SPA1-19-Renewables,31619.926904568405,0.13071194901114383,15.58995172019098,R10LATIN_AM
13,IMAGE 3.2,SSP2021-SSP1-SPA1-26-Default,20288.778099205716,0.08387071027727877,10.003219551484367,R10LATIN_AM
14,IMAGE 3.2,SSP2021-SSP1-SPA1-26-Lifestyle,77950.84523642476,0.3222368900051761,38.433039945084865,R10LATIN_AM
15,IMAGE 3.2,SSP2021-SSP1-SPA1-26-Lifestyle-Renewables,77332.72508732739,0.35682571659220197,38.12828075602067,R10LATIN_AM
16,IMAGE 3.2,SSP2021-SSP1-SPA1-26-Renewables,21915.35170311047,0.09059471715490862,10.805188639861623,R10LATIN_AM
17,IMAGE 3.2,SSP2021-SSP2-SPA0-26-Default,35029.61464694699,0.17023424983628493,17.27107845796797,R10LATIN_AM
18,IMAGE 3.2,SSP2021-SSP2-SPA2-19-Renewables,24814.909359384408,0.11450001023931194,12.234797636023805,R10LATIN_AM
19,IMAGE 3.2,SSP2021-SSP2-SPA2-26-Default,19115.887967488554,0.08820380265395726,9.424939560646727,R10LATIN_AM
20,IMAGE 3.2,SSP2021-SSP2-SPA2-26-Lifestyle,57662.04309275746,0.26606200445554085,28.42982089123669,R10LATIN_AM
21,IMAGE 3.2,SSP2021-SSP2-SPA2-26-Lifestyle-Renewables,56133.85885469005,0.2590107149113337,27.67636156432421,R10LATIN_AM
22,IMAGE 3.2,SSP2021-SSP2-SPA2-26-Renewables,20001.843287863987,0.09229174397122816,9.861752925643074,R10LATIN_AM
23,IMAGE 3.3,NAVIGATE Demand-1.5°C-ele_u,17575.240789879674,0.08470646061654716,8.66533547853762,R10LATIN_AM
24,IMAGE 3.3,NAVIGATE Demand-1.5°C-tec_u,18122.90052084277,0.08734598732270799,8.935354840071124,R10LATIN_AM
25,IMAGE 3.3,NAVIGATE Demand-2.0°C-ele_u,13996.185504488827,0.06745667671879378,6.900710167571556,R10LATIN_AM
26,IMAGE 3.3,NAVIGATE Demand-2.0°C-ref,14954.175731844418,0.07207385166590807,7.373039781967329,R10LATIN_AM
27,IMAGE 3.3,NAVIGATE Demand-2.0°C-tec_u,14932.196996639523,0.0719679219156251,7.362203337891181,R10LATIN_AM
28,MESSAGEix-GLOBIOM 2.0-M-R12-NGFS,NGFS Phase 5-Below 2°C,20845.9888357224,0.07851696671993398,10.283508903099559,R10LATIN_AM
29,MESSAGEix-GLOBIOM 2.0-M-R12-NGFS,NGFS Phase 5-Delayed Transition,19036.393646937915,0.07164547711151127,9.390819744455168,R10LATIN_AM
30,MESSAGEix-GLOBIOM 2.0-M-R12-NGFS,NGFS Phase 5-Low Demand,21658.39209854239,0.08122722716144677,10.684274549284698,R10LATIN_AM
31,MESSAGEix-GLOBIOM 2.0-M-R12-NGFS,NGFS Phase 5-Nationally Determined Contributions (NDCs),19032.02856065255,0.07157039480733021,9.388666409152531,R10LATIN_AM
32,MESSAGEix-GLOBIOM 2.0-M-R12-NGFS,NGFS Phase 5-Net-Zero 2050,22755.308475246704,0.08630916182753423,11.225393006878058,R10LATIN_AM
33,POLES-JRC ENGAGE,ENGAGE-INDCi2030-1000,14681.48320730999,0.06541023232052487,7.188431017755172,R10LATIN_AM
34,POLES-JRC ENGAGE,ENGAGE-INDCi2030-1000-COV,14005.741031134872,0.06767505161938883,6.857570303573106,R10LATIN_AM
35,POLES-JRC ENGAGE,ENGAGE-INDCi2030-1000-COV-NDCp,14237.245833263823,0.06879367143389098,6.97092099688415,R10LATIN_AM
36,POLES-JRC ENGAGE,ENGAGE-INDCi2030-1000-NDCp,14767.017035351226,0.06579131013701248,7.2303105754181765,R10LATIN_AM
37,POLES-JRC ENGAGE,ENGAGE-INDCi2030-1000f,13993.964998627453,0.06234714086583284,6.8518044557941655,R10LATIN_AM
38,POLES-JRC ENGAGE,ENGAGE-INDCi2030-1000f-COV,13574.633703971653,0.06559196222380377,6.6464890906736755,R10LATIN_AM
39,POLES-JRC ENGAGE,ENGAGE-INDCi2030-1000f-COV-NDCp,13617.364223078916,0.06579843398990874,6.6674110496214265,R10LATIN_AM
40,POLES-JRC ENGAGE,ENGAGE-INDCi2030-1000f-NDCp,14210.706446395348,0.06331278638350957,6.957926631869138,R10LATIN_AM
41,POLES-JRC ENGAGE,ENGAGE-INDCi2030-1200,13886.239128316192,0.06186719111521896,6.799059104617755,R10LATIN_AM
42,POLES-JRC ENGAGE,ENGAGE-INDCi2030-1200f,13323.491852993517,0.05935999007178004,6.523523594208795,R10LATIN_AM
43,POLES-JRC ENGAGE,ENGAGE-INDCi2030-300f,15699.55690225437,0.06994604358464636,7.686906030378894,R10LATIN_AM
44,POLES-JRC ENGAGE,ENGAGE-INDCi2030-400f,15510.412711704521,0.0691033517890529,7.594296179795149,R10LATIN_AM
45,POLES-JRC ENGAGE,ENGAGE-INDCi2030-500f,15194.382289255409,0.06769534531853108,7.439559573199683,R10LATIN_AM
46,POLES-JRC ENGAGE,ENGAGE-INDCi2030-600f,14963.34344466999,0.06666600078392211,7.326437024661998,R10LATIN_AM
47,POLES-JRC ENGAGE,ENGAGE-INDCi2030-600f-COV,14677.955752218515,0.07092316008059193,7.186703885200836,R10LATIN_AM
48,POLES-JRC ENGAGE,ENGAGE-INDCi2030-600f-COV-NDCp,14923.729432211348,0.07211072641094371,7.307040987362874,R10LATIN_AM
49,POLES-JRC ENGAGE,ENGAGE-INDCi2030-600f-NDCp,15228.386214838454,0.06784684259171457,7.45620876796666,R10LATIN_AM
50,POLES-JRC ENGAGE,ENGAGE-INDCi2030-700f,14752.732869232445,0.0657276700666503,7.223316681045168,R10LATIN_AM
51,POLES-JRC ENGAGE,ENGAGE-INDCi2030-800f,14523.172044957428,0.06470491053782805,7.110917809188792,R10LATIN_AM
52,POLES-JRC ENGAGE,ENGAGE-INDCi2030-900,15740.825838411598,0.07012990857046204,7.707112360798879,R10LATIN_AM
53,POLES-JRC ENGAGE,ENGAGE-INDCi2030-900f,14181.922908807544,0.06318454744102402,6.943833473059824,R10LATIN_AM
54,POLES-JRC ENGAGE,ENGAGE-NPi2020-1000f,17394.409634256594,0.07749710020364951,8.516749430886666,R10LATIN_AM
55,POLES-JRC ENGAGE,ENGAGE-NPi2020-1000f-COV,16807.844903860743,0.08121467967677316,8.22955228313532,R10LATIN_AM
56,POLES-JRC ENGAGE,ENGAGE-NPi2020-1200f,16619.80317055643,0.07404600551299997,8.137482223916498,R10LATIN_AM
57,POLES-JRC ENGAGE,ENGAGE-NPi2020-900f,17951.315146294513,0.07997827451067346,8.789424664046962,R10LATIN_AM
58,REMIND-MAgPIE 2.1-4.2,NGFS Phase 2-Delayed Transition,19837.233200000002,0.09296956559483127,9.881563208359456,R10LATIN_AM
59,REMIND-MAgPIE 3.2.0-4.8.0,RESCUE-End-of-Century-Budget-1150,1494.6866183000002,0.0070152646429883,0.7369384748239606,R10LATIN_AM
60,REMIND-MAgPIE 3.2.0-4.8.0,RESCUE-End-of-Century-Budget-1150-with-OAE,1402.1234713000003,0.00657927320420655,0.6913012532552887,R10LATIN_AM
61,REMIND-MAgPIE 3.2.0-4.8.0,RESCUE-End-of-Century-Budget-500,5232.6873006000005,0.024654617011433372,2.579917791008748,R10LATIN_AM
62,REMIND-MAgPIE 3.2.0-4.8.0,RESCUE-End-of-Century-Budget-500-with-OAE,4580.924282800001,0.02157726190277986,2.258573344351107,R10LATIN_AM
63,REMIND-MAgPIE 3.2.0-4.8.0,RESCUE-Peak-Budget-1150,2686.2694371999996,0.012640427116919753,1.324435020544926,R10LATIN_AM
64,REMIND-MAgPIE 3.2.0-4.8.0,RESCUE-Peak-Budget-1150-with-OAE,2645.9178277,0.01245040147316812,1.3045401120085514,R10LATIN_AM
65,REMIND-MAgPIE 3.3-4.8,NGFS Phase 5-Below 2°C,4151.763700400001,0.015899000623671507,2.046980532067736,R10LATIN_AM
66,REMIND-MAgPIE 3.3-4.8,NGFS Phase 5-Delayed Transition,1939.0512723000002,0.0074121284787625075,0.9560274841019644,R10LATIN_AM
67,REMIND-MAgPIE 3.3-4.8,NGFS Phase 5-Low Demand,4437.273770100001,0.016998436053306743,2.1877480700489786,R10LATIN_AM
68,REMIND-MAgPIE 3.3-4.8,NGFS Phase 5-Net-Zero 2050,9618.794378800001,0.037237336237960245,4.7424386974309725,R10LATIN_AM
69,WITCH 5.0,ENGAGE-INDCi2030-1000,6731.113132191372,0.021511373877392062,3.3467567455909055,R10LATIN_AM
70,WITCH 5.0,ENGAGE-INDCi2030-1000-NDCp,8231.957511323524,0.026286511005410178,4.092987116600501,R10LATIN_AM
71,WITCH 5.0,ENGAGE-INDCi2030-1000f,6558.469334892518,0.02089084099712053,3.260917036489736,R10LATIN_AM
72,WITCH 5.0,ENGAGE-INDCi2030-1000f-NDCp,7107.848659734455,0.02261806145602616,3.534072297023048,R10LATIN_AM
73,WITCH 5.0,ENGAGE-INDCi2030-1200,6739.540733474724,0.021385577727629567,3.3509470081656527,R10LATIN_AM
74,WITCH 5.0,ENGAGE-INDCi2030-1200-NDCp,8058.008836932805,0.025562335025317386,4.006498613440518,R10LATIN_AM
75,WITCH 5.0,ENGAGE-INDCi2030-1200f,6716.534595050606,0.02128864710624294,3.3395081944882112,R10LATIN_AM
76,WITCH 5.0,ENGAGE-INDCi2030-1200f-NDCp,7145.830914165161,0.022638696101338812,3.552957340808864,R10LATIN_AM
77,WITCH 5.0,ENGAGE-INDCi2030-1400,6709.53055886188,0.0211897980375689,3.3360257384812138,R10LATIN_AM
78,WITCH 5.0,ENGAGE-INDCi2030-1400-NDCp,7758.424116102996,0.024502704794598172,3.8575429852074925,R10LATIN_AM
79,WITCH 5.0,ENGAGE-INDCi2030-1400f,6709.582466282892,0.021191274102182887,3.3360515472156687,R10LATIN_AM
80,WITCH 5.0,ENGAGE-INDCi2030-1400f-NDCp,7526.82565492586,0.023762958999741957,3.742390602980229,R10LATIN_AM
81,WITCH 5.0,ENGAGE-INDCi2030-1600-NDCp,7740.584653909993,0.024380687011691094,3.8486730792558883,R10LATIN_AM
82,WITCH 5.0,ENGAGE-INDCi2030-500f,6496.049773277371,0.021125263049805214,3.229881591862718,R10LATIN_AM
83,WITCH 5.0,ENGAGE-INDCi2030-600f,6403.788177992028,0.020708747973051254,3.1840084784093903,R10LATIN_AM
84,WITCH 5.0,ENGAGE-INDCi2030-600f-NDCp,7008.0792820620045,0.02263937283068757,3.484466261413307,R10LATIN_AM
85,WITCH 5.0,ENGAGE-INDCi2030-700f,6415.187925113536,0.020627395761960245,3.1896765127786946,R10LATIN_AM
86,WITCH 5.0,ENGAGE-INDCi2030-700f-NDCp,7025.366973111106,0.022564685510913417,3.493061822875135,R10LATIN_AM
87,WITCH 5.0,ENGAGE-INDCi2030-800,7088.001245163294,0.0229736597010653,3.524204023040116,R10LATIN_AM
88,WITCH 5.0,ENGAGE-INDCi2030-800-NDCp,8324.708250997259,0.026932414168595684,4.139103436080717,R10LATIN_AM
89,WITCH 5.0,ENGAGE-INDCi2030-800f,6452.510251484736,0.020666987546793993,3.20823343569633,R10LATIN_AM
90,WITCH 5.0,ENGAGE-INDCi2030-800f-NDCp,7031.868082118973,0.0225005097620059,3.4962942199539846,R10LATIN_AM
91,WITCH 5.0,ENGAGE-INDCi2030-900,6739.2904279192735,0.02162007218198954,3.350822554484707,R10LATIN_AM
92,WITCH 5.0,ENGAGE-INDCi2030-900-NDCp,8223.898140092317,0.026405468469526572,4.0889799405950535,R10LATIN_AM
93,WITCH 5.0,ENGAGE-INDCi2030-900f,6485.414010715829,0.020709841536090477,3.2245934159847773,R10LATIN_AM
94,WITCH 5.0,ENGAGE-INDCi2030-900f-NDCp,7049.155781378968,0.02248372434009904,3.504889785498327,R10LATIN_AM
95,IMAGE 3.0,ENGAGE-INDCi2030-1000,9414.490322367525,0.03392130497026998,18.823257433312452,R10INDIA+
96,IMAGE 3.0,ENGAGE-INDCi2030-1000f,11452.277425017115,0.04126364591561353,22.897592836932162,R10INDIA+
97,IMAGE 3.0,ENGAGE-INDCi2030-1200,9399.998688352023,0.03386909023318651,18.79428297496551,R10INDIA+
98,IMAGE 3.0,ENGAGE-INDCi2030-1200f,9843.069650082005,0.03546551709238731,19.680155548869376,R10INDIA+
99,IMAGE 3.0,ENGAGE-INDCi2030-1400f,10069.285892200798,0.036280595750433055,20.132450512823173,R10INDIA+
100,IMAGE 3.0,ENGAGE-INDCi2030-800f,8910.921121809217,0.03210689719662879,17.816425159548675,R10INDIA+
101,IMAGE 3.0,ENGAGE-NPi2020-1000,9394.562518962415,0.03384950319730663,18.783413940916095,R10INDIA+
102,IMAGE 3.0,ENGAGE-NPi2020-1200,11543.955216240214,0.04159396972588831,23.080892687058927,R10INDIA+
103,IMAGE 3.0,ENGAGE-NPi2020-1400,10618.324120251647,0.038258832759164293,21.230193200260757,R10INDIA+
104,IMAGE 3.0,ENGAGE-NPi2020-1400f,10921.219203563567,0.03935019258250045,21.835799232370533,R10INDIA+
105,IMAGE 3.2,SSP2021-SSP1-SPA1-19-Default,15774.655617436501,0.05996233684668815,50.473636603917214,R10INDIA+
106,IMAGE 3.2,SSP2021-SSP1-SPA1-19-Lifestyle-Renewables,15145.406317495312,0.07124681910257695,48.46024871965846,R10INDIA+
107,IMAGE 3.2,SSP2021-SSP1-SPA1-19-Renewables,6485.966311967841,0.024654338339063445,20.7529289129872,R10INDIA+
108,IMAGE 3.2,SSP2021-SSP1-SPA1-26-Default,5003.853972453268,0.01902055960551237,16.01066376026009,R10INDIA+
109,IMAGE 3.2,SSP2021-SSP1-SPA1-26-Lifestyle,4807.6162088585825,0.01827462415258883,15.382768368572723,R10INDIA+
110,IMAGE 3.2,SSP2021-SSP1-SPA1-26-Lifestyle-Renewables,510.710189124795,0.002402476083879312,1.6341022663790967,R10INDIA+
111,IMAGE 3.2,SSP2021-SSP1-SPA1-26-Renewables,6269.818654589999,0.023832721756449335,20.06132850180497,R10INDIA+
112,IMAGE 3.2,SSP2021-SSP2-SPA0-26-Default,6922.594229126355,0.03319837883835365,22.14990225579199,R10INDIA+
113,IMAGE 3.2,SSP2021-SSP2-SPA2-19-Renewables,6004.262283195009,0.02824517083051528,19.21155831022787,R10INDIA+
114,IMAGE 3.2,SSP2021-SSP2-SPA2-26-Default,13597.798648831002,0.06396658367675566,43.50824286339225,R10INDIA+
115,IMAGE 3.2,SSP2021-SSP2-SPA2-26-Lifestyle,5584.921201548312,0.02627251208765614,17.869812186898514,R10INDIA+
116,IMAGE 3.2,SSP2021-SSP2-SPA2-26-Lifestyle-Renewables,4335.811043946779,0.020396464686073753,13.873092607238478,R10INDIA+
117,IMAGE 3.2,SSP2021-SSP2-SPA2-26-Renewables,10541.336161193043,0.04958841346556737,33.72862223145763,R10INDIA+
118,IMAGE 3.3,NAVIGATE Demand-1.5°C-ele_u,867.0531385135121,0.004182835077114433,2.774269534367276,R10INDIA+
119,IMAGE 3.3,NAVIGATE Demand-1.5°C-tec_u,1203.2846866472087,0.005804882274795154,3.850093955093852,R10INDIA+
120,IMAGE 3.3,NAVIGATE Demand-2.0°C-ele_u,972.4795257484749,0.004691432729313554,3.1115974341610517,R10INDIA+
121,IMAGE 3.3,NAVIGATE Demand-2.0°C-ref,632.5429914811723,0.0030515119489520318,2.0239183419049565,R10INDIA+
122,IMAGE 3.3,NAVIGATE Demand-2.0°C-tec_u,430.12195287185614,0.0020749929986918826,1.3762411747458914,R10INDIA+
123,MESSAGEix-GLOBIOM 2.0-M-R12-NGFS,NGFS Phase 5-Below 2°C,4783.915958560089,0.012650920921087144,11.586501775449673,R10INDIA+
124,MESSAGEix-GLOBIOM 2.0-M-R12-NGFS,NGFS Phase 5-Delayed Transition,4549.834079578804,0.012022346309823727,11.019562445847907,R10INDIA+
125,MESSAGEix-GLOBIOM 2.0-M-R12-NGFS,NGFS Phase 5-Low Demand,5026.620555402906,0.013205957536610132,12.174325070546919,R10INDIA+
126,MESSAGEix-GLOBIOM 2.0-M-R12-NGFS,NGFS Phase 5-Nationally Determined Contributions (NDCs),4145.611773909352,0.010919995987368985,10.04054807709943,R10INDIA+
127,MESSAGEix-GLOBIOM 2.0-M-R12-NGFS,NGFS Phase 5-Net-Zero 2050,5207.173080027619,0.013899748639169308,12.611617900364068,R10INDIA+
128,POLES-JRC ENGAGE,ENGAGE-INDCi2030-1000,3158.8572787106577,0.01188200971155423,6.150674783913561,R10INDIA+
129,POLES-JRC ENGAGE,ENGAGE-INDCi2030-1000-COV,2691.249483591372,0.01195333507552019,5.240186205152719,R10INDIA+
130,POLES-JRC ENGAGE,ENGAGE-INDCi2030-1000-COV-NDCp,2668.0114241302554,0.011850121934955863,5.194938910405387,R10INDIA+
131,POLES-JRC ENGAGE,ENGAGE-INDCi2030-1000-NDCp,3369.893976813609,0.012675822117468654,6.561588599567813,R10INDIA+
132,POLES-JRC ENGAGE,ENGAGE-INDCi2030-1000f,2712.2450275481283,0.010202082244942545,5.281067052685684,R10INDIA+
133,POLES-JRC ENGAGE,ENGAGE-INDCi2030-1000f-COV,2425.1501622260153,0.01077144005945352,4.722058844043687,R10INDIA+
134,POLES-JRC ENGAGE,ENGAGE-INDCi2030-1000f-COV-NDCp,2421.1940196216647,0.01075386863084957,4.714355758905229,R10INDIA+
135,POLES-JRC ENGAGE,ENGAGE-INDCi2030-1000f-NDCp,3314.4521714509074,0.012467278327223531,6.453636740989954,R10INDIA+
136,POLES-JRC ENGAGE,ENGAGE-INDCi2030-1200,2725.54761231547,0.01025211978302937,5.3069687840620245,R10INDIA+
137,POLES-JRC ENGAGE,ENGAGE-INDCi2030-1200f,2534.1929727256834,0.009532341241187542,4.934378301914581,R10INDIA+
138,POLES-JRC ENGAGE,ENGAGE-INDCi2030-300f,3531.2591259539668,0.01328279549423822,6.875785939380885,R10INDIA+
139,POLES-JRC ENGAGE,ENGAGE-INDCi2030-400f,3518.5802858532006,0.013235104165407423,6.851098713838082,R10INDIA+
140,POLES-JRC ENGAGE,ENGAGE-INDCi2030-500f,3395.003044372851,0.012770269621190242,6.610478971958188,R10INDIA+
141,POLES-JRC ENGAGE,ENGAGE-INDCi2030-600f,3351.725944763476,0.01260748324862694,6.526213257554989,R10INDIA+
142,POLES-JRC ENGAGE,ENGAGE-INDCi2030-600f-COV,3065.7550627053324,0.013616722547434188,5.969393579419206,R10INDIA+
143,POLES-JRC ENGAGE,ENGAGE-INDCi2030-600f-COV-NDCp,3205.9021213710844,0.014239193545494461,6.24227674688125,R10INDIA+
144,POLES-JRC ENGAGE,ENGAGE-INDCi2030-600f-NDCp,3380.897104865366,0.01271721027237188,6.583013012347784,R10INDIA+
145,POLES-JRC ENGAGE,ENGAGE-INDCi2030-700f,3132.9474757373873,0.011784550249669798,6.100225283431884,R10INDIA+
146,POLES-JRC ENGAGE,ENGAGE-INDCi2030-800f,3019.86226010924,0.011359181354600473,5.8800347769201835,R10INDIA+
147,POLES-JRC ENGAGE,ENGAGE-INDCi2030-900,3647.459006226116,0.013719880168870519,7.10204107230522,R10INDIA+
148,POLES-JRC ENGAGE,ENGAGE-INDCi2030-900f,2810.1167546570837,0.010570225756785491,5.47163506854515,R10INDIA+
149,POLES-JRC ENGAGE,ENGAGE-NPi2020-1000f,2654.784503456222,0.009985945064610771,5.169184506112766,R10INDIA+
150,POLES-JRC ENGAGE,ENGAGE-NPi2020-1000f-COV,2370.004023049144,0.010526505398538041,4.614682683065685,R10INDIA+
151,POLES-JRC ENGAGE,ENGAGE-NPi2020-1200f,2159.240351937367,0.008121960749607388,4.204300483778295,R10INDIA+
152,POLES-JRC ENGAGE,ENGAGE-NPi2020-900f,2955.864305427661,0.01111845369521204,5.75542306725703,R10INDIA+
153,REMIND-MAgPIE 2.1-4.2,NGFS Phase 2-Delayed Transition,1797.7035,0.010361083912830495,5.794241804130706,R10INDIA+
154,REMIND-MAgPIE 3.2.0-4.8.0,RESCUE-End-of-Century-Budget-1150,267.7915251,0.0018345376960745348,0.8515061295754802,R10INDIA+
155,REMIND-MAgPIE 3.2.0-4.8.0,RESCUE-End-of-Century-Budget-1150-with-OAE,266.5447432,0.0018252758400355527,0.8475416933234469,R10INDIA+
156,REMIND-MAgPIE 3.2.0-4.8.0,RESCUE-End-of-Century-Budget-500,691.5431834000001,0.00476395576076797,2.1989241792149627,R10INDIA+
157,REMIND-MAgPIE 3.2.0-4.8.0,RESCUE-End-of-Century-Budget-500-with-OAE,638.2182428000001,0.004384354384394431,2.0293649903526845,R10INDIA+
158,REMIND-MAgPIE 3.2.0-4.8.0,RESCUE-Peak-Budget-1150,884.4714410999999,0.006074538394528069,2.8123849447807197,R10INDIA+
159,REMIND-MAgPIE 3.2.0-4.8.0,RESCUE-Peak-Budget-1150-with-OAE,913.9133756000001,0.006281762107978326,2.906002499271842,R10INDIA+
160,REMIND-MAgPIE 3.3-4.8,NGFS Phase 5-Below 2°C,905.6963231999998,0.0047528260735522744,2.8798744487929095,R10INDIA+
161,REMIND-MAgPIE 3.3-4.8,NGFS Phase 5-Delayed Transition,1176.8619208999999,0.006277323636853692,3.7421092356679804,R10INDIA+
162,REMIND-MAgPIE 3.3-4.8,NGFS Phase 5-Low Demand,2813.0534843,0.014880666433056302,8.944765088479313,R10INDIA+
163,REMIND-MAgPIE 3.3-4.8,NGFS Phase 5-Net-Zero 2050,3199.8267571000006,0.017328644438648698,10.174601665354501,R10INDIA+
164,WITCH 5.0,ENGAGE-INDCi2030-1000,1930.8478739054735,0.009746205704004633,6.12216156966299,R10INDIA+
165,WITCH 5.0,ENGAGE-INDCi2030-1000-NDCp,1927.811190694399,0.009729475271948288,6.11253312326629,R10INDIA+
166,WITCH 5.0,ENGAGE-INDCi2030-1000f,1916.837430396264,0.009643483432527083,6.077738495227548,R10INDIA+
167,WITCH 5.0,ENGAGE-INDCi2030-1000f-NDCp,1910.3213314927716,0.009605443726132487,6.057077825461579,R10INDIA+
168,WITCH 5.0,ENGAGE-INDCi2030-1200,1894.985502230579,0.009523014036577829,6.008452335169585,R10INDIA+
169,WITCH 5.0,ENGAGE-INDCi2030-1200-NDCp,1892.030032903052,0.00950690415551383,5.999081394567876,R10INDIA+
170,WITCH 5.0,ENGAGE-INDCi2030-1200f,1888.1497742433473,0.00947092149793517,5.986778213790228,R10INDIA+
171,WITCH 5.0,ENGAGE-INDCi2030-1200f-NDCp,1882.8571887613616,0.009441379643132101,5.969996952107281,R10INDIA+
172,WITCH 5.0,ENGAGE-INDCi2030-1400,1853.0388247361655,0.009278644347125527,5.875451522209672,R10INDIA+
173,WITCH 5.0,ENGAGE-INDCi2030-1400-NDCp,1849.7689251215163,0.009261984994300474,5.865083613878826,R10INDIA+
174,WITCH 5.0,ENGAGE-INDCi2030-1400f,1855.1501084618062,0.009284119641983717,5.8821457938104835,R10INDIA+
175,WITCH 5.0,ENGAGE-INDCi2030-1400f-NDCp,1846.4983766673151,0.009240446712718085,5.854713648264948,R10INDIA+
176,WITCH 5.0,ENGAGE-INDCi2030-1600-NDCp,1796.419250384485,0.008976272357253463,5.6959271863616046,R10INDIA+
177,WITCH 5.0,ENGAGE-INDCi2030-500f,2008.6684246928048,0.010299661203357064,6.368908085428908,R10INDIA+
178,WITCH 5.0,ENGAGE-INDCi2030-600f,1969.5976110202423,0.010038956728464868,6.245025806977935,R10INDIA+
179,WITCH 5.0,ENGAGE-INDCi2030-600f-NDCp,1980.1668493444372,0.010065689001742055,6.2785378125395725,R10INDIA+
180,WITCH 5.0,ENGAGE-INDCi2030-700f,1971.2902366343467,0.009992513669172101,6.250392634487519,R10INDIA+
181,WITCH 5.0,ENGAGE-INDCi2030-700f-NDCp,1936.0806324221403,0.009801511981095239,6.138753137298645,R10INDIA+
182,WITCH 5.0,ENGAGE-INDCi2030-800,2372.852885273019,0.012173132535620433,7.523631944809342,R10INDIA+
183,WITCH 5.0,ENGAGE-INDCi2030-800-NDCp,2193.3727881784803,0.011224393822279365,6.954552335896889,R10INDIA+
184,WITCH 5.0,ENGAGE-INDCi2030-800f,1936.9913773415062,0.009785079001042718,6.14164084669329,R10INDIA+
185,WITCH 5.0,ENGAGE-INDCi2030-800f-NDCp,1935.4039815663718,0.009769948805727527,6.136607672644878,R10INDIA+
186,WITCH 5.0,ENGAGE-INDCi2030-900,1961.3382059128635,0.009957206426189991,6.218837616173242,R10INDIA+
187,WITCH 5.0,ENGAGE-INDCi2030-900-NDCp,1935.8075675088262,0.009807613207374694,6.1378873272361805,R10INDIA+
188,WITCH 5.0,ENGAGE-INDCi2030-900f,1927.8720207893582,0.009717568612684923,6.112725997948273,R10INDIA+
189,WITCH 5.0,ENGAGE-INDCi2030-900f-NDCp,1923.4168127599019,0.009688883390274535,6.098599818588724,R10INDIA+
190,IMAGE 3.0,ENGAGE-INDCi2030-1000,537.739200289358,0.0029544069561553534,0.18070658155807454,R10AFRICA
191,IMAGE 3.0,ENGAGE-INDCi2030-1000f,787.5395716739681,0.004326841687474472,0.2646516820092973,R10AFRICA
192,IMAGE 3.0,ENGAGE-INDCi2030-1200,692.6366274253301,0.003805432947890439,0.23275966702184667,R10AFRICA
193,IMAGE 3.0,ENGAGE-INDCi2030-1200f,-227.9326834789199,-0.001252290897228465,-0.07659649144914564,R10AFRICA
194,IMAGE 3.0,ENGAGE-INDCi2030-1400f,-102.16368885370048,-0.0005613001857656037,-0.034331979074950725,R10AFRICA
195,IMAGE 3.0,ENGAGE-INDCi2030-800f,220.85902273088868,0.0012134273133420363,0.0742193966563717,R10AFRICA
196,IMAGE 3.0,ENGAGE-NPi2020-1000,915.6468037655295,0.005030678970345902,0.30770195614158297,R10AFRICA
197,IMAGE 3.0,ENGAGE-NPi2020-1200,1195.1201741175814,0.006566140898700735,0.40161863055486263,R10AFRICA
198,IMAGE 3.0,ENGAGE-NPi2020-1400,386.4544629680486,0.002123229537693571,0.1298675359602561,R10AFRICA
199,IMAGE 3.0,ENGAGE-NPi2020-1400f,913.6839629946207,0.0050198948757062,0.30704234597058766,R10AFRICA
200,IMAGE 3.2,SSP2021-SSP1-SPA1-19-Default,31147.069414072794,0.13315553210349215,10.46682932268888,R10AFRICA
201,IMAGE 3.2,SSP2021-SSP1-SPA1-19-Lifestyle-Renewables,28260.87484726053,0.15376592604195755,9.496936922177941,R10AFRICA
202,IMAGE 3.2,SSP2021-SSP1-SPA1-19-Renewables,31812.624534322786,0.1360008189265616,10.690486057641635,R10AFRICA
203,IMAGE 3.2,SSP2021-SSP1-SPA1-26-Default,17926.02603117793,0.07663480319609405,6.023958543516888,R10AFRICA
204,IMAGE 3.2,SSP2021-SSP1-SPA1-26-Lifestyle,14780.659552096778,0.06318817868016746,4.9669726147227475,R10AFRICA
205,IMAGE 3.2,SSP2021-SSP1-SPA1-26-Lifestyle-Renewables,15113.433388830399,0.08223139210186968,5.07879973097059,R10AFRICA
206,IMAGE 3.2,SSP2021-SSP1-SPA1-26-Renewables,18997.15895803098,0.08121395871575418,6.383907833712953,R10AFRICA
207,IMAGE 3.2,SSP2021-SSP2-SPA0-26-Default,33060.516177805905,0.2334114648669482,11.109944857696767,R10AFRICA
208,IMAGE 3.2,SSP2021-SSP2-SPA2-19-Renewables,32247.23165459177,0.17545548269318653,10.836641617120236,R10AFRICA
209,IMAGE 3.2,SSP2021-SSP2-SPA2-26-Default,19367.717458293766,0.10537872682247171,6.508497079230267,R10AFRICA
210,IMAGE 3.2,SSP2021-SSP2-SPA2-26-Lifestyle,14530.492071690865,0.07905963921231722,4.882953575300144,R10AFRICA
211,IMAGE 3.2,SSP2021-SSP2-SPA2-26-Lifestyle-Renewables,13558.161175105655,0.07376923820595473,4.556203001098629,R10AFRICA
212,IMAGE 3.2,SSP2021-SSP2-SPA2-26-Renewables,17871.58264220258,0.09723833638080158,6.005722857041564,R10AFRICA
213,IMAGE 3.3,NAVIGATE Demand-1.5°C-ele_u,23683.91231408185,0.1692488821195836,7.958948928952792,R10AFRICA
214,IMAGE 3.3,NAVIGATE Demand-1.5°C-tec_u,24966.188610523677,0.178412225863775,8.389856264736133,R10AFRICA
215,IMAGE 3.3,NAVIGATE Demand-2.0°C-ele_u,13743.359151030989,0.09821215946222431,4.618438547852396,R10AFRICA
216,IMAGE 3.3,NAVIGATE Demand-2.0°C-ref,11457.33116445353,0.08187585167272654,3.850221719735326,R10AFRICA
217,IMAGE 3.3,NAVIGATE Demand-2.0°C-tec_u,11732.518289509717,0.08384238121699315,3.942698006810806,R10AFRICA
218,MESSAGEix-GLOBIOM 2.0-M-R12-NGFS,NGFS Phase 5-Below 2°C,8724.990569985039,0.0904734586954702,3.6923360984982767,R10AFRICA
219,MESSAGEix-GLOBIOM 2.0-M-R12-NGFS,NGFS Phase 5-Delayed Transition,7132.264806541828,0.0738968307703119,3.0183091429161713,R10AFRICA
220,MESSAGEix-GLOBIOM 2.0-M-R12-NGFS,NGFS Phase 5-Low Demand,9367.018065528071,0.09599311311729661,3.96403625439037,R10AFRICA
221,MESSAGEix-GLOBIOM 2.0-M-R12-NGFS,NGFS Phase 5-Nationally Determined Contributions (NDCs),8607.588909696575,0.08922591851070182,3.6426527911262356,R10AFRICA
222,MESSAGEix-GLOBIOM 2.0-M-R12-NGFS,NGFS Phase 5-Net-Zero 2050,10117.72258037913,0.10746806622816207,4.2817275294991015,R10AFRICA
223,POLES-JRC ENGAGE,ENGAGE-INDCi2030-1000,16736.468591871635,0.10624750251097351,7.906013355679184,R10AFRICA
224,POLES-JRC ENGAGE,ENGAGE-INDCi2030-1000-COV,17168.86701661624,0.13591682606861383,8.110270765313722,R10AFRICA
225,POLES-JRC ENGAGE,ENGAGE-INDCi2030-1000-COV-NDCp,17194.011600967064,0.1361158824241946,8.122148624648823,R10AFRICA
226,POLES-JRC ENGAGE,ENGAGE-INDCi2030-1000-NDCp,16448.644074793472,0.10442031680969396,7.770050116862064,R10AFRICA
227,POLES-JRC ENGAGE,ENGAGE-INDCi2030-1000f,17452.908952954193,0.11079565426982488,8.244447179527617,R10AFRICA
228,POLES-JRC ENGAGE,ENGAGE-INDCi2030-1000f-COV,18329.10715049781,0.14510183264604182,8.65834779505927,R10AFRICA
229,POLES-JRC ENGAGE,ENGAGE-INDCi2030-1000f-COV-NDCp,18634.84536754669,0.14752220016528134,8.802773150627049,R10AFRICA
230,POLES-JRC ENGAGE,ENGAGE-INDCi2030-1000f-NDCp,18357.716802712097,0.11653961236716152,8.671862491499914,R10AFRICA
231,POLES-JRC ENGAGE,ENGAGE-INDCi2030-1200,17812.40615520157,0.11307783701876013,8.414267334042018,R10AFRICA
232,POLES-JRC ENGAGE,ENGAGE-INDCi2030-1200f,18783.66904738821,0.11924366919595752,8.873074839063271,R10AFRICA
233,POLES-JRC ENGAGE,ENGAGE-INDCi2030-300f,17272.67691272773,0.1096514938968404,8.159308734142325,R10AFRICA
234,POLES-JRC ENGAGE,ENGAGE-INDCi2030-400f,17086.170423450847,0.10846750167177911,8.071206349397912,R10AFRICA
235,POLES-JRC ENGAGE,ENGAGE-INDCi2030-500f,16918.926401558296,0.10740579265362912,7.9922032154045075,R10AFRICA
236,POLES-JRC ENGAGE,ENGAGE-INDCi2030-600f,16780.97682804145,0.10653005249505486,7.92703826351232,R10AFRICA
237,POLES-JRC ENGAGE,ENGAGE-INDCi2030-600f-COV,17047.703809085266,0.13495764113299957,8.053035397428404,R10AFRICA
238,POLES-JRC ENGAGE,ENGAGE-INDCi2030-600f-COV-NDCp,16862.582656498565,0.13349213502398277,7.965587421367315,R10AFRICA
239,POLES-JRC ENGAGE,ENGAGE-INDCi2030-600f-NDCp,16130.63711487831,0.10240152502655145,7.619829222980707,R10AFRICA
240,POLES-JRC ENGAGE,ENGAGE-INDCi2030-700f,16787.643172207252,0.10657237220035033,7.930187327230217,R10AFRICA
241,POLES-JRC ENGAGE,ENGAGE-INDCi2030-800f,16813.33830231704,0.10673549164134073,7.942325254697338,R10AFRICA
242,POLES-JRC ENGAGE,ENGAGE-INDCi2030-900,17383.978628816978,0.11035806645094606,8.21188570694165,R10AFRICA
243,POLES-JRC ENGAGE,ENGAGE-INDCi2030-900f,17124.010188224693,0.10870771844634865,8.089081188647038,R10AFRICA
244,POLES-JRC ENGAGE,ENGAGE-NPi2020-1000f,21961.60382328829,0.13941803460815314,10.37427532492596,R10AFRICA
245,POLES-JRC ENGAGE,ENGAGE-NPi2020-1000f-COV,22197.76327140665,0.17572793398376865,10.485832893994047,R10AFRICA
246,POLES-JRC ENGAGE,ENGAGE-NPi2020-1200f,22111.586491337308,0.1403701640142263,10.445124499003928,R10AFRICA
247,POLES-JRC ENGAGE,ENGAGE-NPi2020-900f,21737.89148230735,0.13799784985534025,10.268597550315578,R10AFRICA
248,REMIND-MAgPIE 2.1-4.2,NGFS Phase 2-Delayed Transition,1986.6131000000005,0.022011101945025025,0.9034375923878907,R10AFRICA
249,REMIND-MAgPIE 3.2.0-4.8.0,RESCUE-End-of-Century-Budget-1150,243.4331413,0.0020570272791916424,0.1100037209544872,R10AFRICA
250,REMIND-MAgPIE 3.2.0-4.8.0,RESCUE-End-of-Century-Budget-1150-with-OAE,233.06326510000002,0.0019687764210177933,0.10531773217849068,R10AFRICA
251,REMIND-MAgPIE 3.2.0-4.8.0,RESCUE-End-of-Century-Budget-500,666.7426644999999,0.005676362448948379,0.30129083337803225,R10AFRICA
252,REMIND-MAgPIE 3.2.0-4.8.0,RESCUE-End-of-Century-Budget-500-with-OAE,608.7572784,0.005173993394702001,0.2750881224491954,R10AFRICA
253,REMIND-MAgPIE 3.2.0-4.8.0,RESCUE-Peak-Budget-1150,885.3685433,0.0075179359318101584,0.4000845310500622,R10AFRICA
254,REMIND-MAgPIE 3.2.0-4.8.0,RESCUE-Peak-Budget-1150-with-OAE,900.1833814000001,0.007643128906347933,0.40677913026377377,R10AFRICA
255,REMIND-MAgPIE 3.3-4.8,NGFS Phase 5-Below 2°C,1250.4092331999998,0.012527331510954757,0.5650408470814368,R10AFRICA
256,REMIND-MAgPIE 3.3-4.8,NGFS Phase 5-Delayed Transition,775.3469684000002,0.0077662236829176895,0.3503674606477307,R10AFRICA
257,REMIND-MAgPIE 3.3-4.8,NGFS Phase 5-Low Demand,1540.4041019000001,0.015574175870813691,0.6960851019612385,R10AFRICA
258,REMIND-MAgPIE 3.3-4.8,NGFS Phase 5-Net-Zero 2050,2146.6653036000002,0.02215094864371625,0.9700452854481322,R10AFRICA
259,WITCH 5.0,ENGAGE-INDCi2030-1000,3726.047542990894,0.02414362041632648,1.5804104772245662,R10AFRICA
260,WITCH 5.0,ENGAGE-INDCi2030-1000-NDCp,3725.289165010851,0.024217532884521418,1.5800888096957633,R10AFRICA
261,WITCH 5.0,ENGAGE-INDCi2030-1000f,3719.09575679687,0.023958438257658032,1.577461863281857,R10AFRICA
262,WITCH 5.0,ENGAGE-INDCi2030-1000f-NDCp,3714.144979728637,0.023994356469127353,1.5753619813402653,R10AFRICA
263,WITCH 5.0,ENGAGE-INDCi2030-1200,3701.218425753538,0.023738258765346864,1.5698791577581872,R10AFRICA
264,WITCH 5.0,ENGAGE-INDCi2030-1200-NDCp,3698.294288498852,0.02380987816107049,1.5686388791249093,R10AFRICA
265,WITCH 5.0,ENGAGE-INDCi2030-1200f,3693.391979368618,0.02363284164609537,1.5665595549556326,R10AFRICA
266,WITCH 5.0,ENGAGE-INDCi2030-1200f-NDCp,3688.1968110878515,0.023681067157433296,1.5643560139951012,R10AFRICA
267,WITCH 5.0,ENGAGE-INDCi2030-1400,3662.3133267182643,0.02330600030451324,1.5533774826122357,R10AFRICA
268,WITCH 5.0,ENGAGE-INDCi2030-1400-NDCp,3660.1340975560115,0.02338413568988886,1.552453158228137,R10AFRICA
269,WITCH 5.0,ENGAGE-INDCi2030-1400f,3655.0359177799396,0.023259358463329202,1.5502907551348015,R10AFRICA
270,WITCH 5.0,ENGAGE-INDCi2030-1400f-NDCp,3626.5210131098747,0.023156763978190487,1.5381961015970593,R10AFRICA
271,WITCH 5.0,ENGAGE-INDCi2030-1600-NDCp,3621.780987593932,0.023026467100717242,1.5361856103455993,R10AFRICA
272,WITCH 5.0,ENGAGE-INDCi2030-500f,4071.1978120166,0.027003500700344518,1.7268066504057726,R10AFRICA
273,WITCH 5.0,ENGAGE-INDCi2030-600f,4071.309819589194,0.026810901142357863,1.7268541586404942,R10AFRICA
274,WITCH 5.0,ENGAGE-INDCi2030-600f-NDCp,3941.8390894856843,0.025986430236014393,1.6719388909235249,R10AFRICA
275,WITCH 5.0,ENGAGE-INDCi2030-700f,3794.3072677775945,0.0247981118387986,1.6093629752752951,R10AFRICA
276,WITCH 5.0,ENGAGE-INDCi2030-700f-NDCp,3731.0843848077056,0.024429633362174803,1.5825468637004678,R10AFRICA
277,WITCH 5.0,ENGAGE-INDCi2030-800,5277.989478616602,0.03505160421553185,2.2386697363477763,R10AFRICA
278,WITCH 5.0,ENGAGE-INDCi2030-800-NDCp,4804.865721866324,0.03193937398712474,2.0379933537829458,R10AFRICA
279,WITCH 5.0,ENGAGE-INDCi2030-800f,3730.357594666728,0.024241588053824842,1.582238594216439,R10AFRICA
280,WITCH 5.0,ENGAGE-INDCi2030-800f-NDCp,3729.0126069313756,0.02430247414818228,1.5816681149930356,R10AFRICA
281,WITCH 5.0,ENGAGE-INDCi2030-900,3805.5365767424187,0.02487546636501686,1.6141259090101003,R10AFRICA
282,WITCH 5.0,ENGAGE-INDCi2030-900-NDCp,3731.0555126864188,0.02443343827987732,1.5825346175327915,R10AFRICA
283,WITCH 5.0,ENGAGE-INDCi2030-900f,3725.427821196889,0.02409218278960872,1.5801476209928866,R10AFRICA
284,WITCH 5.0,ENGAGE-INDCi2030-900f-NDCp,3723.882531445814,0.024146728703020943,1.579492183271073,R10AFRICA
285,IMAGE 3.0,ENGAGE-INDCi2030-1000,29021.021795851604,0.03191264832691779,26.679517917397348,R10CHINA+
286,IMAGE 3.0,ENGAGE-INDCi2030-1000f,12931.69414613553,0.014220195638179618,11.888325921158392,R10CHINA+
287,IMAGE 3.0,ENGAGE-INDCi2030-1200,13591.585129921796,0.014945837521081383,12.494974903034393,R10CHINA+
288,IMAGE 3.0,ENGAGE-INDCi2030-1200f,10921.516709035097,0.01200972606628946,10.040335684028454,R10CHINA+
289,IMAGE 3.0,ENGAGE-INDCi2030-1400f,11353.769524117175,0.012485048133619508,10.437713033659756,R10CHINA+
290,IMAGE 3.0,ENGAGE-INDCi2030-800f,28818.574342119136,0.0316900292047831,26.493404536993943,R10CHINA+
291,IMAGE 3.0,ENGAGE-NPi2020-1000,23346.18629942443,0.0256723777125841,21.462545325245085,R10CHINA+
292,IMAGE 3.0,ENGAGE-NPi2020-1200,17272.861479928357,0.018993912684608254,15.879234734744744,R10CHINA+
293,IMAGE 3.0,ENGAGE-NPi2020-1400,14032.932779148752,0.015431160623030364,12.900713288063791,R10CHINA+
294,IMAGE 3.0,ENGAGE-NPi2020-1400f,15833.243109878222,0.017410852133137675,14.555769132184285,R10CHINA+
295,IMAGE 3.2,SSP2021-SSP1-SPA1-19-Default,40914.3489986061,0.04773496717081916,37.614313615059295,R10CHINA+
296,IMAGE 3.2,SSP2021-SSP1-SPA1-19-Lifestyle-Renewables,36722.996231241275,0.05143401432065425,33.761023477939474,R10CHINA+
297,IMAGE 3.2,SSP2021-SSP1-SPA1-19-Renewables,27247.26913075959,0.03178951955206704,25.049581658337807,R10CHINA+
298,IMAGE 3.2,SSP2021-SSP1-SPA1-26-Default,20580.675461752726,0.02401157275051644,18.920696532517134,R10CHINA+
299,IMAGE 3.2,SSP2021-SSP1-SPA1-26-Lifestyle,5183.680728979758,0.006047825163496717,4.765579738952379,R10CHINA+
300,IMAGE 3.2,SSP2021-SSP1-SPA1-26-Lifestyle-Renewables,4066.008821320147,0.0056948282386003485,3.738056078368596,R10CHINA+
301,IMAGE 3.2,SSP2021-SSP1-SPA1-26-Renewables,11825.259470638774,0.013796586929357993,10.871467570538899,R10CHINA+
302,IMAGE 3.2,SSP2021-SSP2-SPA0-26-Default,21174.997204969764,0.02985514617201526,19.466534338621546,R10CHINA+
303,IMAGE 3.2,SSP2021-SSP2-SPA2-19-Renewables,18974.802409009055,0.02657599757631673,17.443857918283065,R10CHINA+
304,IMAGE 3.2,SSP2021-SSP2-SPA2-26-Default,12665.348451028243,0.017739013165055238,11.643469802899583,R10CHINA+
305,IMAGE 3.2,SSP2021-SSP2-SPA2-26-Lifestyle,13815.669779402579,0.019350146507890312,12.70097972474232,R10CHINA+
306,IMAGE 3.2,SSP2021-SSP2-SPA2-26-Lifestyle-Renewables,5411.531661544308,0.007579359680345336,4.974912907627957,R10CHINA+
307,IMAGE 3.2,SSP2021-SSP2-SPA2-26-Renewables,31708.163276058818,0.04441026853454346,29.149852689621596,R10CHINA+
308,IMAGE 3.3,NAVIGATE Demand-1.5°C-ele_u,6278.4567567822505,0.00889189982525226,5.771891862199028,R10CHINA+
309,IMAGE 3.3,NAVIGATE Demand-1.5°C-tec_u,6165.246063653947,0.00873156454200661,5.667815350455073,R10CHINA+
310,IMAGE 3.3,NAVIGATE Demand-2.0°C-ele_u,1911.9500070096983,0.0027078099908636865,1.7576880934107846,R10CHINA+
311,IMAGE 3.3,NAVIGATE Demand-2.0°C-ref,2341.332566166981,0.0033159254642421755,2.1524267680529086,R10CHINA+
312,IMAGE 3.3,NAVIGATE Demand-2.0°C-tec_u,2694.5056391282246,0.003816108822573905,2.477104768513894,R10CHINA+
313,MESSAGEix-GLOBIOM 2.0-M-R12-NGFS,NGFS Phase 5-Below 2°C,20038.788025213034,0.017807673257073865,17.072316046777768,R10CHINA+
314,MESSAGEix-GLOBIOM 2.0-M-R12-NGFS,NGFS Phase 5-Delayed Transition,18573.516403786904,0.01649012812235141,15.823958102979644,R10CHINA+
315,MESSAGEix-GLOBIOM 2.0-M-R12-NGFS,NGFS Phase 5-Low Demand,20090.168630852415,0.01779120783955956,17.11609044755723,R10CHINA+
316,MESSAGEix-GLOBIOM 2.0-M-R12-NGFS,NGFS Phase 5-Nationally Determined Contributions (NDCs),18088.618419323917,0.016037878497719676,15.410842717419312,R10CHINA+
317,MESSAGEix-GLOBIOM 2.0-M-R12-NGFS,NGFS Phase 5-Net-Zero 2050,20551.71790860828,0.01833548981546509,17.509313587155084,R10CHINA+
318,POLES-JRC ENGAGE,ENGAGE-INDCi2030-1000,20605.123151417178,0.02685516423243284,21.544349763121073,R10CHINA+
319,POLES-JRC ENGAGE,ENGAGE-INDCi2030-1000-COV,20323.99288332025,0.026667865929927207,21.25040496209407,R10CHINA+
320,POLES-JRC ENGAGE,ENGAGE-INDCi2030-1000-COV-NDCp,20308.812800997333,0.026647947580097187,21.234532938394207,R10CHINA+
321,POLES-JRC ENGAGE,ENGAGE-INDCi2030-1000-NDCp,20505.21075307711,0.026724945944167276,21.439883138986257,R10CHINA+
322,POLES-JRC ENGAGE,ENGAGE-INDCi2030-1000f,20165.496320362487,0.0262821877613776,21.08468377889504,R10CHINA+
323,POLES-JRC ENGAGE,ENGAGE-INDCi2030-1000f-COV,19781.72552167932,0.025956336783984443,20.6834198672482,R10CHINA+
324,POLES-JRC ENGAGE,ENGAGE-INDCi2030-1000f-COV-NDCp,19927.203773134785,0.026147224201029277,20.83552933581346,R10CHINA+
325,POLES-JRC ENGAGE,ENGAGE-INDCi2030-1000f-NDCp,20126.6074567972,0.026231502948179254,21.044022275812335,R10CHINA+
326,POLES-JRC ENGAGE,ENGAGE-INDCi2030-1200,19928.137545223635,0.02597283222676025,20.83650567127787,R10CHINA+
327,POLES-JRC ENGAGE,ENGAGE-INDCi2030-1200f,19715.668605442443,0.02569591622726901,20.61435193219038,R10CHINA+
328,POLES-JRC ENGAGE,ENGAGE-INDCi2030-300f,20938.452494736113,0.027289600571033582,21.89287298746689,R10CHINA+
329,POLES-JRC ENGAGE,ENGAGE-INDCi2030-400f,20974.863288517394,0.027337055654880645,21.93094346492108,R10CHINA+
330,POLES-JRC ENGAGE,ENGAGE-INDCi2030-500f,20926.132344837584,0.027273543416389958,21.879991258170858,R10CHINA+
331,POLES-JRC ENGAGE,ENGAGE-INDCi2030-600f,20824.205627556243,0.027140699816662436,21.773418498028683,R10CHINA+
332,POLES-JRC ENGAGE,ENGAGE-INDCi2030-600f-COV,20645.420335407653,0.02708962282817429,21.58648378095634,R10CHINA+
333,POLES-JRC ENGAGE,ENGAGE-INDCi2030-600f-COV-NDCp,20721.230549448566,0.027189096225737886,21.66574959047916,R10CHINA+
334,POLES-JRC ENGAGE,ENGAGE-INDCi2030-600f-NDCp,20890.02825605257,0.027226488068714583,21.842241465997954,R10CHINA+
335,POLES-JRC ENGAGE,ENGAGE-INDCi2030-700f,20645.889290447634,0.02690829574495718,21.586974111993445,R10CHINA+
336,POLES-JRC ENGAGE,ENGAGE-INDCi2030-800f,20477.680865879454,0.026689065564488856,21.41109837927543,R10CHINA+
337,POLES-JRC ENGAGE,ENGAGE-INDCi2030-900,20989.038473482527,0.027355530522391328,21.945764785842172,R10CHINA+
338,POLES-JRC ENGAGE,ENGAGE-INDCi2030-900f,20306.78142225305,0.026466328112638063,21.23240896496068,R10CHINA+
339,POLES-JRC ENGAGE,ENGAGE-NPi2020-1000f,19679.699183111396,0.025649036393698123,20.57674294486316,R10CHINA+
340,POLES-JRC ENGAGE,ENGAGE-NPi2020-1000f-COV,19344.046809013755,0.02538204228896287,20.22579080091132,R10CHINA+
341,POLES-JRC ENGAGE,ENGAGE-NPi2020-1200f,19112.181912584736,0.024909377164644343,19.98335699502004,R10CHINA+
342,POLES-JRC ENGAGE,ENGAGE-NPi2020-900f,20058.429213261454,0.026142644565058874,20.97273631871441,R10CHINA+
343,REMIND-MAgPIE 2.1-4.2,NGFS Phase 2-Delayed Transition,9710.528600000001,0.016785790057441633,10.52712505988264,R10CHINA+
344,REMIND-MAgPIE 3.2.0-4.8.0,RESCUE-End-of-Century-Budget-1150,2495.4624863000004,0.004389104223028428,2.6797352872482096,R10CHINA+
345,REMIND-MAgPIE 3.2.0-4.8.0,RESCUE-End-of-Century-Budget-1150-with-OAE,2477.8599819000005,0.004357118937554223,2.660832958544179,R10CHINA+
346,REMIND-MAgPIE 3.2.0-4.8.0,RESCUE-End-of-Century-Budget-500,3353.0165414,0.005915527741461355,3.6006138317225505,R10CHINA+
347,REMIND-MAgPIE 3.2.0-4.8.0,RESCUE-End-of-Century-Budget-500-with-OAE,3283.553179,0.005791660229043275,3.52602107610466,R10CHINA+
348,REMIND-MAgPIE 3.2.0-4.8.0,RESCUE-Peak-Budget-1150,5880.5650824,0.010384224383587342,6.3148045088955564,R10CHINA+
349,REMIND-MAgPIE 3.2.0-4.8.0,RESCUE-Peak-Budget-1150-with-OAE,5806.038565499999,0.010252611546304852,6.234774719520224,R10CHINA+
350,REMIND-MAgPIE 3.3-4.8,NGFS Phase 5-Below 2°C,7171.523965899999,0.009869006634070835,7.701091857831328,R10CHINA+
351,REMIND-MAgPIE 3.3-4.8,NGFS Phase 5-Delayed Transition,5909.295037700002,0.008166585138078839,6.345655974482052,R10CHINA+
352,REMIND-MAgPIE 3.3-4.8,NGFS Phase 5-Low Demand,10015.191450600001,0.013853220711886133,10.754744696047089,R10CHINA+
353,REMIND-MAgPIE 3.3-4.8,NGFS Phase 5-Net-Zero 2050,10562.9112131,0.014823999975815768,11.342909808988002,R10CHINA+
354,WITCH 5.0,ENGAGE-INDCi2030-1000,7362.529649399606,0.00887605276394923,10.315550390441219,R10CHINA+
355,WITCH 5.0,ENGAGE-INDCi2030-1000-NDCp,7345.444684996519,0.008858502181873354,10.291612855434714,R10CHINA+
356,WITCH 5.0,ENGAGE-INDCi2030-1000f,7330.78137616297,0.008822300948441514,10.27106827247668,R10CHINA+
357,WITCH 5.0,ENGAGE-INDCi2030-1000f-NDCp,7320.1253059107685,0.008810793033275682,10.256138182563951,R10CHINA+
358,WITCH 5.0,ENGAGE-INDCi2030-1200,7316.527514505209,0.008800108009936495,10.251097360957024,R10CHINA+
359,WITCH 5.0,ENGAGE-INDCi2030-1200-NDCp,7307.8679655209,0.00879382512963829,10.2389645726139,R10CHINA+
360,WITCH 5.0,ENGAGE-INDCi2030-1200f,7309.468926966879,0.008784642548789327,10.241207660147069,R10CHINA+
361,WITCH 5.0,ENGAGE-INDCi2030-1200f-NDCp,7299.076130136578,0.008775316558292091,10.226646439411024,R10CHINA+
362,WITCH 5.0,ENGAGE-INDCi2030-1400,7278.585006485258,0.008738670074875575,10.197936576273264,R10CHINA+
363,WITCH 5.0,ENGAGE-INDCi2030-1400-NDCp,7269.69835475645,0.008732279571575694,10.185485597047897,R10CHINA+
364,WITCH 5.0,ENGAGE-INDCi2030-1400f,7279.152536184647,0.008737791837964413,10.198731735205167,R10CHINA+
365,WITCH 5.0,ENGAGE-INDCi2030-1400f-NDCp,7265.755538859466,0.008725183110675954,10.17996136583901,R10CHINA+
366,WITCH 5.0,ENGAGE-INDCi2030-1600-NDCp,7220.830085401942,0.008664696641727015,10.117016861569027,R10CHINA+
367,WITCH 5.0,ENGAGE-INDCi2030-500f,8352.72925667379,0.010141271758199096,11.70290696920419,R10CHINA+
368,WITCH 5.0,ENGAGE-INDCi2030-600f,8009.543432874055,0.009693350413356243,11.22207350200315,R10CHINA+
369,WITCH 5.0,ENGAGE-INDCi2030-600f-NDCp,7823.939858329144,0.009463802021235436,10.962026600050073,R10CHINA+
370,WITCH 5.0,ENGAGE-INDCi2030-700f,7727.842461892309,0.009331826195862836,10.82738571131488,R10CHINA+
371,WITCH 5.0,ENGAGE-INDCi2030-700f-NDCp,7602.569151767371,0.009179197585336042,10.651866806168393,R10CHINA+
372,WITCH 5.0,ENGAGE-INDCi2030-800,9662.543211623448,0.011732873815845242,13.538071307793727,R10CHINA+
373,WITCH 5.0,ENGAGE-INDCi2030-800-NDCp,9654.35067562775,0.011716403572420207,13.52659284564641,R10CHINA+
374,WITCH 5.0,ENGAGE-INDCi2030-800f,7436.113878529492,0.008965779198196213,10.418648355363237,R10CHINA+
375,WITCH 5.0,ENGAGE-INDCi2030-800f-NDCp,7388.86819475664,0.008910173343055936,10.352453004729988,R10CHINA+
376,WITCH 5.0,ENGAGE-INDCi2030-900,8034.522144925235,0.009710925433375551,11.257070870451546,R10CHINA+
377,WITCH 5.0,ENGAGE-INDCi2030-900-NDCp,7594.701147976568,0.009175968470735627,10.640843042130603,R10CHINA+
378,WITCH 5.0,ENGAGE-INDCi2030-900f,7357.025399105546,0.008861262569284038,10.30783845256473,R10CHINA+
379,WITCH 5.0,ENGAGE-INDCi2030-900f-NDCp,7329.0155199903265,0.008829361377111756,10.268594152955455,R10CHINA+
380,IMAGE 3.0,ENGAGE-INDCi2030-1000,1561.8853897018896,0.012668263513573542,3.0253020385327978,R10MIDDLE_EAST
381,IMAGE 3.0,ENGAGE-INDCi2030-1000f,772.1111909043672,0.006262500496289633,1.4955447917102327,R10MIDDLE_EAST
382,IMAGE 3.0,ENGAGE-INDCi2030-1200,1178.8365275971273,0.009561400515998662,2.2833535504914386,R10MIDDLE_EAST
383,IMAGE 3.0,ENGAGE-INDCi2030-1200f,826.7787607371932,0.006705902544132021,1.601433425759399,R10MIDDLE_EAST
384,IMAGE 3.0,ENGAGE-INDCi2030-1400f,1027.2907382766803,0.00833223094559225,1.9898161447476557,R10MIDDLE_EAST
385,IMAGE 3.0,ENGAGE-INDCi2030-800f,1492.9568167309694,0.012109192193893123,2.891790480196317,R10MIDDLE_EAST
386,IMAGE 3.0,ENGAGE-NPi2020-1000,2308.84730592221,0.01872678128425899,4.472133811688072,R10MIDDLE_EAST
387,IMAGE 3.0,ENGAGE-NPi2020-1200,3130.4236329800274,0.02539048751795955,6.063490356442423,R10MIDDLE_EAST
388,IMAGE 3.0,ENGAGE-NPi2020-1400,2628.6512789905646,0.021320672635205654,5.091579782585619,R10MIDDLE_EAST
389,IMAGE 3.0,ENGAGE-NPi2020-1400f,2635.6787025450794,0.021377671217814254,5.105191587232287,R10MIDDLE_EAST
390,IMAGE 3.2,SSP2021-SSP1-SPA1-19-Default,7360.322481604076,0.0710691743389787,14.256588723288493,R10MIDDLE_EAST
391,IMAGE 3.2,SSP2021-SSP1-SPA1-19-Lifestyle-Renewables,3483.1208950352666,0.035096462539140234,6.7466367401864415,R10MIDDLE_EAST
392,IMAGE 3.2,SSP2021-SSP1-SPA1-19-Renewables,11264.904609341094,0.10877070557630657,21.819575490590807,R10MIDDLE_EAST
393,IMAGE 3.2,SSP2021-SSP1-SPA1-26-Default,1229.996786112932,0.011876498108217762,2.3824442956685634,R10MIDDLE_EAST
394,IMAGE 3.2,SSP2021-SSP1-SPA1-26-Lifestyle,53.11794413407923,0.0005128917165828162,0.1028868891599358,R10MIDDLE_EAST
395,IMAGE 3.2,SSP2021-SSP1-SPA1-26-Lifestyle-Renewables,30.744024093176456,0.00030978152134385434,0.0595496879777701,R10MIDDLE_EAST
396,IMAGE 3.2,SSP2021-SSP1-SPA1-26-Renewables,23.81793456368607,0.0002299791820442204,0.04613418748449556,R10MIDDLE_EAST
397,IMAGE 3.2,SSP2021-SSP2-SPA0-26-Default,2876.8306076991403,0.029924397451940418,5.572292025631224,R10MIDDLE_EAST
398,IMAGE 3.2,SSP2021-SSP2-SPA2-19-Renewables,2017.6070064844725,0.020329718908901725,3.9080143971642824,R10MIDDLE_EAST
399,IMAGE 3.2,SSP2021-SSP2-SPA2-26-Default,1681.5946863606114,0.016944007025422217,3.2571735840385037,R10MIDDLE_EAST
400,IMAGE 3.2,SSP2021-SSP2-SPA2-26-Lifestyle,380.43501397929333,0.003833321787863574,0.7368855813040692,R10MIDDLE_EAST
401,IMAGE 3.2,SSP2021-SSP2-SPA2-26-Lifestyle-Renewables,78.83521606576933,0.0007943557777052942,0.1527002822642877,R10MIDDLE_EAST
402,IMAGE 3.2,SSP2021-SSP2-SPA2-26-Renewables,5524.4241435595895,0.05566494843205777,10.700562111295875,R10MIDDLE_EAST
403,IMAGE 3.3,NAVIGATE Demand-1.5°C-ele_u,384.34684090496626,0.003978246990785294,0.7444626148371664,R10MIDDLE_EAST
404,IMAGE 3.3,NAVIGATE Demand-1.5°C-tec_u,496.0701556646888,0.005134658058707463,0.9608656711195112,R10MIDDLE_EAST
405,IMAGE 3.3,NAVIGATE Demand-2.0°C-ele_u,269.476247527619,0.002789259483155052,0.5219634208481055,R10MIDDLE_EAST
406,IMAGE 3.3,NAVIGATE Demand-2.0°C-ref,225.37463562248195,0.002332778289144735,0.4365405740253569,R10MIDDLE_EAST
407,IMAGE 3.3,NAVIGATE Demand-2.0°C-tec_u,245.44399258056717,0.002540509563161476,0.47541401948919226,R10MIDDLE_EAST
408,MESSAGEix-GLOBIOM 2.0-M-R12-NGFS,NGFS Phase 5-Below 2°C,542.6832344097021,0.0015805873901179475,0.47269958774453585,R10MIDDLE_EAST
409,MESSAGEix-GLOBIOM 2.0-M-R12-NGFS,NGFS Phase 5-Delayed Transition,707.9885779534886,0.0020600669647910684,0.6166873927669491,R10MIDDLE_EAST
410,MESSAGEix-GLOBIOM 2.0-M-R12-NGFS,NGFS Phase 5-Low Demand,1104.6680810991465,0.0032025610705381942,0.9622116797068655,R10MIDDLE_EAST
411,MESSAGEix-GLOBIOM 2.0-M-R12-NGFS,NGFS Phase 5-Nationally Determined Contributions (NDCs),945.2761683328179,0.002755788769280713,0.8233747179635904,R10MIDDLE_EAST
412,MESSAGEix-GLOBIOM 2.0-M-R12-NGFS,NGFS Phase 5-Net-Zero 2050,1184.6760133508094,0.003479108826058006,1.0319019044892688,R10MIDDLE_EAST
413,POLES-JRC ENGAGE,ENGAGE-INDCi2030-1000,724.460663211453,0.005508287152941409,1.2950210670751148,R10MIDDLE_EAST
414,POLES-JRC ENGAGE,ENGAGE-INDCi2030-1000-COV,551.4268875540376,0.004980557545425656,0.9857118165237184,R10MIDDLE_EAST
415,POLES-JRC ENGAGE,ENGAGE-INDCi2030-1000-COV-NDCp,540.2590384035836,0.004879688116299355,0.9657485519074676,R10MIDDLE_EAST
416,POLES-JRC ENGAGE,ENGAGE-INDCi2030-1000-NDCp,766.4529177695047,0.005827566594947011,1.3700849829896016,R10MIDDLE_EAST
417,POLES-JRC ENGAGE,ENGAGE-INDCi2030-1000f,515.3991421581388,0.003918731019572379,0.9213098528890283,R10MIDDLE_EAST
418,POLES-JRC ENGAGE,ENGAGE-INDCi2030-1000f-COV,424.85607997785814,0.0038373539677031545,0.7594581762483996,R10MIDDLE_EAST
419,POLES-JRC ENGAGE,ENGAGE-INDCi2030-1000f-COV-NDCp,402.554242831576,0.0036359209476912588,0.7195921760560828,R10MIDDLE_EAST
420,POLES-JRC ENGAGE,ENGAGE-INDCi2030-1000f-NDCp,560.2328707696081,0.004259615023176225,1.001453090494235,R10MIDDLE_EAST
421,POLES-JRC ENGAGE,ENGAGE-INDCi2030-1200,510.7884355903746,0.0038836744636503284,0.9130679117560376,R10MIDDLE_EAST
422,POLES-JRC ENGAGE,ENGAGE-INDCi2030-1200f,381.48926625858553,0.002900574911827719,0.6819371454591985,R10MIDDLE_EAST
423,POLES-JRC ENGAGE,ENGAGE-INDCi2030-300f,770.3018864513517,0.0058568314340458096,1.3769652675690411,R10MIDDLE_EAST
424,POLES-JRC ENGAGE,ENGAGE-INDCi2030-400f,786.6992392660261,0.005981505322412549,1.406276613812652,R10MIDDLE_EAST
425,POLES-JRC ENGAGE,ENGAGE-INDCi2030-500f,791.5483098150373,0.006018374229677192,1.4149446462339927,R10MIDDLE_EAST
426,POLES-JRC ENGAGE,ENGAGE-INDCi2030-600f,769.1018200636984,0.005847706976913127,1.3748200699995683,R10MIDDLE_EAST
427,POLES-JRC ENGAGE,ENGAGE-INDCi2030-600f-COV,684.4518928648115,0.006182056255199645,1.223502759597945,R10MIDDLE_EAST
428,POLES-JRC ENGAGE,ENGAGE-INDCi2030-600f-COV-NDCp,678.874082398522,0.006131676764043422,1.2135320566615337,R10MIDDLE_EAST
429,POLES-JRC ENGAGE,ENGAGE-INDCi2030-600f-NDCp,842.6196932941209,0.0064066849548637585,1.5062381020261963,R10MIDDLE_EAST
430,POLES-JRC ENGAGE,ENGAGE-INDCi2030-700f,726.5662856818319,0.005524296818878437,1.298785005680642,R10MIDDLE_EAST
431,POLES-JRC ENGAGE,ENGAGE-INDCi2030-800f,661.1370398224474,0.005026819049973406,1.1818259268879694,R10MIDDLE_EAST
432,POLES-JRC ENGAGE,ENGAGE-INDCi2030-900,821.2719223619581,0.0062443715839095556,1.4680775579192273,R10MIDDLE_EAST
433,POLES-JRC ENGAGE,ENGAGE-INDCi2030-900f,605.4028713823438,0.0046030558015485714,1.0821974364107987,R10MIDDLE_EAST
434,POLES-JRC ENGAGE,ENGAGE-NPi2020-1000f,355.2439113469593,0.002701023771751667,0.6350218479843114,R10MIDDLE_EAST
435,POLES-JRC ENGAGE,ENGAGE-NPi2020-1000f-COV,301.15691827166927,0.0027200874594786838,0.5383377917696507,R10MIDDLE_EAST
436,POLES-JRC ENGAGE,ENGAGE-NPi2020-1200f,286.2442929403794,0.0021763994119665306,0.5116804935199297,R10MIDDLE_EAST
437,POLES-JRC ENGAGE,ENGAGE-NPi2020-900f,414.4628766411488,0.0031512829539334583,0.7408796419553575,R10MIDDLE_EAST
438,REMIND-MAgPIE 2.1-4.2,NGFS Phase 2-Delayed Transition,869.5479,0.0062021856993133935,0.6849739873892956,R10MIDDLE_EAST
439,REMIND-MAgPIE 3.2.0-4.8.0,RESCUE-End-of-Century-Budget-1150,4.760356999999999,3.4495431204599196e-05,0.0037282630565376096,R10MIDDLE_EAST
440,REMIND-MAgPIE 3.2.0-4.8.0,RESCUE-End-of-Century-Budget-1150-with-OAE,4.718958299999999,3.41840709872394e-05,0.003695840016879306,R10MIDDLE_EAST
441,REMIND-MAgPIE 3.2.0-4.8.0,RESCUE-End-of-Century-Budget-500,50.9261433,0.0003752792276035314,0.039884836090513874,R10MIDDLE_EAST
442,REMIND-MAgPIE 3.2.0-4.8.0,RESCUE-End-of-Century-Budget-500-with-OAE,90.9952999,0.0006668884376454477,0.07126659091654902,R10MIDDLE_EAST
443,REMIND-MAgPIE 3.2.0-4.8.0,RESCUE-Peak-Budget-1150,8.7013284,6.37116040318178e-05,0.0068147916672051095,R10MIDDLE_EAST
444,REMIND-MAgPIE 3.2.0-4.8.0,RESCUE-Peak-Budget-1150-with-OAE,7.144041999999999,5.2335991626556116e-05,0.005595140839847318,R10MIDDLE_EAST
445,REMIND-MAgPIE 3.3-4.8,NGFS Phase 5-Below 2°C,291.7045029,0.0016928956930865311,0.2284599918845873,R10MIDDLE_EAST
446,REMIND-MAgPIE 3.3-4.8,NGFS Phase 5-Delayed Transition,43.02390960000001,0.00024963454767652744,0.03369588724322438,R10MIDDLE_EAST
447,REMIND-MAgPIE 3.3-4.8,NGFS Phase 5-Low Demand,3117.1228086,0.018286204140573886,2.4412987954462526,R10MIDDLE_EAST
448,REMIND-MAgPIE 3.3-4.8,NGFS Phase 5-Net-Zero 2050,5743.3683709,0.035223931358275014,4.498147537529868,R10MIDDLE_EAST
449,WITCH 5.0,ENGAGE-INDCi2030-1000,576.2600969664602,0.003016945639030395,0.5653817142079922,R10MIDDLE_EAST
450,WITCH 5.0,ENGAGE-INDCi2030-1000-NDCp,576.1679824260195,0.00301781388650855,0.5652913385650282,R10MIDDLE_EAST
451,WITCH 5.0,ENGAGE-INDCi2030-1000f,499.11271681599345,0.0025995101294289946,0.48969068811450034,R10MIDDLE_EAST
452,WITCH 5.0,ENGAGE-INDCi2030-1000f-NDCp,498.75575730768304,0.0025981765953828734,0.4893404671296121,R10MIDDLE_EAST
453,WITCH 5.0,ENGAGE-INDCi2030-1200,497.91660809423496,0.0025782656669076018,0.4885171590031721,R10MIDDLE_EAST
454,WITCH 5.0,ENGAGE-INDCi2030-1200-NDCp,497.7164111633828,0.0025802354163040214,0.48832074130126946,R10MIDDLE_EAST
455,WITCH 5.0,ENGAGE-INDCi2030-1200f,497.37854715286034,0.0025700550929757884,0.4879892553378235,R10MIDDLE_EAST
456,WITCH 5.0,ENGAGE-INDCi2030-1200f-NDCp,496.8774312078193,0.0025691881401290993,0.4874975992375387,R10MIDDLE_EAST
457,WITCH 5.0,ENGAGE-INDCi2030-1400,495.39628075613183,0.0025440708507133702,0.4860444092877516,R10MIDDLE_EAST
458,WITCH 5.0,ENGAGE-INDCi2030-1400-NDCp,495.4160022228619,0.002548176784196171,0.48606375846137173,R10MIDDLE_EAST
459,WITCH 5.0,ENGAGE-INDCi2030-1400f,495.4604231436436,0.002543745809462005,0.48610734082369467,R10MIDDLE_EAST
460,WITCH 5.0,ENGAGE-INDCi2030-1400f-NDCp,495.2904335901174,0.0025446624204330083,0.48594056025763427,R10MIDDLE_EAST
461,WITCH 5.0,ENGAGE-INDCi2030-1600-NDCp,344.2035784978029,0.0017587172379987953,0.3377058558662263,R10MIDDLE_EAST
462,WITCH 5.0,ENGAGE-INDCi2030-500f,1209.2179089338556,0.006576950824027467,1.1863908290769931,R10MIDDLE_EAST
463,WITCH 5.0,ENGAGE-INDCi2030-600f,1207.7872841078133,0.006470130257691111,1.184987210952479,R10MIDDLE_EAST
464,WITCH 5.0,ENGAGE-INDCi2030-600f-NDCp,1207.1054323802089,0.006462066309729158,1.1843182309196467,R10MIDDLE_EAST
465,WITCH 5.0,ENGAGE-INDCi2030-700f,1205.3747345774404,0.006400103776158608,1.182620204463093,R10MIDDLE_EAST
466,WITCH 5.0,ENGAGE-INDCi2030-700f-NDCp,1186.5243587374148,0.006291207305029048,1.164125677665207,R10MIDDLE_EAST
467,WITCH 5.0,ENGAGE-INDCi2030-800,2910.415215514507,0.015701170899409502,2.8554736867376525,R10MIDDLE_EAST
468,WITCH 5.0,ENGAGE-INDCi2030-800-NDCp,2910.316338478328,0.015685658841976823,2.855376676258348,R10MIDDLE_EAST
469,WITCH 5.0,ENGAGE-INDCi2030-800f,862.3576736098137,0.004537849678798419,0.8460784675748771,R10MIDDLE_EAST
470,WITCH 5.0,ENGAGE-INDCi2030-800f-NDCp,722.8160348993823,0.003803587499564438,0.7091710340864052,R10MIDDLE_EAST
471,WITCH 5.0,ENGAGE-INDCi2030-900,2010.464402102993,0.010646922308960013,1.9725117459959995,R10MIDDLE_EAST
472,WITCH 5.0,ENGAGE-INDCi2030-900-NDCp,1186.5189832808844,0.006280268282278842,1.164120403684163,R10MIDDLE_EAST
473,WITCH 5.0,ENGAGE-INDCi2030-900f,538.6814580225816,0.0028179601747324126,0.5285124681582699,R10MIDDLE_EAST
474,WITCH 5.0,ENGAGE-INDCi2030-900f-NDCp,538.54638689413,0.0028175036392111387,0.5283799468427286,R10MIDDLE_EAST
475,IMAGE 3.0,ENGAGE-INDCi2030-1000,23153.197220224367,0.02843480131582882,40.4688003426253,R10EUROPE
476,IMAGE 3.0,ENGAGE-INDCi2030-1000f,20686.949458325966,0.025405964112993947,36.15811757504052,R10EUROPE
477,IMAGE 3.0,ENGAGE-INDCi2030-1200,21692.951811756648,0.0266414512369092,37.91647984345482,R10EUROPE
478,IMAGE 3.0,ENGAGE-INDCi2030-1200f,17456.743727413465,0.021438898256209503,30.512134882174433,R10EUROPE
479,IMAGE 3.0,ENGAGE-INDCi2030-1400f,17313.194537437776,0.02126260326519023,30.26122942608488,R10EUROPE
480,IMAGE 3.0,ENGAGE-INDCi2030-800f,22909.868973076565,0.0281359661140912,40.04349397314714,R10EUROPE
481,IMAGE 3.0,ENGAGE-NPi2020-1000,24040.116796153146,0.029524041030101405,42.01902128605835,R10EUROPE
482,IMAGE 3.0,ENGAGE-NPi2020-1200,22315.302064099054,0.027405769253375383,39.00426775739474,R10EUROPE
483,IMAGE 3.0,ENGAGE-NPi2020-1400,19127.426077934342,0.023490689213936364,33.432271994819914,R10EUROPE
484,IMAGE 3.0,ENGAGE-NPi2020-1400f,18801.28137467219,0.023090145835444838,32.8622131492281,R10EUROPE
485,IMAGE 3.2,SSP2021-SSP1-SPA1-19-Default,11176.390637124827,0.013620597956011971,19.53486524215032,R10EUROPE
486,IMAGE 3.2,SSP2021-SSP1-SPA1-19-Lifestyle-Renewables,14171.25072984231,0.01803136965511727,24.769487959791864,R10EUROPE
487,IMAGE 3.2,SSP2021-SSP1-SPA1-19-Renewables,7910.833910637444,0.00964088422568753,13.827100305890061,R10EUROPE
488,IMAGE 3.2,SSP2021-SSP1-SPA1-26-Default,4542.95330052481,0.005536469012978628,7.940486639071564,R10EUROPE
489,IMAGE 3.2,SSP2021-SSP1-SPA1-26-Lifestyle,11037.70837674762,0.013451586745366345,19.292466836805886,R10EUROPE
490,IMAGE 3.2,SSP2021-SSP1-SPA1-26-Lifestyle-Renewables,11091.238829478023,0.014112390718369132,19.38603104857978,R10EUROPE
491,IMAGE 3.2,SSP2021-SSP1-SPA1-26-Renewables,2840.3708957139033,0.003461542395267352,4.964595859882272,R10EUROPE
492,IMAGE 3.2,SSP2021-SSP2-SPA0-26-Default,13841.036920956722,0.017564884301215947,24.192346066133272,R10EUROPE
493,IMAGE 3.2,SSP2021-SSP2-SPA2-19-Renewables,23821.52496335174,0.030310290217240323,41.636950976112495,R10EUROPE
494,IMAGE 3.2,SSP2021-SSP2-SPA2-26-Default,4219.940200776428,0.005369413267274558,7.37591080051209,R10EUROPE
495,IMAGE 3.2,SSP2021-SSP2-SPA2-26-Lifestyle,10271.593762803735,0.01306948184145014,17.953420136047697,R10EUROPE
496,IMAGE 3.2,SSP2021-SSP2-SPA2-26-Lifestyle-Renewables,8576.793320191699,0.010913033278442175,14.99112771136481,R10EUROPE
497,IMAGE 3.2,SSP2021-SSP2-SPA2-26-Renewables,3439.9713115196464,0.004376987995166149,6.012625853186527,R10EUROPE
498,IMAGE 3.3,NAVIGATE Demand-1.5°C-ele_u,2122.5269490554283,0.002711002319073369,3.709903151005655,R10EUROPE
499,IMAGE 3.3,NAVIGATE Demand-1.5°C-tec_u,2112.5474691784075,0.002698256005957397,3.692460308238625,R10EUROPE
500,IMAGE 3.3,NAVIGATE Demand-2.0°C-ele_u,575.7553176843768,0.0007353847743397526,1.0063459821964085,R10EUROPE
501,IMAGE 3.3,NAVIGATE Demand-2.0°C-ref,409.5607415884849,0.0005231123782630456,0.7158593140235573,R10EUROPE
502,IMAGE 3.3,NAVIGATE Demand-2.0°C-tec_u,414.6088008126047,0.0005295600232597317,0.724682669991009,R10EUROPE
503,MESSAGEix-GLOBIOM 2.0-M-R12-NGFS,NGFS Phase 5-Below 2°C,5510.027723337512,0.0076452108227021325,9.073205121308655,R10EUROPE
504,MESSAGEix-GLOBIOM 2.0-M-R12-NGFS,NGFS Phase 5-Delayed Transition,5293.884516618089,0.007341319852814786,8.717288282299565,R10EUROPE
505,MESSAGEix-GLOBIOM 2.0-M-R12-NGFS,NGFS Phase 5-Low Demand,6826.107163375891,0.009444245602561923,11.24035550874307,R10EUROPE
506,MESSAGEix-GLOBIOM 2.0-M-R12-NGFS,NGFS Phase 5-Nationally Determined Contributions (NDCs),4900.7991816775775,0.006794349921317852,8.070005899492738,R10EUROPE
507,MESSAGEix-GLOBIOM 2.0-M-R12-NGFS,NGFS Phase 5-Net-Zero 2050,6980.182942885321,0.009718281117107291,11.494067689862153,R10EUROPE
508,POLES-JRC ENGAGE,ENGAGE-INDCi2030-1000,13530.120278812989,0.018785643080673622,20.97765918810884,R10EUROPE
509,POLES-JRC ENGAGE,ENGAGE-INDCi2030-1000-COV,13183.957110621079,0.018846756800815503,20.440953466639606,R10EUROPE
510,POLES-JRC ENGAGE,ENGAGE-INDCi2030-1000-COV-NDCp,13249.900042924688,0.018941023673608767,20.543194121654018,R10EUROPE
511,POLES-JRC ENGAGE,ENGAGE-INDCi2030-1000-NDCp,13479.925773653791,0.018715951456423373,20.89983554717682,R10EUROPE
512,POLES-JRC ENGAGE,ENGAGE-INDCi2030-1000f,13020.973684407814,0.018078727990405465,20.18825720836864,R10EUROPE
513,POLES-JRC ENGAGE,ENGAGE-INDCi2030-1000f-COV,12813.41248510037,0.018317055104849576,19.86644572332479,R10EUROPE
514,POLES-JRC ENGAGE,ENGAGE-INDCi2030-1000f-COV-NDCp,12748.503886732862,0.018224266835178346,19.765808742509208,R10EUROPE
515,POLES-JRC ENGAGE,ENGAGE-INDCi2030-1000f-NDCp,12956.127387795255,0.017988693359658345,20.087716822775807,R10EUROPE
516,POLES-JRC ENGAGE,ENGAGE-INDCi2030-1200,12858.464800335512,0.01785309556211129,19.936296699898737,R10EUROPE
517,POLES-JRC ENGAGE,ENGAGE-INDCi2030-1200f,12495.431497611151,0.01734904874576057,19.373434822727507,R10EUROPE
518,POLES-JRC ENGAGE,ENGAGE-INDCi2030-300f,14516.06457600747,0.02015455904615283,22.50630808544295,R10EUROPE
519,POLES-JRC ENGAGE,ENGAGE-INDCi2030-400f,14355.588274456604,0.019931748719140305,22.257498977147456,R10EUROPE
520,POLES-JRC ENGAGE,ENGAGE-INDCi2030-500f,14032.223016001328,0.019482778258800574,21.756140079712388,R10EUROPE
521,POLES-JRC ENGAGE,ENGAGE-INDCi2030-600f,13838.702718354805,0.01921408861188398,21.456098190478993,R10EUROPE
522,POLES-JRC ENGAGE,ENGAGE-INDCi2030-600f-COV,13651.292890407189,0.019514823581680003,21.16553022669352,R10EUROPE
523,POLES-JRC ENGAGE,ENGAGE-INDCi2030-600f-COV-NDCp,13695.440203580662,0.019577933137317104,21.233978050566456,R10EUROPE
524,POLES-JRC ENGAGE,ENGAGE-INDCi2030-600f-NDCp,13899.96885994415,0.01929915244318116,21.55108775535701,R10EUROPE
525,POLES-JRC ENGAGE,ENGAGE-INDCi2030-700f,13619.099441029175,0.01890918453844086,21.115616168634542,R10EUROPE
526,POLES-JRC ENGAGE,ENGAGE-INDCi2030-800f,13433.65390966092,0.018651706150118984,20.828093731669014,R10EUROPE
527,POLES-JRC ENGAGE,ENGAGE-INDCi2030-900,14333.16240320359,0.01990061193658029,22.222728976996105,R10EUROPE
528,POLES-JRC ENGAGE,ENGAGE-INDCi2030-900f,13222.93679235135,0.0183591398997683,20.501389180568847,R10EUROPE
529,POLES-JRC ENGAGE,ENGAGE-NPi2020-1000f,12717.425347282999,0.017657271964778835,19.717623287006322,R10EUROPE
530,POLES-JRC ENGAGE,ENGAGE-NPi2020-1000f-COV,12614.898344124782,0.018033274772048306,19.55866117244189,R10EUROPE
531,POLES-JRC ENGAGE,ENGAGE-NPi2020-1200f,12364.03275617882,0.017166610614618247,19.16970876865612,R10EUROPE
532,POLES-JRC ENGAGE,ENGAGE-NPi2020-900f,13001.963217196775,0.018052333261869113,20.158782592183268,R10EUROPE
533,REMIND-MAgPIE 2.1-4.2,NGFS Phase 2-Delayed Transition,5186.494000000001,0.006981107516406619,12.38344825412637,R10EUROPE
534,REMIND-MAgPIE 3.2.0-4.8.0,RESCUE-End-of-Century-Budget-1150,3999.0300272000018,0.004635298138429194,6.65160161546713,R10EUROPE
535,REMIND-MAgPIE 3.2.0-4.8.0,RESCUE-End-of-Century-Budget-1150-with-OAE,3991.5987412000004,0.004626263047042421,6.639241129642717,R10EUROPE
536,REMIND-MAgPIE 3.2.0-4.8.0,RESCUE-End-of-Century-Budget-500,4927.709127800001,0.005713526027612333,8.196277040204214,R10EUROPE
537,REMIND-MAgPIE 3.2.0-4.8.0,RESCUE-End-of-Century-Budget-500-with-OAE,4751.8217143,0.005509359148707513,7.903722846857462,R10EUROPE
538,REMIND-MAgPIE 3.2.0-4.8.0,RESCUE-Peak-Budget-1150,4839.2578315,0.005616233990116762,8.049155667932052,R10EUROPE
539,REMIND-MAgPIE 3.2.0-4.8.0,RESCUE-Peak-Budget-1150-with-OAE,4844.2880341,0.005622522663766686,8.057522422748272,R10EUROPE
540,REMIND-MAgPIE 3.3-4.8,NGFS Phase 5-Below 2°C,6248.6156529,0.008643494709001196,10.393345808499515,R10EUROPE
541,REMIND-MAgPIE 3.3-4.8,NGFS Phase 5-Delayed Transition,7282.1746627,0.010139394052324276,12.112468378849362,R10EUROPE
542,REMIND-MAgPIE 3.3-4.8,NGFS Phase 5-Low Demand,7875.2556220999995,0.010923084235782374,13.098942158944972,R10EUROPE
543,REMIND-MAgPIE 3.3-4.8,NGFS Phase 5-Net-Zero 2050,12661.879153900001,0.01771951458297204,21.060550999138243,R10EUROPE
544,WITCH 5.0,ENGAGE-INDCi2030-1000,6331.359050002197,0.008503561202753683,11.894089407910803,R10EUROPE
545,WITCH 5.0,ENGAGE-INDCi2030-1000-NDCp,6341.134987745953,0.008516475606485895,11.912454481926051,R10EUROPE
546,WITCH 5.0,ENGAGE-INDCi2030-1000f,6191.966799293868,0.008307159765923,11.632227163232985,R10EUROPE
547,WITCH 5.0,ENGAGE-INDCi2030-1000f-NDCp,6188.011847966575,0.008301134518056025,11.624797392733594,R10EUROPE
548,WITCH 5.0,ENGAGE-INDCi2030-1200,5854.942838354636,0.007850969378459409,10.999094040887305,R10EUROPE
549,WITCH 5.0,ENGAGE-INDCi2030-1200-NDCp,5833.901493323945,0.0078227881764313,10.95956577577373,R10EUROPE
550,WITCH 5.0,ENGAGE-INDCi2030-1200f,5345.852100040121,0.007163165868442558,10.042716316858202,R10EUROPE
551,WITCH 5.0,ENGAGE-INDCi2030-1200f-NDCp,5315.611425573225,0.007122343212118366,9.985906193940808,R10EUROPE
552,WITCH 5.0,ENGAGE-INDCi2030-1400,3637.261967290001,0.004869604627468002,6.832959353162224,R10EUROPE
553,WITCH 5.0,ENGAGE-INDCi2030-1400-NDCp,3607.6952958346455,0.004830381367847032,6.7774154121209715,R10EUROPE
554,WITCH 5.0,ENGAGE-INDCi2030-1400f,3586.429838200693,0.004800852523773734,6.737466129131204,R10EUROPE
555,WITCH 5.0,ENGAGE-INDCi2030-1400f-NDCp,3596.030286068597,0.004813674555578352,6.755501527912891,R10EUROPE
556,WITCH 5.0,ENGAGE-INDCi2030-1600-NDCp,3002.1292706680138,0.004016466406586155,5.6397992401677195,R10EUROPE
557,WITCH 5.0,ENGAGE-INDCi2030-500f,6626.143464172157,0.008944377870745424,12.447871329060085,R10EUROPE
558,WITCH 5.0,ENGAGE-INDCi2030-600f,6626.774265055974,0.008925782972533715,12.449056351430709,R10EUROPE
559,WITCH 5.0,ENGAGE-INDCi2030-600f-NDCp,6624.80330771692,0.008919355674549257,12.44535371150384,R10EUROPE
560,WITCH 5.0,ENGAGE-INDCi2030-700f,6530.386650927223,0.008783831612588007,12.267982605461086,R10EUROPE
561,WITCH 5.0,ENGAGE-INDCi2030-700f-NDCp,6511.7510615141355,0.008755414811600797,12.232973792203481,R10EUROPE
562,WITCH 5.0,ENGAGE-INDCi2030-800,7003.123845646313,0.009451862051936712,13.156066572272579,R10EUROPE
563,WITCH 5.0,ENGAGE-INDCi2030-800-NDCp,7001.965215439243,0.009446901788364456,13.153889969877302,R10EUROPE
564,WITCH 5.0,ENGAGE-INDCi2030-800f,6437.9015152392885,0.008649312825884112,12.094240054440437,R10EUROPE
565,WITCH 5.0,ENGAGE-INDCi2030-800f-NDCp,6300.701364133357,0.008462822400801847,11.83649588748591,R10EUROPE
566,WITCH 5.0,ENGAGE-INDCi2030-900,6529.753065545346,0.008785276137504478,12.266792352133153,R10EUROPE
567,WITCH 5.0,ENGAGE-INDCi2030-900-NDCp,6511.534158660564,0.008757503299007643,12.232566318561117,R10EUROPE
568,WITCH 5.0,ENGAGE-INDCi2030-900f,6324.038049696033,0.008488998197211977,11.880336178705324,R10EUROPE
569,WITCH 5.0,ENGAGE-INDCi2030-900f-NDCp,6195.348308264918,0.00831540908843377,11.63857966507622,R10EUROPE
570,IMAGE 3.0,ENGAGE-INDCi2030-1000,275.10099612293106,0.0011179737524161537,0.5304794812792011,R10REST_ASIA
571,IMAGE 3.0,ENGAGE-INDCi2030-1000f,-1939.6844179602158,-0.007882618739341483,-3.7403091896660534,R10REST_ASIA
572,IMAGE 3.0,ENGAGE-INDCi2030-1200,-415.96203904307094,-0.0016904142413350339,-0.8021029724109167,R10REST_ASIA
573,IMAGE 3.0,ENGAGE-INDCi2030-1200f,-3101.755756631543,-0.012605121650559967,-5.981140773832055,R10REST_ASIA
574,IMAGE 3.0,ENGAGE-INDCi2030-1400f,-3164.8641682556295,-0.012861585817345011,-6.1028332356352095,R10REST_ASIA
575,IMAGE 3.0,ENGAGE-INDCi2030-800f,537.083904061542,0.0021826373442780465,1.0356632467541478,R10REST_ASIA
576,IMAGE 3.0,ENGAGE-NPi2020-1000,1555.9667496979682,0.006323241319770724,3.000383298861711,R10REST_ASIA
577,IMAGE 3.0,ENGAGE-NPi2020-1200,1175.8437683787324,0.004778472228439694,2.2673890720344705,R10REST_ASIA
578,IMAGE 3.0,ENGAGE-NPi2020-1400,-873.7662932250996,-0.0035508696636456583,-1.6848906275213043,R10REST_ASIA
579,IMAGE 3.0,ENGAGE-NPi2020-1400f,-811.8575932262147,-0.003299280964875439,-1.56551157937201,R10REST_ASIA
580,IMAGE 3.2,SSP2021-SSP1-SPA1-19-Default,29127.997034488064,0.10388782677629525,41.24539912946152,R10REST_ASIA
581,IMAGE 3.2,SSP2021-SSP1-SPA1-19-Lifestyle-Renewables,27156.950561952428,0.11202287012299125,38.45438681350333,R10REST_ASIA
582,IMAGE 3.2,SSP2021-SSP1-SPA1-19-Renewables,34108.982542244994,0.12165299473454527,48.29850117016312,R10REST_ASIA
583,IMAGE 3.2,SSP2021-SSP1-SPA1-26-Default,23858.095553621813,0.08509221197572553,33.78319053015715,R10REST_ASIA
584,IMAGE 3.2,SSP2021-SSP1-SPA1-26-Lifestyle,13908.68582645947,0.04960667711254901,19.694773300044304,R10REST_ASIA
585,IMAGE 3.2,SSP2021-SSP1-SPA1-26-Lifestyle-Renewables,9649.013501592497,0.039802340245751584,13.663054572806132,R10REST_ASIA
586,IMAGE 3.2,SSP2021-SSP1-SPA1-26-Renewables,25844.672349080833,0.09217753081038811,36.5961938661922,R10REST_ASIA
587,IMAGE 3.2,SSP2021-SSP2-SPA0-26-Default,22188.1351651742,0.08809487831836108,31.418719236448496,R10REST_ASIA
588,IMAGE 3.2,SSP2021-SSP2-SPA2-19-Renewables,39008.47704330863,0.1609106128300173,55.23656580156488,R10REST_ASIA
589,IMAGE 3.2,SSP2021-SSP2-SPA2-26-Default,30796.737420699385,0.12703705110117638,43.60862412350391,R10REST_ASIA
590,IMAGE 3.2,SSP2021-SSP2-SPA2-26-Lifestyle,18431.924704961526,0.07603199418985913,26.099871078913104,R10REST_ASIA
591,IMAGE 3.2,SSP2021-SSP2-SPA2-26-Lifestyle-Renewables,17228.203849877835,0.07106662575846034,24.39538499644628,R10REST_ASIA
592,IMAGE 3.2,SSP2021-SSP2-SPA2-26-Renewables,27985.94576015644,0.11544248902346896,39.628502614538135,R10REST_ASIA
593,IMAGE 3.3,NAVIGATE Demand-1.5°C-ele_u,13619.360243129682,0.05432217590498637,19.285210427713785,R10REST_ASIA
594,IMAGE 3.3,NAVIGATE Demand-1.5°C-tec_u,14990.686207693645,0.05979184620816357,21.227027761236812,R10REST_ASIA
595,IMAGE 3.3,NAVIGATE Demand-2.0°C-ele_u,11812.69044956352,0.04711609334484303,16.726939956830705,R10REST_ASIA
596,IMAGE 3.3,NAVIGATE Demand-2.0°C-ref,11518.267779735164,0.045941759178236355,16.310033212243095,R10REST_ASIA
597,IMAGE 3.3,NAVIGATE Demand-2.0°C-tec_u,11697.118147745447,0.04665512169881636,16.56328791147849,R10REST_ASIA
598,MESSAGEix-GLOBIOM 2.0-M-R12-NGFS,NGFS Phase 5-Below 2°C,8356.659563105737,0.022340649592658253,19.605756362348792,R10REST_ASIA
599,MESSAGEix-GLOBIOM 2.0-M-R12-NGFS,NGFS Phase 5-Delayed Transition,7990.340370448413,0.02135001018173381,18.746326253002245,R10REST_ASIA
600,MESSAGEix-GLOBIOM 2.0-M-R12-NGFS,NGFS Phase 5-Low Demand,8480.257302580027,0.02259765322209807,19.895731937968552,R10REST_ASIA
601,MESSAGEix-GLOBIOM 2.0-M-R12-NGFS,NGFS Phase 5-Nationally Determined Contributions (NDCs),8045.160771524201,0.02150168613408046,18.874941690673456,R10REST_ASIA
602,MESSAGEix-GLOBIOM 2.0-M-R12-NGFS,NGFS Phase 5-Net-Zero 2050,8633.505280122501,0.0232234596220958,20.25527063737727,R10REST_ASIA
603,POLES-JRC ENGAGE,ENGAGE-INDCi2030-1000,14675.436770386701,0.07536768819798935,22.519988218053214,R10REST_ASIA
604,POLES-JRC ENGAGE,ENGAGE-INDCi2030-1000-COV,14513.52696663857,0.08014745074579901,22.271531771417646,R10REST_ASIA
605,POLES-JRC ENGAGE,ENGAGE-INDCi2030-1000-COV-NDCp,14511.88302419108,0.08013837247029493,22.269009082306045,R10REST_ASIA
606,POLES-JRC ENGAGE,ENGAGE-INDCi2030-1000-NDCp,14851.079432224451,0.07626972481732627,22.78951823184846,R10REST_ASIA
607,POLES-JRC ENGAGE,ENGAGE-INDCi2030-1000f,14453.596725888257,0.07422839867869375,22.179566650602606,R10REST_ASIA
608,POLES-JRC ENGAGE,ENGAGE-INDCi2030-1000f-COV,14367.941588706975,0.07934349062405174,22.048125746299803,R10REST_ASIA
609,POLES-JRC ENGAGE,ENGAGE-INDCi2030-1000f-COV-NDCp,14368.708606337725,0.07934772629384607,22.049302762580666,R10REST_ASIA
610,POLES-JRC ENGAGE,ENGAGE-INDCi2030-1000f-NDCp,14778.076930736719,0.07589481060823758,22.677493254390242,R10REST_ASIA
611,POLES-JRC ENGAGE,ENGAGE-INDCi2030-1200,14419.28971404553,0.07405221038446969,22.126921300785565,R10REST_ASIA
612,POLES-JRC ENGAGE,ENGAGE-INDCi2030-1200f,14380.12355083943,0.07385106726194365,22.066819407550774,R10REST_ASIA
613,POLES-JRC ENGAGE,ENGAGE-INDCi2030-300f,14771.092135496145,0.07585893924862798,22.666774833604247,R10REST_ASIA
614,POLES-JRC ENGAGE,ENGAGE-INDCi2030-400f,14800.303007550245,0.07600895562847483,22.71159997269822,R10REST_ASIA
615,POLES-JRC ENGAGE,ENGAGE-INDCi2030-500f,14784.621943898206,0.0759284234075651,22.687536813678445,R10REST_ASIA
616,POLES-JRC ENGAGE,ENGAGE-INDCi2030-600f,14771.167681880002,0.07585932722728866,22.666890762261158,R10REST_ASIA
617,POLES-JRC ENGAGE,ENGAGE-INDCi2030-600f-COV,14693.0197230053,0.08113865618353984,22.546969894442462,R10REST_ASIA
618,POLES-JRC ENGAGE,ENGAGE-INDCi2030-600f-COV-NDCp,14709.156802152813,0.08122776930946224,22.571732825724283,R10REST_ASIA
619,POLES-JRC ENGAGE,ENGAGE-INDCi2030-600f-NDCp,14923.390552257715,0.07664108834354934,22.900482259472454,R10REST_ASIA
620,POLES-JRC ENGAGE,ENGAGE-INDCi2030-700f,14694.29598946095,0.07546454226544128,22.548928371453677,R10REST_ASIA
621,POLES-JRC ENGAGE,ENGAGE-INDCi2030-800f,14620.32998461247,0.07508467985467336,22.435424863259257,R10REST_ASIA
622,POLES-JRC ENGAGE,ENGAGE-INDCi2030-900,14779.45071084023,0.07590186584155799,22.679601369619064,R10REST_ASIA
623,POLES-JRC ENGAGE,ENGAGE-INDCi2030-900f,14518.560050911909,0.07456202661095175,22.279255221173145,R10REST_ASIA
624,POLES-JRC ENGAGE,ENGAGE-NPi2020-1000f,16098.345353201237,0.08267522746116203,24.703492874283338,R10REST_ASIA
625,POLES-JRC ENGAGE,ENGAGE-NPi2020-1000f-COV,15976.838960103169,0.08822823815133644,24.51703692180987,R10REST_ASIA
626,POLES-JRC ENGAGE,ENGAGE-NPi2020-1200f,15872.439275617227,0.08151505627963106,24.356831832082243,R10REST_ASIA
627,POLES-JRC ENGAGE,ENGAGE-NPi2020-900f,16207.513644737965,0.08323587597107554,24.871015563908017,R10REST_ASIA
628,REMIND-MAgPIE 2.1-4.2,NGFS Phase 2-Delayed Transition,3988.1519000000003,0.01666536799726498,4.800812279018168,R10REST_ASIA
629,REMIND-MAgPIE 3.2.0-4.8.0,RESCUE-End-of-Century-Budget-1150,958.4805511,0.0037312227409619053,1.103907313554506,R10REST_ASIA
630,REMIND-MAgPIE 3.2.0-4.8.0,RESCUE-End-of-Century-Budget-1150-with-OAE,946.8747946000002,0.0036847646324229483,1.0905406578983439,R10REST_ASIA
631,REMIND-MAgPIE 3.2.0-4.8.0,RESCUE-End-of-Century-Budget-500,2382.9923148,0.009269783256861607,2.7445550579329874,R10REST_ASIA
632,REMIND-MAgPIE 3.2.0-4.8.0,RESCUE-End-of-Century-Budget-500-with-OAE,2203.6312367,0.00856834145248035,2.537980176831458,R10REST_ASIA
633,REMIND-MAgPIE 3.2.0-4.8.0,RESCUE-Peak-Budget-1150,1323.1560242,0.00514809620348282,1.5239136677439915,R10REST_ASIA
634,REMIND-MAgPIE 3.2.0-4.8.0,RESCUE-Peak-Budget-1150-with-OAE,1388.1485582,0.005399965133178504,1.5987672821722665,R10REST_ASIA
635,REMIND-MAgPIE 3.3-4.8,NGFS Phase 5-Below 2°C,1918.1744728000003,0.006254318974696795,2.2092120980100707,R10REST_ASIA
636,REMIND-MAgPIE 3.3-4.8,NGFS Phase 5-Delayed Transition,1550.3432737,0.005074075081811962,1.7855712110103197,R10REST_ASIA
637,REMIND-MAgPIE 3.3-4.8,NGFS Phase 5-Low Demand,2036.5650079000002,0.00669841945808341,2.3455655977264,R10REST_ASIA
638,REMIND-MAgPIE 3.3-4.8,NGFS Phase 5-Net-Zero 2050,4844.4926372,0.016277970940678357,5.5795298574692564,R10REST_ASIA
639,WITCH 5.0,ENGAGE-INDCi2030-1000,4707.086989919156,0.01991549745009543,8.882458232849247,R10REST_ASIA
640,WITCH 5.0,ENGAGE-INDCi2030-1000-NDCp,4706.7140196640785,0.01990543964858903,8.88175442331271,R10REST_ASIA
641,WITCH 5.0,ENGAGE-INDCi2030-1000f,4706.098436004148,0.01984948201008035,8.880592792741645,R10REST_ASIA
642,WITCH 5.0,ENGAGE-INDCi2030-1000f-NDCp,4704.950787124265,0.019831715028646914,8.878427134179699,R10REST_ASIA
643,WITCH 5.0,ENGAGE-INDCi2030-1200,4703.863747662973,0.019804400792891995,8.8763758479738,R10REST_ASIA
644,WITCH 5.0,ENGAGE-INDCi2030-1200-NDCp,4703.079031318717,0.01979647386284506,8.874895057377108,R10REST_ASIA
645,WITCH 5.0,ENGAGE-INDCi2030-1200f,4703.17437543483,0.01977086828718936,8.875074975473147,R10REST_ASIA
646,WITCH 5.0,ENGAGE-INDCi2030-1200f-NDCp,4701.449850590976,0.019756119643045213,8.871820729284401,R10REST_ASIA
647,WITCH 5.0,ENGAGE-INDCi2030-1400,4690.171747665233,0.019670970178547912,8.85053850560801,R10REST_ASIA
648,WITCH 5.0,ENGAGE-INDCi2030-1400-NDCp,4689.523659845167,0.019663369449931845,8.849315538408703,R10REST_ASIA
649,WITCH 5.0,ENGAGE-INDCi2030-1400f,4690.79308847997,0.01966686349869182,8.851711000156568,R10REST_ASIA
650,WITCH 5.0,ENGAGE-INDCi2030-1400f-NDCp,4686.514803342835,0.019640348021289063,8.843637707880431,R10REST_ASIA
651,WITCH 5.0,ENGAGE-INDCi2030-1600-NDCp,4665.43591405325,0.019512834906201315,8.80386101496811,R10REST_ASIA
652,WITCH 5.0,ENGAGE-INDCi2030-500f,4724.452966716002,0.020260449315805607,8.915228513895885,R10REST_ASIA
653,WITCH 5.0,ENGAGE-INDCi2030-600f,4705.88293023144,0.02009230091466212,8.880186124874847,R10REST_ASIA
654,WITCH 5.0,ENGAGE-INDCi2030-600f-NDCp,4694.354415582747,0.020014690293873955,8.858431364431048,R10REST_ASIA
655,WITCH 5.0,ENGAGE-INDCi2030-700f,4701.109243039373,0.019991171107249114,8.871177989441822,R10REST_ASIA
656,WITCH 5.0,ENGAGE-INDCi2030-700f-NDCp,4703.391631707403,0.019971413544881716,8.875484946602018,R10REST_ASIA
657,WITCH 5.0,ENGAGE-INDCi2030-800,4985.57939053369,0.02136106372670121,9.40798434314257,R10REST_ASIA
658,WITCH 5.0,ENGAGE-INDCi2030-800-NDCp,4863.423561052359,0.020810780480849455,9.177471489738599,R10REST_ASIA
659,WITCH 5.0,ENGAGE-INDCi2030-800f,4705.457367381375,0.01993919446398633,8.879383071043623,R10REST_ASIA
660,WITCH 5.0,ENGAGE-INDCi2030-800f-NDCp,4706.13381832653,0.019920699219236466,8.880659560575213,R10REST_ASIA
661,WITCH 5.0,ENGAGE-INDCi2030-900,4701.134550096365,0.01999762489047375,8.87122574485344,R10REST_ASIA
662,WITCH 5.0,ENGAGE-INDCi2030-900-NDCp,4703.480902250477,0.019978986452377456,8.875653403626922,R10REST_ASIA
663,WITCH 5.0,ENGAGE-INDCi2030-900f,4706.699902329061,0.019892081934714496,8.881727783346436,R10REST_ASIA
664,WITCH 5.0,ENGAGE-INDCi2030-900f-NDCp,4706.653084392425,0.01987537388495489,8.881639436059121,R10REST_ASIA
665,IMAGE 3.0,ENGAGE-INDCi2030-1000,8068.10361889765,0.03167661526526647,9.567789538131573,R10PAC_OECD
666,IMAGE 3.0,ENGAGE-INDCi2030-1000f,7439.044468956747,0.029206832325803407,8.821801901139269,R10PAC_OECD
667,IMAGE 3.0,ENGAGE-INDCi2030-1200,7604.440778424656,0.02985620366618113,9.01794180639111,R10PAC_OECD
668,IMAGE 3.0,ENGAGE-INDCi2030-1200f,7103.556849634048,0.027889656351680597,8.423954391247353,R10PAC_OECD
669,IMAGE 3.0,ENGAGE-INDCi2030-1400f,7012.544721624687,0.027532328744152963,8.316025077576734,R10PAC_OECD
670,IMAGE 3.0,ENGAGE-INDCi2030-800f,7657.988685964354,0.03006644098408345,9.081443111499183,R10PAC_OECD
671,IMAGE 3.0,ENGAGE-NPi2020-1000,7830.815504703889,0.030744985646289982,9.286394696946298,R10PAC_OECD
672,IMAGE 3.0,ENGAGE-NPi2020-1200,6414.698672772948,0.0251850932385282,7.607052381908939,R10PAC_OECD
673,IMAGE 3.0,ENGAGE-NPi2020-1400,5896.143459779518,0.02314916574531691,6.992108973125597,R10PAC_OECD
674,IMAGE 3.0,ENGAGE-NPi2020-1400f,5834.267536831515,0.022906231358503105,6.918731654711208,R10PAC_OECD
675,IMAGE 3.2,SSP2021-SSP1-SPA1-19-Default,15692.455932826117,0.060594206365451354,18.609337590083115,R10PAC_OECD
676,IMAGE 3.2,SSP2021-SSP1-SPA1-19-Lifestyle-Renewables,14517.073178645402,0.060908035419844304,17.215477090251756,R10PAC_OECD
677,IMAGE 3.2,SSP2021-SSP1-SPA1-19-Renewables,13289.692362815946,0.051316273565651264,15.759953235277418,R10PAC_OECD
678,IMAGE 3.2,SSP2021-SSP1-SPA1-26-Default,5185.567106586172,0.020023336354960893,6.149449728938223,R10PAC_OECD
679,IMAGE 3.2,SSP2021-SSP1-SPA1-26-Lifestyle,6262.97390436586,0.02418359081886782,7.4271227017067245,R10PAC_OECD
680,IMAGE 3.2,SSP2021-SSP1-SPA1-26-Lifestyle-Renewables,5970.049337324092,0.025048022560831638,7.079749914435976,R10PAC_OECD
681,IMAGE 3.2,SSP2021-SSP1-SPA1-26-Renewables,5404.986953803216,0.020870595162623573,6.409654889195193,R10PAC_OECD
682,IMAGE 3.2,SSP2021-SSP2-SPA0-26-Default,11695.296780361245,0.04767148703234469,13.869199438439152,R10PAC_OECD
683,IMAGE 3.2,SSP2021-SSP2-SPA2-19-Renewables,16469.189937413536,0.06909836381617852,19.5304560560684,R10PAC_OECD
684,IMAGE 3.2,SSP2021-SSP2-SPA2-26-Default,8178.574620642737,0.034314142151650254,9.698794709196537,R10PAC_OECD
685,IMAGE 3.2,SSP2021-SSP2-SPA2-26-Lifestyle,5322.224113997574,0.022329997986409677,6.311510437003418,R10PAC_OECD
686,IMAGE 3.2,SSP2021-SSP2-SPA2-26-Lifestyle-Renewables,4817.781533456995,0.020213551634948205,5.713302893736431,R10PAC_OECD
687,IMAGE 3.2,SSP2021-SSP2-SPA2-26-Renewables,9543.28377274331,0.040039934971665754,11.317173768865121,R10PAC_OECD
688,IMAGE 3.3,NAVIGATE Demand-1.5°C-ele_u,6617.41018854214,0.02690726323218844,7.847443583044783,R10PAC_OECD
689,IMAGE 3.3,NAVIGATE Demand-1.5°C-tec_u,6738.799291333764,0.02740084734580268,7.991396293941122,R10PAC_OECD
690,IMAGE 3.3,NAVIGATE Demand-2.0°C-ele_u,4921.38314796542,0.020010993433359308,5.836161807088201,R10PAC_OECD
691,IMAGE 3.3,NAVIGATE Demand-2.0°C-ref,4834.6723423639705,0.019658415853170446,5.733333338607294,R10PAC_OECD
692,IMAGE 3.3,NAVIGATE Demand-2.0°C-tec_u,4897.9340585829605,0.019915646340978452,5.80835403928181,R10PAC_OECD
693,MESSAGEix-GLOBIOM 2.0-M-R12-NGFS,NGFS Phase 5-Below 2°C,4522.358770776916,0.021713271349873813,5.439116401059011,R10PAC_OECD
694,MESSAGEix-GLOBIOM 2.0-M-R12-NGFS,NGFS Phase 5-Delayed Transition,4424.376665667366,0.021228440706960266,5.321271687288085,R10PAC_OECD
695,MESSAGEix-GLOBIOM 2.0-M-R12-NGFS,NGFS Phase 5-Low Demand,5087.901569297013,0.024367240627367476,6.119304167409761,R10PAC_OECD
696,MESSAGEix-GLOBIOM 2.0-M-R12-NGFS,NGFS Phase 5-Nationally Determined Contributions (NDCs),4501.975004687544,0.02158945323558337,5.4146005052463035,R10PAC_OECD
697,MESSAGEix-GLOBIOM 2.0-M-R12-NGFS,NGFS Phase 5-Net-Zero 2050,5260.608360323417,0.025336337325817172,6.327021508571662,R10PAC_OECD
698,POLES-JRC ENGAGE,ENGAGE-INDCi2030-1000,6207.200581137154,0.021940196277745815,7.313626264113051,R10PAC_OECD
699,POLES-JRC ENGAGE,ENGAGE-INDCi2030-1000-COV,6204.59477907798,0.022803773960306528,7.310555981119947,R10PAC_OECD
700,POLES-JRC ENGAGE,ENGAGE-INDCi2030-1000-COV-NDCp,6197.1948820551615,0.022776577086852857,7.301837061776132,R10PAC_OECD
701,POLES-JRC ENGAGE,ENGAGE-INDCi2030-1000-NDCp,6183.0572950443,0.021854858543167575,7.285179467692894,R10PAC_OECD
702,POLES-JRC ENGAGE,ENGAGE-INDCi2030-1000f,6202.638663891766,0.021924071559612682,7.30825119086635,R10PAC_OECD
703,POLES-JRC ENGAGE,ENGAGE-INDCi2030-1000f-COV,6219.726963941071,0.02285938934461931,7.3283854588694535,R10PAC_OECD
704,POLES-JRC ENGAGE,ENGAGE-INDCi2030-1000f-COV-NDCp,6202.098632176755,0.022794599860831218,7.307614899178538,R10PAC_OECD
705,POLES-JRC ENGAGE,ENGAGE-INDCi2030-1000f-NDCp,6206.365562756893,0.021937244791497067,7.31264240475857,R10PAC_OECD
706,POLES-JRC ENGAGE,ENGAGE-INDCi2030-1200,6206.689933124992,0.021938391322763415,7.313024593736101,R10PAC_OECD
707,POLES-JRC ENGAGE,ENGAGE-INDCi2030-1200f,6174.004672948335,0.02182286081681452,7.274513227113954,R10PAC_OECD
708,POLES-JRC ENGAGE,ENGAGE-INDCi2030-300f,6445.022998396371,0.022780812018402173,7.593840227610138,R10PAC_OECD
709,POLES-JRC ENGAGE,ENGAGE-INDCi2030-400f,6411.309788171265,0.0226616480829335,7.554117680138548,R10PAC_OECD
710,POLES-JRC ENGAGE,ENGAGE-INDCi2030-500f,6336.044758800481,0.02239561358063894,7.46543675411077,R10PAC_OECD
711,POLES-JRC ENGAGE,ENGAGE-INDCi2030-600f,6283.410994593119,0.022209572368912134,7.40342108774808,R10PAC_OECD
712,POLES-JRC ENGAGE,ENGAGE-INDCi2030-600f-COV,6269.151188615771,0.023041038410799384,7.386619489321567,R10PAC_OECD
713,POLES-JRC ENGAGE,ENGAGE-INDCi2030-600f-COV-NDCp,6273.658950110315,0.023057605806068318,7.391930753623068,R10PAC_OECD
714,POLES-JRC ENGAGE,ENGAGE-INDCi2030-600f-NDCp,6285.916565259335,0.02221842864985327,7.4063732732287155,R10PAC_OECD
715,POLES-JRC ENGAGE,ENGAGE-INDCi2030-700f,6223.685953859303,0.021998466074010313,7.333050133752577,R10PAC_OECD
716,POLES-JRC ENGAGE,ENGAGE-INDCi2030-800f,6198.302383843873,0.021908744386900533,7.303141974363311,R10PAC_OECD
717,POLES-JRC ENGAGE,ENGAGE-INDCi2030-900,6460.884645883058,0.022836877172830058,7.612529193776829,R10PAC_OECD
718,POLES-JRC ENGAGE,ENGAGE-INDCi2030-900f,6199.072737697576,0.021911467307568655,7.304049642820847,R10PAC_OECD
719,POLES-JRC ENGAGE,ENGAGE-NPi2020-1000f,7161.164870815793,0.025312113051486562,8.437633486502742,R10PAC_OECD
720,POLES-JRC ENGAGE,ENGAGE-NPi2020-1000f-COV,7142.98475762664,0.026252642697004346,8.416212791043215,R10PAC_OECD
721,POLES-JRC ENGAGE,ENGAGE-NPi2020-1200f,7099.367490730744,0.025093681790760648,8.364820801277643,R10PAC_OECD
722,POLES-JRC ENGAGE,ENGAGE-NPi2020-900f,7176.821652303663,0.025367454079125582,8.456081069564442,R10PAC_OECD
723,REMIND-MAgPIE 2.1-4.2,NGFS Phase 2-Delayed Transition,826.6440000000001,0.004235334507933099,23.329579802050613,R10PAC_OECD
724,REMIND-MAgPIE 3.2.0-4.8.0,RESCUE-End-of-Century-Budget-1150,1097.8895234000001,0.005561911881846717,26.88289883128427,R10PAC_OECD
725,REMIND-MAgPIE 3.2.0-4.8.0,RESCUE-End-of-Century-Budget-1150-with-OAE,1091.738971,0.005530340876924789,26.732296539886434,R10PAC_OECD
726,REMIND-MAgPIE 3.2.0-4.8.0,RESCUE-End-of-Century-Budget-500,1246.6678661,0.006320354015916597,30.52588207308085,R10PAC_OECD
727,REMIND-MAgPIE 3.2.0-4.8.0,RESCUE-End-of-Century-Budget-500-with-OAE,1233.4765339,0.0062527607760489235,30.20287940166064,R10PAC_OECD
728,REMIND-MAgPIE 3.2.0-4.8.0,RESCUE-Peak-Budget-1150,1445.0783998000002,0.007360508225213598,35.38415805698867,R10PAC_OECD
729,REMIND-MAgPIE 3.2.0-4.8.0,RESCUE-Peak-Budget-1150-with-OAE,1441.1342658000003,0.007340466231965488,35.28758207822291,R10PAC_OECD
730,REMIND-MAgPIE 3.3-4.8,NGFS Phase 5-Below 2°C,1264.4839319000002,0.008289114484488937,30.962125870170453,R10PAC_OECD
731,REMIND-MAgPIE 3.3-4.8,NGFS Phase 5-Delayed Transition,1771.4949726,0.01172999553824709,43.37678711156057,R10PAC_OECD
732,REMIND-MAgPIE 3.3-4.8,NGFS Phase 5-Low Demand,1490.6023862000004,0.009812315111310652,36.49885739121493,R10PAC_OECD
733,REMIND-MAgPIE 3.3-4.8,NGFS Phase 5-Net-Zero 2050,1556.692427,0.010430766048671396,38.11713668317837,R10PAC_OECD
734,WITCH 5.0,ENGAGE-INDCi2030-1000,4418.119449745213,0.01422531411513799,4.926197476146252,R10PAC_OECD
735,WITCH 5.0,ENGAGE-INDCi2030-1000-NDCp,3746.2358557740863,0.012065376972067433,4.177048137262824,R10PAC_OECD
736,WITCH 5.0,ENGAGE-INDCi2030-1000f,4401.527621369372,0.01415109235169751,4.907697608951753,R10PAC_OECD
737,WITCH 5.0,ENGAGE-INDCi2030-1000f-NDCp,4291.395798407259,0.013795397638478212,4.784900768691892,R10PAC_OECD
738,WITCH 5.0,ENGAGE-INDCi2030-1200,3235.2605369313737,0.01039317996662103,3.6073113171772655,R10PAC_OECD
739,WITCH 5.0,ENGAGE-INDCi2030-1200-NDCp,3047.1439096956233,0.009790128047060736,3.3975615209458985,R10PAC_OECD
740,WITCH 5.0,ENGAGE-INDCi2030-1200f,4273.679331026702,0.013719034018054887,4.7651469304607055,R10PAC_OECD
741,WITCH 5.0,ENGAGE-INDCi2030-1200f-NDCp,4198.8292361381955,0.013480090993764455,4.681689171402079,R10PAC_OECD
742,WITCH 5.0,ENGAGE-INDCi2030-1400,2858.4951455535947,0.009164057456496809,3.187218392751806,R10PAC_OECD
743,WITCH 5.0,ENGAGE-INDCi2030-1400-NDCp,2781.9307689222014,0.008920099055118438,3.101849211765531,R10PAC_OECD
744,WITCH 5.0,ENGAGE-INDCi2030-1400f,3569.1708671116276,0.011441266519440635,3.9796209037566843,R10PAC_OECD
745,WITCH 5.0,ENGAGE-INDCi2030-1400f-NDCp,3232.3915131834365,0.01036161339278378,3.604112359406464,R10PAC_OECD
746,WITCH 5.0,ENGAGE-INDCi2030-1600-NDCp,2731.24328670043,0.008746450423263965,3.045332734600682,R10PAC_OECD
747,WITCH 5.0,ENGAGE-INDCi2030-500f,4418.232689566229,0.014346553993080893,4.926323738400325,R10PAC_OECD
748,WITCH 5.0,ENGAGE-INDCi2030-600f,4420.917149842497,0.014309050445236008,4.929316908138759,R10PAC_OECD
749,WITCH 5.0,ENGAGE-INDCi2030-600f-NDCp,4390.879081404795,0.014197894442947267,4.895824500654247,R10PAC_OECD
750,WITCH 5.0,ENGAGE-INDCi2030-700f,4420.893235788397,0.01427425764345714,4.929290243999346,R10PAC_OECD
751,WITCH 5.0,ENGAGE-INDCi2030-700f-NDCp,4389.983334991328,0.014167261897911449,4.894825744560963,R10PAC_OECD
752,WITCH 5.0,ENGAGE-INDCi2030-800,4440.7172079163,0.014393485237025754,4.9513939472999215,R10PAC_OECD
753,WITCH 5.0,ENGAGE-INDCi2030-800-NDCp,4392.870223548225,0.014225275526352317,4.898044621570665,R10PAC_OECD
754,WITCH 5.0,ENGAGE-INDCi2030-800f,4420.132413473966,0.014246404061449334,4.928441928102101,R10PAC_OECD
755,WITCH 5.0,ENGAGE-INDCi2030-800f-NDCp,4387.772718890605,0.0141374481817932,4.892360910465828,R10PAC_OECD
756,WITCH 5.0,ENGAGE-INDCi2030-900,4423.3864496384585,0.014275354390906556,4.932070174219742,R10PAC_OECD
757,WITCH 5.0,ENGAGE-INDCi2030-900-NDCp,4389.983194469646,0.014167552044787245,4.8948255878794695,R10PAC_OECD
758,WITCH 5.0,ENGAGE-INDCi2030-900f,4416.581868292385,0.014212476524654122,4.9244830748136375,R10PAC_OECD
759,WITCH 5.0,ENGAGE-INDCi2030-900f-NDCp,4383.535876567041,0.014104808330526884,4.887636836751077,R10PAC_OECD
760,IMAGE 3.0,ENGAGE-INDCi2030-1000,6995.68176469434,0.06510446736498608,3.295602797491219,R10REF_ECON
761,IMAGE 3.0,ENGAGE-INDCi2030-1000f,5007.500404987066,0.046601697684697255,2.3589884300340005,R10REF_ECON
762,IMAGE 3.0,ENGAGE-INDCi2030-1200,5658.239311205591,0.05265772071548213,2.665545679477986,R10REF_ECON
763,IMAGE 3.0,ENGAGE-INDCi2030-1200f,4918.676777063011,0.04577507132004387,2.317144417325023,R10REF_ECON
764,IMAGE 3.0,ENGAGE-INDCi2030-1400f,4728.904731056668,0.04400898069563045,2.2277445122492288,R10REF_ECON
765,IMAGE 3.0,ENGAGE-INDCi2030-800f,6920.956818313029,0.06440904867719148,3.260400546928669,R10REF_ECON
766,IMAGE 3.0,ENGAGE-NPi2020-1000,7970.8533873637825,0.07417978428459689,3.754997383437466,R10REF_ECON
767,IMAGE 3.0,ENGAGE-NPi2020-1200,6790.4177093616745,0.06319420222699004,3.198904746074313,R10REF_ECON
768,IMAGE 3.0,ENGAGE-NPi2020-1400,6170.646880632587,0.05742637986886049,2.9069362795738543,R10REF_ECON
769,IMAGE 3.0,ENGAGE-NPi2020-1400f,6505.052004923592,0.060538480766726174,3.0644715277709236,R10REF_ECON
770,IMAGE 3.2,SSP2021-SSP1-SPA1-19-Default,4791.821688322201,0.05517876547790488,2.2574525459956503,R10REF_ECON
771,IMAGE 3.2,SSP2021-SSP1-SPA1-19-Lifestyle-Renewables,6106.688114661796,0.0778742652756241,2.876893075057535,R10REF_ECON
772,IMAGE 3.2,SSP2021-SSP1-SPA1-19-Renewables,4649.642440966832,0.053541543591129316,2.1904711504415713,R10REF_ECON
773,IMAGE 3.2,SSP2021-SSP1-SPA1-26-Default,1042.6266127877825,0.012006049700940172,0.49118691275524345,R10REF_ECON
774,IMAGE 3.2,SSP2021-SSP1-SPA1-26-Lifestyle,3572.926637539263,0.04114295018176435,1.683224639644886,R10REF_ECON
775,IMAGE 3.2,SSP2021-SSP1-SPA1-26-Lifestyle-Renewables,3600.779586274616,0.045918189931357115,1.6963463111355723,R10REF_ECON
776,IMAGE 3.2,SSP2021-SSP1-SPA1-26-Renewables,1084.8746845800295,0.01249254452419273,0.5110902028679039,R10REF_ECON
777,IMAGE 3.2,SSP2021-SSP2-SPA0-26-Default,7026.0212599704055,0.08695356041165521,3.309895461004143,R10REF_ECON
778,IMAGE 3.2,SSP2021-SSP2-SPA2-19-Renewables,2417.4083010484537,0.030827494671515417,1.138819321344854,R10REF_ECON
779,IMAGE 3.2,SSP2021-SSP2-SPA2-26-Default,1076.5689147294156,0.01372872032744583,0.5071619388091715,R10REF_ECON
780,IMAGE 3.2,SSP2021-SSP2-SPA2-26-Lifestyle,2630.465396136018,0.03354446079622502,1.239188603741251,R10REF_ECON
781,IMAGE 3.2,SSP2021-SSP2-SPA2-26-Lifestyle-Renewables,2532.559538052509,0.032295936781034665,1.1930660340413,R10REF_ECON
782,IMAGE 3.2,SSP2021-SSP2-SPA2-26-Renewables,1523.039358880745,0.019422241455876985,0.7174901518745578,R10REF_ECON
783,IMAGE 3.3,NAVIGATE Demand-1.5°C-ele_u,1187.3551756370443,0.014920095399483807,0.5593523505019089,R10REF_ECON
784,IMAGE 3.3,NAVIGATE Demand-1.5°C-tec_u,1303.9208504710773,0.01638483907897792,0.6142653921461461,R10REF_ECON
785,IMAGE 3.3,NAVIGATE Demand-2.0°C-ele_u,675.2170999261629,0.008484658805530567,0.3180887064733136,R10REF_ECON
786,IMAGE 3.3,NAVIGATE Demand-2.0°C-ref,472.5978162561006,0.005938580678140895,0.22263658321368732,R10REF_ECON
787,IMAGE 3.3,NAVIGATE Demand-2.0°C-tec_u,483.9195772182745,0.006080847926485651,0.2279701630354243,R10REF_ECON
788,MESSAGEix-GLOBIOM 2.0-M-R12-NGFS,NGFS Phase 5-Below 2°C,1260.6335368212938,0.009063108480803838,0.5915616426268251,R10REF_ECON
789,MESSAGEix-GLOBIOM 2.0-M-R12-NGFS,NGFS Phase 5-Delayed Transition,1420.0340551576187,0.01019104144094489,0.6663615188068374,R10REF_ECON
790,MESSAGEix-GLOBIOM 2.0-M-R12-NGFS,NGFS Phase 5-Low Demand,1832.2477048113751,0.013072416133530357,0.859795833046363,R10REF_ECON
791,MESSAGEix-GLOBIOM 2.0-M-R12-NGFS,NGFS Phase 5-Nationally Determined Contributions (NDCs),1147.9032766165637,0.008206092538195377,0.5386621314265982,R10REF_ECON
792,MESSAGEix-GLOBIOM 2.0-M-R12-NGFS,NGFS Phase 5-Net-Zero 2050,2050.154275428942,0.014874647258255602,0.9620501084472399,R10REF_ECON
793,POLES-JRC ENGAGE,ENGAGE-INDCi2030-1000,30296.641490536058,0.36188871333024925,13.6896404274246,R10REF_ECON
794,POLES-JRC ENGAGE,ENGAGE-INDCi2030-1000-COV,30229.56251295122,0.40454900230367674,13.659330563419951,R10REF_ECON
795,POLES-JRC ENGAGE,ENGAGE-INDCi2030-1000-COV-NDCp,30218.60457046541,0.40440235695616183,13.654379179864716,R10REF_ECON
796,POLES-JRC ENGAGE,ENGAGE-INDCi2030-1000-NDCp,30286.47279580149,0.3617672498388292,13.685045668148195,R10REF_ECON
797,POLES-JRC ENGAGE,ENGAGE-INDCi2030-1000f,30185.089928644025,0.36055624711561296,13.639235475050702,R10REF_ECON
798,POLES-JRC ENGAGE,ENGAGE-INDCi2030-1000f-COV,30094.544873627154,0.40274212033975326,13.598322384203666,R10REF_ECON
799,POLES-JRC ENGAGE,ENGAGE-INDCi2030-1000f-COV-NDCp,29997.141403528178,0.40143861233719536,13.554310295191922,R10REF_ECON
800,POLES-JRC ENGAGE,ENGAGE-INDCi2030-1000f-NDCp,30236.754639970386,0.36117337412991635,13.662580350457617,R10REF_ECON
801,POLES-JRC ENGAGE,ENGAGE-INDCi2030-1200,30131.684995608655,0.35991833342119584,13.615104274550037,R10REF_ECON
802,POLES-JRC ENGAGE,ENGAGE-INDCi2030-1200f,30023.461446797726,0.3586256198099048,13.566203096197833,R10REF_ECON
803,POLES-JRC ENGAGE,ENGAGE-INDCi2030-300f,30377.3217534593,0.3628524266365429,13.72609607843642,R10REF_ECON
804,POLES-JRC ENGAGE,ENGAGE-INDCi2030-400f,30369.92774738582,0.3627641063735486,13.722755071661933,R10REF_ECON
805,POLES-JRC ENGAGE,ENGAGE-INDCi2030-500f,30362.546477990472,0.36267593824821165,13.719419819998746,R10REF_ECON
806,POLES-JRC ENGAGE,ENGAGE-INDCi2030-600f,30346.099400358522,0.36247948044069767,13.71198815207167,R10REF_ECON
807,POLES-JRC ENGAGE,ENGAGE-INDCi2030-600f-COV,30320.141115503637,0.40576117609140333,13.700258812834942,R10REF_ECON
808,POLES-JRC ENGAGE,ENGAGE-INDCi2030-600f-COV-NDCp,30309.343964534128,0.40561668254636557,13.695380083472832,R10REF_ECON
809,POLES-JRC ENGAGE,ENGAGE-INDCi2030-600f-NDCp,30345.6877950004,0.3624745638781309,13.711802166791669,R10REF_ECON
810,POLES-JRC ENGAGE,ENGAGE-INDCi2030-700f,30306.380897002546,0.36200504903946834,13.694041211338037,R10REF_ECON
811,POLES-JRC ENGAGE,ENGAGE-INDCi2030-800f,30257.644778328264,0.3614229036130436,13.672019630474441,R10REF_ECON
812,POLES-JRC ENGAGE,ENGAGE-INDCi2030-900,30422.139027046287,0.3633877620623666,13.74634691582825,R10REF_ECON
813,POLES-JRC ENGAGE,ENGAGE-INDCi2030-900f,30225.770692782724,0.36104217257358967,13.657617216589466,R10REF_ECON
814,POLES-JRC ENGAGE,ENGAGE-NPi2020-1000f,30032.81140668799,0.35873730363979184,13.570427907352183,R10REF_ECON
815,POLES-JRC ENGAGE,ENGAGE-NPi2020-1000f-COV,30001.29338430534,0.4014941764784318,13.55618638181752,R10REF_ECON
816,POLES-JRC ENGAGE,ENGAGE-NPi2020-1200f,29956.00963666735,0.3578199183334721,13.53572476654033,R10REF_ECON
817,POLES-JRC ENGAGE,ENGAGE-NPi2020-900f,30146.432052135784,0.36009448473861755,13.621767782162996,R10REF_ECON
818,REMIND-MAgPIE 2.1-4.2,NGFS Phase 2-Delayed Transition,2147.1615,0.028963150294173196,1.0178499534654284,R10REF_ECON
819,REMIND-MAgPIE 3.2.0-4.8.0,RESCUE-End-of-Century-Budget-1150,1004.5583224999999,0.012763006398310732,0.4738111203263215,R10REF_ECON
820,REMIND-MAgPIE 3.2.0-4.8.0,RESCUE-End-of-Century-Budget-1150-with-OAE,992.5978398999999,0.01259452787587861,0.46816982550707575,R10REF_ECON
821,REMIND-MAgPIE 3.2.0-4.8.0,RESCUE-End-of-Century-Budget-500,1356.8777318000002,0.017514393901227342,0.6399864934173557,R10REF_ECON
822,REMIND-MAgPIE 3.2.0-4.8.0,RESCUE-End-of-Century-Budget-500-with-OAE,1322.9826468,0.017071522875452116,0.6239994990958728,R10REF_ECON
823,REMIND-MAgPIE 3.2.0-4.8.0,RESCUE-Peak-Budget-1150,1186.2060807000003,0.015283777152763398,0.5594873084478,R10REF_ECON
824,REMIND-MAgPIE 3.2.0-4.8.0,RESCUE-Peak-Budget-1150-with-OAE,1189.7983796,0.015346245235183496,0.5611816562305352,R10REF_ECON
825,REMIND-MAgPIE 3.3-4.8,NGFS Phase 5-Below 2°C,1277.1343265,0.015578773547672793,0.6023746282249005,R10REF_ECON
826,REMIND-MAgPIE 3.3-4.8,NGFS Phase 5-Delayed Transition,1194.8015636,0.015014350533520394,0.5635414636833659,R10REF_ECON
827,REMIND-MAgPIE 3.3-4.8,NGFS Phase 5-Low Demand,1283.6708661,0.015669709123393123,0.6054576599230758,R10REF_ECON
828,REMIND-MAgPIE 3.3-4.8,NGFS Phase 5-Net-Zero 2050,1379.1089766,0.018410429183653165,0.6504721076111863,R10REF_ECON
829,WITCH 5.0,ENGAGE-INDCi2030-1000,4277.149577956166,0.024930865624470003,1.8552608200139853,R10REF_ECON
830,WITCH 5.0,ENGAGE-INDCi2030-1000-NDCp,4274.898225304283,0.024889782326964253,1.8542842709616447,R10REF_ECON
831,WITCH 5.0,ENGAGE-INDCi2030-1000f,4234.624364121279,0.024579484138032688,1.8368150393246219,R10REF_ECON
832,WITCH 5.0,ENGAGE-INDCi2030-1000f-NDCp,4229.904644124596,0.024524045044588424,1.834767808702525,R10REF_ECON
833,WITCH 5.0,ENGAGE-INDCi2030-1200,4221.265064026254,0.02438736078904766,1.8310202955127974,R10REF_ECON
834,WITCH 5.0,ENGAGE-INDCi2030-1200-NDCp,4219.14186385435,0.02437214426726881,1.8300993340125775,R10REF_ECON
835,WITCH 5.0,ENGAGE-INDCi2030-1200f,4214.955642004625,0.02431636994145121,1.828283514097906,R10REF_ECON
836,WITCH 5.0,ENGAGE-INDCi2030-1200f-NDCp,4211.381989265182,0.024285911685770958,1.8267334027934068,R10REF_ECON
837,WITCH 5.0,ENGAGE-INDCi2030-1400,4186.932332330952,0.024032082598211935,1.8161280943406368,R10REF_ECON
838,WITCH 5.0,ENGAGE-INDCi2030-1400-NDCp,4184.123014385501,0.024014731011796887,1.8149095216860773,R10REF_ECON
839,WITCH 5.0,ENGAGE-INDCi2030-1400f,4187.216578046215,0.024033148958286985,1.816251389055767,R10REF_ECON
840,WITCH 5.0,ENGAGE-INDCi2030-1400f-NDCp,4181.155955143281,0.023981638195593718,1.813622527003656,R10REF_ECON
841,WITCH 5.0,ENGAGE-INDCi2030-1600-NDCp,4144.419834588923,0.023661152683012547,1.7976878293968495,R10REF_ECON
842,WITCH 5.0,ENGAGE-INDCi2030-500f,4899.486781887272,0.029194286826954595,2.1252064485795774,R10REF_ECON
843,WITCH 5.0,ENGAGE-INDCi2030-600f,4899.158934697427,0.02895034401950599,2.125064241243784,R10REF_ECON
844,WITCH 5.0,ENGAGE-INDCi2030-600f-NDCp,4898.051156456344,0.028884104479854233,2.124583730209394,R10REF_ECON
845,WITCH 5.0,ENGAGE-INDCi2030-700f,4861.202543597176,0.02856581171976124,2.1086002378242283,R10REF_ECON
846,WITCH 5.0,ENGAGE-INDCi2030-700f-NDCp,4860.527446508012,0.02851634729938787,2.108307407013333,R10REF_ECON
847,WITCH 5.0,ENGAGE-INDCi2030-800,6581.921780154111,0.03918303202330424,2.8549811916916252,R10REF_ECON
848,WITCH 5.0,ENGAGE-INDCi2030-800-NDCp,6580.1514068382385,0.03908573410768787,2.8542132727330123,R10REF_ECON
849,WITCH 5.0,ENGAGE-INDCi2030-800f,4440.1143521268405,0.025950780194098976,1.9259485888307482,R10REF_ECON
850,WITCH 5.0,ENGAGE-INDCi2030-800f-NDCp,4326.534841157238,0.025262618673545213,1.8766822228041138,R10REF_ECON
851,WITCH 5.0,ENGAGE-INDCi2030-900,5322.267352103972,0.031241866050542286,2.3085921855266185,R10REF_ECON
852,WITCH 5.0,ENGAGE-INDCi2030-900-NDCp,4614.943237440868,0.027051467035179525,2.001782546754854,R10REF_ECON
853,WITCH 5.0,ENGAGE-INDCi2030-900f,4273.879510207285,0.02488421576163213,1.8538423920486515,R10REF_ECON
854,WITCH 5.0,ENGAGE-INDCi2030-900f-NDCp,4239.515467354542,0.02466111447639567,1.8389366093164887,R10REF_ECON
855,IMAGE 3.0,ENGAGE-INDCi2030-1000,33065.65103693325,0.04056409570410676,18.37540144136848,R10NORTH_AM
856,IMAGE 3.0,ENGAGE-INDCi2030-1000f,28503.696430781365,0.03496760637337986,15.840210250010776,R10NORTH_AM
857,IMAGE 3.0,ENGAGE-INDCi2030-1200,32083.76992838508,0.039359549051971754,17.82974578447197,R10NORTH_AM
858,IMAGE 3.0,ENGAGE-INDCi2030-1200f,24882.20949806078,0.03052485875090103,13.827660243689081,R10NORTH_AM
859,IMAGE 3.0,ENGAGE-INDCi2030-1400f,24486.15211419105,0.03003898567355968,13.60756134364639,R10NORTH_AM
860,IMAGE 3.0,ENGAGE-INDCi2030-800f,32725.910653764447,0.04014731088405237,18.186599293798544,R10NORTH_AM
861,IMAGE 3.0,ENGAGE-NPi2020-1000,33596.214277261846,0.041214977128873835,18.670248578059713,R10NORTH_AM
862,IMAGE 3.0,ENGAGE-NPi2020-1200,32715.437165439405,0.04013446227622371,18.180778916868746,R10NORTH_AM
863,IMAGE 3.0,ENGAGE-NPi2020-1400,27157.401947531132,0.03331600670569225,15.092041052906795,R10NORTH_AM
864,IMAGE 3.0,ENGAGE-NPi2020-1400f,26630.25971121645,0.03266932208122617,14.799095052897192,R10NORTH_AM
865,IMAGE 3.2,SSP2021-SSP1-SPA1-19-Default,14319.49542111904,0.018602664417674667,7.957695257501665,R10NORTH_AM
866,IMAGE 3.2,SSP2021-SSP1-SPA1-19-Lifestyle-Renewables,34404.042534900895,0.047008310182951624,19.119171316266343,R10NORTH_AM
867,IMAGE 3.2,SSP2021-SSP1-SPA1-19-Renewables,5674.020298893827,0.007371202155889045,3.1531924202359245,R10NORTH_AM
868,IMAGE 3.2,SSP2021-SSP1-SPA1-26-Default,568.8680491051872,0.0007390247424384506,0.3161339449036819,R10NORTH_AM
869,IMAGE 3.2,SSP2021-SSP1-SPA1-26-Lifestyle,18597.787748707626,0.024160656100360865,10.335247368398381,R10NORTH_AM
870,IMAGE 3.2,SSP2021-SSP1-SPA1-26-Lifestyle-Renewables,18590.188433298088,0.025400891286117964,10.331024242204595,R10NORTH_AM
871,IMAGE 3.2,SSP2021-SSP1-SPA1-26-Renewables,435.69444262989543,0.0005660169766132972,0.24212610136543491,R10NORTH_AM
872,IMAGE 3.2,SSP2021-SSP2-SPA0-26-Default,19588.98478507586,0.026934483540496587,10.886084137662062,R10NORTH_AM
873,IMAGE 3.2,SSP2021-SSP2-SPA2-19-Renewables,36788.85282396478,0.05026681975147354,20.44447691208905,R10NORTH_AM
874,IMAGE 3.2,SSP2021-SSP2-SPA2-26-Default,4316.273588754657,0.005897583910054458,2.398660163550166,R10NORTH_AM
875,IMAGE 3.2,SSP2021-SSP2-SPA2-26-Lifestyle,16110.399034907403,0.02201260605452955,8.952947858682638,R10NORTH_AM
876,IMAGE 3.2,SSP2021-SSP2-SPA2-26-Lifestyle-Renewables,15588.779220025512,0.02129988556446891,8.663070805074318,R10NORTH_AM
877,IMAGE 3.2,SSP2021-SSP2-SPA2-26-Renewables,15678.039660530423,0.021421847466767605,8.712675043178661,R10NORTH_AM
878,IMAGE 3.3,NAVIGATE Demand-1.5°C-ele_u,4363.8881681284765,0.006003724622077495,2.425120764899843,R10NORTH_AM
879,IMAGE 3.3,NAVIGATE Demand-1.5°C-tec_u,5041.255657604745,0.006935629317634248,2.8015506597340805,R10NORTH_AM
880,IMAGE 3.3,NAVIGATE Demand-2.0°C-ele_u,1579.9575506184194,0.002173664787691642,0.8780215523507016,R10NORTH_AM
881,IMAGE 3.3,NAVIGATE Demand-2.0°C-ref,2740.8527022058374,0.0037707943512168304,1.5231597478131187,R10NORTH_AM
882,IMAGE 3.3,NAVIGATE Demand-2.0°C-tec_u,2434.7431252470055,0.0033496567020754606,1.3530470724152202,R10NORTH_AM
883,MESSAGEix-GLOBIOM 2.0-M-R12-NGFS,NGFS Phase 5-Below 2°C,3505.3751627943334,0.004189618082233062,1.9193533850043163,R10NORTH_AM
884,MESSAGEix-GLOBIOM 2.0-M-R12-NGFS,NGFS Phase 5-Delayed Transition,2786.9131933693807,0.003327327853958728,1.5259625640590953,R10NORTH_AM
885,MESSAGEix-GLOBIOM 2.0-M-R12-NGFS,NGFS Phase 5-Low Demand,4426.525644727388,0.005274929424781578,2.4237254460498967,R10NORTH_AM
886,MESSAGEix-GLOBIOM 2.0-M-R12-NGFS,NGFS Phase 5-Nationally Determined Contributions (NDCs),2798.812772157442,0.003340425631970036,1.5324781282330548,R10NORTH_AM
887,MESSAGEix-GLOBIOM 2.0-M-R12-NGFS,NGFS Phase 5-Net-Zero 2050,4748.803958233915,0.00570143088091453,2.6001875772670133,R10NORTH_AM
888,POLES-JRC ENGAGE,ENGAGE-INDCi2030-1000,15057.606666864098,0.018289753987571076,7.597979074557143,R10NORTH_AM
889,POLES-JRC ENGAGE,ENGAGE-INDCi2030-1000-COV,15079.690332294645,0.019537746712142628,7.6091223612389545,R10NORTH_AM
890,POLES-JRC ENGAGE,ENGAGE-INDCi2030-1000-COV-NDCp,15134.454633637892,0.01960870115649354,7.636756103097439,R10NORTH_AM
891,POLES-JRC ENGAGE,ENGAGE-INDCi2030-1000-NDCp,15588.284176691996,0.018934342554414712,7.865755800581172,R10NORTH_AM
892,POLES-JRC ENGAGE,ENGAGE-INDCi2030-1000f,14610.49484020585,0.017746668655656512,7.372369096949468,R10NORTH_AM
893,POLES-JRC ENGAGE,ENGAGE-INDCi2030-1000f-COV,14777.212854982556,0.01914584686488945,7.456494019033711,R10NORTH_AM
894,POLES-JRC ENGAGE,ENGAGE-INDCi2030-1000f-COV-NDCp,14756.755610152704,0.01911934178029511,7.44617141454688,R10NORTH_AM
895,POLES-JRC ENGAGE,ENGAGE-INDCi2030-1000f-NDCp,15321.303712591156,0.01861005416543471,7.731039040844202,R10NORTH_AM
896,POLES-JRC ENGAGE,ENGAGE-INDCi2030-1200,14565.11863398665,0.017691552350190466,7.349472532245399,R10NORTH_AM
897,POLES-JRC ENGAGE,ENGAGE-INDCi2030-1200f,14173.486907066048,0.01721585603950996,7.151857484123338,R10NORTH_AM
898,POLES-JRC ENGAGE,ENGAGE-INDCi2030-300f,16073.098865271748,0.019523223747811645,8.110390418841794,R10NORTH_AM
899,POLES-JRC ENGAGE,ENGAGE-INDCi2030-400f,15765.01512807721,0.019149009180681298,7.954933191129326,R10NORTH_AM
900,POLES-JRC ENGAGE,ENGAGE-INDCi2030-500f,15536.869336010159,0.01887189140874557,7.839812176719489,R10NORTH_AM
901,POLES-JRC ENGAGE,ENGAGE-INDCi2030-600f,15440.502930463494,0.018754839749135308,7.791186259664217,R10NORTH_AM
902,POLES-JRC ENGAGE,ENGAGE-INDCi2030-600f-COV,15684.208518327416,0.020320980514782323,7.914158654807034,R10NORTH_AM
903,POLES-JRC ENGAGE,ENGAGE-INDCi2030-600f-COV-NDCp,15739.354015096647,0.020392428848564424,7.941984745618047,R10NORTH_AM
904,POLES-JRC ENGAGE,ENGAGE-INDCi2030-600f-NDCp,15880.982761665804,0.019289869513653315,8.013449771674033,R10NORTH_AM
905,POLES-JRC ENGAGE,ENGAGE-INDCi2030-700f,15132.424201608837,0.018380631265395655,7.6357315591303685,R10NORTH_AM
906,POLES-JRC ENGAGE,ENGAGE-INDCi2030-800f,14907.089548648537,0.01810692804955937,7.522029028851596,R10NORTH_AM
907,POLES-JRC ENGAGE,ENGAGE-INDCi2030-900,16261.991763771714,0.019752662909027503,8.205704655817682,R10NORTH_AM
908,POLES-JRC ENGAGE,ENGAGE-INDCi2030-900f,14676.441031814755,0.01782677033765876,7.405645154358632,R10NORTH_AM
909,POLES-JRC ENGAGE,ENGAGE-NPi2020-1000f,15056.095988877178,0.01828791903933883,7.597216795399043,R10NORTH_AM
910,POLES-JRC ENGAGE,ENGAGE-NPi2020-1000f-COV,14745.724823105764,0.019105049926907567,7.440605344784745,R10NORTH_AM
911,POLES-JRC ENGAGE,ENGAGE-NPi2020-1200f,14458.013688484603,0.017561457100166735,7.295428011578184,R10NORTH_AM
912,POLES-JRC ENGAGE,ENGAGE-NPi2020-900f,15394.855829729138,0.018699394401069835,7.768153003193449,R10NORTH_AM
913,REMIND-MAgPIE 2.1-4.2,NGFS Phase 2-Delayed Transition,7066.6673,0.01005954249788463,7.884245415860252,R10NORTH_AM
914,REMIND-MAgPIE 3.2.0-4.8.0,RESCUE-End-of-Century-Budget-1150,1662.4694558,0.0021433394565398577,1.8329804454604703,R10NORTH_AM
915,REMIND-MAgPIE 3.2.0-4.8.0,RESCUE-End-of-Century-Budget-1150-with-OAE,1614.3155664,0.002081201511462264,1.7798876578996956,R10NORTH_AM
916,REMIND-MAgPIE 3.2.0-4.8.0,RESCUE-End-of-Century-Budget-500,3317.5225106999997,0.004280975111587677,3.6577838277105643,R10NORTH_AM
917,REMIND-MAgPIE 3.2.0-4.8.0,RESCUE-End-of-Century-Budget-500-with-OAE,2866.1563343999997,0.0036980777247602008,3.160123331144007,R10NORTH_AM
918,REMIND-MAgPIE 3.2.0-4.8.0,RESCUE-Peak-Budget-1150,2789.5685720000006,0.003600877580515867,3.075680353649893,R10NORTH_AM
919,REMIND-MAgPIE 3.2.0-4.8.0,RESCUE-Peak-Budget-1150-with-OAE,2923.7139138000002,0.0037740756771021816,3.2235842970944883,R10NORTH_AM
920,REMIND-MAgPIE 3.3-4.8,NGFS Phase 5-Below 2°C,4473.112389500001,0.005878107230966187,4.931896650308648,R10NORTH_AM
921,REMIND-MAgPIE 3.3-4.8,NGFS Phase 5-Delayed Transition,7381.2523905,0.009748797531850232,8.138309698017402,R10NORTH_AM
922,REMIND-MAgPIE 3.3-4.8,NGFS Phase 5-Low Demand,6700.9185032,0.008827172619924517,7.388197443350491,R10NORTH_AM
923,REMIND-MAgPIE 3.3-4.8,NGFS Phase 5-Net-Zero 2050,9005.6065622,0.011924760032710804,9.929265569621958,R10NORTH_AM
924,WITCH 5.0,ENGAGE-INDCi2030-1000,9775.188665409136,0.011461013195722364,5.4463101204203275,R10NORTH_AM
925,WITCH 5.0,ENGAGE-INDCi2030-1000-NDCp,9700.644378624444,0.01137760839784303,5.404777284847379,R10NORTH_AM
926,WITCH 5.0,ENGAGE-INDCi2030-1000f,8185.225305485934,0.009579309722468437,4.560451664420409,R10NORTH_AM
927,WITCH 5.0,ENGAGE-INDCi2030-1000f-NDCp,8185.81577740564,0.00958408225899429,4.560780649701634,R10NORTH_AM
928,WITCH 5.0,ENGAGE-INDCi2030-1200,7269.780077135121,0.008497584571237818,4.0504053847511,R10NORTH_AM
929,WITCH 5.0,ENGAGE-INDCi2030-1200-NDCp,7194.571259111793,0.008415656653409417,4.008502301264357,R10NORTH_AM
930,WITCH 5.0,ENGAGE-INDCi2030-1200f,6578.658317020321,0.0076843957987139605,3.6653423884863208,R10NORTH_AM
931,WITCH 5.0,ENGAGE-INDCi2030-1200f-NDCp,6310.559438341589,0.007375999007940148,3.5159693496427575,R10NORTH_AM
932,WITCH 5.0,ENGAGE-INDCi2030-1400,4858.76132556184,0.005668401312326036,2.7070905622266848,R10NORTH_AM
933,WITCH 5.0,ENGAGE-INDCi2030-1400-NDCp,4923.389782928824,0.005748927418764861,2.743098728766786,R10NORTH_AM
934,WITCH 5.0,ENGAGE-INDCi2030-1400f,4811.401882098853,0.005612753897035029,2.6807039394147205,R10NORTH_AM
935,WITCH 5.0,ENGAGE-INDCi2030-1400f-NDCp,4805.016315406389,0.005609520429704376,2.6771461792842333,R10NORTH_AM
936,WITCH 5.0,ENGAGE-INDCi2030-1600-NDCp,4097.306160094142,0.0047786651281983145,2.282840850442786,R10NORTH_AM
937,WITCH 5.0,ENGAGE-INDCi2030-500f,12057.334798672764,0.014253209283975402,6.7178227231237955,R10NORTH_AM
938,WITCH 5.0,ENGAGE-INDCi2030-600f,12050.028680528227,0.014209057454676906,6.7137520717477885,R10NORTH_AM
939,WITCH 5.0,ENGAGE-INDCi2030-600f-NDCp,12068.83317939315,0.014222010856431285,6.724229120936606,R10NORTH_AM
940,WITCH 5.0,ENGAGE-INDCi2030-700f,12057.875042998214,0.014180989468931952,6.718123723773288,R10NORTH_AM
941,WITCH 5.0,ENGAGE-INDCi2030-700f-NDCp,12060.489445314292,0.014184393723847335,6.719580355075279,R10NORTH_AM
942,WITCH 5.0,ENGAGE-INDCi2030-800,12050.847065861186,0.014233715833603965,6.714208040473698,R10NORTH_AM
943,WITCH 5.0,ENGAGE-INDCi2030-800-NDCp,12053.846347559436,0.014235118397943301,6.715879109833717,R10NORTH_AM
944,WITCH 5.0,ENGAGE-INDCi2030-800f,12059.688413741806,0.014160089138683187,6.7191340551102,R10NORTH_AM
945,WITCH 5.0,ENGAGE-INDCi2030-800f-NDCp,10917.294278060584,0.012817352659303201,6.0826417115213465,R10NORTH_AM
946,WITCH 5.0,ENGAGE-INDCi2030-900,12057.798833591767,0.014178716364614952,6.718081263205435,R10NORTH_AM
947,WITCH 5.0,ENGAGE-INDCi2030-900-NDCp,12060.426471396113,0.014185052518554968,6.719545268746039,R10NORTH_AM
948,WITCH 5.0,ENGAGE-INDCi2030-900f,10244.213042185604,0.012007789120423936,5.707630111000233,R10NORTH_AM
949,WITCH 5.0,ENGAGE-INDCi2030-900f-NDCp,9503.141117334766,0.011140329821258274,5.294737054669072,R10NORTH_AM
