model,scenario,final_demand_reduction,electrification,transition_speed_score,Region
IMAGE 3.0,ENGAGE-INDCi2030-1000,0.10644498176175297,0.2729207134853322,0.3793656952470852,R10LATIN_AM
IMAGE 3.0,ENGAGE-INDCi2030-1000f,0.043362358061835,0.3519477998289619,0.39531015789079693,R10LATIN_AM
IMAGE 3.0,ENGAGE-INDCi2030-1200,0.06850442575845066,0.0808005081058792,0.14930493386432986,R10LATIN_AM
IMAGE 3.0,ENGAGE-INDCi2030-1200f,0.022256545986258258,0.21573157138892052,0.23798811737517878,R10LATIN_AM
IMAGE 3.0,ENGAGE-INDCi2030-1400f,0.02162608080811797,0.3144162941517988,0.33604237495991673,R10LATIN_AM
IMAGE 3.0,ENGAGE-INDCi2030-800f,0.10242263857008116,0.3660982004650696,0.46852083903515074,R10LATIN_AM
IMAGE 3.0,ENGAGE-NPi2020-1000,0.07097724324499295,0.15609228623928326,0.22706952948427622,R10LATIN_AM
IMAGE 3.0,ENGAGE-NPi2020-1200,0.021488559783463177,0.1509629094102878,0.17245146919375098,R10LATIN_AM
IMAGE 3.0,ENGAGE-NPi2020-1400,0.00046837160372579004,0.17767546054220898,0.17814383214593477,R10LATIN_AM
IMAGE 3.0,ENGAGE-NPi2020-1400f,0.018000200874130984,0.2820416314568557,0.3000418323309867,R10LATIN_AM
IMAGE 3.2,SSP2021-SSP1-SPA1-19-Default,0.0,0.23356588717617174,0.23356588717617174,R10LATIN_AM
IMAGE 3.2,SSP2021-SSP1-SPA1-19-Lifestyle-Renewables,0.03802435573838198,0.24906660053837903,0.287090956276761,R10LATIN_AM
IMAGE 3.2,SSP2021-SSP1-SPA1-19-Renewables,0.010786463072570517,0.30270637169522496,0.3134928347677955,R10LATIN_AM
IMAGE 3.2,SSP2021-SSP1-SPA1-26-Default,0.008374827258891092,0.17535980751769503,0.18373463477658614,R10LATIN_AM
IMAGE 3.2,SSP2021-SSP1-SPA1-26-Lifestyle,0.010643614551002593,0.16391240710690574,0.17455602165790834,R10LATIN_AM
IMAGE 3.2,SSP2021-SSP1-SPA1-26-Lifestyle-Renewables,0.026195049570444662,0.2300731468994098,0.25626819646985444,R10LATIN_AM
IMAGE 3.2,SSP2021-SSP1-SPA1-26-Renewables,0.0030786738015122902,0.2649838753701301,0.26806254917164235,R10LATIN_AM
IMAGE 3.2,SSP2021-SSP2-SPA0-26-Default,0.015169691760379992,0.09165798444018004,0.10682767620056004,R10LATIN_AM
IMAGE 3.2,SSP2021-SSP2-SPA2-19-Renewables,0.08059891994126321,0.2916674116937285,0.37226633163499173,R10LATIN_AM
IMAGE 3.2,SSP2021-SSP2-SPA2-26-Default,0.004781001279696817,0.12027020394632543,0.12505120522602226,R10LATIN_AM
IMAGE 3.2,SSP2021-SSP2-SPA2-26-Lifestyle,0.009413908685464198,0.10959890704335674,0.11901281572882094,R10LATIN_AM
IMAGE 3.2,SSP2021-SSP2-SPA2-26-Lifestyle-Renewables,0.022827750774682406,0.24467575647498907,0.2675035072496715,R10LATIN_AM
IMAGE 3.2,SSP2021-SSP2-SPA2-26-Renewables,0.017516688724726347,0.22706727817404454,0.24458396689877088,R10LATIN_AM
IMAGE 3.3,NAVIGATE Demand-1.5°C-ele_u,0.04557955710374526,0.26846369514064855,0.31404325224439383,R10LATIN_AM
IMAGE 3.3,NAVIGATE Demand-1.5°C-tec_u,0.05180021411405047,0.19041167059338213,0.2422118847074326,R10LATIN_AM
IMAGE 3.3,NAVIGATE Demand-2.0°C-ele_u,0.027451759799052077,0.22291063167682232,0.2503623914758744,R10LATIN_AM
IMAGE 3.3,NAVIGATE Demand-2.0°C-ref,0.021566013048939882,0.09503621655434918,0.11660222960328906,R10LATIN_AM
IMAGE 3.3,NAVIGATE Demand-2.0°C-tec_u,0.029006845403263544,0.09226320640431605,0.1212700518075796,R10LATIN_AM
MESSAGEix-GLOBIOM 2.0-M-R12-NGFS,NGFS Phase 5-Below 2°C,0.004651881537213022,0.37384854300466325,0.37850042454187627,R10LATIN_AM
MESSAGEix-GLOBIOM 2.0-M-R12-NGFS,NGFS Phase 5-Delayed Transition,0.022124004579112906,0.3640029300617078,0.3861269346408207,R10LATIN_AM
MESSAGEix-GLOBIOM 2.0-M-R12-NGFS,NGFS Phase 5-Low Demand,0.09311017530289432,0.2692776019752306,0.36238777727812493,R10LATIN_AM
MESSAGEix-GLOBIOM 2.0-M-R12-NGFS,NGFS Phase 5-Nationally Determined Contributions (NDCs),0.013547636738252787,0.2644220261983391,0.27796966293659187,R10LATIN_AM
MESSAGEix-GLOBIOM 2.0-M-R12-NGFS,NGFS Phase 5-Net-Zero 2050,0.03272274075193689,0.37018960476379514,0.402912345515732,R10LATIN_AM
POLES-JRC ENGAGE,ENGAGE-INDCi2030-1000,0.13177857129306136,0.48749306494123257,0.6192716362342939,R10LATIN_AM
POLES-JRC ENGAGE,ENGAGE-INDCi2030-1000-COV,0.08741826489329048,0.28438113330855075,0.3717993982018412,R10LATIN_AM
POLES-JRC ENGAGE,ENGAGE-INDCi2030-1000-COV-NDCp,0.08024390471483286,0.27214830208643076,0.3523922068012636,R10LATIN_AM
POLES-JRC ENGAGE,ENGAGE-INDCi2030-1000-NDCp,0.11281576027451724,0.37467016210591414,0.48748592238043137,R10LATIN_AM
POLES-JRC ENGAGE,ENGAGE-INDCi2030-1000f,0.07268791091612563,0.2525077562232688,0.32519566713939446,R10LATIN_AM
POLES-JRC ENGAGE,ENGAGE-INDCi2030-1000f-COV,0.05547622374286631,0.2223367839228893,0.2778130076657556,R10LATIN_AM
POLES-JRC ENGAGE,ENGAGE-INDCi2030-1000f-COV-NDCp,0.044655190688516325,0.2177581381165202,0.26241332880503654,R10LATIN_AM
POLES-JRC ENGAGE,ENGAGE-INDCi2030-1000f-NDCp,0.05879523663945935,0.343391049674084,0.40218628631354336,R10LATIN_AM
POLES-JRC ENGAGE,ENGAGE-INDCi2030-1200,0.06323384495386837,0.24250236587293542,0.3057362108268038,R10LATIN_AM
POLES-JRC ENGAGE,ENGAGE-INDCi2030-1200f,0.044907328550761585,0.21442541065661433,0.25933273920737593,R10LATIN_AM
POLES-JRC ENGAGE,ENGAGE-INDCi2030-300f,0.17033044342185558,0.667076425690435,0.8374068691122906,R10LATIN_AM
POLES-JRC ENGAGE,ENGAGE-INDCi2030-400f,0.1624526293525072,0.6207323489250983,0.7831849782776055,R10LATIN_AM
POLES-JRC ENGAGE,ENGAGE-INDCi2030-500f,0.1498193495883881,0.5639547681238972,0.7137741177122854,R10LATIN_AM
POLES-JRC ENGAGE,ENGAGE-INDCi2030-600f,0.140022483211343,0.5205990390594067,0.6606215222707498,R10LATIN_AM
POLES-JRC ENGAGE,ENGAGE-INDCi2030-600f-COV,0.12390100581781188,0.43546072447645795,0.5593617302942698,R10LATIN_AM
POLES-JRC ENGAGE,ENGAGE-INDCi2030-600f-COV-NDCp,0.11679745331561686,0.4198662654862142,0.5366637188018311,R10LATIN_AM
POLES-JRC ENGAGE,ENGAGE-INDCi2030-600f-NDCp,0.14222260198297962,0.5075777975941507,0.6498003995771303,R10LATIN_AM
POLES-JRC ENGAGE,ENGAGE-INDCi2030-700f,0.12416661047925147,0.4500379354837698,0.5742045459630213,R10LATIN_AM
POLES-JRC ENGAGE,ENGAGE-INDCi2030-800f,0.10869747515394626,0.38241809887799927,0.4911155740319455,R10LATIN_AM
POLES-JRC ENGAGE,ENGAGE-INDCi2030-900,0.1726321642886858,0.6776177373411973,0.8502499016298831,R10LATIN_AM
POLES-JRC ENGAGE,ENGAGE-INDCi2030-900f,0.08745306997083789,0.3023212958987071,0.389774365869545,R10LATIN_AM
POLES-JRC ENGAGE,ENGAGE-NPi2020-1000f,0.03051359563193057,0.22429982016012945,0.25481341579206,R10LATIN_AM
POLES-JRC ENGAGE,ENGAGE-NPi2020-1000f-COV,0.03059333992325759,0.199348372985231,0.22994171290848858,R10LATIN_AM
POLES-JRC ENGAGE,ENGAGE-NPi2020-1200f,0.02796672210495325,0.1920837638678541,0.22005048597280735,R10LATIN_AM
POLES-JRC ENGAGE,ENGAGE-NPi2020-900f,0.0365484069440694,0.2501937506523051,0.2867421575963745,R10LATIN_AM
REMIND-MAgPIE 2.1-4.2,NGFS Phase 2-Delayed Transition,0.1270224614665687,0.4508828744750597,0.5779053359416284,R10LATIN_AM
REMIND-MAgPIE 3.2.0-4.8.0,RESCUE-End-of-Century-Budget-1150,0.0,0.25430862464182274,0.25430862464182274,R10LATIN_AM
REMIND-MAgPIE 3.2.0-4.8.0,RESCUE-End-of-Century-Budget-1150-with-OAE,0.0,0.2527533592175598,0.2527533592175598,R10LATIN_AM
REMIND-MAgPIE 3.2.0-4.8.0,RESCUE-End-of-Century-Budget-500,0.0,0.3621030970684291,0.3621030970684291,R10LATIN_AM
REMIND-MAgPIE 3.2.0-4.8.0,RESCUE-End-of-Century-Budget-500-with-OAE,0.0,0.3593820578894427,0.3593820578894427,R10LATIN_AM
REMIND-MAgPIE 3.2.0-4.8.0,RESCUE-Peak-Budget-1150,0.0,0.3199377217703383,0.3199377217703383,R10LATIN_AM
REMIND-MAgPIE 3.2.0-4.8.0,RESCUE-Peak-Budget-1150-with-OAE,0.0,0.31994777771274696,0.31994777771274696,R10LATIN_AM
REMIND-MAgPIE 3.3-4.8,NGFS Phase 5-Below 2°C,0.022723977749655778,0.3417056088398013,0.36442958658945707,R10LATIN_AM
REMIND-MAgPIE 3.3-4.8,NGFS Phase 5-Delayed Transition,0.013929896832972716,0.3650321927694265,0.3789620896023992,R10LATIN_AM
REMIND-MAgPIE 3.3-4.8,NGFS Phase 5-Low Demand,0.13837367833847347,0.5863166705519621,0.7246903488904356,R10LATIN_AM
REMIND-MAgPIE 3.3-4.8,NGFS Phase 5-Net-Zero 2050,0.03806995426371131,0.5901706100773276,0.6282405643410389,R10LATIN_AM
WITCH 5.0,ENGAGE-INDCi2030-1000,0.07477539397957521,0.6129999566857018,0.6877753506652771,R10LATIN_AM
WITCH 5.0,ENGAGE-INDCi2030-1000-NDCp,0.06472423203210591,0.5360597210870379,0.6007839531191438,R10LATIN_AM
WITCH 5.0,ENGAGE-INDCi2030-1000f,0.05530536451506715,0.5252628077564795,0.5805681722715467,R10LATIN_AM
WITCH 5.0,ENGAGE-INDCi2030-1000f-NDCp,0.06472423203210591,0.50717218465637,0.5718964166884759,R10LATIN_AM
WITCH 5.0,ENGAGE-INDCi2030-1200,0.04601401080165169,0.44779478808911677,0.49380879889076845,R10LATIN_AM
WITCH 5.0,ENGAGE-INDCi2030-1200-NDCp,0.06472423203210591,0.44276529328288017,0.507489525314986,R10LATIN_AM
WITCH 5.0,ENGAGE-INDCi2030-1200f,0.03750255971593262,0.42905272626914026,0.4665552859850729,R10LATIN_AM
WITCH 5.0,ENGAGE-INDCi2030-1200f-NDCp,0.06472423203210591,0.4062413265101579,0.4709655585422638,R10LATIN_AM
WITCH 5.0,ENGAGE-INDCi2030-1400,0.016936856885655903,0.3384749395483249,0.3554117964339808,R10LATIN_AM
WITCH 5.0,ENGAGE-INDCi2030-1400-NDCp,0.06472423203210591,0.3634760582121583,0.4282002902442642,R10LATIN_AM
WITCH 5.0,ENGAGE-INDCi2030-1400f,0.016168034608099447,0.33814383760924444,0.3543118722173439,R10LATIN_AM
WITCH 5.0,ENGAGE-INDCi2030-1400f-NDCp,0.06472423203210591,0.36047019732008145,0.4251944293521874,R10LATIN_AM
WITCH 5.0,ENGAGE-INDCi2030-1600-NDCp,0.06472423203210591,0.2834217729737007,0.3481460050058066,R10LATIN_AM
WITCH 5.0,ENGAGE-INDCi2030-500f,0.12200191367384984,0.6076950216854083,0.7296969353592582,R10LATIN_AM
WITCH 5.0,ENGAGE-INDCi2030-600f,0.1077494254974691,0.6774526006538416,0.7852020261513107,R10LATIN_AM
WITCH 5.0,ENGAGE-INDCi2030-600f-NDCp,0.06472423203210591,0.64952370602525,0.7142479380573559,R10LATIN_AM
WITCH 5.0,ENGAGE-INDCi2030-700f,0.09611512918429095,0.6500126647216955,0.7461277939059865,R10LATIN_AM
WITCH 5.0,ENGAGE-INDCi2030-700f-NDCp,0.06472423203210591,0.5668982221448696,0.6316224541769755,R10LATIN_AM
WITCH 5.0,ENGAGE-INDCi2030-800,0.11166490441313924,0.6348903178741604,0.7465552222872996,R10LATIN_AM
WITCH 5.0,ENGAGE-INDCi2030-800-NDCp,0.06472423203210591,0.5648690400671655,0.6295932720992714,R10LATIN_AM
WITCH 5.0,ENGAGE-INDCi2030-800f,0.08197748511056915,0.6254456648958385,0.7074231500064077,R10LATIN_AM
WITCH 5.0,ENGAGE-INDCi2030-800f-NDCp,0.06472423203210591,0.602132172930902,0.6668564049630079,R10LATIN_AM
WITCH 5.0,ENGAGE-INDCi2030-900,0.10303890790805507,0.5953541266725115,0.6983930345805666,R10LATIN_AM
WITCH 5.0,ENGAGE-INDCi2030-900-NDCp,0.06472423203210591,0.5676349565756961,0.6323591886078019,R10LATIN_AM
WITCH 5.0,ENGAGE-INDCi2030-900f,0.06963146803355584,0.6098690426049669,0.6795005106385227,R10LATIN_AM
WITCH 5.0,ENGAGE-INDCi2030-900f-NDCp,0.06472423203210591,0.5434977007926898,0.6082219328247956,R10LATIN_AM
IMAGE 3.0,ENGAGE-INDCi2030-1000,0.027132096435042972,0.1655283413503479,0.19266043778539088,R10INDIA+
IMAGE 3.0,ENGAGE-INDCi2030-1000f,0.009134527456683883,0.29245712937614876,0.3015916568328326,R10INDIA+
IMAGE 3.0,ENGAGE-INDCi2030-1200,0.01668678300891488,0.032333618026639414,0.049020401035554294,R10INDIA+
IMAGE 3.0,ENGAGE-INDCi2030-1200f,0.0,0.0612054541358117,0.0612054541358117,R10INDIA+
IMAGE 3.0,ENGAGE-INDCi2030-1400f,0.0,0.13654964371294945,0.13654964371294945,R10INDIA+
IMAGE 3.0,ENGAGE-INDCi2030-800f,0.028550242853736998,0.26084225124486665,0.2893924940986036,R10INDIA+
IMAGE 3.0,ENGAGE-NPi2020-1000,0.005349360357631751,0.05841261453118526,0.063761974888817,R10INDIA+
IMAGE 3.0,ENGAGE-NPi2020-1200,0.0,0.022874162346437785,0.022874162346437785,R10INDIA+
IMAGE 3.0,ENGAGE-NPi2020-1400,0.0,0.0300458281544126,0.0300458281544126,R10INDIA+
IMAGE 3.0,ENGAGE-NPi2020-1400f,0.0,0.08815922539766342,0.08815922539766342,R10INDIA+
IMAGE 3.2,SSP2021-SSP1-SPA1-19-Default,0.0,0.21098056310598712,0.21098056310598712,R10INDIA+
IMAGE 3.2,SSP2021-SSP1-SPA1-19-Lifestyle-Renewables,0.0,0.33008304662619536,0.33008304662619536,R10INDIA+
IMAGE 3.2,SSP2021-SSP1-SPA1-19-Renewables,0.0,0.3237102546775584,0.3237102546775584,R10INDIA+
IMAGE 3.2,SSP2021-SSP1-SPA1-26-Default,0.0,0.2340325158061006,0.2340325158061006,R10INDIA+
IMAGE 3.2,SSP2021-SSP1-SPA1-26-Lifestyle,0.004639012203140915,0.22973687198561354,0.23437588418875446,R10INDIA+
IMAGE 3.2,SSP2021-SSP1-SPA1-26-Lifestyle-Renewables,0.0,0.3413826553916067,0.3413826553916067,R10INDIA+
IMAGE 3.2,SSP2021-SSP1-SPA1-26-Renewables,0.002607152330930224,0.35728812799767246,0.3598952803286027,R10INDIA+
IMAGE 3.2,SSP2021-SSP2-SPA0-26-Default,0.0,0.08643143697487303,0.08643143697487303,R10INDIA+
IMAGE 3.2,SSP2021-SSP2-SPA2-19-Renewables,0.0,0.31606205201582427,0.31606205201582427,R10INDIA+
IMAGE 3.2,SSP2021-SSP2-SPA2-26-Default,0.0,0.09909749298633751,0.09909749298633751,R10INDIA+
IMAGE 3.2,SSP2021-SSP2-SPA2-26-Lifestyle,0.0,0.12196701739717884,0.12196701739717884,R10INDIA+
IMAGE 3.2,SSP2021-SSP2-SPA2-26-Lifestyle-Renewables,0.0,0.33890199218441897,0.33890199218441897,R10INDIA+
IMAGE 3.2,SSP2021-SSP2-SPA2-26-Renewables,0.0,0.2860453358232459,0.2860453358232459,R10INDIA+
IMAGE 3.3,NAVIGATE Demand-1.5°C-ele_u,0.0007879408610559867,0.30009338075357916,0.30088132161463516,R10INDIA+
IMAGE 3.3,NAVIGATE Demand-1.5°C-tec_u,0.0018185803990468307,0.17103175753017022,0.17285033792921706,R10INDIA+
IMAGE 3.3,NAVIGATE Demand-2.0°C-ele_u,0.0,0.2959504899170473,0.2959504899170473,R10INDIA+
IMAGE 3.3,NAVIGATE Demand-2.0°C-ref,0.0,0.1762048459430743,0.1762048459430743,R10INDIA+
IMAGE 3.3,NAVIGATE Demand-2.0°C-tec_u,0.0,0.1200946787690814,0.1200946787690814,R10INDIA+
MESSAGEix-GLOBIOM 2.0-M-R12-NGFS,NGFS Phase 5-Below 2°C,0.0,0.30014873473387715,0.30014873473387715,R10INDIA+
MESSAGEix-GLOBIOM 2.0-M-R12-NGFS,NGFS Phase 5-Delayed Transition,0.0,0.34802818460465273,0.34802818460465273,R10INDIA+
MESSAGEix-GLOBIOM 2.0-M-R12-NGFS,NGFS Phase 5-Low Demand,0.014526644968499217,0.3799191134281987,0.3944457583966979,R10INDIA+
MESSAGEix-GLOBIOM 2.0-M-R12-NGFS,NGFS Phase 5-Nationally Determined Contributions (NDCs),0.0,0.2645599167728886,0.2645599167728886,R10INDIA+
MESSAGEix-GLOBIOM 2.0-M-R12-NGFS,NGFS Phase 5-Net-Zero 2050,0.0,0.36822853296467706,0.36822853296467706,R10INDIA+
POLES-JRC ENGAGE,ENGAGE-INDCi2030-1000,0.0644234933355431,0.33517418138549615,0.39959767472103924,R10INDIA+
POLES-JRC ENGAGE,ENGAGE-INDCi2030-1000-COV,0.04380283535057561,0.3202235496623776,0.3640263850129532,R10INDIA+
POLES-JRC ENGAGE,ENGAGE-INDCi2030-1000-COV-NDCp,0.043376186658481516,0.32087845314948676,0.3642546398079683,R10INDIA+
POLES-JRC ENGAGE,ENGAGE-INDCi2030-1000-NDCp,0.06312236307309756,0.3722838626775845,0.43540622575068205,R10INDIA+
POLES-JRC ENGAGE,ENGAGE-INDCi2030-1000f,0.03546958351739944,0.3398977397279046,0.37536732324530403,R10INDIA+
POLES-JRC ENGAGE,ENGAGE-INDCi2030-1000f-COV,0.028438589316860396,0.30019255108666126,0.32863114040352165,R10INDIA+
POLES-JRC ENGAGE,ENGAGE-INDCi2030-1000f-COV-NDCp,0.025900666748838296,0.2981044350506093,0.3240051017994476,R10INDIA+
POLES-JRC ENGAGE,ENGAGE-INDCi2030-1000f-NDCp,0.03819424500678558,0.37070261982677427,0.40889686483355986,R10INDIA+
POLES-JRC ENGAGE,ENGAGE-INDCi2030-1200,0.02928065529651078,0.3503915583722987,0.3796722136688095,R10INDIA+
POLES-JRC ENGAGE,ENGAGE-INDCi2030-1200f,0.016884345826779116,0.33038468979799424,0.34726903562477335,R10INDIA+
POLES-JRC ENGAGE,ENGAGE-INDCi2030-300f,0.08227648737478134,0.3720315795110884,0.4543080668858697,R10INDIA+
POLES-JRC ENGAGE,ENGAGE-INDCi2030-400f,0.07938122503186336,0.3670071815473636,0.44638840657922696,R10INDIA+
POLES-JRC ENGAGE,ENGAGE-INDCi2030-500f,0.0731851994925317,0.3568749306657527,0.4300601301582844,R10INDIA+
POLES-JRC ENGAGE,ENGAGE-INDCi2030-600f,0.06835691593391739,0.3448763033856804,0.41323321931959783,R10INDIA+
POLES-JRC ENGAGE,ENGAGE-INDCi2030-600f-COV,0.059007835371713634,0.3643607303989307,0.4233685657706443,R10INDIA+
POLES-JRC ENGAGE,ENGAGE-INDCi2030-600f-COV-NDCp,0.05858112014228877,0.45317033709700133,0.51175145723929,R10INDIA+
POLES-JRC ENGAGE,ENGAGE-INDCi2030-600f-NDCp,0.07573764699595975,0.37441421529050856,0.4501518622864683,R10INDIA+
POLES-JRC ENGAGE,ENGAGE-INDCi2030-700f,0.06131482349865078,0.3164518959757266,0.37776671947437734,R10INDIA+
POLES-JRC ENGAGE,ENGAGE-INDCi2030-800f,0.05406475745384123,0.3256147933446885,0.3796795507985298,R10INDIA+
POLES-JRC ENGAGE,ENGAGE-INDCi2030-900,0.08402806120862276,0.4479409543309061,0.5319690155395288,R10INDIA+
POLES-JRC ENGAGE,ENGAGE-INDCi2030-900f,0.04366927077007047,0.33205143520862623,0.3757207059786967,R10INDIA+
POLES-JRC ENGAGE,ENGAGE-NPi2020-1000f,0.0,0.3692084054206722,0.3692084054206722,R10INDIA+
POLES-JRC ENGAGE,ENGAGE-NPi2020-1000f-COV,0.002432983137774938,0.28992202689699464,0.2923550100347696,R10INDIA+
POLES-JRC ENGAGE,ENGAGE-NPi2020-1200f,0.0005461765610360412,0.3192418710630864,0.31978804762412244,R10INDIA+
POLES-JRC ENGAGE,ENGAGE-NPi2020-900f,0.0,0.4092749312247555,0.4092749312247555,R10INDIA+
REMIND-MAgPIE 2.1-4.2,NGFS Phase 2-Delayed Transition,0.06948978884213756,0.6248843436804654,0.6943741325226029,R10INDIA+
REMIND-MAgPIE 3.2.0-4.8.0,RESCUE-End-of-Century-Budget-1150,0.0,0.24360984803163083,0.24360984803163083,R10INDIA+
REMIND-MAgPIE 3.2.0-4.8.0,RESCUE-End-of-Century-Budget-1150-with-OAE,0.0,0.238111953232317,0.238111953232317,R10INDIA+
REMIND-MAgPIE 3.2.0-4.8.0,RESCUE-End-of-Century-Budget-500,0.009957966696192264,0.38808027595862293,0.3980382426548152,R10INDIA+
REMIND-MAgPIE 3.2.0-4.8.0,RESCUE-End-of-Century-Budget-500-with-OAE,0.011199032088198642,0.38469731845521465,0.3958963505434133,R10INDIA+
REMIND-MAgPIE 3.2.0-4.8.0,RESCUE-Peak-Budget-1150,0.0,0.2661120679140867,0.2661120679140867,R10INDIA+
REMIND-MAgPIE 3.2.0-4.8.0,RESCUE-Peak-Budget-1150-with-OAE,0.0,0.2681239542074731,0.2681239542074731,R10INDIA+
REMIND-MAgPIE 3.3-4.8,NGFS Phase 5-Below 2°C,0.011583657482671844,0.4257774903626045,0.43736114784527635,R10INDIA+
REMIND-MAgPIE 3.3-4.8,NGFS Phase 5-Delayed Transition,0.03769048191156375,0.5905591209313912,0.628249602842955,R10INDIA+
REMIND-MAgPIE 3.3-4.8,NGFS Phase 5-Low Demand,0.02911848866901919,0.6402580156449837,0.669376504314003,R10INDIA+
REMIND-MAgPIE 3.3-4.8,NGFS Phase 5-Net-Zero 2050,0.023287113630894047,0.6939601633684089,0.717247276999303,R10INDIA+
WITCH 5.0,ENGAGE-INDCi2030-1000,0.05979830216860053,0.34756439741380807,0.4073626995824086,R10INDIA+
WITCH 5.0,ENGAGE-INDCi2030-1000-NDCp,0.0594040755556328,0.3350973669423391,0.3945014424979719,R10INDIA+
WITCH 5.0,ENGAGE-INDCi2030-1000f,0.04647284757398734,0.3031349843844796,0.34960783195846695,R10INDIA+
WITCH 5.0,ENGAGE-INDCi2030-1000f-NDCp,0.04491027071996342,0.28516530283582725,0.33007557355579065,R10INDIA+
WITCH 5.0,ENGAGE-INDCi2030-1200,0.04214465140282514,0.27741505883468154,0.3195597102375067,R10INDIA+
WITCH 5.0,ENGAGE-INDCi2030-1200-NDCp,0.041890289932269786,0.26514876768334095,0.30703905761561073,R10INDIA+
WITCH 5.0,ENGAGE-INDCi2030-1200f,0.03693146165461996,0.2511748947546209,0.28810635640924087,R10INDIA+
WITCH 5.0,ENGAGE-INDCi2030-1200f-NDCp,0.03613626736557477,0.23863023912924994,0.2747665064948247,R10INDIA+
WITCH 5.0,ENGAGE-INDCi2030-1400,0.03005300942263316,0.21549146349636736,0.24554447291900053,R10INDIA+
WITCH 5.0,ENGAGE-INDCi2030-1400-NDCp,0.03015329077623528,0.21037810995631598,0.24053140073255125,R10INDIA+
WITCH 5.0,ENGAGE-INDCi2030-1400f,0.02869504460579562,0.2056850085188643,0.2343800531246599,R10INDIA+
WITCH 5.0,ENGAGE-INDCi2030-1400f-NDCp,0.021728380705259325,0.19745387181316398,0.2191822525184233,R10INDIA+
WITCH 5.0,ENGAGE-INDCi2030-1600-NDCp,0.014331487087052893,0.14736342563963967,0.16169491272669256,R10INDIA+
WITCH 5.0,ENGAGE-INDCi2030-500f,0.09728008304307348,0.6278886139448184,0.7251686969878919,R10INDIA+
WITCH 5.0,ENGAGE-INDCi2030-600f,0.0857220012000687,0.5316848802958796,0.6174068814959482,R10INDIA+
WITCH 5.0,ENGAGE-INDCi2030-600f-NDCp,0.08117962105340094,0.5074703879372963,0.5886500089906972,R10INDIA+
WITCH 5.0,ENGAGE-INDCi2030-700f,0.07326167123520037,0.448271135366608,0.5215328066018083,R10INDIA+
WITCH 5.0,ENGAGE-INDCi2030-700f-NDCp,0.06941920619911204,0.40805092478735194,0.47747013098646396,R10INDIA+
WITCH 5.0,ENGAGE-INDCi2030-800,0.094129835657115,0.6249630316444996,0.7190928673016146,R10INDIA+
WITCH 5.0,ENGAGE-INDCi2030-800-NDCp,0.09190315697163622,0.5843530339173297,0.6762561908889659,R10INDIA+
WITCH 5.0,ENGAGE-INDCi2030-800f,0.06285366235068629,0.3822155353734215,0.4450691977241078,R10INDIA+
WITCH 5.0,ENGAGE-INDCi2030-800f-NDCp,0.0610362912929833,0.34320066354114676,0.40423695483413,R10INDIA+
WITCH 5.0,ENGAGE-INDCi2030-900,0.07358270169520258,0.46343414564932556,0.5370168473445281,R10INDIA+
WITCH 5.0,ENGAGE-INDCi2030-900-NDCp,0.07058682001775034,0.412943157779415,0.48352997779716533,R10INDIA+
WITCH 5.0,ENGAGE-INDCi2030-900f,0.056599517468884475,0.3320453188641141,0.38864483633299857,R10INDIA+
WITCH 5.0,ENGAGE-INDCi2030-900f-NDCp,0.054923287598312526,0.3139591015745365,0.368882389172849,R10INDIA+
IMAGE 3.0,ENGAGE-INDCi2030-1000,0.04916025150846017,0.240227303058144,0.28938755456660414,R10AFRICA
IMAGE 3.0,ENGAGE-INDCi2030-1000f,0.030927704050552784,0.25745489308348285,0.28838259713403563,R10AFRICA
IMAGE 3.0,ENGAGE-INDCi2030-1200,0.039451915378504857,0.04945951610756557,0.08891143148607042,R10AFRICA
IMAGE 3.0,ENGAGE-INDCi2030-1200f,0.016545267418117265,0.09151378360631032,0.10805905102442759,R10AFRICA
IMAGE 3.0,ENGAGE-INDCi2030-1400f,0.016752421574142175,0.18149510283194903,0.1982475244060912,R10AFRICA
IMAGE 3.0,ENGAGE-INDCi2030-800f,0.048196777316217035,0.2088563847742591,0.25705316209047613,R10AFRICA
IMAGE 3.0,ENGAGE-NPi2020-1000,0.03307059291686643,0.13561624244831014,0.16868683536517656,R10AFRICA
IMAGE 3.0,ENGAGE-NPi2020-1200,0.01978801404585484,0.07458778056296851,0.09437579460882335,R10AFRICA
IMAGE 3.0,ENGAGE-NPi2020-1400,0.012976211583087824,0.12036210597500024,0.13333831755808806,R10AFRICA
IMAGE 3.0,ENGAGE-NPi2020-1400f,0.008238524458349198,0.15750980508143553,0.16574832953978472,R10AFRICA
IMAGE 3.2,SSP2021-SSP1-SPA1-19-Default,0.006086561338456789,0.27181270213647246,0.27789926347492927,R10AFRICA
IMAGE 3.2,SSP2021-SSP1-SPA1-19-Lifestyle-Renewables,0.0059745262323447085,0.5145963932070922,0.5205709194394369,R10AFRICA
IMAGE 3.2,SSP2021-SSP1-SPA1-19-Renewables,0.010005385647312811,0.5651734678704273,0.5751788535177401,R10AFRICA
IMAGE 3.2,SSP2021-SSP1-SPA1-26-Default,0.0008318680582775292,0.2161134110667587,0.21694527912503622,R10AFRICA
IMAGE 3.2,SSP2021-SSP1-SPA1-26-Lifestyle,0.0,0.2089561405458969,0.2089561405458969,R10AFRICA
IMAGE 3.2,SSP2021-SSP1-SPA1-26-Lifestyle-Renewables,0.0028726098098168554,0.44622702116192253,0.4490996309717394,R10AFRICA
IMAGE 3.2,SSP2021-SSP1-SPA1-26-Renewables,0.002708166485108916,0.55843180288235,0.5611399693674589,R10AFRICA
IMAGE 3.2,SSP2021-SSP2-SPA0-26-Default,0.007251944467854832,0.16915943609500325,0.17641138056285807,R10AFRICA
IMAGE 3.2,SSP2021-SSP2-SPA2-19-Renewables,0.015969622015351535,0.4895293130657151,0.5054989350810667,R10AFRICA
IMAGE 3.2,SSP2021-SSP2-SPA2-26-Default,0.0,0.1753050924204349,0.1753050924204349,R10AFRICA
IMAGE 3.2,SSP2021-SSP2-SPA2-26-Lifestyle,0.0,0.15750626755314923,0.15750626755314923,R10AFRICA
IMAGE 3.2,SSP2021-SSP2-SPA2-26-Lifestyle-Renewables,0.008398181004066283,0.4379912958868005,0.44638947689086683,R10AFRICA
IMAGE 3.2,SSP2021-SSP2-SPA2-26-Renewables,0.0,0.5133018665950093,0.5133018665950093,R10AFRICA
IMAGE 3.3,NAVIGATE Demand-1.5°C-ele_u,0.04861375604014802,0.3599012214713444,0.4085149775114924,R10AFRICA
IMAGE 3.3,NAVIGATE Demand-1.5°C-tec_u,0.03623006406237658,0.2650606983607232,0.3012907624230998,R10AFRICA
IMAGE 3.3,NAVIGATE Demand-2.0°C-ele_u,0.0435284847854283,0.3505172001890213,0.39404568497444964,R10AFRICA
IMAGE 3.3,NAVIGATE Demand-2.0°C-ref,0.026739417155088447,0.1382051841452231,0.16494460130031155,R10AFRICA
IMAGE 3.3,NAVIGATE Demand-2.0°C-tec_u,0.028648378491250636,0.11238151324320755,0.14102989173445818,R10AFRICA
MESSAGEix-GLOBIOM 2.0-M-R12-NGFS,NGFS Phase 5-Below 2°C,0.004030565178622393,0.2990595874800542,0.30309015265867656,R10AFRICA
MESSAGEix-GLOBIOM 2.0-M-R12-NGFS,NGFS Phase 5-Delayed Transition,0.009811668639451078,0.39321198768682,0.4030236563262711,R10AFRICA
MESSAGEix-GLOBIOM 2.0-M-R12-NGFS,NGFS Phase 5-Low Demand,0.020785229869361453,0.3846740560699363,0.40545928593929775,R10AFRICA
MESSAGEix-GLOBIOM 2.0-M-R12-NGFS,NGFS Phase 5-Nationally Determined Contributions (NDCs),0.004597139656569092,0.3862850110175614,0.3908821506741305,R10AFRICA
MESSAGEix-GLOBIOM 2.0-M-R12-NGFS,NGFS Phase 5-Net-Zero 2050,0.01763013191796416,0.3396551578449613,0.35728528976292545,R10AFRICA
POLES-JRC ENGAGE,ENGAGE-INDCi2030-1000,0.026208714053013064,0.4127785610375501,0.4389872750905632,R10AFRICA
POLES-JRC ENGAGE,ENGAGE-INDCi2030-1000-COV,0.030885490439084857,0.31043935123675015,0.341324841675835,R10AFRICA
POLES-JRC ENGAGE,ENGAGE-INDCi2030-1000-COV-NDCp,0.03812615327412926,0.3283028633169563,0.36642901659108557,R10AFRICA
POLES-JRC ENGAGE,ENGAGE-INDCi2030-1000-NDCp,0.017185739119948123,0.45185208804730537,0.4690378271672535,R10AFRICA
POLES-JRC ENGAGE,ENGAGE-INDCi2030-1000f,0.022110478687749374,0.32038017344945,0.3424906521371994,R10AFRICA
POLES-JRC ENGAGE,ENGAGE-INDCi2030-1000f-COV,0.030885490439084857,0.2517040982463461,0.28258958868543094,R10AFRICA
POLES-JRC ENGAGE,ENGAGE-INDCi2030-1000f-COV-NDCp,0.03812615327412926,0.23806230390256408,0.2761884571766933,R10AFRICA
POLES-JRC ENGAGE,ENGAGE-INDCi2030-1000f-NDCp,0.0171857564016191,0.35306924788564675,0.3702550042872659,R10AFRICA
POLES-JRC ENGAGE,ENGAGE-INDCi2030-1200,0.022110478687749374,0.281424705814022,0.3035351845017714,R10AFRICA
POLES-JRC ENGAGE,ENGAGE-INDCi2030-1200f,0.022110478687749374,0.24556145214432995,0.2676719308320793,R10AFRICA
POLES-JRC ENGAGE,ENGAGE-INDCi2030-300f,0.03879856001217042,0.5593533556031223,0.5981519156152927,R10AFRICA
POLES-JRC ENGAGE,ENGAGE-INDCi2030-400f,0.03630658321981698,0.5397199819143276,0.5760265651341445,R10AFRICA
POLES-JRC ENGAGE,ENGAGE-INDCi2030-500f,0.03171876103920623,0.4721768352460709,0.5038955962852771,R10AFRICA
POLES-JRC ENGAGE,ENGAGE-INDCi2030-600f,0.028521569559530443,0.438507314770622,0.46702888433015244,R10AFRICA
POLES-JRC ENGAGE,ENGAGE-INDCi2030-600f-COV,0.030885490439084857,0.5386829658738348,0.5695684563129196,R10AFRICA
POLES-JRC ENGAGE,ENGAGE-INDCi2030-600f-COV-NDCp,0.03812615327412926,0.5627960793116443,0.6009222325857736,R10AFRICA
POLES-JRC ENGAGE,ENGAGE-INDCi2030-600f-NDCp,0.02439752074735061,0.4846746834207053,0.5090722041680559,R10AFRICA
POLES-JRC ENGAGE,ENGAGE-INDCi2030-700f,0.024186952171883484,0.43414660984072645,0.45833356201260994,R10AFRICA
POLES-JRC ENGAGE,ENGAGE-INDCi2030-800f,0.022110478687749374,0.42666800817814377,0.44877848686589317,R10AFRICA
POLES-JRC ENGAGE,ENGAGE-INDCi2030-900,0.04088172793205606,0.5615180993632107,0.6023998272952668,R10AFRICA
POLES-JRC ENGAGE,ENGAGE-INDCi2030-900f,0.022110478687749374,0.36094971632845824,0.3830601950162076,R10AFRICA
POLES-JRC ENGAGE,ENGAGE-NPi2020-1000f,0.02318977772932038,0.25118289128867244,0.27437266901799284,R10AFRICA
POLES-JRC ENGAGE,ENGAGE-NPi2020-1000f-COV,0.03156360726692383,0.24597097358716777,0.2775345808540916,R10AFRICA
POLES-JRC ENGAGE,ENGAGE-NPi2020-1200f,0.022560379232485155,0.24348309142635738,0.26604347065884254,R10AFRICA
POLES-JRC ENGAGE,ENGAGE-NPi2020-900f,0.023954958323618724,0.2852036025261871,0.3091585608498058,R10AFRICA
REMIND-MAgPIE 2.1-4.2,NGFS Phase 2-Delayed Transition,0.0620478883322979,0.7034473996621624,0.7654952879944603,R10AFRICA
REMIND-MAgPIE 3.2.0-4.8.0,RESCUE-End-of-Century-Budget-1150,0.0,0.3386903304592401,0.3386903304592401,R10AFRICA
REMIND-MAgPIE 3.2.0-4.8.0,RESCUE-End-of-Century-Budget-1150-with-OAE,0.0,0.3330271325367332,0.3330271325367332,R10AFRICA
REMIND-MAgPIE 3.2.0-4.8.0,RESCUE-End-of-Century-Budget-500,0.014014644440476787,0.5555338187104615,0.5695484631509382,R10AFRICA
REMIND-MAgPIE 3.2.0-4.8.0,RESCUE-End-of-Century-Budget-500-with-OAE,0.01231415888174143,0.5493468670155157,0.5616610258972572,R10AFRICA
REMIND-MAgPIE 3.2.0-4.8.0,RESCUE-Peak-Budget-1150,0.0,0.31996666135757523,0.31996666135757523,R10AFRICA
REMIND-MAgPIE 3.2.0-4.8.0,RESCUE-Peak-Budget-1150-with-OAE,0.0,0.3217152440859057,0.3217152440859057,R10AFRICA
REMIND-MAgPIE 3.3-4.8,NGFS Phase 5-Below 2°C,0.014139332508397997,0.44897042510816276,0.46310975761656076,R10AFRICA
REMIND-MAgPIE 3.3-4.8,NGFS Phase 5-Delayed Transition,0.02425549881495002,0.5477318694395304,0.5719873682544805,R10AFRICA
REMIND-MAgPIE 3.3-4.8,NGFS Phase 5-Low Demand,0.05177295343209612,0.5296730028766858,0.5814459563087819,R10AFRICA
REMIND-MAgPIE 3.3-4.8,NGFS Phase 5-Net-Zero 2050,0.03299814509648356,0.6381255572678444,0.671123702364328,R10AFRICA
WITCH 5.0,ENGAGE-INDCi2030-1000,0.06218437868543741,0.5899604681603131,0.6521448468457505,R10AFRICA
WITCH 5.0,ENGAGE-INDCi2030-1000-NDCp,0.07539188554292311,0.5813380889044097,0.6567299744473328,R10AFRICA
WITCH 5.0,ENGAGE-INDCi2030-1000f,0.051793074724053326,0.5289927062597101,0.5807857809837634,R10AFRICA
WITCH 5.0,ENGAGE-INDCi2030-1000f-NDCp,0.07539188554292311,0.5096186664387546,0.5850105519816777,R10AFRICA
WITCH 5.0,ENGAGE-INDCi2030-1200,0.044961302115631915,0.5099056384377311,0.5548669405533629,R10AFRICA
WITCH 5.0,ENGAGE-INDCi2030-1200-NDCp,0.07539188554292311,0.5151825940642251,0.5905744796071482,R10AFRICA
WITCH 5.0,ENGAGE-INDCi2030-1200f,0.0409013686698815,0.5146654151959608,0.5555667838658422,R10AFRICA
WITCH 5.0,ENGAGE-INDCi2030-1200f-NDCp,0.07539188554292311,0.5339463319450519,0.609338217487975,R10AFRICA
WITCH 5.0,ENGAGE-INDCi2030-1400,0.0422347935169502,0.4965297494417814,0.5387645429587316,R10AFRICA
WITCH 5.0,ENGAGE-INDCi2030-1400-NDCp,0.07539188554292311,0.4719777778751778,0.5473696634181009,R10AFRICA
WITCH 5.0,ENGAGE-INDCi2030-1400f,0.044449853900825335,0.4831296319445476,0.527579485845373,R10AFRICA
WITCH 5.0,ENGAGE-INDCi2030-1400f-NDCp,0.07539188554292311,0.48268959177228293,0.5580814773152061,R10AFRICA
WITCH 5.0,ENGAGE-INDCi2030-1600-NDCp,0.07539188554292311,0.4255169407950374,0.5009088263379605,R10AFRICA
WITCH 5.0,ENGAGE-INDCi2030-500f,0.09206135815425073,0.7427161142942436,0.8347774724484943,R10AFRICA
WITCH 5.0,ENGAGE-INDCi2030-600f,0.08245248790601013,0.7415911523475344,0.8240436402535445,R10AFRICA
WITCH 5.0,ENGAGE-INDCi2030-600f-NDCp,0.07539188554292311,0.736431335031172,0.8118232205740951,R10AFRICA
WITCH 5.0,ENGAGE-INDCi2030-700f,0.07300133050938482,0.6948721639647667,0.7678734944741515,R10AFRICA
WITCH 5.0,ENGAGE-INDCi2030-700f-NDCp,0.07539188554292311,0.649752141693546,0.7251440272364691,R10AFRICA
WITCH 5.0,ENGAGE-INDCi2030-800,0.08510948609861681,0.6717254681606806,0.7568349542592974,R10AFRICA
WITCH 5.0,ENGAGE-INDCi2030-800-NDCp,0.07539188554292311,0.6552999757450718,0.7306918612879949,R10AFRICA
WITCH 5.0,ENGAGE-INDCi2030-800f,0.06460840545092542,0.6140459525089669,0.6786543579598923,R10AFRICA
WITCH 5.0,ENGAGE-INDCi2030-800f-NDCp,0.07539188554292311,0.5894694512078131,0.6648613367507362,R10AFRICA
WITCH 5.0,ENGAGE-INDCi2030-900,0.07223107410566793,0.6899527709248858,0.7621838450305538,R10AFRICA
WITCH 5.0,ENGAGE-INDCi2030-900-NDCp,0.07539188554292311,0.672687391628271,0.748079277171194,R10AFRICA
WITCH 5.0,ENGAGE-INDCi2030-900f,0.05590022310337415,0.5665800687169211,0.6224802918202953,R10AFRICA
WITCH 5.0,ENGAGE-INDCi2030-900f-NDCp,0.07539188554292311,0.5409614892848418,0.6163533748277649,R10AFRICA
IMAGE 3.0,ENGAGE-INDCi2030-1000,0.24278389492203145,0.23127197816787812,0.4740558730899096,R10CHINA+
IMAGE 3.0,ENGAGE-INDCi2030-1000f,0.15620133341734044,0.45739787843134294,0.6135992118486834,R10CHINA+
IMAGE 3.0,ENGAGE-INDCi2030-1200,0.19182542178832768,0.147147127133469,0.3389725489217967,R10CHINA+
IMAGE 3.0,ENGAGE-INDCi2030-1200f,0.09210031372796103,0.31295285109393367,0.4050531648218947,R10CHINA+
IMAGE 3.0,ENGAGE-INDCi2030-1400f,0.0919462136014664,0.3072175327059605,0.3991637463074269,R10CHINA+
IMAGE 3.0,ENGAGE-INDCi2030-800f,0.24530943923491022,0.23539715532647923,0.4807065945613894,R10CHINA+
IMAGE 3.0,ENGAGE-NPi2020-1000,0.1543104785283724,0.17665995412424254,0.33097043265261494,R10CHINA+
IMAGE 3.0,ENGAGE-NPi2020-1200,0.09419495723157775,0.19585095614272063,0.2900459133742984,R10CHINA+
IMAGE 3.0,ENGAGE-NPi2020-1400,0.06802824271053785,0.17149382366858698,0.23952206637912482,R10CHINA+
IMAGE 3.0,ENGAGE-NPi2020-1400f,0.0797183741354893,0.28411749420433263,0.36383586833982196,R10CHINA+
IMAGE 3.2,SSP2021-SSP1-SPA1-19-Default,0.06629215116034044,0.297448335479581,0.3637404866399214,R10CHINA+
IMAGE 3.2,SSP2021-SSP1-SPA1-19-Lifestyle-Renewables,0.07266684307791944,0.2591493883975999,0.3318162314755193,R10CHINA+
IMAGE 3.2,SSP2021-SSP1-SPA1-19-Renewables,0.04833723404547556,0.3727879824639492,0.42112521650942475,R10CHINA+
IMAGE 3.2,SSP2021-SSP1-SPA1-26-Default,0.04403048072911815,0.30242386094377977,0.3464543416728979,R10CHINA+
IMAGE 3.2,SSP2021-SSP1-SPA1-26-Lifestyle,0.0729535527123111,0.2662320490732218,0.3391856017855329,R10CHINA+
IMAGE 3.2,SSP2021-SSP1-SPA1-26-Lifestyle-Renewables,0.06302961767329708,0.21355604794883543,0.2765856656221325,R10CHINA+
IMAGE 3.2,SSP2021-SSP1-SPA1-26-Renewables,0.0423079289150537,0.3194050789191955,0.3617130078342492,R10CHINA+
IMAGE 3.2,SSP2021-SSP2-SPA0-26-Default,0.025003597432599604,0.11719738776913675,0.14220098520173635,R10CHINA+
IMAGE 3.2,SSP2021-SSP2-SPA2-19-Renewables,0.13071734726145479,0.29818363108207974,0.4289009783435345,R10CHINA+
IMAGE 3.2,SSP2021-SSP2-SPA2-26-Default,0.050659344077623666,0.12764983769981886,0.17830918177744254,R10CHINA+
IMAGE 3.2,SSP2021-SSP2-SPA2-26-Lifestyle,0.06847475236580002,0.2074778204977747,0.2759525728635747,R10CHINA+
IMAGE 3.2,SSP2021-SSP2-SPA2-26-Lifestyle-Renewables,0.05082261726949226,0.22918673527553338,0.2800093525450256,R10CHINA+
IMAGE 3.2,SSP2021-SSP2-SPA2-26-Renewables,0.04055814211605131,0.20028199819449288,0.24084014031054418,R10CHINA+
IMAGE 3.3,NAVIGATE Demand-1.5°C-ele_u,0.0859183239940047,0.23523324067263046,0.3211515646666352,R10CHINA+
IMAGE 3.3,NAVIGATE Demand-1.5°C-tec_u,0.0912761526992675,0.15369091285936085,0.24496706555862835,R10CHINA+
IMAGE 3.3,NAVIGATE Demand-2.0°C-ele_u,0.06047207580506216,0.19149523820233422,0.25196731400739636,R10CHINA+
IMAGE 3.3,NAVIGATE Demand-2.0°C-ref,0.05775465382118023,0.10696412614529056,0.1647187799664708,R10CHINA+
IMAGE 3.3,NAVIGATE Demand-2.0°C-tec_u,0.07882954572681004,0.10877162189996376,0.1876011676267738,R10CHINA+
MESSAGEix-GLOBIOM 2.0-M-R12-NGFS,NGFS Phase 5-Below 2°C,0.04810562743130663,0.22727297573725005,0.27537860316855667,R10CHINA+
MESSAGEix-GLOBIOM 2.0-M-R12-NGFS,NGFS Phase 5-Delayed Transition,0.06549343583883631,0.13783671416462256,0.2033301500034589,R10CHINA+
MESSAGEix-GLOBIOM 2.0-M-R12-NGFS,NGFS Phase 5-Low Demand,0.1297651056809451,0.09766496422201375,0.22743006990295883,R10CHINA+
MESSAGEix-GLOBIOM 2.0-M-R12-NGFS,NGFS Phase 5-Nationally Determined Contributions (NDCs),0.055344495517327216,0.06535790977882962,0.12070240529615683,R10CHINA+
MESSAGEix-GLOBIOM 2.0-M-R12-NGFS,NGFS Phase 5-Net-Zero 2050,0.03573605261479087,0.18944507131894361,0.2251811239337345,R10CHINA+
POLES-JRC ENGAGE,ENGAGE-INDCi2030-1000,0.32882300594859576,0.34409007166643457,0.6729130776150303,R10CHINA+
POLES-JRC ENGAGE,ENGAGE-INDCi2030-1000-COV,0.21158165137873394,0.2674299392184976,0.47901159059723153,R10CHINA+
POLES-JRC ENGAGE,ENGAGE-INDCi2030-1000-COV-NDCp,0.22284375442829765,0.2726215246239712,0.4954652790522689,R10CHINA+
POLES-JRC ENGAGE,ENGAGE-INDCi2030-1000-NDCp,0.26614156385538934,0.26332986874458103,0.5294714325999703,R10CHINA+
POLES-JRC ENGAGE,ENGAGE-INDCi2030-1000f,0.20263450152923373,0.2860553463636131,0.48868984789284686,R10CHINA+
POLES-JRC ENGAGE,ENGAGE-INDCi2030-1000f-COV,0.12891797710687103,0.21707670698981057,0.3459946840966816,R10CHINA+
POLES-JRC ENGAGE,ENGAGE-INDCi2030-1000f-COV-NDCp,0.12869024611975524,0.21664006236339903,0.34533030848315427,R10CHINA+
POLES-JRC ENGAGE,ENGAGE-INDCi2030-1000f-NDCp,0.16879349391459614,0.23035024879080457,0.3991437427054007,R10CHINA+
POLES-JRC ENGAGE,ENGAGE-INDCi2030-1200,0.1795659489742306,0.27144022053581934,0.4510061695100499,R10CHINA+
POLES-JRC ENGAGE,ENGAGE-INDCi2030-1200f,0.12375523906407997,0.22928551460470684,0.3530407536687868,R10CHINA+
POLES-JRC ENGAGE,ENGAGE-INDCi2030-300f,0.41242075053688354,0.4119518836266834,0.8243726341635669,R10CHINA+
POLES-JRC ENGAGE,ENGAGE-INDCi2030-400f,0.39725880152391085,0.39013728015269467,0.7873960816766055,R10CHINA+
POLES-JRC ENGAGE,ENGAGE-INDCi2030-500f,0.3680720691811767,0.3576029454540121,0.7256750146351888,R10CHINA+
POLES-JRC ENGAGE,ENGAGE-INDCi2030-600f,0.3460610927705821,0.34911118793171364,0.6951722807022958,R10CHINA+
POLES-JRC ENGAGE,ENGAGE-INDCi2030-600f-COV,0.2908973864410718,0.27695736874691373,0.5678547551879856,R10CHINA+
POLES-JRC ENGAGE,ENGAGE-INDCi2030-600f-COV-NDCp,0.30080873935704466,0.28744200883144533,0.58825074818849,R10CHINA+
POLES-JRC ENGAGE,ENGAGE-INDCi2030-600f-NDCp,0.317801274985036,0.28376575497316425,0.6015670299582003,R10CHINA+
POLES-JRC ENGAGE,ENGAGE-INDCi2030-700f,0.3137324889013758,0.3336132700098685,0.6473457589112444,R10CHINA+
POLES-JRC ENGAGE,ENGAGE-INDCi2030-800f,0.28090286817604565,0.3262680475328371,0.6071709157088827,R10CHINA+
POLES-JRC ENGAGE,ENGAGE-INDCi2030-900,0.42453609428952976,0.44285621642762146,0.8673923107171513,R10CHINA+
POLES-JRC ENGAGE,ENGAGE-INDCi2030-900f,0.23653198403455863,0.3041804260962548,0.5407124101308134,R10CHINA+
POLES-JRC ENGAGE,ENGAGE-NPi2020-1000f,0.07916605654634216,0.21156959052530108,0.29073564707164323,R10CHINA+
POLES-JRC ENGAGE,ENGAGE-NPi2020-1000f-COV,0.08696920957505803,0.19703653655875117,0.2840057461338092,R10CHINA+
POLES-JRC ENGAGE,ENGAGE-NPi2020-1200f,0.0467183957007924,0.19243594340095124,0.23915433910174363,R10CHINA+
POLES-JRC ENGAGE,ENGAGE-NPi2020-900f,0.09519444472812003,0.2248459216079107,0.3200403663360307,R10CHINA+
REMIND-MAgPIE 2.1-4.2,NGFS Phase 2-Delayed Transition,0.22169342917117396,0.28449028874018745,0.5061837179113614,R10CHINA+
REMIND-MAgPIE 3.2.0-4.8.0,RESCUE-End-of-Century-Budget-1150,0.10386604006542954,0.15490959273581542,0.25877563280124494,R10CHINA+
REMIND-MAgPIE 3.2.0-4.8.0,RESCUE-End-of-Century-Budget-1150-with-OAE,0.10523513764822824,0.15066673852386994,0.2559018761720982,R10CHINA+
REMIND-MAgPIE 3.2.0-4.8.0,RESCUE-End-of-Century-Budget-500,0.17130338352912067,0.28988837305874293,0.4611917565878636,R10CHINA+
REMIND-MAgPIE 3.2.0-4.8.0,RESCUE-End-of-Century-Budget-500-with-OAE,0.16519683280881797,0.28055028178378466,0.44574711459260263,R10CHINA+
REMIND-MAgPIE 3.2.0-4.8.0,RESCUE-Peak-Budget-1150,0.0734901465618375,0.2415155055379072,0.31500565209974474,R10CHINA+
REMIND-MAgPIE 3.2.0-4.8.0,RESCUE-Peak-Budget-1150-with-OAE,0.07343679173774748,0.2400734467764537,0.3135102385142012,R10CHINA+
REMIND-MAgPIE 3.3-4.8,NGFS Phase 5-Below 2°C,0.08912799300478208,0.2427061048697955,0.33183409787457757,R10CHINA+
REMIND-MAgPIE 3.3-4.8,NGFS Phase 5-Delayed Transition,0.15960771770109874,0.3613947039642188,0.5210024216653175,R10CHINA+
REMIND-MAgPIE 3.3-4.8,NGFS Phase 5-Low Demand,0.17182738281405643,0.455316088685912,0.6271434714999684,R10CHINA+
REMIND-MAgPIE 3.3-4.8,NGFS Phase 5-Net-Zero 2050,0.11636032544569017,0.6826175929191137,0.7989779183648039,R10CHINA+
WITCH 5.0,ENGAGE-INDCi2030-1000,0.10533463689461191,0.170532114968722,0.2758667518633339,R10CHINA+
WITCH 5.0,ENGAGE-INDCi2030-1000-NDCp,0.01769083736222174,0.17741181948821225,0.195102656850434,R10CHINA+
WITCH 5.0,ENGAGE-INDCi2030-1000f,0.0909533481129409,0.1559085953971598,0.24686194351010068,R10CHINA+
WITCH 5.0,ENGAGE-INDCi2030-1000f-NDCp,0.002895987853319635,0.14938996572356392,0.15228595357688354,R10CHINA+
WITCH 5.0,ENGAGE-INDCi2030-1200,0.08400959324951936,0.1405097748134059,0.22451936806292527,R10CHINA+
WITCH 5.0,ENGAGE-INDCi2030-1200-NDCp,0.0,0.14174243906544856,0.14174243906544856,R10CHINA+
WITCH 5.0,ENGAGE-INDCi2030-1200f,0.0687334747746902,0.14929508473679842,0.21802855951148864,R10CHINA+
WITCH 5.0,ENGAGE-INDCi2030-1200f-NDCp,0.0,0.13533488578524197,0.13533488578524197,R10CHINA+
WITCH 5.0,ENGAGE-INDCi2030-1400,0.061440201440748805,0.1347704132804422,0.196210614721191,R10CHINA+
WITCH 5.0,ENGAGE-INDCi2030-1400-NDCp,0.0,0.12643792707665466,0.12643792707665466,R10CHINA+
WITCH 5.0,ENGAGE-INDCi2030-1400f,0.05938545837485981,0.13137169149485153,0.19075714986971135,R10CHINA+
WITCH 5.0,ENGAGE-INDCi2030-1400f-NDCp,0.0,0.12384921810577526,0.12384921810577526,R10CHINA+
WITCH 5.0,ENGAGE-INDCi2030-1600-NDCp,0.0,0.11860117047868857,0.11860117047868857,R10CHINA+
WITCH 5.0,ENGAGE-INDCi2030-500f,0.16951323056410683,0.22907727866039163,0.39859050922449846,R10CHINA+
WITCH 5.0,ENGAGE-INDCi2030-600f,0.14696723687871413,0.20939829834790571,0.35636553522661985,R10CHINA+
WITCH 5.0,ENGAGE-INDCi2030-600f-NDCp,0.04995610888601474,0.22525762601308733,0.27521373489910206,R10CHINA+
WITCH 5.0,ENGAGE-INDCi2030-700f,0.12802573212633225,0.20873492372292915,0.3367606558492614,R10CHINA+
WITCH 5.0,ENGAGE-INDCi2030-700f-NDCp,0.03161654636002015,0.21832558953859976,0.2499421358986199,R10CHINA+
WITCH 5.0,ENGAGE-INDCi2030-800,0.16089478152007397,0.2787785565471958,0.43967333806726977,R10CHINA+
WITCH 5.0,ENGAGE-INDCi2030-800-NDCp,0.06694144296319843,0.29120181125361133,0.35814325421680976,R10CHINA+
WITCH 5.0,ENGAGE-INDCi2030-800f,0.11035983359073487,0.1980199384079909,0.3083797719987258,R10CHINA+
WITCH 5.0,ENGAGE-INDCi2030-800f-NDCp,0.01809356159830583,0.18869918881931824,0.20679275041762407,R10CHINA+
WITCH 5.0,ENGAGE-INDCi2030-900,0.12757255067779344,0.22220016709432358,0.34977271777211705,R10CHINA+
WITCH 5.0,ENGAGE-INDCi2030-900-NDCp,0.033717253850184335,0.2032000722235393,0.23691732607372365,R10CHINA+
WITCH 5.0,ENGAGE-INDCi2030-900f,0.09958684177453522,0.16629955442026803,0.26588639619480325,R10CHINA+
WITCH 5.0,ENGAGE-INDCi2030-900f-NDCp,0.01059664725037601,0.16058745566092406,0.17118410291130007,R10CHINA+
IMAGE 3.0,ENGAGE-INDCi2030-1000,0.3527904693632735,0.21775749945970066,0.5705479688229742,R10MIDDLE_EAST
IMAGE 3.0,ENGAGE-INDCi2030-1000f,0.22518315204874703,0.26860960999804395,0.493792762046791,R10MIDDLE_EAST
IMAGE 3.0,ENGAGE-INDCi2030-1200,0.27658439410273855,0.05875403271832424,0.3353384268210628,R10MIDDLE_EAST
IMAGE 3.0,ENGAGE-INDCi2030-1200f,0.15334083444627414,0.1367192088958267,0.29006004334210084,R10MIDDLE_EAST
IMAGE 3.0,ENGAGE-INDCi2030-1400f,0.14419377662465566,0.16171483166317963,0.3059086082878353,R10MIDDLE_EAST
IMAGE 3.0,ENGAGE-INDCi2030-800f,0.3441638244930537,0.30254137864140807,0.6467052031344618,R10MIDDLE_EAST
IMAGE 3.0,ENGAGE-NPi2020-1000,0.23983655750345495,0.051857343871881144,0.2916939013753361,R10MIDDLE_EAST
IMAGE 3.0,ENGAGE-NPi2020-1200,0.1436001717720933,0.0565253355251697,0.200125507297263,R10MIDDLE_EAST
IMAGE 3.0,ENGAGE-NPi2020-1400,0.10374771369871016,0.08945970558313386,0.19320741928184404,R10MIDDLE_EAST
IMAGE 3.0,ENGAGE-NPi2020-1400f,0.07788887832061146,0.1633402199064292,0.24122909822704064,R10MIDDLE_EAST
IMAGE 3.2,SSP2021-SSP1-SPA1-19-Default,0.12944523795679036,0.2660227951966027,0.3954680331533931,R10MIDDLE_EAST
IMAGE 3.2,SSP2021-SSP1-SPA1-19-Lifestyle-Renewables,0.1534417190827651,0.4627392815111131,0.6161810005938781,R10MIDDLE_EAST
IMAGE 3.2,SSP2021-SSP1-SPA1-19-Renewables,0.14105592990972188,0.43007800335339486,0.5711339332631167,R10MIDDLE_EAST
IMAGE 3.2,SSP2021-SSP1-SPA1-26-Default,0.09253506781165217,0.17402708022673521,0.2665621480383874,R10MIDDLE_EAST
IMAGE 3.2,SSP2021-SSP1-SPA1-26-Lifestyle,0.06997626650597948,0.161188314234065,0.23116458074004448,R10MIDDLE_EAST
IMAGE 3.2,SSP2021-SSP1-SPA1-26-Lifestyle-Renewables,0.09803432713465508,0.40952449254656065,0.5075588196812157,R10MIDDLE_EAST
IMAGE 3.2,SSP2021-SSP1-SPA1-26-Renewables,0.08833239163932272,0.359830187760121,0.4481625793994437,R10MIDDLE_EAST
IMAGE 3.2,SSP2021-SSP2-SPA0-26-Default,0.11205348518457517,0.14618783982322936,0.2582413250078045,R10MIDDLE_EAST
IMAGE 3.2,SSP2021-SSP2-SPA2-19-Renewables,0.37853563083801617,0.4136967584185753,0.7922323892565915,R10MIDDLE_EAST
IMAGE 3.2,SSP2021-SSP2-SPA2-26-Default,0.13804505965747402,0.17948143987984733,0.31752649953732137,R10MIDDLE_EAST
IMAGE 3.2,SSP2021-SSP2-SPA2-26-Lifestyle,0.1509421340533803,0.16734851938297596,0.31829065343635626,R10MIDDLE_EAST
IMAGE 3.2,SSP2021-SSP2-SPA2-26-Lifestyle-Renewables,0.13932382568745977,0.398625737968263,0.5379495636557228,R10MIDDLE_EAST
IMAGE 3.2,SSP2021-SSP2-SPA2-26-Renewables,0.14597196474168023,0.4369079464789458,0.582879911220626,R10MIDDLE_EAST
IMAGE 3.3,NAVIGATE Demand-1.5°C-ele_u,0.16496148734789945,0.25993594737219156,0.424897434720091,R10MIDDLE_EAST
IMAGE 3.3,NAVIGATE Demand-1.5°C-tec_u,0.20019287449983897,0.33631718018011375,0.5365100546799527,R10MIDDLE_EAST
IMAGE 3.3,NAVIGATE Demand-2.0°C-ele_u,0.12360024129270268,0.3006819763456969,0.4242822176383996,R10MIDDLE_EAST
IMAGE 3.3,NAVIGATE Demand-2.0°C-ref,0.08595315353035177,0.12497174275435889,0.21092489628471067,R10MIDDLE_EAST
IMAGE 3.3,NAVIGATE Demand-2.0°C-tec_u,0.12583723044363235,0.061754341253661686,0.18759157169729404,R10MIDDLE_EAST
MESSAGEix-GLOBIOM 2.0-M-R12-NGFS,NGFS Phase 5-Below 2°C,0.07613667156585743,0.1472716700183756,0.22340834158423303,R10MIDDLE_EAST
MESSAGEix-GLOBIOM 2.0-M-R12-NGFS,NGFS Phase 5-Delayed Transition,0.07923366002215261,0.20774887654806953,0.28698253657022216,R10MIDDLE_EAST
MESSAGEix-GLOBIOM 2.0-M-R12-NGFS,NGFS Phase 5-Low Demand,0.21614476054935755,0.40307856087220556,0.6192233214215631,R10MIDDLE_EAST
MESSAGEix-GLOBIOM 2.0-M-R12-NGFS,NGFS Phase 5-Nationally Determined Contributions (NDCs),0.1600010169588003,0.1779468011641856,0.3379478181229859,R10MIDDLE_EAST
MESSAGEix-GLOBIOM 2.0-M-R12-NGFS,NGFS Phase 5-Net-Zero 2050,0.13525677893915417,0.3301301401636168,0.46538691910277097,R10MIDDLE_EAST
POLES-JRC ENGAGE,ENGAGE-INDCi2030-1000,0.31915277121792923,0.16570476552614363,0.48485753674407284,R10MIDDLE_EAST
POLES-JRC ENGAGE,ENGAGE-INDCi2030-1000-COV,0.24689162525387548,0.1447735048777801,0.3916651301316556,R10MIDDLE_EAST
POLES-JRC ENGAGE,ENGAGE-INDCi2030-1000-COV-NDCp,0.243980711472473,0.14605105652820555,0.3900317680006785,R10MIDDLE_EAST
POLES-JRC ENGAGE,ENGAGE-INDCi2030-1000-NDCp,0.4070171349440607,0.209827658409058,0.6168447933531187,R10MIDDLE_EAST
POLES-JRC ENGAGE,ENGAGE-INDCi2030-1000f,0.23048780934209473,0.15962882263481773,0.3901166319769125,R10MIDDLE_EAST
POLES-JRC ENGAGE,ENGAGE-INDCi2030-1000f-COV,0.19770710973232639,0.12458586250177599,0.32229297223410236,R10MIDDLE_EAST
POLES-JRC ENGAGE,ENGAGE-INDCi2030-1000f-COV-NDCp,0.18762983125279403,0.11991807487236769,0.3075479061251617,R10MIDDLE_EAST
POLES-JRC ENGAGE,ENGAGE-INDCi2030-1000f-NDCp,0.3251702892835257,0.18593770191225448,0.5111079911957802,R10MIDDLE_EAST
POLES-JRC ENGAGE,ENGAGE-INDCi2030-1200,0.2144027464809567,0.14885977645233933,0.36326252293329603,R10MIDDLE_EAST
POLES-JRC ENGAGE,ENGAGE-INDCi2030-1200f,0.18166345996414646,0.11421203347752956,0.295875493441676,R10MIDDLE_EAST
POLES-JRC ENGAGE,ENGAGE-INDCi2030-300f,0.3728880528751487,0.14102886325223724,0.513916916127386,R10MIDDLE_EAST
POLES-JRC ENGAGE,ENGAGE-INDCi2030-400f,0.3634156880587363,0.13255931917655991,0.4959750072352962,R10MIDDLE_EAST
POLES-JRC ENGAGE,ENGAGE-INDCi2030-500f,0.34493028869424536,0.14472232115348535,0.48965260984773074,R10MIDDLE_EAST
POLES-JRC ENGAGE,ENGAGE-INDCi2030-600f,0.3306795814107723,0.15323475075380172,0.483914332164574,R10MIDDLE_EAST
POLES-JRC ENGAGE,ENGAGE-INDCi2030-600f-COV,0.2973022111504181,0.13709991413034328,0.4344021252807614,R10MIDDLE_EAST
POLES-JRC ENGAGE,ENGAGE-INDCi2030-600f-COV-NDCp,0.2934020178495698,0.13287102571631926,0.4262730435658891,R10MIDDLE_EAST
POLES-JRC ENGAGE,ENGAGE-INDCi2030-600f-NDCp,0.44762420302037437,0.22524565686701634,0.6728698598873907,R10MIDDLE_EAST
POLES-JRC ENGAGE,ENGAGE-INDCi2030-700f,0.3085520174364831,0.15972487149157308,0.4682768889280562,R10MIDDLE_EAST
POLES-JRC ENGAGE,ENGAGE-INDCi2030-800f,0.28593478938880434,0.16138291935487742,0.44731770874368176,R10MIDDLE_EAST
POLES-JRC ENGAGE,ENGAGE-INDCi2030-900,0.3811417776174874,0.22384495725814776,0.6049867348756351,R10MIDDLE_EAST
POLES-JRC ENGAGE,ENGAGE-INDCi2030-900f,0.25397503521443887,0.16171012083771888,0.4156851560521577,R10MIDDLE_EAST
POLES-JRC ENGAGE,ENGAGE-NPi2020-1000f,0.18993023437706613,0.11082073908885509,0.3007509734659212,R10MIDDLE_EAST
POLES-JRC ENGAGE,ENGAGE-NPi2020-1000f-COV,0.17876235882987385,0.09356737247558669,0.27232973130546057,R10MIDDLE_EAST
POLES-JRC ENGAGE,ENGAGE-NPi2020-1200f,0.17634496270329436,0.09351287192711628,0.26985783463041063,R10MIDDLE_EAST
POLES-JRC ENGAGE,ENGAGE-NPi2020-900f,0.19725298741582983,0.13618712908107722,0.3334401164969071,R10MIDDLE_EAST
REMIND-MAgPIE 2.1-4.2,NGFS Phase 2-Delayed Transition,0.21084605165913956,0.6307385472660381,0.8415845989251776,R10MIDDLE_EAST
REMIND-MAgPIE 3.2.0-4.8.0,RESCUE-End-of-Century-Budget-1150,0.02711652979045351,0.15445877102639904,0.18157530081685255,R10MIDDLE_EAST
REMIND-MAgPIE 3.2.0-4.8.0,RESCUE-End-of-Century-Budget-1150-with-OAE,0.025707298889991247,0.15160447175997485,0.1773117706499661,R10MIDDLE_EAST
REMIND-MAgPIE 3.2.0-4.8.0,RESCUE-End-of-Century-Budget-500,0.12328593400859218,0.2864098910127197,0.40969582502131185,R10MIDDLE_EAST
REMIND-MAgPIE 3.2.0-4.8.0,RESCUE-End-of-Century-Budget-500-with-OAE,0.11179994960037624,0.3167025419593261,0.4285024915597024,R10MIDDLE_EAST
REMIND-MAgPIE 3.2.0-4.8.0,RESCUE-Peak-Budget-1150,0.035535775346986154,0.21006914124135054,0.2456049165883367,R10MIDDLE_EAST
REMIND-MAgPIE 3.2.0-4.8.0,RESCUE-Peak-Budget-1150-with-OAE,0.033692550983381836,0.2080126854435254,0.24170523642690725,R10MIDDLE_EAST
REMIND-MAgPIE 3.3-4.8,NGFS Phase 5-Below 2°C,0.006851791454995035,0.1510155605720967,0.15786735202709173,R10MIDDLE_EAST
REMIND-MAgPIE 3.3-4.8,NGFS Phase 5-Delayed Transition,0.06578315771136535,0.22333093998478543,0.28911409769615076,R10MIDDLE_EAST
REMIND-MAgPIE 3.3-4.8,NGFS Phase 5-Low Demand,0.24485617335174914,0.4850389564840309,0.7298951298357801,R10MIDDLE_EAST
REMIND-MAgPIE 3.3-4.8,NGFS Phase 5-Net-Zero 2050,0.11938207419994261,0.5650341308086941,0.6844162050086368,R10MIDDLE_EAST
WITCH 5.0,ENGAGE-INDCi2030-1000,0.16069295912175544,0.44768517315754935,0.6083781322793048,R10MIDDLE_EAST
WITCH 5.0,ENGAGE-INDCi2030-1000-NDCp,0.13802399404920487,0.4657222975197862,0.6037462915689911,R10MIDDLE_EAST
WITCH 5.0,ENGAGE-INDCi2030-1000f,0.13752401580349058,0.4268206734378465,0.5643446892413371,R10MIDDLE_EAST
WITCH 5.0,ENGAGE-INDCi2030-1000f-NDCp,0.11353110227829183,0.43810362291003635,0.5516347251883282,R10MIDDLE_EAST
WITCH 5.0,ENGAGE-INDCi2030-1200,0.11439587044451882,0.3789924382049381,0.49338830864945693,R10MIDDLE_EAST
WITCH 5.0,ENGAGE-INDCi2030-1200-NDCp,0.09240640351257869,0.4025582213911084,0.4949646249036871,R10MIDDLE_EAST
WITCH 5.0,ENGAGE-INDCi2030-1200f,0.10108291420070725,0.36578295020718105,0.4668658644078883,R10MIDDLE_EAST
WITCH 5.0,ENGAGE-INDCi2030-1200f-NDCp,0.07790368409607513,0.39373872326049963,0.47164240735657476,R10MIDDLE_EAST
WITCH 5.0,ENGAGE-INDCi2030-1400,0.07831156662536493,0.32078774764571455,0.3990993142710795,R10MIDDLE_EAST
WITCH 5.0,ENGAGE-INDCi2030-1400-NDCp,0.05766375166051168,0.3563753468964818,0.4140390985569935,R10MIDDLE_EAST
WITCH 5.0,ENGAGE-INDCi2030-1400f,0.075849242025397,0.3221441455746661,0.3979933876000631,R10MIDDLE_EAST
WITCH 5.0,ENGAGE-INDCi2030-1400f-NDCp,0.05289834773244739,0.35268368736508016,0.40558203509752755,R10MIDDLE_EAST
WITCH 5.0,ENGAGE-INDCi2030-1600-NDCp,0.033781675664907924,0.31292922133514345,0.34671089700005137,R10MIDDLE_EAST
WITCH 5.0,ENGAGE-INDCi2030-500f,0.2542624080863413,0.7297757421406076,0.9840381502269488,R10MIDDLE_EAST
WITCH 5.0,ENGAGE-INDCi2030-600f,0.24077259252804403,0.634090174514045,0.8748627670420891,R10MIDDLE_EAST
WITCH 5.0,ENGAGE-INDCi2030-600f-NDCp,0.21334336800999215,0.6089291252130336,0.8222724932230256,R10MIDDLE_EAST
WITCH 5.0,ENGAGE-INDCi2030-700f,0.2082137321387385,0.5852034274978926,0.7934171596366311,R10MIDDLE_EAST
WITCH 5.0,ENGAGE-INDCi2030-700f-NDCp,0.1698029072384736,0.5446271586445982,0.7144300658830718,R10MIDDLE_EAST
WITCH 5.0,ENGAGE-INDCi2030-800,0.23068122057684312,0.6650483396245709,0.895729560201414,R10MIDDLE_EAST
WITCH 5.0,ENGAGE-INDCi2030-800-NDCp,0.21895932001429358,0.6230273481296836,0.8419866681439772,R10MIDDLE_EAST
WITCH 5.0,ENGAGE-INDCi2030-800f,0.17717318974954271,0.48923721692471245,0.6664104066742551,R10MIDDLE_EAST
WITCH 5.0,ENGAGE-INDCi2030-800f-NDCp,0.15161859875052244,0.4966967523698887,0.6483153511204112,R10MIDDLE_EAST
WITCH 5.0,ENGAGE-INDCi2030-900,0.19629743119898824,0.5578775769027363,0.7541750081017246,R10MIDDLE_EAST
WITCH 5.0,ENGAGE-INDCi2030-900-NDCp,0.17070514761062722,0.5212741187080115,0.6919792663186388,R10MIDDLE_EAST
WITCH 5.0,ENGAGE-INDCi2030-900f,0.153158396858477,0.4421333918191432,0.5952917886776201,R10MIDDLE_EAST
WITCH 5.0,ENGAGE-INDCi2030-900f-NDCp,0.12759791875648369,0.46596311108187677,0.5935610298383605,R10MIDDLE_EAST
IMAGE 3.0,ENGAGE-INDCi2030-1000,0.2245728283442302,0.2787403667017259,0.5033131950459562,R10EUROPE
IMAGE 3.0,ENGAGE-INDCi2030-1000f,0.14567849675460376,0.3724128812607688,0.5180913780153726,R10EUROPE
IMAGE 3.0,ENGAGE-INDCi2030-1200,0.17585603934538066,0.11211010498058112,0.2879661443259618,R10EUROPE
IMAGE 3.0,ENGAGE-INDCi2030-1200f,0.13419948656842684,0.14482161434146398,0.27902110090989085,R10EUROPE
IMAGE 3.0,ENGAGE-INDCi2030-1400f,0.13419948656842684,0.13378562208427855,0.2679851086527054,R10EUROPE
IMAGE 3.0,ENGAGE-INDCi2030-800f,0.23335203625669979,0.3057812400251315,0.5391332762818313,R10EUROPE
IMAGE 3.0,ENGAGE-NPi2020-1000,0.2055235451188702,0.2017062912665167,0.4072298363853869,R10EUROPE
IMAGE 3.0,ENGAGE-NPi2020-1200,0.16107661054412842,0.053224554914418964,0.21430116545854738,R10EUROPE
IMAGE 3.0,ENGAGE-NPi2020-1400,0.14646870486537775,0.04738936760912012,0.19385807247449788,R10EUROPE
IMAGE 3.0,ENGAGE-NPi2020-1400f,0.15438221309665487,0.10410359981302965,0.25848581290968453,R10EUROPE
IMAGE 3.2,SSP2021-SSP1-SPA1-19-Default,0.13241025108342533,0.08483304957694722,0.21724330066037256,R10EUROPE
IMAGE 3.2,SSP2021-SSP1-SPA1-19-Lifestyle-Renewables,0.1426734743850012,0.13175053081565832,0.2744240052006595,R10EUROPE
IMAGE 3.2,SSP2021-SSP1-SPA1-19-Renewables,0.12026973850763248,0.11010702223629243,0.2303767607439249,R10EUROPE
IMAGE 3.2,SSP2021-SSP1-SPA1-26-Default,0.10905686370343944,0.0545660974399998,0.16362296114343924,R10EUROPE
IMAGE 3.2,SSP2021-SSP1-SPA1-26-Lifestyle,0.15090138681506085,0.017786760601765973,0.16868814741682683,R10EUROPE
IMAGE 3.2,SSP2021-SSP1-SPA1-26-Lifestyle-Renewables,0.13986058026075826,0.1017876339179014,0.24164821417865967,R10EUROPE
IMAGE 3.2,SSP2021-SSP1-SPA1-26-Renewables,0.11045893872525525,0.09642963094636996,0.20688856967162522,R10EUROPE
IMAGE 3.2,SSP2021-SSP2-SPA0-26-Default,0.10408325270384726,0.07603835928263887,0.18012161198648613,R10EUROPE
IMAGE 3.2,SSP2021-SSP2-SPA2-19-Renewables,0.21435651215132825,0.16366480207828876,0.37802131422961704,R10EUROPE
IMAGE 3.2,SSP2021-SSP2-SPA2-26-Default,0.09919346956936051,0.07590306965560002,0.17509653922496055,R10EUROPE
IMAGE 3.2,SSP2021-SSP2-SPA2-26-Lifestyle,0.125194398230994,0.07397999493253482,0.1991743931635288,R10EUROPE
IMAGE 3.2,SSP2021-SSP2-SPA2-26-Lifestyle-Renewables,0.1323249762829567,0.0790443906923271,0.2113693669752838,R10EUROPE
IMAGE 3.2,SSP2021-SSP2-SPA2-26-Renewables,0.12070686719331172,0.07630461234865785,0.19701147954196957,R10EUROPE
IMAGE 3.3,NAVIGATE Demand-1.5°C-ele_u,0.18746812309043442,0.1981221915824702,0.3855903146729046,R10EUROPE
IMAGE 3.3,NAVIGATE Demand-1.5°C-tec_u,0.1983722141737475,0.22113811993392143,0.4195103341076689,R10EUROPE
IMAGE 3.3,NAVIGATE Demand-2.0°C-ele_u,0.16347810124962722,0.1628005597555147,0.3262786610051419,R10EUROPE
IMAGE 3.3,NAVIGATE Demand-2.0°C-ref,0.15499942711313305,0.07628025384235688,0.23127968095548995,R10EUROPE
IMAGE 3.3,NAVIGATE Demand-2.0°C-tec_u,0.16125422800924957,0.09075406667514013,0.2520082946843897,R10EUROPE
MESSAGEix-GLOBIOM 2.0-M-R12-NGFS,NGFS Phase 5-Below 2°C,0.13651773603958792,0.19463854548934145,0.3311562815289294,R10EUROPE
MESSAGEix-GLOBIOM 2.0-M-R12-NGFS,NGFS Phase 5-Delayed Transition,0.14698614660003606,0.2975025935766089,0.44448874017664497,R10EUROPE
MESSAGEix-GLOBIOM 2.0-M-R12-NGFS,NGFS Phase 5-Low Demand,0.25357716387077245,0.2186720163893223,0.47224918026009477,R10EUROPE
MESSAGEix-GLOBIOM 2.0-M-R12-NGFS,NGFS Phase 5-Nationally Determined Contributions (NDCs),0.1382738948803945,0.15335671814723648,0.29163061302763094,R10EUROPE
MESSAGEix-GLOBIOM 2.0-M-R12-NGFS,NGFS Phase 5-Net-Zero 2050,0.14668202702121091,0.23660911113754418,0.3832911381587551,R10EUROPE
POLES-JRC ENGAGE,ENGAGE-INDCi2030-1000,0.370829212032755,0.4253013877540136,0.7961305997867686,R10EUROPE
POLES-JRC ENGAGE,ENGAGE-INDCi2030-1000-COV,0.2688469954391723,0.33173111776867137,0.6005781132078436,R10EUROPE
POLES-JRC ENGAGE,ENGAGE-INDCi2030-1000-COV-NDCp,0.16749884929359227,0.3422313301775526,0.5097301794711449,R10EUROPE
POLES-JRC ENGAGE,ENGAGE-INDCi2030-1000-NDCp,0.22267434374542874,0.3894697529121234,0.6121440966575521,R10EUROPE
POLES-JRC ENGAGE,ENGAGE-INDCi2030-1000f,0.25373620883417075,0.2786713629907968,0.5324075718249676,R10EUROPE
POLES-JRC ENGAGE,ENGAGE-INDCi2030-1000f-COV,0.20432224902170543,0.24847964649853496,0.4528018955202404,R10EUROPE
POLES-JRC ENGAGE,ENGAGE-INDCi2030-1000f-COV-NDCp,0.13762014685534132,0.28635043157149587,0.42397057842683716,R10EUROPE
POLES-JRC ENGAGE,ENGAGE-INDCi2030-1000f-NDCp,0.22267503078617332,0.282388277728008,0.5050633085141814,R10EUROPE
POLES-JRC ENGAGE,ENGAGE-INDCi2030-1200,0.2347083441609698,0.25522396001649145,0.48993230417746125,R10EUROPE
POLES-JRC ENGAGE,ENGAGE-INDCi2030-1200f,0.1958467206202161,0.20778495735802857,0.4036316779782447,R10EUROPE
POLES-JRC ENGAGE,ENGAGE-INDCi2030-300f,0.44426903495701053,0.45530128948010545,0.899570324437116,R10EUROPE
POLES-JRC ENGAGE,ENGAGE-INDCi2030-400f,0.4317398232524261,0.4573759856334399,0.8891158088858659,R10EUROPE
POLES-JRC ENGAGE,ENGAGE-INDCi2030-500f,0.4064235257653469,0.4511947249032852,0.8576182506686321,R10EUROPE
POLES-JRC ENGAGE,ENGAGE-INDCi2030-600f,0.38697884006797206,0.43890722121965065,0.8258860612876227,R10EUROPE
POLES-JRC ENGAGE,ENGAGE-INDCi2030-600f-COV,0.3451974609434188,0.41831803121109234,0.7635154921545111,R10EUROPE
POLES-JRC ENGAGE,ENGAGE-INDCi2030-600f-COV-NDCp,0.2319309959221986,0.4742243151809377,0.7061553111031363,R10EUROPE
POLES-JRC ENGAGE,ENGAGE-INDCi2030-600f-NDCp,0.23396834456864835,0.47647999922339723,0.7104483437920456,R10EUROPE
POLES-JRC ENGAGE,ENGAGE-INDCi2030-700f,0.35651199798623073,0.408609460171747,0.7651214581579777,R10EUROPE
POLES-JRC ENGAGE,ENGAGE-INDCi2030-800f,0.32552164136562484,0.37237982039249945,0.6979014617581243,R10EUROPE
POLES-JRC ENGAGE,ENGAGE-INDCi2030-900,0.4541068556274279,0.4509728799344408,0.9050797355618687,R10EUROPE
POLES-JRC ENGAGE,ENGAGE-INDCi2030-900f,0.2830825051054474,0.31667467717490627,0.5997571822803537,R10EUROPE
POLES-JRC ENGAGE,ENGAGE-NPi2020-1000f,0.1643072217990997,0.1934915221089766,0.3577987439080763,R10EUROPE
POLES-JRC ENGAGE,ENGAGE-NPi2020-1000f-COV,0.1495298563881248,0.19598617892624623,0.34551603531437103,R10EUROPE
POLES-JRC ENGAGE,ENGAGE-NPi2020-1200f,0.13909615864583325,0.1688577912583892,0.3079539499042224,R10EUROPE
POLES-JRC ENGAGE,ENGAGE-NPi2020-900f,0.1805530991998511,0.2225816979983579,0.403134797198209,R10EUROPE
REMIND-MAgPIE 2.1-4.2,NGFS Phase 2-Delayed Transition,0.31434751148542733,0.6542847105562184,0.9686322220416457,R10EUROPE
REMIND-MAgPIE 3.2.0-4.8.0,RESCUE-End-of-Century-Budget-1150,0.11830903001384499,0.13305245753967546,0.25136148755352045,R10EUROPE
REMIND-MAgPIE 3.2.0-4.8.0,RESCUE-End-of-Century-Budget-1150-with-OAE,0.11661758272032013,0.13239719785186668,0.24901478057218682,R10EUROPE
REMIND-MAgPIE 3.2.0-4.8.0,RESCUE-End-of-Century-Budget-500,0.1584715151643136,0.21829588562644933,0.37676740079076293,R10EUROPE
REMIND-MAgPIE 3.2.0-4.8.0,RESCUE-End-of-Century-Budget-500-with-OAE,0.15406634350791643,0.21951644698718603,0.37358279049510246,R10EUROPE
REMIND-MAgPIE 3.2.0-4.8.0,RESCUE-Peak-Budget-1150,0.16063432933545646,0.2298252314545629,0.39045956079001937,R10EUROPE
REMIND-MAgPIE 3.2.0-4.8.0,RESCUE-Peak-Budget-1150-with-OAE,0.16191765010796125,0.23161437739523866,0.39353202750319993,R10EUROPE
REMIND-MAgPIE 3.3-4.8,NGFS Phase 5-Below 2°C,0.1932369458197479,0.26116744700475136,0.4544043928244993,R10EUROPE
REMIND-MAgPIE 3.3-4.8,NGFS Phase 5-Delayed Transition,0.344106015329646,0.587640103299359,0.931746118629005,R10EUROPE
REMIND-MAgPIE 3.3-4.8,NGFS Phase 5-Low Demand,0.32811531930152693,0.5955562865604441,0.9236716058619711,R10EUROPE
REMIND-MAgPIE 3.3-4.8,NGFS Phase 5-Net-Zero 2050,0.24790348398414855,0.6798022211204603,0.9277057051046088,R10EUROPE
WITCH 5.0,ENGAGE-INDCi2030-1000,0.01317339084582761,0.4341442699340649,0.44731766077989255,R10EUROPE
WITCH 5.0,ENGAGE-INDCi2030-1000-NDCp,0.00793307462783726,0.43171164544595636,0.4396447200737936,R10EUROPE
WITCH 5.0,ENGAGE-INDCi2030-1000f,0.01317339084582761,0.3802058083646332,0.39337919921046083,R10EUROPE
WITCH 5.0,ENGAGE-INDCi2030-1000f-NDCp,0.00793307462783726,0.36907304849558914,0.3770061231234264,R10EUROPE
WITCH 5.0,ENGAGE-INDCi2030-1200,0.01317339084582761,0.34667135248765213,0.3598447433334797,R10EUROPE
WITCH 5.0,ENGAGE-INDCi2030-1200-NDCp,0.00793307462783726,0.34234873336484023,0.3502818079926775,R10EUROPE
WITCH 5.0,ENGAGE-INDCi2030-1200f,0.01317339084582761,0.3217066925554805,0.33488008340130815,R10EUROPE
WITCH 5.0,ENGAGE-INDCi2030-1200f-NDCp,0.00793307462783726,0.3109043138102881,0.31883738843812537,R10EUROPE
WITCH 5.0,ENGAGE-INDCi2030-1400,0.01317339084582761,0.2709532906160212,0.28412668146184883,R10EUROPE
WITCH 5.0,ENGAGE-INDCi2030-1400-NDCp,0.00793307462783726,0.2532102872988778,0.26114336192671506,R10EUROPE
WITCH 5.0,ENGAGE-INDCi2030-1400f,0.01317339084582761,0.25640216193143744,0.2695755527772651,R10EUROPE
WITCH 5.0,ENGAGE-INDCi2030-1400f-NDCp,0.00793307462783726,0.25420090216648045,0.2621339767943177,R10EUROPE
WITCH 5.0,ENGAGE-INDCi2030-1600-NDCp,0.00793307462783726,0.1957049461195933,0.20363802074743056,R10EUROPE
WITCH 5.0,ENGAGE-INDCi2030-500f,0.08244198128857258,0.7008325261923545,0.7832745074809271,R10EUROPE
WITCH 5.0,ENGAGE-INDCi2030-600f,0.054741336988745934,0.5850050660150522,0.6397464030037981,R10EUROPE
WITCH 5.0,ENGAGE-INDCi2030-600f-NDCp,0.03620190541141106,0.555232659062111,0.591434564473522,R10EUROPE
WITCH 5.0,ENGAGE-INDCi2030-700f,0.025062807316840702,0.4979742038637277,0.5230370111805684,R10EUROPE
WITCH 5.0,ENGAGE-INDCi2030-700f-NDCp,0.0217073628147027,0.5141552958022213,0.535862658616924,R10EUROPE
WITCH 5.0,ENGAGE-INDCi2030-800,0.06389341762357062,0.6326930589906216,0.6965864766141922,R10EUROPE
WITCH 5.0,ENGAGE-INDCi2030-800-NDCp,0.05164982527033595,0.6101963218484977,0.6618461471188336,R10EUROPE
WITCH 5.0,ENGAGE-INDCi2030-800f,0.01637965333418898,0.4708994580072058,0.4872791113413948,R10EUROPE
WITCH 5.0,ENGAGE-INDCi2030-800f-NDCp,0.00793307462783726,0.466195349593733,0.47412842422157025,R10EUROPE
WITCH 5.0,ENGAGE-INDCi2030-900,0.03214490659857724,0.5141580996672075,0.5463030062657848,R10EUROPE
WITCH 5.0,ENGAGE-INDCi2030-900-NDCp,0.02237515484371771,0.5132732256362773,0.535648380479995,R10EUROPE
WITCH 5.0,ENGAGE-INDCi2030-900f,0.01317339084582761,0.41950935864953637,0.432682749495364,R10EUROPE
WITCH 5.0,ENGAGE-INDCi2030-900f-NDCp,0.00793307462783726,0.40753721991197095,0.4154702945398082,R10EUROPE
IMAGE 3.0,ENGAGE-INDCi2030-1000,0.09841702670259471,0.15725060700881152,0.2556676337114062,R10REST_ASIA
IMAGE 3.0,ENGAGE-INDCi2030-1000f,0.039542571969798455,0.23127768820954295,0.2708202601793414,R10REST_ASIA
IMAGE 3.0,ENGAGE-INDCi2030-1200,0.0657708465390192,0.017513627311612438,0.08328447385063163,R10REST_ASIA
IMAGE 3.0,ENGAGE-INDCi2030-1200f,0.023278192739331408,0.10757508137702113,0.13085327411635253,R10REST_ASIA
IMAGE 3.0,ENGAGE-INDCi2030-1400f,0.007901617442340499,0.18459157967136203,0.19249319711370252,R10REST_ASIA
IMAGE 3.0,ENGAGE-INDCi2030-800f,0.09825572674458316,0.21049787867337952,0.3087536054179627,R10REST_ASIA
IMAGE 3.0,ENGAGE-NPi2020-1000,0.07211006554120779,0.0506870008949588,0.12279706643616659,R10REST_ASIA
IMAGE 3.0,ENGAGE-NPi2020-1200,0.027937742961561124,0.050513113200345766,0.07845085616190689,R10REST_ASIA
IMAGE 3.0,ENGAGE-NPi2020-1400,0.00594292724453697,0.08082256653454332,0.0867654937790803,R10REST_ASIA
IMAGE 3.0,ENGAGE-NPi2020-1400f,0.0022513700205561964,0.13977945994675411,0.1420308299673103,R10REST_ASIA
IMAGE 3.2,SSP2021-SSP1-SPA1-19-Default,0.0,0.32653874189540066,0.32653874189540066,R10REST_ASIA
IMAGE 3.2,SSP2021-SSP1-SPA1-19-Lifestyle-Renewables,0.007062778060494664,0.28363583405822934,0.290698612118724,R10REST_ASIA
IMAGE 3.2,SSP2021-SSP1-SPA1-19-Renewables,0.0,0.3924905730189667,0.3924905730189667,R10REST_ASIA
IMAGE 3.2,SSP2021-SSP1-SPA1-26-Default,0.009006497877894242,0.22618843621528528,0.23519493409317951,R10REST_ASIA
IMAGE 3.2,SSP2021-SSP1-SPA1-26-Lifestyle,0.009875129833237684,0.21243462804976512,0.2223097578830028,R10REST_ASIA
IMAGE 3.2,SSP2021-SSP1-SPA1-26-Lifestyle-Renewables,0.0,0.2899518242791919,0.2899518242791919,R10REST_ASIA
IMAGE 3.2,SSP2021-SSP1-SPA1-26-Renewables,0.011417224297434837,0.3912218513484494,0.40263907564588425,R10REST_ASIA
IMAGE 3.2,SSP2021-SSP2-SPA0-26-Default,0.0,0.1359787379925083,0.1359787379925083,R10REST_ASIA
IMAGE 3.2,SSP2021-SSP2-SPA2-19-Renewables,0.027318478267219667,0.2760870584343,0.30340553670151965,R10REST_ASIA
IMAGE 3.2,SSP2021-SSP2-SPA2-26-Default,0.0,0.12417356290304113,0.12417356290304113,R10REST_ASIA
IMAGE 3.2,SSP2021-SSP2-SPA2-26-Lifestyle,0.0,0.121136741293424,0.121136741293424,R10REST_ASIA
IMAGE 3.2,SSP2021-SSP2-SPA2-26-Lifestyle-Renewables,0.004189625567638537,0.2852049012432602,0.2893945268108987,R10REST_ASIA
IMAGE 3.2,SSP2021-SSP2-SPA2-26-Renewables,0.0,0.24965947974295075,0.24965947974295075,R10REST_ASIA
IMAGE 3.3,NAVIGATE Demand-1.5°C-ele_u,0.028096565052273623,0.26051725322598746,0.2886138182782611,R10REST_ASIA
IMAGE 3.3,NAVIGATE Demand-1.5°C-tec_u,0.0260169022452265,0.19197869330747167,0.21799559555269815,R10REST_ASIA
IMAGE 3.3,NAVIGATE Demand-2.0°C-ele_u,0.013592074437387417,0.22261237304741258,0.2362044474848,R10REST_ASIA
IMAGE 3.3,NAVIGATE Demand-2.0°C-ref,0.0,0.10276994217129441,0.10276994217129441,R10REST_ASIA
IMAGE 3.3,NAVIGATE Demand-2.0°C-tec_u,0.009199400917983606,0.06570187508739028,0.07490127600537388,R10REST_ASIA
MESSAGEix-GLOBIOM 2.0-M-R12-NGFS,NGFS Phase 5-Below 2°C,0.0730323653914953,0.27426369382854277,0.34729605922003803,R10REST_ASIA
MESSAGEix-GLOBIOM 2.0-M-R12-NGFS,NGFS Phase 5-Delayed Transition,0.07908107605334834,0.2855093899570519,0.36459046601040024,R10REST_ASIA
MESSAGEix-GLOBIOM 2.0-M-R12-NGFS,NGFS Phase 5-Low Demand,0.07134266315869477,0.14786802871500762,0.2192106918737024,R10REST_ASIA
MESSAGEix-GLOBIOM 2.0-M-R12-NGFS,NGFS Phase 5-Nationally Determined Contributions (NDCs),0.07547722848334494,0.25892973473754666,0.3344069632208916,R10REST_ASIA
MESSAGEix-GLOBIOM 2.0-M-R12-NGFS,NGFS Phase 5-Net-Zero 2050,0.06615064946079932,0.1658578011389522,0.23200845059975153,R10REST_ASIA
POLES-JRC ENGAGE,ENGAGE-INDCi2030-1000,0.11251648902917942,0.26356825716678195,0.3760847461959614,R10REST_ASIA
POLES-JRC ENGAGE,ENGAGE-INDCi2030-1000-COV,0.08326682445745721,0.24950305843031972,0.3327698828877769,R10REST_ASIA
POLES-JRC ENGAGE,ENGAGE-INDCi2030-1000-COV-NDCp,0.08133267965740025,0.2508558536141203,0.3321885332715206,R10REST_ASIA
POLES-JRC ENGAGE,ENGAGE-INDCi2030-1000-NDCp,0.10642895754909,0.33338684512274847,0.43981580267183845,R10REST_ASIA
POLES-JRC ENGAGE,ENGAGE-INDCi2030-1000f,0.07105972622212361,0.2394848978136651,0.31054462403578875,R10REST_ASIA
POLES-JRC ENGAGE,ENGAGE-INDCi2030-1000f-COV,0.05944607626074208,0.21284444279313525,0.27229051905387736,R10REST_ASIA
POLES-JRC ENGAGE,ENGAGE-INDCi2030-1000f-COV-NDCp,0.0542770789711642,0.20579371134882588,0.2600707903199901,R10REST_ASIA
POLES-JRC ENGAGE,ENGAGE-INDCi2030-1000f-NDCp,0.07208021426994243,0.3094061965706521,0.38148641084059454,R10REST_ASIA
POLES-JRC ENGAGE,ENGAGE-INDCi2030-1200,0.0635568386242291,0.22972198135235786,0.29327881997658695,R10REST_ASIA
POLES-JRC ENGAGE,ENGAGE-INDCi2030-1200f,0.04718674907295409,0.20571940511640513,0.25290615418935924,R10REST_ASIA
POLES-JRC ENGAGE,ENGAGE-INDCi2030-300f,0.14154900550567295,0.27697036721253043,0.4185193727182034,R10REST_ASIA
POLES-JRC ENGAGE,ENGAGE-INDCi2030-400f,0.13569404615053926,0.275618729614991,0.41131277576553027,R10REST_ASIA
POLES-JRC ENGAGE,ENGAGE-INDCi2030-500f,0.1254001776192075,0.2686127768669011,0.3940129544861086,R10REST_ASIA
POLES-JRC ENGAGE,ENGAGE-INDCi2030-600f,0.11818457528577044,0.267033804099352,0.38521837938512243,R10REST_ASIA
POLES-JRC ENGAGE,ENGAGE-INDCi2030-600f-COV,0.1081459081559019,0.2944030971274938,0.4025490052833957,R10REST_ASIA
POLES-JRC ENGAGE,ENGAGE-INDCi2030-600f-COV-NDCp,0.10654454050673845,0.29662977756943637,0.4031743180761748,R10REST_ASIA
POLES-JRC ENGAGE,ENGAGE-INDCi2030-600f-NDCp,0.1234589159591347,0.33989782263957063,0.46335673859870535,R10REST_ASIA
POLES-JRC ENGAGE,ENGAGE-INDCi2030-700f,0.10737570432029273,0.263033029777212,0.37040873409750474,R10REST_ASIA
POLES-JRC ENGAGE,ENGAGE-INDCi2030-800f,0.09672540625424926,0.25867275695318154,0.3553981632074308,R10REST_ASIA
POLES-JRC ENGAGE,ENGAGE-INDCi2030-900,0.14632806777774462,0.3168246518569192,0.46315271963466387,R10REST_ASIA
POLES-JRC ENGAGE,ENGAGE-INDCi2030-900f,0.08213327288758443,0.2513392519434887,0.33347252483107315,R10REST_ASIA
POLES-JRC ENGAGE,ENGAGE-NPi2020-1000f,0.025076497062921938,0.21346907988699781,0.23854557694991976,R10REST_ASIA
POLES-JRC ENGAGE,ENGAGE-NPi2020-1000f-COV,0.028208184409229765,0.1864885376034223,0.21469672201265205,R10REST_ASIA
POLES-JRC ENGAGE,ENGAGE-NPi2020-1200f,0.01880419262662377,0.18076932175796143,0.1995735143845852,R10REST_ASIA
POLES-JRC ENGAGE,ENGAGE-NPi2020-900f,0.03232668678636923,0.2348461541565576,0.2671728409429268,R10REST_ASIA
REMIND-MAgPIE 2.1-4.2,NGFS Phase 2-Delayed Transition,0.09746533103796053,0.6627318694314936,0.7601972004694542,R10REST_ASIA
REMIND-MAgPIE 3.2.0-4.8.0,RESCUE-End-of-Century-Budget-1150,9.118742504687061e-06,0.22665792807405233,0.22666704681655703,R10REST_ASIA
REMIND-MAgPIE 3.2.0-4.8.0,RESCUE-End-of-Century-Budget-1150-with-OAE,0.0,0.22770396165615375,0.22770396165615375,R10REST_ASIA
REMIND-MAgPIE 3.2.0-4.8.0,RESCUE-End-of-Century-Budget-500,0.03047390912641495,0.3701667435759875,0.40064065270240246,R10REST_ASIA
REMIND-MAgPIE 3.2.0-4.8.0,RESCUE-End-of-Century-Budget-500-with-OAE,0.026910070435305293,0.3761394849773807,0.403049555412686,R10REST_ASIA
REMIND-MAgPIE 3.2.0-4.8.0,RESCUE-Peak-Budget-1150,0.004717644869575434,0.23796700311923952,0.24268464798881495,R10REST_ASIA
REMIND-MAgPIE 3.2.0-4.8.0,RESCUE-Peak-Budget-1150-with-OAE,0.005996173565473038,0.24316653772089813,0.24916271128637119,R10REST_ASIA
REMIND-MAgPIE 3.3-4.8,NGFS Phase 5-Below 2°C,0.0029748303803482892,0.2641859188991074,0.2671607492794557,R10REST_ASIA
REMIND-MAgPIE 3.3-4.8,NGFS Phase 5-Delayed Transition,0.015667517150396066,0.33290983899804355,0.3485773561484396,R10REST_ASIA
REMIND-MAgPIE 3.3-4.8,NGFS Phase 5-Low Demand,0.06142420663764372,0.5516833876081424,0.6131075942457861,R10REST_ASIA
REMIND-MAgPIE 3.3-4.8,NGFS Phase 5-Net-Zero 2050,0.03964687524258555,0.5308752296247115,0.570522104867297,R10REST_ASIA
WITCH 5.0,ENGAGE-INDCi2030-1000,0.07942107822638506,0.2860711277362624,0.3654922059626475,R10REST_ASIA
WITCH 5.0,ENGAGE-INDCi2030-1000-NDCp,0.07825890262281435,0.2790205314894949,0.3572794341123092,R10REST_ASIA
WITCH 5.0,ENGAGE-INDCi2030-1000f,0.07154111762273957,0.32134121693988604,0.3928823345626256,R10REST_ASIA
WITCH 5.0,ENGAGE-INDCi2030-1000f-NDCp,0.06874196364247795,0.32194179222363234,0.39068375586611026,R10REST_ASIA
WITCH 5.0,ENGAGE-INDCi2030-1200,0.0612673493167683,0.34363492069982265,0.40490227001659096,R10REST_ASIA
WITCH 5.0,ENGAGE-INDCi2030-1200-NDCp,0.06012938744761541,0.3294902894705448,0.38961967691816024,R10REST_ASIA
WITCH 5.0,ENGAGE-INDCi2030-1200f,0.05319305998522955,0.3174774999140237,0.37067055989925324,R10REST_ASIA
WITCH 5.0,ENGAGE-INDCi2030-1200f-NDCp,0.04645399937008065,0.27901409092611934,0.3254680902962,R10REST_ASIA
WITCH 5.0,ENGAGE-INDCi2030-1400,0.03928814757271817,0.2249759523905344,0.26426409996325256,R10REST_ASIA
WITCH 5.0,ENGAGE-INDCi2030-1400-NDCp,0.03762655004197253,0.20083696522154554,0.23846351526351806,R10REST_ASIA
WITCH 5.0,ENGAGE-INDCi2030-1400f,0.0381969927756969,0.2216656045920041,0.259862597367701,R10REST_ASIA
WITCH 5.0,ENGAGE-INDCi2030-1400f-NDCp,0.03607314771596728,0.19897021269572313,0.2350433604116904,R10REST_ASIA
WITCH 5.0,ENGAGE-INDCi2030-1600-NDCp,0.02457561554238547,0.17954605805808038,0.20412167360046585,R10REST_ASIA
WITCH 5.0,ENGAGE-INDCi2030-500f,0.102330137197633,0.4352948005308842,0.5376249377285172,R10REST_ASIA
WITCH 5.0,ENGAGE-INDCi2030-600f,0.09514340797321269,0.40050662203732074,0.4956500300105334,R10REST_ASIA
WITCH 5.0,ENGAGE-INDCi2030-600f-NDCp,0.09417229408459744,0.39181592699914863,0.48598822108374606,R10REST_ASIA
WITCH 5.0,ENGAGE-INDCi2030-700f,0.09310888982895106,0.3582430858831471,0.4513519757120982,R10REST_ASIA
WITCH 5.0,ENGAGE-INDCi2030-700f-NDCp,0.08918714046535536,0.30161833057630294,0.3908054710416583,R10REST_ASIA
WITCH 5.0,ENGAGE-INDCi2030-800,0.10094264983373437,0.4089035727179811,0.5098462225517155,R10REST_ASIA
WITCH 5.0,ENGAGE-INDCi2030-800-NDCp,0.09873767201050337,0.42099903767797114,0.5197367096884745,R10REST_ASIA
WITCH 5.0,ENGAGE-INDCi2030-800f,0.08279262792415228,0.3230922839083341,0.4058849118324864,R10REST_ASIA
WITCH 5.0,ENGAGE-INDCi2030-800f-NDCp,0.08113888083261875,0.3146630763973584,0.39580195722997713,R10REST_ASIA
WITCH 5.0,ENGAGE-INDCi2030-900,0.09257210044029518,0.3682079942204252,0.4607800946607204,R10REST_ASIA
WITCH 5.0,ENGAGE-INDCi2030-900-NDCp,0.08898720240211419,0.3028101859556533,0.39179738835776745,R10REST_ASIA
WITCH 5.0,ENGAGE-INDCi2030-900f,0.07730821334690874,0.2975437641896474,0.37485197753655614,R10REST_ASIA
WITCH 5.0,ENGAGE-INDCi2030-900f-NDCp,0.07470910102998618,0.27904723346426547,0.35375633449425165,R10REST_ASIA
IMAGE 3.0,ENGAGE-INDCi2030-1000,0.18530780474029027,0.2339362347396048,0.4192440394798951,R10PAC_OECD
IMAGE 3.0,ENGAGE-INDCi2030-1000f,0.1852859609303314,0.300446128329399,0.4857320892597304,R10PAC_OECD
IMAGE 3.0,ENGAGE-INDCi2030-1200,0.18530780474029027,0.08882547019460413,0.27413327493489437,R10PAC_OECD
IMAGE 3.0,ENGAGE-INDCi2030-1200f,0.1852859609303314,0.04787446701420933,0.23316042794454073,R10PAC_OECD
IMAGE 3.0,ENGAGE-INDCi2030-1400f,0.1852859609303314,0.09331460569245233,0.2786005666227837,R10PAC_OECD
IMAGE 3.0,ENGAGE-INDCi2030-800f,0.1852859609303314,0.2953453293055102,0.4806312902358416,R10PAC_OECD
IMAGE 3.0,ENGAGE-NPi2020-1000,0.21418562706515606,0.15389370767167962,0.3680793347368357,R10PAC_OECD
IMAGE 3.0,ENGAGE-NPi2020-1200,0.12809935971905817,0.05629920500059209,0.18439856471965027,R10PAC_OECD
IMAGE 3.0,ENGAGE-NPi2020-1400,0.09518811079925309,0.02919796310407089,0.12438607390332398,R10PAC_OECD
IMAGE 3.0,ENGAGE-NPi2020-1400f,0.0848685265882475,0.10885959494772532,0.19372812153597282,R10PAC_OECD
IMAGE 3.2,SSP2021-SSP1-SPA1-19-Default,0.0896554436041063,0.06051386194097716,0.15016930554508345,R10PAC_OECD
IMAGE 3.2,SSP2021-SSP1-SPA1-19-Lifestyle-Renewables,0.13742507476767274,0.19619358314483587,0.3336186579125086,R10PAC_OECD
IMAGE 3.2,SSP2021-SSP1-SPA1-19-Renewables,0.09921215647323879,0.12139195744935642,0.2206041139225952,R10PAC_OECD
IMAGE 3.2,SSP2021-SSP1-SPA1-26-Default,0.08410511892542927,0.036412681484169096,0.12051780040959836,R10PAC_OECD
IMAGE 3.2,SSP2021-SSP1-SPA1-26-Lifestyle,0.1131370580292969,0.06615108985852156,0.17928814788781844,R10PAC_OECD
IMAGE 3.2,SSP2021-SSP1-SPA1-26-Lifestyle-Renewables,0.14090669153656374,0.15134459462876534,0.2922512861653291,R10PAC_OECD
IMAGE 3.2,SSP2021-SSP1-SPA1-26-Renewables,0.08996679399365902,0.10436238578499425,0.19432917977865327,R10PAC_OECD
IMAGE 3.2,SSP2021-SSP2-SPA0-26-Default,0.1193824430786039,0.00780700552609105,0.12718944860469494,R10PAC_OECD
IMAGE 3.2,SSP2021-SSP2-SPA2-19-Renewables,0.18364812875343606,0.2199563123451426,0.4036044410985786,R10PAC_OECD
IMAGE 3.2,SSP2021-SSP2-SPA2-26-Default,0.08023657450743556,0.032206845208896294,0.11244341971633184,R10PAC_OECD
IMAGE 3.2,SSP2021-SSP2-SPA2-26-Lifestyle,0.1283893523568182,0.05473317669217607,0.18312252904899426,R10PAC_OECD
IMAGE 3.2,SSP2021-SSP2-SPA2-26-Lifestyle-Renewables,0.13852533697102906,0.13382870546669132,0.2723540424377204,R10PAC_OECD
IMAGE 3.2,SSP2021-SSP2-SPA2-26-Renewables,0.11233386248675778,0.16075949502336634,0.2730933575101241,R10PAC_OECD
IMAGE 3.3,NAVIGATE Demand-1.5°C-ele_u,0.1793499005447349,0.11096501494068899,0.2903149154854239,R10PAC_OECD
IMAGE 3.3,NAVIGATE Demand-1.5°C-tec_u,0.1832284591199347,0.11998553571999068,0.3032139948399254,R10PAC_OECD
IMAGE 3.3,NAVIGATE Demand-2.0°C-ele_u,0.15559856182737028,0.07854442790295109,0.23414298973032138,R10PAC_OECD
IMAGE 3.3,NAVIGATE Demand-2.0°C-ref,0.12128008566212821,0.014392482470786064,0.13567256813291428,R10PAC_OECD
IMAGE 3.3,NAVIGATE Demand-2.0°C-tec_u,0.14185919582436327,0.025323884083976823,0.16718307990834008,R10PAC_OECD
MESSAGEix-GLOBIOM 2.0-M-R12-NGFS,NGFS Phase 5-Below 2°C,0.16016181352946748,0.2691607825365899,0.4293225960660574,R10PAC_OECD
MESSAGEix-GLOBIOM 2.0-M-R12-NGFS,NGFS Phase 5-Delayed Transition,0.20613347741461524,0.24632331153800932,0.45245678895262453,R10PAC_OECD
MESSAGEix-GLOBIOM 2.0-M-R12-NGFS,NGFS Phase 5-Low Demand,0.3555254327668976,0.2177869829002846,0.5733124156671822,R10PAC_OECD
MESSAGEix-GLOBIOM 2.0-M-R12-NGFS,NGFS Phase 5-Nationally Determined Contributions (NDCs),0.12421842788504577,0.12977076929542725,0.253989197180473,R10PAC_OECD
MESSAGEix-GLOBIOM 2.0-M-R12-NGFS,NGFS Phase 5-Net-Zero 2050,0.25395834298399694,0.3036662594047749,0.5576246023887719,R10PAC_OECD
POLES-JRC ENGAGE,ENGAGE-INDCi2030-1000,0.5138157885052779,0.21212739024446872,0.7259431787497466,R10PAC_OECD
POLES-JRC ENGAGE,ENGAGE-INDCi2030-1000-COV,0.4179645868033047,0.1823699936206863,0.600334580423991,R10PAC_OECD
POLES-JRC ENGAGE,ENGAGE-INDCi2030-1000-COV-NDCp,0.3860373963382518,0.18221115968383064,0.5682485560220825,R10PAC_OECD
POLES-JRC ENGAGE,ENGAGE-INDCi2030-1000-NDCp,0.4602172945573375,0.1878128305017706,0.6480301250591081,R10PAC_OECD
POLES-JRC ENGAGE,ENGAGE-INDCi2030-1000f,0.3583403441068979,0.1599032010919191,0.518243545198817,R10PAC_OECD
POLES-JRC ENGAGE,ENGAGE-INDCi2030-1000f-COV,0.3208881826776203,0.15086975594253416,0.47175793862015447,R10PAC_OECD
POLES-JRC ENGAGE,ENGAGE-INDCi2030-1000f-COV-NDCp,0.27950099968832665,0.14217326888083315,0.4216742685691598,R10PAC_OECD
POLES-JRC ENGAGE,ENGAGE-INDCi2030-1000f-NDCp,0.3272107641445371,0.136801063127718,0.4640118272722551,R10PAC_OECD
POLES-JRC ENGAGE,ENGAGE-INDCi2030-1200,0.3304420735834611,0.15245219437884192,0.48289426796230306,R10PAC_OECD
POLES-JRC ENGAGE,ENGAGE-INDCi2030-1200f,0.2720165684562202,0.1304050604540778,0.402421628910298,R10PAC_OECD
POLES-JRC ENGAGE,ENGAGE-INDCi2030-300f,0.6063349076195904,0.20473915331482753,0.8110740609344179,R10PAC_OECD
POLES-JRC ENGAGE,ENGAGE-INDCi2030-400f,0.5899388002538157,0.20897061782914886,0.7989094180829646,R10PAC_OECD
POLES-JRC ENGAGE,ENGAGE-INDCi2030-500f,0.5578890489072375,0.2125584992083277,0.7704475481155652,R10PAC_OECD
POLES-JRC ENGAGE,ENGAGE-INDCi2030-600f,0.5333775612301984,0.21147575129012475,0.7448533125203232,R10PAC_OECD
POLES-JRC ENGAGE,ENGAGE-INDCi2030-600f-COV,0.5161571406588671,0.20630159044888513,0.7224587311077522,R10PAC_OECD
POLES-JRC ENGAGE,ENGAGE-INDCi2030-600f-COV-NDCp,0.48503851061588527,0.20904021596845535,0.6940787265843407,R10PAC_OECD
POLES-JRC ENGAGE,ENGAGE-INDCi2030-600f-NDCp,0.5254897026773132,0.19990593521684097,0.7253956378941542,R10PAC_OECD
POLES-JRC ENGAGE,ENGAGE-INDCi2030-700f,0.4948904656144954,0.2032795877780201,0.6981700533925155,R10PAC_OECD
POLES-JRC ENGAGE,ENGAGE-INDCi2030-800f,0.45561213792357774,0.19373020284016892,0.6493423407637466,R10PAC_OECD
POLES-JRC ENGAGE,ENGAGE-INDCi2030-900,0.6215445968232124,0.21047582137644924,0.8320204181996617,R10PAC_OECD
POLES-JRC ENGAGE,ENGAGE-INDCi2030-900f,0.39964042268958216,0.173620245812935,0.5732606685025172,R10PAC_OECD
POLES-JRC ENGAGE,ENGAGE-NPi2020-1000f,0.20230784131161322,0.09834616620792683,0.3006540075195401,R10PAC_OECD
POLES-JRC ENGAGE,ENGAGE-NPi2020-1000f-COV,0.21251132897889569,0.10418771809882212,0.3166990470777178,R10PAC_OECD
POLES-JRC ENGAGE,ENGAGE-NPi2020-1200f,0.1871820436065428,0.08710926335403818,0.274291306960581,R10PAC_OECD
POLES-JRC ENGAGE,ENGAGE-NPi2020-900f,0.22157280186905587,0.1116018930021011,0.333174694871157,R10PAC_OECD
REMIND-MAgPIE 2.1-4.2,NGFS Phase 2-Delayed Transition,0.4851555709030096,0.6934450099015448,1.1786005808045543,R10PAC_OECD
REMIND-MAgPIE 3.2.0-4.8.0,RESCUE-End-of-Century-Budget-1150,0.21677369865571353,0.11009374226146494,0.32686744091717845,R10PAC_OECD
REMIND-MAgPIE 3.2.0-4.8.0,RESCUE-End-of-Century-Budget-1150-with-OAE,0.2164884400665283,0.11393300930891445,0.3304214493754427,R10PAC_OECD
REMIND-MAgPIE 3.2.0-4.8.0,RESCUE-End-of-Century-Budget-500,0.33387618428210875,0.24663832050709034,0.5805145047891991,R10PAC_OECD
REMIND-MAgPIE 3.2.0-4.8.0,RESCUE-End-of-Century-Budget-500-with-OAE,0.32254847963765954,0.2414179650742963,0.5639664447119559,R10PAC_OECD
REMIND-MAgPIE 3.2.0-4.8.0,RESCUE-Peak-Budget-1150,0.23337883858492717,0.12949849038370767,0.36287732896863484,R10PAC_OECD
REMIND-MAgPIE 3.2.0-4.8.0,RESCUE-Peak-Budget-1150-with-OAE,0.2333644582131643,0.12926785128126114,0.36263230949442543,R10PAC_OECD
REMIND-MAgPIE 3.3-4.8,NGFS Phase 5-Below 2°C,0.23269215541430932,0.17541069845034357,0.4081028538646529,R10PAC_OECD
REMIND-MAgPIE 3.3-4.8,NGFS Phase 5-Delayed Transition,0.4899782318904409,0.4650614238373226,0.9550396557277634,R10PAC_OECD
REMIND-MAgPIE 3.3-4.8,NGFS Phase 5-Low Demand,0.41547702528342734,0.557483722698217,0.9729607479816443,R10PAC_OECD
REMIND-MAgPIE 3.3-4.8,NGFS Phase 5-Net-Zero 2050,0.329068252390695,0.7490935884652904,1.0781618408559854,R10PAC_OECD
WITCH 5.0,ENGAGE-INDCi2030-1000,0.15829262715603665,0.4530336846628992,0.6113263118189358,R10PAC_OECD
WITCH 5.0,ENGAGE-INDCi2030-1000-NDCp,0.120255190163872,0.2681729451150718,0.38842813527894376,R10PAC_OECD
WITCH 5.0,ENGAGE-INDCi2030-1000f,0.12045302434861715,0.37836867374167926,0.4988216980902964,R10PAC_OECD
WITCH 5.0,ENGAGE-INDCi2030-1000f-NDCp,0.1371002616066547,0.41954998171362556,0.5566502433202802,R10PAC_OECD
WITCH 5.0,ENGAGE-INDCi2030-1200,0.08029266059740371,0.26058058801781037,0.34087324861521406,R10PAC_OECD
WITCH 5.0,ENGAGE-INDCi2030-1200-NDCp,0.07212177813717638,0.24233944603821944,0.3144612241753958,R10PAC_OECD
WITCH 5.0,ENGAGE-INDCi2030-1200f,0.10607966373606896,0.4095394867523734,0.5156191504884423,R10PAC_OECD
WITCH 5.0,ENGAGE-INDCi2030-1200f-NDCp,0.10733506900773142,0.41299941516573957,0.520334484173471,R10PAC_OECD
WITCH 5.0,ENGAGE-INDCi2030-1400,0.03899597602257558,0.1979525566279137,0.23694853265048926,R10PAC_OECD
WITCH 5.0,ENGAGE-INDCi2030-1400-NDCp,0.07212177813717638,0.17781710896329833,0.2499388871004747,R10PAC_OECD
WITCH 5.0,ENGAGE-INDCi2030-1400f,0.15274110156292228,0.5030036614787156,0.6557447630416379,R10PAC_OECD
WITCH 5.0,ENGAGE-INDCi2030-1400f-NDCp,0.12141450511767825,0.42478909364642736,0.5462035987641056,R10PAC_OECD
WITCH 5.0,ENGAGE-INDCi2030-1600-NDCp,0.07212177813717638,0.16945191558980088,0.24157369372697726,R10PAC_OECD
WITCH 5.0,ENGAGE-INDCi2030-500f,0.4053212795548217,1.0,1.4053212795548218,R10PAC_OECD
WITCH 5.0,ENGAGE-INDCi2030-600f,0.33148867581486,0.6939044049898011,1.0253930808046612,R10PAC_OECD
WITCH 5.0,ENGAGE-INDCi2030-600f-NDCp,0.255692321480013,0.6490300081955831,0.9047223296755961,R10PAC_OECD
WITCH 5.0,ENGAGE-INDCi2030-700f,0.26207037190016563,0.6497848347949444,0.91185520669511,R10PAC_OECD
WITCH 5.0,ENGAGE-INDCi2030-700f-NDCp,0.19538374801164166,0.6607971144118274,0.856180862423469,R10PAC_OECD
WITCH 5.0,ENGAGE-INDCi2030-800,0.3444453319916727,0.5279503030876151,0.8723956350792879,R10PAC_OECD
WITCH 5.0,ENGAGE-INDCi2030-800-NDCp,0.2874907707600919,0.4962180164414153,0.7837087872015072,R10PAC_OECD
WITCH 5.0,ENGAGE-INDCi2030-800f,0.19929710254455252,0.628037426435346,0.8273345289798986,R10PAC_OECD
WITCH 5.0,ENGAGE-INDCi2030-800f-NDCp,0.13559196171425603,0.5570370626419883,0.6926290243562443,R10PAC_OECD
WITCH 5.0,ENGAGE-INDCi2030-900,0.2398294298050442,0.37476723506526816,0.6145966648703124,R10PAC_OECD
WITCH 5.0,ENGAGE-INDCi2030-900-NDCp,0.18272034291165662,0.6152959484373971,0.7980162913490537,R10PAC_OECD
WITCH 5.0,ENGAGE-INDCi2030-900f,0.15832930039369528,0.4447964756120778,0.6031257760057731,R10PAC_OECD
WITCH 5.0,ENGAGE-INDCi2030-900f-NDCp,0.16287844156735098,0.445354401109251,0.6082328426766019,R10PAC_OECD
IMAGE 3.0,ENGAGE-INDCi2030-1000,0.36646459890228533,0.11087955776432333,0.4773441566666087,R10REF_ECON
IMAGE 3.0,ENGAGE-INDCi2030-1000f,0.2559905789538837,0.20395946297763587,0.45995004193151956,R10REF_ECON
IMAGE 3.0,ENGAGE-INDCi2030-1200,0.3064878993698117,0.05440034103323073,0.3608882404030424,R10REF_ECON
IMAGE 3.0,ENGAGE-INDCi2030-1200f,0.220540879724152,0.16459492864216524,0.3851358083663172,R10REF_ECON
IMAGE 3.0,ENGAGE-INDCi2030-1400f,0.17235973444056177,0.24244360382071864,0.4148033382612804,R10REF_ECON
IMAGE 3.0,ENGAGE-INDCi2030-800f,0.37005339878757615,0.11279029874481739,0.48284369753239353,R10REF_ECON
IMAGE 3.0,ENGAGE-NPi2020-1000,0.2838688723837394,0.09213913344106844,0.37600800582480787,R10REF_ECON
IMAGE 3.0,ENGAGE-NPi2020-1200,0.19372926027416926,0.14564654608973496,0.3393758063639042,R10REF_ECON
IMAGE 3.0,ENGAGE-NPi2020-1400,0.1552557398122857,0.15295681322060695,0.30821255303289263,R10REF_ECON
IMAGE 3.0,ENGAGE-NPi2020-1400f,0.12689397764282095,0.23728552147093743,0.36417949911375835,R10REF_ECON
IMAGE 3.2,SSP2021-SSP1-SPA1-19-Default,0.12688745291099454,0.13095047108914093,0.2578379240001355,R10REF_ECON
IMAGE 3.2,SSP2021-SSP1-SPA1-19-Lifestyle-Renewables,0.12600644075743858,0.20734353304162598,0.33334997379906456,R10REF_ECON
IMAGE 3.2,SSP2021-SSP1-SPA1-19-Renewables,0.10025521808623532,0.15915216728520726,0.2594073853714426,R10REF_ECON
IMAGE 3.2,SSP2021-SSP1-SPA1-26-Default,0.09481422647158262,0.05822134944627152,0.15303557591785413,R10REF_ECON
IMAGE 3.2,SSP2021-SSP1-SPA1-26-Lifestyle,0.13608242144003713,0.05408655063107217,0.1901689720711093,R10REF_ECON
IMAGE 3.2,SSP2021-SSP1-SPA1-26-Lifestyle-Renewables,0.10426971956364178,0.2035553109524151,0.3078250305160569,R10REF_ECON
IMAGE 3.2,SSP2021-SSP1-SPA1-26-Renewables,0.11261054071241021,0.11131989129562586,0.22393043200803608,R10REF_ECON
IMAGE 3.2,SSP2021-SSP2-SPA0-26-Default,0.08394966917131233,0.16008789352092576,0.24403756269223809,R10REF_ECON
IMAGE 3.2,SSP2021-SSP2-SPA2-19-Renewables,0.2825511730856574,0.5904836909602064,0.8730348640458638,R10REF_ECON
IMAGE 3.2,SSP2021-SSP2-SPA2-26-Default,0.11083022984567457,0.1813285664709742,0.29215879631664876,R10REF_ECON
IMAGE 3.2,SSP2021-SSP2-SPA2-26-Lifestyle,0.11347212459685846,0.11058870812535862,0.22406083272221708,R10REF_ECON
IMAGE 3.2,SSP2021-SSP2-SPA2-26-Lifestyle-Renewables,0.09978083853978242,0.1976599435234979,0.2974407820632803,R10REF_ECON
IMAGE 3.2,SSP2021-SSP2-SPA2-26-Renewables,0.09783044438818354,0.18312415424493053,0.28095459863311406,R10REF_ECON
IMAGE 3.3,NAVIGATE Demand-1.5°C-ele_u,0.19876843377563183,0.5242223805527698,0.7229908143284016,R10REF_ECON
IMAGE 3.3,NAVIGATE Demand-1.5°C-tec_u,0.2369043567025684,0.4945547699733727,0.7314591266759412,R10REF_ECON
IMAGE 3.3,NAVIGATE Demand-2.0°C-ele_u,0.15339667994414516,0.4062246804751086,0.5596213604192538,R10REF_ECON
IMAGE 3.3,NAVIGATE Demand-2.0°C-ref,0.10439961297024196,0.12976151099325478,0.23416112396349675,R10REF_ECON
IMAGE 3.3,NAVIGATE Demand-2.0°C-tec_u,0.16787752375859458,0.08997362081132167,0.25785114456991626,R10REF_ECON
MESSAGEix-GLOBIOM 2.0-M-R12-NGFS,NGFS Phase 5-Below 2°C,0.08247316023494519,0.3652879806970719,0.44776114093201713,R10REF_ECON
MESSAGEix-GLOBIOM 2.0-M-R12-NGFS,NGFS Phase 5-Delayed Transition,0.1160444091979836,0.2383746053197786,0.3544190145177622,R10REF_ECON
MESSAGEix-GLOBIOM 2.0-M-R12-NGFS,NGFS Phase 5-Low Demand,0.24610362978054526,0.35018534545340807,0.5962889752339533,R10REF_ECON
MESSAGEix-GLOBIOM 2.0-M-R12-NGFS,NGFS Phase 5-Nationally Determined Contributions (NDCs),0.0,0.0,0.0,R10REF_ECON
MESSAGEix-GLOBIOM 2.0-M-R12-NGFS,NGFS Phase 5-Net-Zero 2050,0.16420187333910455,0.3907800302427323,0.5549819035818369,R10REF_ECON
POLES-JRC ENGAGE,ENGAGE-INDCi2030-1000,0.39303992887749417,0.060047880350325177,0.4530878092278193,R10REF_ECON
POLES-JRC ENGAGE,ENGAGE-INDCi2030-1000-COV,0.3350333527902016,0.059763203333596644,0.3947965561237982,R10REF_ECON
POLES-JRC ENGAGE,ENGAGE-INDCi2030-1000-COV-NDCp,0.33098279615906095,0.05409498526842899,0.38507778142748994,R10REF_ECON
POLES-JRC ENGAGE,ENGAGE-INDCi2030-1000-NDCp,0.40060467291080104,0.0853609206172264,0.48596559352802743,R10REF_ECON
POLES-JRC ENGAGE,ENGAGE-INDCi2030-1000f,0.3113767178503355,0.05512690236108689,0.36650362021142235,R10REF_ECON
POLES-JRC ENGAGE,ENGAGE-INDCi2030-1000f-COV,0.28349701291585183,0.05572304979589535,0.3392200627117472,R10REF_ECON
POLES-JRC ENGAGE,ENGAGE-INDCi2030-1000f-COV-NDCp,0.2717570668676414,0.05381864255206884,0.32557570941971026,R10REF_ECON
POLES-JRC ENGAGE,ENGAGE-INDCi2030-1000f-NDCp,0.3250242458983359,0.048844766566869036,0.37386901246520493,R10REF_ECON
POLES-JRC ENGAGE,ENGAGE-INDCi2030-1200,0.2955037746445487,0.056881097496859996,0.3523848721414087,R10REF_ECON
POLES-JRC ENGAGE,ENGAGE-INDCi2030-1200f,0.25796749677123065,0.04967411536658918,0.3076416121378198,R10REF_ECON
POLES-JRC ENGAGE,ENGAGE-INDCi2030-300f,0.44399094547132956,0.05596784383672089,0.49995878930805043,R10REF_ECON
POLES-JRC ENGAGE,ENGAGE-INDCi2030-400f,0.4345325565963448,0.04505663461760276,0.4795891912139476,R10REF_ECON
POLES-JRC ENGAGE,ENGAGE-INDCi2030-500f,0.41682806053045945,0.05670703093052103,0.4735350914609805,R10REF_ECON
POLES-JRC ENGAGE,ENGAGE-INDCi2030-600f,0.4035571547493818,0.055249100663619384,0.4588062554130012,R10REF_ECON
POLES-JRC ENGAGE,ENGAGE-INDCi2030-600f-COV,0.38191692465628707,0.04855272629821071,0.4304696509544978,R10REF_ECON
POLES-JRC ENGAGE,ENGAGE-INDCi2030-600f-COV-NDCp,0.37807104798317565,0.04783487909499285,0.4259059270781685,R10REF_ECON
POLES-JRC ENGAGE,ENGAGE-INDCi2030-600f-NDCp,0.42869929664850787,0.04171590958931768,0.47041520623782557,R10REF_ECON
POLES-JRC ENGAGE,ENGAGE-INDCi2030-700f,0.3831424032775007,0.05085087611435281,0.4339932793918535,R10REF_ECON
POLES-JRC ENGAGE,ENGAGE-INDCi2030-800f,0.36347891287474743,0.05427374398033653,0.41775265685508395,R10REF_ECON
POLES-JRC ENGAGE,ENGAGE-INDCi2030-900,0.45157667410078023,0.10761181383031278,0.559188487931093,R10REF_ECON
POLES-JRC ENGAGE,ENGAGE-INDCi2030-900f,0.3342355136434007,0.05285313749221018,0.38708865113561086,R10REF_ECON
POLES-JRC ENGAGE,ENGAGE-NPi2020-1000f,0.1837131509963536,0.05417349693408178,0.23788664793043537,R10REF_ECON
POLES-JRC ENGAGE,ENGAGE-NPi2020-1000f-COV,0.18789808293457433,0.056019897293485596,0.24391798022805994,R10REF_ECON
POLES-JRC ENGAGE,ENGAGE-NPi2020-1200f,0.16599410964337089,0.04951839386348071,0.21551250350685158,R10REF_ECON
POLES-JRC ENGAGE,ENGAGE-NPi2020-900f,0.1963892139839915,0.05091161132093365,0.24730082530492514,R10REF_ECON
REMIND-MAgPIE 2.1-4.2,NGFS Phase 2-Delayed Transition,0.4768690116000101,0.3818976547040834,0.8587666663040935,R10REF_ECON
REMIND-MAgPIE 3.2.0-4.8.0,RESCUE-End-of-Century-Budget-1150,0.19581055984605716,0.20757248264907668,0.40338304249513385,R10REF_ECON
REMIND-MAgPIE 3.2.0-4.8.0,RESCUE-End-of-Century-Budget-1150-with-OAE,0.18980570044273926,0.2028846481959109,0.39269034863865016,R10REF_ECON
REMIND-MAgPIE 3.2.0-4.8.0,RESCUE-End-of-Century-Budget-500,0.28346678528756286,0.2285182752088456,0.5119850604964085,R10REF_ECON
REMIND-MAgPIE 3.2.0-4.8.0,RESCUE-End-of-Century-Budget-500-with-OAE,0.26146683439941504,0.2623235559489547,0.5237903903483697,R10REF_ECON
REMIND-MAgPIE 3.2.0-4.8.0,RESCUE-Peak-Budget-1150,0.19363819625352002,0.17590338600306968,0.36954158225658973,R10REF_ECON
REMIND-MAgPIE 3.2.0-4.8.0,RESCUE-Peak-Budget-1150-with-OAE,0.19381437217846295,0.17796919112310883,0.3717835633015718,R10REF_ECON
REMIND-MAgPIE 3.3-4.8,NGFS Phase 5-Below 2°C,0.15542577645404065,0.228982354635738,0.38440813108977867,R10REF_ECON
REMIND-MAgPIE 3.3-4.8,NGFS Phase 5-Delayed Transition,0.4238199569793294,0.42755849304271093,0.8513784500220403,R10REF_ECON
REMIND-MAgPIE 3.3-4.8,NGFS Phase 5-Low Demand,0.5256387489089697,0.5711711857736028,1.0968099346825726,R10REF_ECON
REMIND-MAgPIE 3.3-4.8,NGFS Phase 5-Net-Zero 2050,0.3815360548825491,0.6918472491023817,1.0733833039849308,R10REF_ECON
WITCH 5.0,ENGAGE-INDCi2030-1000,0.3546696378613065,0.3706806156598379,0.7253502535211445,R10REF_ECON
WITCH 5.0,ENGAGE-INDCi2030-1000-NDCp,0.3503729489472691,0.3622649899889855,0.7126379389362546,R10REF_ECON
WITCH 5.0,ENGAGE-INDCi2030-1000f,0.31550798591486784,0.31932775185599793,0.6348357377708658,R10REF_ECON
WITCH 5.0,ENGAGE-INDCi2030-1000f-NDCp,0.2881353315064638,0.3179732678539152,0.606108599360379,R10REF_ECON
WITCH 5.0,ENGAGE-INDCi2030-1200,0.2628056682391271,0.3302927108447633,0.5930983790838904,R10REF_ECON
WITCH 5.0,ENGAGE-INDCi2030-1200-NDCp,0.257426899064193,0.31574104115721663,0.5731679402214096,R10REF_ECON
WITCH 5.0,ENGAGE-INDCi2030-1200f,0.24081549334005842,0.30371771760531235,0.5445332109453708,R10REF_ECON
WITCH 5.0,ENGAGE-INDCi2030-1200f-NDCp,0.23526730772547982,0.3016675697311016,0.5369348774565814,R10REF_ECON
WITCH 5.0,ENGAGE-INDCi2030-1400,0.20113109523377573,0.30789749790870585,0.5090285931424816,R10REF_ECON
WITCH 5.0,ENGAGE-INDCi2030-1400-NDCp,0.19910253962352692,0.29355355825572277,0.4926560978792497,R10REF_ECON
WITCH 5.0,ENGAGE-INDCi2030-1400f,0.19844710567870683,0.30340660246140644,0.5018537081401133,R10REF_ECON
WITCH 5.0,ENGAGE-INDCi2030-1400f-NDCp,0.19159306431976866,0.29965277042767896,0.49124583474744765,R10REF_ECON
WITCH 5.0,ENGAGE-INDCi2030-1600-NDCp,0.1447735737172716,0.277818630264785,0.42259220398205655,R10REF_ECON
WITCH 5.0,ENGAGE-INDCi2030-500f,0.3943078860211116,0.6285823537529536,1.0228902397740651,R10REF_ECON
WITCH 5.0,ENGAGE-INDCi2030-600f,0.39249322266151127,0.4963226417370244,0.8888158643985357,R10REF_ECON
WITCH 5.0,ENGAGE-INDCi2030-600f-NDCp,0.3947709169666198,0.46259616939165993,0.8573670863582797,R10REF_ECON
WITCH 5.0,ENGAGE-INDCi2030-700f,0.39191166861371113,0.41285744468373436,0.8047691132974455,R10REF_ECON
WITCH 5.0,ENGAGE-INDCi2030-700f-NDCp,0.39258869436124066,0.39547880111550276,0.7880674954767435,R10REF_ECON
WITCH 5.0,ENGAGE-INDCi2030-800,0.378250563500064,0.5394211178531545,0.9176716813532184,R10REF_ECON
WITCH 5.0,ENGAGE-INDCi2030-800-NDCp,0.38018201592995254,0.4808809213647385,0.861062937294691,R10REF_ECON
WITCH 5.0,ENGAGE-INDCi2030-800f,0.37585851707457874,0.3976481073094298,0.7735066243840085,R10REF_ECON
WITCH 5.0,ENGAGE-INDCi2030-800f-NDCp,0.36548173626522484,0.38696219198652426,0.7524439282517491,R10REF_ECON
WITCH 5.0,ENGAGE-INDCi2030-900,0.3791247846119105,0.40942343727325603,0.7885482218851665,R10REF_ECON
WITCH 5.0,ENGAGE-INDCi2030-900-NDCp,0.37862926263182456,0.4026919167376249,0.7813211793694494,R10REF_ECON
WITCH 5.0,ENGAGE-INDCi2030-900f,0.3433825291159036,0.3628909321634349,0.7062734612793384,R10REF_ECON
WITCH 5.0,ENGAGE-INDCi2030-900f-NDCp,0.3337049780540629,0.3467971126009334,0.6805020906549963,R10REF_ECON
IMAGE 3.0,ENGAGE-INDCi2030-1000,0.49510934317586947,0.38942436564064903,0.8845337088165185,R10NORTH_AM
IMAGE 3.0,ENGAGE-INDCi2030-1000f,0.4950709871221778,0.47012009168586194,0.9651910788080398,R10NORTH_AM
IMAGE 3.0,ENGAGE-INDCi2030-1200,0.4951093123925191,0.15856363264201104,0.6536729450345301,R10NORTH_AM
IMAGE 3.0,ENGAGE-INDCi2030-1200f,0.4950709871221778,0.229208865229872,0.7242798523520497,R10NORTH_AM
IMAGE 3.0,ENGAGE-INDCi2030-1400f,0.4950709871221778,0.2567191883016361,0.7517901754238139,R10NORTH_AM
IMAGE 3.0,ENGAGE-INDCi2030-800f,0.4950709871221778,0.43959905161482965,0.9346700387370075,R10NORTH_AM
IMAGE 3.0,ENGAGE-NPi2020-1000,0.5451355895347225,0.3157873968727012,0.8609229864074237,R10NORTH_AM
IMAGE 3.0,ENGAGE-NPi2020-1200,0.3971795960344394,0.1487891669629638,0.5459687629974033,R10NORTH_AM
IMAGE 3.0,ENGAGE-NPi2020-1400,0.3389458994543832,0.11600443798866861,0.4549503374430518,R10NORTH_AM
IMAGE 3.0,ENGAGE-NPi2020-1400f,0.3590553264705394,0.2138893217327526,0.572944648203292,R10NORTH_AM
IMAGE 3.2,SSP2021-SSP1-SPA1-19-Default,0.4491655070517626,0.2115603311890362,0.6607258382407988,R10NORTH_AM
IMAGE 3.2,SSP2021-SSP1-SPA1-19-Lifestyle-Renewables,0.48041694466411167,0.3139800751248527,0.7943970197889644,R10NORTH_AM
IMAGE 3.2,SSP2021-SSP1-SPA1-19-Renewables,0.4264012220160537,0.2860623792177968,0.7124636012338506,R10NORTH_AM
IMAGE 3.2,SSP2021-SSP1-SPA1-26-Default,0.4095511222165021,0.16300277417927325,0.5725538963957754,R10NORTH_AM
IMAGE 3.2,SSP2021-SSP1-SPA1-26-Lifestyle,0.4412204603693565,0.11278541485868712,0.5540058752280437,R10NORTH_AM
IMAGE 3.2,SSP2021-SSP1-SPA1-26-Lifestyle-Renewables,0.4837190246369917,0.2589979766597948,0.7427170012967865,R10NORTH_AM
IMAGE 3.2,SSP2021-SSP1-SPA1-26-Renewables,0.41566799725894904,0.2456711609206885,0.6613391581796375,R10NORTH_AM
IMAGE 3.2,SSP2021-SSP2-SPA0-26-Default,0.33095317479066444,0.08475088457930534,0.4157040593699698,R10NORTH_AM
IMAGE 3.2,SSP2021-SSP2-SPA2-19-Renewables,0.45799287848029896,0.3051989467682124,0.7631918252485114,R10NORTH_AM
IMAGE 3.2,SSP2021-SSP2-SPA2-26-Default,0.2371113656642589,0.0823888225675505,0.31950018823180937,R10NORTH_AM
IMAGE 3.2,SSP2021-SSP2-SPA2-26-Lifestyle,0.3880795603032615,0.06820704952293516,0.4562866098261967,R10NORTH_AM
IMAGE 3.2,SSP2021-SSP2-SPA2-26-Lifestyle-Renewables,0.42704529206802366,0.27719602202749827,0.7042413140955219,R10NORTH_AM
IMAGE 3.2,SSP2021-SSP2-SPA2-26-Renewables,0.31733144603835767,0.20775427396738158,0.5250857200057393,R10NORTH_AM
IMAGE 3.3,NAVIGATE Demand-1.5°C-ele_u,0.4344761387587411,0.29252270376228434,0.7269988425210254,R10NORTH_AM
IMAGE 3.3,NAVIGATE Demand-1.5°C-tec_u,0.42392641312867324,0.3015294542180308,0.725455867346704,R10NORTH_AM
IMAGE 3.3,NAVIGATE Demand-2.0°C-ele_u,0.3935653503757952,0.21326578107650712,0.6068311314523023,R10NORTH_AM
IMAGE 3.3,NAVIGATE Demand-2.0°C-ref,0.3534121829125248,0.10413572891306017,0.45754791182558496,R10NORTH_AM
IMAGE 3.3,NAVIGATE Demand-2.0°C-tec_u,0.3572054640152566,0.067268609838587,0.4244740738538436,R10NORTH_AM
MESSAGEix-GLOBIOM 2.0-M-R12-NGFS,NGFS Phase 5-Below 2°C,0.3321019754529964,0.37458606088020197,0.7066880363331984,R10NORTH_AM
MESSAGEix-GLOBIOM 2.0-M-R12-NGFS,NGFS Phase 5-Delayed Transition,0.33129144825102597,0.24509627253516078,0.5763877207861867,R10NORTH_AM
MESSAGEix-GLOBIOM 2.0-M-R12-NGFS,NGFS Phase 5-Low Demand,0.50001770845939,0.48322979777025066,0.9832475062296406,R10NORTH_AM
MESSAGEix-GLOBIOM 2.0-M-R12-NGFS,NGFS Phase 5-Nationally Determined Contributions (NDCs),0.29107028692027687,0.24266854690040224,0.5337388338206791,R10NORTH_AM
MESSAGEix-GLOBIOM 2.0-M-R12-NGFS,NGFS Phase 5-Net-Zero 2050,0.4282394541249415,0.489644256636426,0.9178837107613675,R10NORTH_AM
POLES-JRC ENGAGE,ENGAGE-INDCi2030-1000,0.8708567483407292,0.31437901073863395,1.1852357590793632,R10NORTH_AM
POLES-JRC ENGAGE,ENGAGE-INDCi2030-1000-COV,0.6487042181037794,0.2315151959719305,0.8802194140757099,R10NORTH_AM
POLES-JRC ENGAGE,ENGAGE-INDCi2030-1000-COV-NDCp,0.5418567337339549,0.19433669470667048,0.7361934284406254,R10NORTH_AM
POLES-JRC ENGAGE,ENGAGE-INDCi2030-1000-NDCp,0.6884699673024944,0.2523439971199343,0.9408139644224287,R10NORTH_AM
POLES-JRC ENGAGE,ENGAGE-INDCi2030-1000f,0.6173741156411656,0.19101665687631808,0.8083907725174837,R10NORTH_AM
POLES-JRC ENGAGE,ENGAGE-INDCi2030-1000f-COV,0.5174381389625597,0.14773801301253872,0.6651761519750985,R10NORTH_AM
POLES-JRC ENGAGE,ENGAGE-INDCi2030-1000f-COV-NDCp,0.4340937446604821,0.10435340606887969,0.5384471507293618,R10NORTH_AM
POLES-JRC ENGAGE,ENGAGE-INDCi2030-1000f-NDCp,0.4928386018585656,0.17234340841006052,0.6651820102686261,R10NORTH_AM
POLES-JRC ENGAGE,ENGAGE-INDCi2030-1200,0.5781738177101968,0.16972612740681856,0.7478999451170154,R10NORTH_AM
POLES-JRC ENGAGE,ENGAGE-INDCi2030-1200f,0.5037929896182709,0.12246437712425182,0.6262573667425227,R10NORTH_AM
POLES-JRC ENGAGE,ENGAGE-INDCi2030-300f,0.9869344549989152,0.29799722234943965,1.2849316773483548,R10NORTH_AM
POLES-JRC ENGAGE,ENGAGE-INDCi2030-400f,0.9710151348308306,0.3021913942972192,1.2732065291280499,R10NORTH_AM
POLES-JRC ENGAGE,ENGAGE-INDCi2030-500f,0.9354095868959551,0.3081817702745448,1.2435913571705,R10NORTH_AM
POLES-JRC ENGAGE,ENGAGE-INDCi2030-600f,0.900923004298586,0.31276357899546825,1.2136865832940542,R10NORTH_AM
POLES-JRC ENGAGE,ENGAGE-INDCi2030-600f-COV,0.8111096409516798,0.2972004895934439,1.1083101305451237,R10NORTH_AM
POLES-JRC ENGAGE,ENGAGE-INDCi2030-600f-COV-NDCp,0.7012691864481182,0.27237320584378877,0.973642392291907,R10NORTH_AM
POLES-JRC ENGAGE,ENGAGE-INDCi2030-600f-NDCp,0.8130265245086095,0.28409343496831363,1.097119959476923,R10NORTH_AM
POLES-JRC ENGAGE,ENGAGE-INDCi2030-700f,0.8398922479799439,0.30425653983425194,1.1441487878141958,R10NORTH_AM
POLES-JRC ENGAGE,ENGAGE-INDCi2030-800f,0.7705978085768986,0.2783234739281283,1.048921282505027,R10NORTH_AM
POLES-JRC ENGAGE,ENGAGE-INDCi2030-900,1.0,0.2894947456046696,1.2894947456046695,R10NORTH_AM
POLES-JRC ENGAGE,ENGAGE-INDCi2030-900f,0.6773127287058933,0.23035836487208067,0.9076710935779739,R10NORTH_AM
POLES-JRC ENGAGE,ENGAGE-NPi2020-1000f,0.4905431802561846,0.10711525062642316,0.5976584308826077,R10NORTH_AM
POLES-JRC ENGAGE,ENGAGE-NPi2020-1000f-COV,0.47102990944996653,0.0915749617894197,0.5626048712393863,R10NORTH_AM
POLES-JRC ENGAGE,ENGAGE-NPi2020-1200f,0.4602136367927034,0.08254601825393586,0.5427596550466393,R10NORTH_AM
POLES-JRC ENGAGE,ENGAGE-NPi2020-900f,0.5125366979056827,0.12250005243057892,0.6350367503362616,R10NORTH_AM
REMIND-MAgPIE 2.1-4.2,NGFS Phase 2-Delayed Transition,0.7502519697652646,0.7095982121969107,1.4598501819621754,R10NORTH_AM
REMIND-MAgPIE 3.2.0-4.8.0,RESCUE-End-of-Century-Budget-1150,0.4781495376842782,0.20291376571783853,0.6810633034021167,R10NORTH_AM
REMIND-MAgPIE 3.2.0-4.8.0,RESCUE-End-of-Century-Budget-1150-with-OAE,0.4758991322796081,0.2047638868053756,0.6806630190849837,R10NORTH_AM
REMIND-MAgPIE 3.2.0-4.8.0,RESCUE-End-of-Century-Budget-500,0.5784844058243098,0.32222190881175294,0.9007063146360628,R10NORTH_AM
REMIND-MAgPIE 3.2.0-4.8.0,RESCUE-End-of-Century-Budget-500-with-OAE,0.5565192462262288,0.34786099215247746,0.9043802383787063,R10NORTH_AM
REMIND-MAgPIE 3.2.0-4.8.0,RESCUE-Peak-Budget-1150,0.4423024113219251,0.2861618814744459,0.7284642927963709,R10NORTH_AM
REMIND-MAgPIE 3.2.0-4.8.0,RESCUE-Peak-Budget-1150-with-OAE,0.44283013418906775,0.2854981922881688,0.7283283264772366,R10NORTH_AM
REMIND-MAgPIE 3.3-4.8,NGFS Phase 5-Below 2°C,0.38622676214383217,0.24107922273741636,0.6273059848812486,R10NORTH_AM
REMIND-MAgPIE 3.3-4.8,NGFS Phase 5-Delayed Transition,0.836228190017411,0.648108952463141,1.484337142480552,R10NORTH_AM
REMIND-MAgPIE 3.3-4.8,NGFS Phase 5-Low Demand,0.778733829004061,0.6927261944863194,1.4714600234903803,R10NORTH_AM
REMIND-MAgPIE 3.3-4.8,NGFS Phase 5-Net-Zero 2050,0.5217777884766446,0.7369189377298638,1.2586967262065083,R10NORTH_AM
WITCH 5.0,ENGAGE-INDCi2030-1000,0.2976864148121416,0.3771244281809182,0.6748108429930597,R10NORTH_AM
WITCH 5.0,ENGAGE-INDCi2030-1000-NDCp,0.5684159261810529,0.4135314606094035,0.9819473867904563,R10NORTH_AM
WITCH 5.0,ENGAGE-INDCi2030-1000f,0.2976864148121455,0.398061797770842,0.6957482125829875,R10NORTH_AM
WITCH 5.0,ENGAGE-INDCi2030-1000f-NDCp,0.568415926181049,0.35260107374388905,0.921016999924938,R10NORTH_AM
WITCH 5.0,ENGAGE-INDCi2030-1200,0.2976864148121416,0.40125480664740826,0.6989412214595498,R10NORTH_AM
WITCH 5.0,ENGAGE-INDCi2030-1200-NDCp,0.5684159261810529,0.36633366575796605,0.934749591939019,R10NORTH_AM
WITCH 5.0,ENGAGE-INDCi2030-1200f,0.2976864148121455,0.40335195989340167,0.7010383747055471,R10NORTH_AM
WITCH 5.0,ENGAGE-INDCi2030-1200f-NDCp,0.568415926181049,0.3671561257081559,0.9355720518892049,R10NORTH_AM
WITCH 5.0,ENGAGE-INDCi2030-1400,0.2976864148121455,0.3595194082740334,0.6572058230861788,R10NORTH_AM
WITCH 5.0,ENGAGE-INDCi2030-1400-NDCp,0.568415926181049,0.3349018078245123,0.9033177340055613,R10NORTH_AM
WITCH 5.0,ENGAGE-INDCi2030-1400f,0.2976864148121455,0.3618036419613953,0.6594900567735408,R10NORTH_AM
WITCH 5.0,ENGAGE-INDCi2030-1400f-NDCp,0.568415926181049,0.332428978947788,0.900844905128837,R10NORTH_AM
WITCH 5.0,ENGAGE-INDCi2030-1600-NDCp,0.5684159261810529,0.3251163889426489,0.8935323151237018,R10NORTH_AM
WITCH 5.0,ENGAGE-INDCi2030-500f,0.3087925937515882,0.5948966290574914,0.9036892228090796,R10NORTH_AM
WITCH 5.0,ENGAGE-INDCi2030-600f,0.2976864148121455,0.5044054396474241,0.8020918544595697,R10NORTH_AM
WITCH 5.0,ENGAGE-INDCi2030-600f-NDCp,0.568415926181049,0.5608401123848495,1.1292560385658985,R10NORTH_AM
WITCH 5.0,ENGAGE-INDCi2030-700f,0.2976864148121455,0.41828636774037975,0.7159727825525253,R10NORTH_AM
WITCH 5.0,ENGAGE-INDCi2030-700f-NDCp,0.568415926181049,0.4764777699026159,1.044893696083665,R10NORTH_AM
WITCH 5.0,ENGAGE-INDCi2030-800,0.2976864148121416,0.5512142767893389,0.8489006916014805,R10NORTH_AM
WITCH 5.0,ENGAGE-INDCi2030-800-NDCp,0.5684159261810529,0.620047756510098,1.1884636826911508,R10NORTH_AM
WITCH 5.0,ENGAGE-INDCi2030-800f,0.2976864148121455,0.3600346096608057,0.6577210244729512,R10NORTH_AM
WITCH 5.0,ENGAGE-INDCi2030-800f-NDCp,0.568415926181049,0.4286942378328078,0.9971101640138568,R10NORTH_AM
WITCH 5.0,ENGAGE-INDCi2030-900,0.2976864148121416,0.40856916713584374,0.7062555819479853,R10NORTH_AM
WITCH 5.0,ENGAGE-INDCi2030-900-NDCp,0.5684159261810529,0.4741586204070933,1.0425745465881462,R10NORTH_AM
WITCH 5.0,ENGAGE-INDCi2030-900f,0.2976864148121455,0.35360116559044474,0.6512875804025902,R10NORTH_AM
WITCH 5.0,ENGAGE-INDCi2030-900f-NDCp,0.568415926181049,0.393830032763748,0.9622459589447969,R10NORTH_AM
