model,scenario,final_demand_reduction,electrification,transition_speed_score,Region
IMAGE 3.0,ENGAGE-INDCi2030-1000,0.6165999377946124,0.3219079409379823,0.9385078787325947,R10LATIN_AM
IMAGE 3.0,ENGAGE-INDCi2030-1000f,0.2511835395246617,0.4543221583440119,0.7055056978686736,R10LATIN_AM
IMAGE 3.0,ENGAGE-INDCi2030-1200,0.39682307199655725,0.0,0.39682307199655725,R10LATIN_AM
IMAGE 3.0,ENGAGE-INDCi2030-1200f,0.12892467680031824,0.2260843968193143,0.3550090736196325,R10LATIN_AM
IMAGE 3.0,ENGAGE-INDCi2030-1400f,0.12527260431001463,0.3914360621680503,0.5167086664780649,R10LATIN_AM
IMAGE 3.0,ENGAGE-INDCi2030-800f,0.5932998580658696,0.4780319306879473,1.071331788753817,R10LATIN_AM
IMAGE 3.0,ENGAGE-NPi2020-1000,0.41114727106300175,0.12615550363697256,0.5373027746999743,R10LATIN_AM
IMAGE 3.0,ENGAGE-NPi2020-1200,0.12447599131948973,0.11756095143953088,0.2420369427590206,R10LATIN_AM
IMAGE 3.0,ENGAGE-NPi2020-1400,0.002713118992950532,0.16231929590982552,0.16503241490277606,R10LATIN_AM
IMAGE 3.0,ENGAGE-NPi2020-1400f,0.1042691027381779,0.33719053923563824,0.44145964197381615,R10LATIN_AM
IMAGE 3.2,SSP2021-SSP1-SPA1-19-Default,0.0,0.25596677104316456,0.25596677104316456,R10LATIN_AM
IMAGE 3.2,SSP2021-SSP1-SPA1-19-Lifestyle-Renewables,0.22026228944679968,0.2819390664175254,0.5022013558643251,R10LATIN_AM
IMAGE 3.2,SSP2021-SSP1-SPA1-19-Renewables,0.06248234862266311,0.3718154448618487,0.4342977934845118,R10LATIN_AM
IMAGE 3.2,SSP2021-SSP1-SPA1-26-Default,0.04851255438636688,0.15843929226535816,0.20695184665172506,R10LATIN_AM
IMAGE 3.2,SSP2021-SSP1-SPA1-26-Lifestyle,0.06165487523636503,0.13925854504487922,0.20091342028124426,R10LATIN_AM
IMAGE 3.2,SSP2021-SSP1-SPA1-26-Lifestyle-Renewables,0.1517391019128958,0.25011449315025414,0.40185359506314994,R10LATIN_AM
IMAGE 3.2,SSP2021-SSP1-SPA1-26-Renewables,0.017833720698559676,0.3086093333804033,0.32644305407896296,R10LATIN_AM
IMAGE 3.2,SSP2021-SSP2-SPA0-26-Default,0.08787291651521167,0.01819229707596104,0.10606521359117271,R10LATIN_AM
IMAGE 3.2,SSP2021-SSP2-SPA2-19-Renewables,0.4668824044080273,0.3533190619480373,0.8202014663560646,R10LATIN_AM
IMAGE 3.2,SSP2021-SSP2-SPA2-26-Default,0.02769473058161828,0.06613364009450168,0.09382837067611996,R10LATIN_AM
IMAGE 3.2,SSP2021-SSP2-SPA2-26-Lifestyle,0.05453160321689358,0.04825329686674088,0.10278490008363446,R10LATIN_AM
IMAGE 3.2,SSP2021-SSP2-SPA2-26-Lifestyle-Renewables,0.132233473806819,0.2745819663736547,0.40681544018047366,R10LATIN_AM
IMAGE 3.2,SSP2021-SSP2-SPA2-26-Renewables,0.10146827966214857,0.24507799524415882,0.3465462749063074,R10LATIN_AM
IMAGE 3.3,NAVIGATE Demand-1.5°C-ele_u,0.2640270270117474,0.31443996225647824,0.5784669892682257,R10LATIN_AM
IMAGE 3.3,NAVIGATE Demand-1.5°C-tec_u,0.30006119848805846,0.18365951436747904,0.4837207128555375,R10LATIN_AM
IMAGE 3.3,NAVIGATE Demand-2.0°C-ele_u,0.15901880111486993,0.23811330606695796,0.3971321071818279,R10LATIN_AM
IMAGE 3.3,NAVIGATE Demand-2.0°C-ref,0.12492465200677151,0.023852710262251844,0.14877736226902336,R10LATIN_AM
IMAGE 3.3,NAVIGATE Demand-2.0°C-tec_u,0.16802688840045224,0.019206379670244474,0.1872332680706967,R10LATIN_AM
MESSAGEix-GLOBIOM 2.0-M-R12-NGFS,NGFS Phase 5-Below 2°C,0.02694678338987785,0.49101805468025217,0.51796483807013,R10LATIN_AM
MESSAGEix-GLOBIOM 2.0-M-R12-NGFS,NGFS Phase 5-Delayed Transition,0.12815690905731697,0.4745211902120961,0.6026780992694131,R10LATIN_AM
MESSAGEix-GLOBIOM 2.0-M-R12-NGFS,NGFS Phase 5-Low Demand,0.5393558939989302,0.3158037077965072,0.8551596017954375,R10LATIN_AM
MESSAGEix-GLOBIOM 2.0-M-R12-NGFS,NGFS Phase 5-Nationally Determined Contributions (NDCs),0.07847689794120649,0.307667924278473,0.3861448222196795,R10LATIN_AM
MESSAGEix-GLOBIOM 2.0-M-R12-NGFS,NGFS Phase 5-Net-Zero 2050,0.18955181896008658,0.48488730298336136,0.6744391219434479,R10LATIN_AM
POLES-JRC ENGAGE,ENGAGE-INDCi2030-1000,0.7633488917667358,0.6814356840140738,1.4447845757808095,R10LATIN_AM
POLES-JRC ENGAGE,ENGAGE-INDCi2030-1000-COV,0.5063845735439223,0.34111050289803563,0.847495076441958,R10LATIN_AM
POLES-JRC ENGAGE,ENGAGE-INDCi2030-1000-COV-NDCp,0.46482592074003215,0.32061372327625176,0.7854396440162839,R10LATIN_AM
POLES-JRC ENGAGE,ENGAGE-INDCi2030-1000-NDCp,0.653503712586607,0.4923947225460636,1.1458984351326706,R10LATIN_AM
POLES-JRC ENGAGE,ENGAGE-INDCi2030-1000f,0.4210565928755465,0.2877049114975993,0.7087615043731458,R10LATIN_AM
POLES-JRC ENGAGE,ENGAGE-INDCi2030-1000f-COV,0.32135508450265193,0.23715179268258688,0.5585068771852388,R10LATIN_AM
POLES-JRC ENGAGE,ENGAGE-INDCi2030-1000f-COV-NDCp,0.2586724836157488,0.22948002051837582,0.4881525041341246,R10LATIN_AM
POLES-JRC ENGAGE,ENGAGE-INDCi2030-1000f-NDCp,0.34058100865339586,0.4399848541649061,0.780565862818302,R10LATIN_AM
POLES-JRC ENGAGE,ENGAGE-INDCi2030-1200,0.36629237207572146,0.2709403312203962,0.6372327032961176,R10LATIN_AM
POLES-JRC ENGAGE,ENGAGE-INDCi2030-1200f,0.260133033353303,0.22389585287600397,0.48402888622930695,R10LATIN_AM
POLES-JRC ENGAGE,ENGAGE-INDCi2030-300f,0.986666906040863,0.9823374541913467,1.9690043602322098,R10LATIN_AM
POLES-JRC ENGAGE,ENGAGE-INDCi2030-400f,0.9410333817100516,0.9046854118320539,1.8457187935421056,R10LATIN_AM
POLES-JRC ENGAGE,ENGAGE-INDCi2030-500f,0.8678530458429013,0.8095514612355734,1.6774045070784749,R10LATIN_AM
POLES-JRC ENGAGE,ENGAGE-INDCi2030-600f,0.811103097666024,0.7369065593448543,1.5480096570108781,R10LATIN_AM
POLES-JRC ENGAGE,ENGAGE-INDCi2030-600f-COV,0.7177168074578341,0.5942526438537858,1.31196945131162,R10LATIN_AM
POLES-JRC ENGAGE,ENGAGE-INDCi2030-600f-COV-NDCp,0.6765683196805735,0.5681232725381747,1.2446915922187483,R10LATIN_AM
POLES-JRC ENGAGE,ENGAGE-INDCi2030-600f-NDCp,0.8238476448985863,0.7150887551203688,1.5389364000189552,R10LATIN_AM
POLES-JRC ENGAGE,ENGAGE-INDCi2030-700f,0.7192553658286567,0.6186775603830709,1.3379329262117277,R10LATIN_AM
POLES-JRC ENGAGE,ENGAGE-INDCi2030-800f,0.629647873568774,0.5053768155429637,1.1350246891117377,R10LATIN_AM
POLES-JRC ENGAGE,ENGAGE-INDCi2030-900,1.0,1.0,2.0,R10LATIN_AM
POLES-JRC ENGAGE,ENGAGE-INDCi2030-900f,0.5065861876387859,0.3711702292453169,0.8777564168841028,R10LATIN_AM
POLES-JRC ENGAGE,ENGAGE-NPi2020-1000f,0.17675498513071944,0.2404409675607239,0.41719595269144333,R10LATIN_AM
POLES-JRC ENGAGE,ENGAGE-NPi2020-1000f-COV,0.17721691695933084,0.19863344935809446,0.3758503663174253,R10LATIN_AM
POLES-JRC ENGAGE,ENGAGE-NPi2020-1200f,0.16200180435776518,0.18646119835474323,0.3484630027125084,R10LATIN_AM
POLES-JRC ENGAGE,ENGAGE-NPi2020-900f,0.2117126150544633,0.2838276682519098,0.4955402833063731,R10LATIN_AM
REMIND-MAgPIE 2.1-4.2,NGFS Phase 2-Delayed Transition,0.7357983489922201,0.6200933020036211,1.3558916509958412,R10LATIN_AM
REMIND-MAgPIE 3.2.0-4.8.0,RESCUE-End-of-Century-Budget-1150,0.0,0.2907223653014402,0.2907223653014402,R10LATIN_AM
REMIND-MAgPIE 3.2.0-4.8.0,RESCUE-End-of-Century-Budget-1150-with-OAE,0.0,0.2881164327846199,0.2881164327846199,R10LATIN_AM
REMIND-MAgPIE 3.2.0-4.8.0,RESCUE-End-of-Century-Budget-500,0.0,0.4713379158355958,0.4713379158355958,R10LATIN_AM
REMIND-MAgPIE 3.2.0-4.8.0,RESCUE-End-of-Century-Budget-500-with-OAE,0.0,0.46677866545592306,0.46677866545592306,R10LATIN_AM
REMIND-MAgPIE 3.2.0-4.8.0,RESCUE-Peak-Budget-1150,0.0,0.4006875169653824,0.4006875169653824,R10LATIN_AM
REMIND-MAgPIE 3.2.0-4.8.0,RESCUE-Peak-Budget-1150-with-OAE,0.0,0.4007043662484059,0.4007043662484059,R10LATIN_AM
REMIND-MAgPIE 3.3-4.8,NGFS Phase 5-Below 2°C,0.13163235161470482,0.4371608056091326,0.5687931572238374,R10LATIN_AM
REMIND-MAgPIE 3.3-4.8,NGFS Phase 5-Delayed Transition,0.08069120195746554,0.47624577632874937,0.5569369782862149,R10LATIN_AM
REMIND-MAgPIE 3.3-4.8,NGFS Phase 5-Low Demand,0.8015521262137267,0.8470200551914089,1.6485721814051355,R10LATIN_AM
REMIND-MAgPIE 3.3-4.8,NGFS Phase 5-Net-Zero 2050,0.22052642635035535,0.8534775422353126,1.074003968585668,R10LATIN_AM
WITCH 5.0,ENGAGE-INDCi2030-1000,0.43314867937663887,0.8917293645522131,1.324878043928852,R10LATIN_AM
WITCH 5.0,ENGAGE-INDCi2030-1000-NDCp,0.3749256825852579,0.762811780022616,1.1377374626078738,R10LATIN_AM
WITCH 5.0,ENGAGE-INDCi2030-1000f,0.3203653545267626,0.7447209595810008,1.0650863141077633,R10LATIN_AM
WITCH 5.0,ENGAGE-INDCi2030-1000f-NDCp,0.3749256825852579,0.7144091283972926,1.0893348109825505,R10LATIN_AM
WITCH 5.0,ENGAGE-INDCi2030-1200,0.2665436709969315,0.6149190438980037,0.8814627148949352,R10LATIN_AM
WITCH 5.0,ENGAGE-INDCi2030-1200-NDCp,0.3749256825852579,0.6064918495077198,0.9814175320929777,R10LATIN_AM
WITCH 5.0,ENGAGE-INDCi2030-1200f,0.21723970078495106,0.5835156914110287,0.8007553921959797,R10LATIN_AM
WITCH 5.0,ENGAGE-INDCi2030-1200f-NDCp,0.3749256825852579,0.5452939400245784,0.9202196226098363,R10LATIN_AM
WITCH 5.0,ENGAGE-INDCi2030-1400,0.09810950905610547,0.43174764202534044,0.5298571510814459,R10LATIN_AM
WITCH 5.0,ENGAGE-INDCi2030-1400-NDCp,0.3749256825852579,0.4736383875319111,0.8485640701171691,R10LATIN_AM
WITCH 5.0,ENGAGE-INDCi2030-1400f,0.09365598047570264,0.43119286256713896,0.5248488430428416,R10LATIN_AM
WITCH 5.0,ENGAGE-INDCi2030-1400f-NDCp,0.3749256825852579,0.46860190275092023,0.8435275853361781,R10LATIN_AM
WITCH 5.0,ENGAGE-INDCi2030-1600-NDCp,0.3749256825852579,0.3395030420409164,0.7144287246261742,R10LATIN_AM
WITCH 5.0,ENGAGE-INDCi2030-500f,0.7067160061194099,0.8828406550102805,1.5895566611296905,R10LATIN_AM
WITCH 5.0,ENGAGE-INDCi2030-600f,0.6241561411307113,0.9997233044234206,1.6238794455541319,R10LATIN_AM
WITCH 5.0,ENGAGE-INDCi2030-600f-NDCp,0.3749256825852579,0.9529269097141461,1.327852592299404,R10LATIN_AM
WITCH 5.0,ENGAGE-INDCi2030-700f,0.5567625800228138,0.9537461868269599,1.5105087668497736,R10LATIN_AM
WITCH 5.0,ENGAGE-INDCi2030-700f-NDCp,0.3749256825852579,0.8144833798813266,1.1894090624665845,R10LATIN_AM
WITCH 5.0,ENGAGE-INDCi2030-800,0.64683719209131,0.9284078652994281,1.5752450573907382,R10LATIN_AM
WITCH 5.0,ENGAGE-INDCi2030-800-NDCp,0.3749256825852579,0.8110833740197263,1.1860090566049841,R10LATIN_AM
WITCH 5.0,ENGAGE-INDCi2030-800f,0.47486796825116273,0.9125828312426484,1.387450799493811,R10LATIN_AM
WITCH 5.0,ENGAGE-INDCi2030-800f-NDCp,0.3749256825852579,0.8735197968278959,1.2484454794131539,R10LATIN_AM
WITCH 5.0,ENGAGE-INDCi2030-900,0.5968696988340323,0.862162808580296,1.4590325074143284,R10LATIN_AM
WITCH 5.0,ENGAGE-INDCi2030-900-NDCp,0.3749256825852579,0.8157178188263456,1.1906435014116035,R10LATIN_AM
WITCH 5.0,ENGAGE-INDCi2030-900f,0.40335164840495163,0.8864833462950885,1.28983499470004,R10LATIN_AM
WITCH 5.0,ENGAGE-INDCi2030-900f-NDCp,0.3749256825852579,0.7752745229551247,1.1502002055403826,R10LATIN_AM
IMAGE 3.0,ENGAGE-INDCi2030-1000,0.27890700322520773,0.2125721275464956,0.49147913077170335,R10INDIA+
IMAGE 3.0,ENGAGE-INDCi2030-1000f,0.09389925636308633,0.40171150436631575,0.4956107607294021,R10INDIA+
IMAGE 3.0,ENGAGE-INDCi2030-1200,0.171533396014129,0.01409574281954353,0.18562913883367255,R10INDIA+
IMAGE 3.0,ENGAGE-INDCi2030-1200f,0.0,0.057118300383260365,0.057118300383260365,R10INDIA+
IMAGE 3.0,ENGAGE-INDCi2030-1400f,0.0,0.169390333270847,0.169390333270847,R10INDIA+
IMAGE 3.0,ENGAGE-INDCi2030-800f,0.29348497617025654,0.354601479595814,0.6480864557660706,R10INDIA+
IMAGE 3.0,ENGAGE-NPi2020-1000,0.05498926594525183,0.05295662870426045,0.10794589464951228,R10INDIA+
IMAGE 3.0,ENGAGE-NPi2020-1200,0.0,0.0,0.0,R10INDIA+
IMAGE 3.0,ENGAGE-NPi2020-1400,0.0,0.01068665684733903,0.01068665684733903,R10INDIA+
IMAGE 3.0,ENGAGE-NPi2020-1400f,0.0,0.09728270736061477,0.09728270736061477,R10INDIA+
IMAGE 3.2,SSP2021-SSP1-SPA1-19-Default,0.0,0.2803014821842347,0.2803014821842347,R10INDIA+
IMAGE 3.2,SSP2021-SSP1-SPA1-19-Lifestyle-Renewables,0.0,0.4577787106450156,0.4577787106450156,R10INDIA+
IMAGE 3.2,SSP2021-SSP1-SPA1-19-Renewables,0.0,0.44828247329401727,0.44828247329401727,R10INDIA+
IMAGE 3.2,SSP2021-SSP1-SPA1-26-Default,0.0,0.31465170356421956,0.31465170356421956,R10INDIA+
IMAGE 3.2,SSP2021-SSP1-SPA1-26-Lifestyle,0.04768717355110463,0.30825067029285735,0.355937843843962,R10INDIA+
IMAGE 3.2,SSP2021-SSP1-SPA1-26-Lifestyle-Renewables,0.0,0.4746165060217685,0.4746165060217685,R10INDIA+
IMAGE 3.2,SSP2021-SSP1-SPA1-26-Renewables,0.026800473944659713,0.4983176003402969,0.5251180742849566,R10INDIA+
IMAGE 3.2,SSP2021-SSP2-SPA0-26-Default,0.0,0.09470809185655236,0.09470809185655236,R10INDIA+
IMAGE 3.2,SSP2021-SSP2-SPA2-19-Renewables,0.0,0.4368857184070326,0.4368857184070326,R10INDIA+
IMAGE 3.2,SSP2021-SSP2-SPA2-26-Default,0.0,0.11358206030795179,0.11358206030795179,R10INDIA+
IMAGE 3.2,SSP2021-SSP2-SPA2-26-Lifestyle,0.0,0.1476604412844797,0.1476604412844797,R10INDIA+
IMAGE 3.2,SSP2021-SSP2-SPA2-26-Lifestyle-Renewables,0.0,0.4709200152539533,0.4709200152539533,R10INDIA+
IMAGE 3.2,SSP2021-SSP2-SPA2-26-Renewables,0.0,0.39215714986758016,0.39215714986758016,R10INDIA+
IMAGE 3.3,NAVIGATE Demand-1.5°C-ele_u,0.008099714108047213,0.41309045038188086,0.4211901644899281,R10INDIA+
IMAGE 3.3,NAVIGATE Demand-1.5°C-tec_u,0.018694272683151426,0.22077288895627226,0.2394671616394237,R10INDIA+
IMAGE 3.3,NAVIGATE Demand-2.0°C-ele_u,0.0,0.4069170376892859,0.4069170376892859,R10INDIA+
IMAGE 3.3,NAVIGATE Demand-2.0°C-ref,0.0,0.2284814217002517,0.2284814217002517,R10INDIA+
IMAGE 3.3,NAVIGATE Demand-2.0°C-tec_u,0.0,0.14487042834240355,0.14487042834240355,R10INDIA+
MESSAGEix-GLOBIOM 2.0-M-R12-NGFS,NGFS Phase 5-Below 2°C,0.0,0.4131729345645544,0.4131729345645544,R10INDIA+
MESSAGEix-GLOBIOM 2.0-M-R12-NGFS,NGFS Phase 5-Delayed Transition,0.0,0.48451915516498684,0.48451915516498684,R10INDIA+
MESSAGEix-GLOBIOM 2.0-M-R12-NGFS,NGFS Phase 5-Low Demand,0.14932804860031973,0.5320405291393813,0.6813685777397009,R10INDIA+
MESSAGEix-GLOBIOM 2.0-M-R12-NGFS,NGFS Phase 5-Nationally Determined Contributions (NDCs),0.0,0.3601412547101218,0.3601412547101218,R10INDIA+
MESSAGEix-GLOBIOM 2.0-M-R12-NGFS,NGFS Phase 5-Net-Zero 2050,0.0,0.5146201382420618,0.5146201382420618,R10INDIA+
POLES-JRC ENGAGE,ENGAGE-INDCi2030-1000,0.6622475158354645,0.4653651224484918,1.1276126382839564,R10INDIA+
POLES-JRC ENGAGE,ENGAGE-INDCi2030-1000-COV,0.4502754724333518,0.4430868575162018,0.8933623299495537,R10INDIA+
POLES-JRC ENGAGE,ENGAGE-INDCi2030-1000-COV-NDCp,0.4458896960365,0.444062743596543,0.889952439633043,R10INDIA+
POLES-JRC ENGAGE,ENGAGE-INDCi2030-1000-NDCp,0.6488724217592244,0.5206630741798279,1.1695354959390523,R10INDIA+
POLES-JRC ENGAGE,ENGAGE-INDCi2030-1000f,0.3646130061555795,0.47240380055415215,0.8370168067097317,R10INDIA+
POLES-JRC ENGAGE,ENGAGE-INDCi2030-1000f-COV,0.29233722286470926,0.41323822627488266,0.7055754491395919,R10INDIA+
POLES-JRC ENGAGE,ENGAGE-INDCi2030-1000f-COV-NDCp,0.2662484029477036,0.4101266786746167,0.6763750816223203,R10INDIA+
POLES-JRC ENGAGE,ENGAGE-INDCi2030-1000f-NDCp,0.3926214268328082,0.5183068294535154,0.9109282562863236,R10INDIA+
POLES-JRC ENGAGE,ENGAGE-INDCi2030-1200,0.300993321351771,0.48804087036102256,0.7890341917127935,R10INDIA+
POLES-JRC ENGAGE,ENGAGE-INDCi2030-1200f,0.1735642620628017,0.4582281957651634,0.6317924578279651,R10INDIA+
POLES-JRC ENGAGE,ENGAGE-INDCi2030-300f,0.8457690906611492,0.5202871414884711,1.3660562321496204,R10INDIA+
POLES-JRC ENGAGE,ENGAGE-INDCi2030-400f,0.8160069620491082,0.5128001756508984,1.3288071377000066,R10INDIA+
POLES-JRC ENGAGE,ENGAGE-INDCi2030-500f,0.752314319675559,0.4977018859142911,1.25001620558985,R10INDIA+
POLES-JRC ENGAGE,ENGAGE-INDCi2030-600f,0.7026815129634547,0.4798224676850328,1.1825039806484874,R10INDIA+
POLES-JRC ENGAGE,ENGAGE-INDCi2030-600f-COV,0.6065767372503811,0.5088566406279613,1.1154333778783423,R10INDIA+
POLES-JRC ENGAGE,ENGAGE-INDCi2030-600f-COV-NDCp,0.6021902768766175,0.641193787525417,1.2433840644020346,R10INDIA+
POLES-JRC ENGAGE,ENGAGE-INDCi2030-600f-NDCp,0.7785524500675517,0.5238375594316137,1.3023900094991654,R10INDIA+
POLES-JRC ENGAGE,ENGAGE-INDCi2030-700f,0.6302916442978562,0.43746663346010867,1.0677582777579648,R10INDIA+
POLES-JRC ENGAGE,ENGAGE-INDCi2030-800f,0.5557638908460075,0.4511204682219844,1.006884359067992,R10INDIA+
POLES-JRC ENGAGE,ENGAGE-INDCi2030-900,0.8637745628919434,0.6334013693284473,1.4971759322203906,R10INDIA+
POLES-JRC ENGAGE,ENGAGE-INDCi2030-900f,0.4489024824406726,0.46071184973513707,0.9096143321758097,R10INDIA+
POLES-JRC ENGAGE,ENGAGE-NPi2020-1000f,0.0,0.5160802677254707,0.5160802677254707,R10INDIA+
POLES-JRC ENGAGE,ENGAGE-NPi2020-1000f-COV,0.02501008491838629,0.39793389244281635,0.42294397736120265,R10INDIA+
POLES-JRC ENGAGE,ENGAGE-NPi2020-1200f,0.005614474658643191,0.44162403665897,0.44723851131761316,R10INDIA+
POLES-JRC ENGAGE,ENGAGE-NPi2020-900f,0.0,0.5757842784529595,0.5757842784529595,R10INDIA+
REMIND-MAgPIE 2.1-4.2,NGFS Phase 2-Delayed Transition,0.7143269893321228,0.8970686028575314,1.6113955921896541,R10INDIA+
REMIND-MAgPIE 3.2.0-4.8.0,RESCUE-End-of-Century-Budget-1150,0.0,0.3289230968147795,0.3289230968147795,R10INDIA+
REMIND-MAgPIE 3.2.0-4.8.0,RESCUE-End-of-Century-Budget-1150-with-OAE,0.0,0.3207305629354536,0.3207305629354536,R10INDIA+
REMIND-MAgPIE 3.2.0-4.8.0,RESCUE-End-of-Century-Budget-500,0.10236387947760175,0.5442016568011055,0.6465655362787073,R10INDIA+
REMIND-MAgPIE 3.2.0-4.8.0,RESCUE-End-of-Century-Budget-500-with-OAE,0.11512153092262428,0.5391606374708611,0.6542821683934854,R10INDIA+
REMIND-MAgPIE 3.2.0-4.8.0,RESCUE-Peak-Budget-1150,0.0,0.3624541492405313,0.3624541492405313,R10INDIA+
REMIND-MAgPIE 3.2.0-4.8.0,RESCUE-Peak-Budget-1150-with-OAE,0.0,0.36545210522578897,0.36545210522578897,R10INDIA+
REMIND-MAgPIE 3.3-4.8,NGFS Phase 5-Below 2°C,0.11907532477683902,0.6003751045359323,0.7194504293127714,R10INDIA+
REMIND-MAgPIE 3.3-4.8,NGFS Phase 5-Delayed Transition,0.38744294548839187,0.8459198340010784,1.2333627794894704,R10INDIA+
REMIND-MAgPIE 3.3-4.8,NGFS Phase 5-Low Demand,0.2993263138573408,0.9199772493515819,1.2193035632089226,R10INDIA+
REMIND-MAgPIE 3.3-4.8,NGFS Phase 5-Net-Zero 2050,0.2393821314953342,1.0,1.2393821314953342,R10INDIA+
WITCH 5.0,ENGAGE-INDCi2030-1000,0.6147024169595245,0.4838280556782766,1.0985304726378011,R10INDIA+
WITCH 5.0,ENGAGE-INDCi2030-1000-NDCp,0.6106499264533931,0.46525065955843004,1.0759005860118231,R10INDIA+
WITCH 5.0,ENGAGE-INDCi2030-1000f,0.4777221207079993,0.4176228108040451,0.8953449315120444,R10INDIA+
WITCH 5.0,ENGAGE-INDCi2030-1000f-NDCp,0.46165946116717577,0.39084579337068026,0.852505254537856,R10INDIA+
WITCH 5.0,ENGAGE-INDCi2030-1200,0.433230010547631,0.3792969844410599,0.8125269949886909,R10INDIA+
WITCH 5.0,ENGAGE-INDCi2030-1200-NDCp,0.4306152772682327,0.3610187143942095,0.7916339916624422,R10INDIA+
WITCH 5.0,ENGAGE-INDCi2030-1200f,0.3796405235208067,0.34019593920974767,0.7198364627305543,R10INDIA+
WITCH 5.0,ENGAGE-INDCi2030-1200f-NDCp,0.3714662470998758,0.32150287214193934,0.6929691192418151,R10INDIA+
WITCH 5.0,ENGAGE-INDCi2030-1400,0.3089328101141356,0.28702327400154387,0.5959560841156795,R10INDIA+
WITCH 5.0,ENGAGE-INDCi2030-1400-NDCp,0.3099636619644338,0.27940375350452196,0.5893674154689558,R10INDIA+
WITCH 5.0,ENGAGE-INDCi2030-1400f,0.29497347975217175,0.2724104599023536,0.5673839396545253,R10INDIA+
WITCH 5.0,ENGAGE-INDCi2030-1400f-NDCp,0.2233589859872804,0.2601450621840799,0.4835040481713603,R10INDIA+
WITCH 5.0,ENGAGE-INDCi2030-1600-NDCp,0.14732190432760245,0.18550418739717703,0.3328260917247795,R10INDIA+
WITCH 5.0,ENGAGE-INDCi2030-500f,1.0,0.901545332009649,1.9015453320096491,R10INDIA+
WITCH 5.0,ENGAGE-INDCi2030-600f,0.8811875824788604,0.7581900340263297,1.63937761650519,R10INDIA+
WITCH 5.0,ENGAGE-INDCi2030-600f-NDCp,0.8344937474761035,0.7221074867496646,1.5566012342257682,R10INDIA+
WITCH 5.0,ENGAGE-INDCi2030-700f,0.7531004183329255,0.6338933793468341,1.3869937976797595,R10INDIA+
WITCH 5.0,ENGAGE-INDCi2030-700f-NDCp,0.7136014282427653,0.5739603595580048,1.2875617878007701,R10INDIA+
WITCH 5.0,ENGAGE-INDCi2030-800,0.9676167280350323,0.8971858575222308,1.8648025855572632,R10INDIA+
WITCH 5.0,ENGAGE-INDCi2030-800-NDCp,0.9447273696399243,0.8366720073371181,1.7813993769770424,R10INDIA+
WITCH 5.0,ENGAGE-INDCi2030-800f,0.6461102867568078,0.5354624779532824,1.1815727647100902,R10INDIA+
WITCH 5.0,ENGAGE-INDCi2030-800f-NDCp,0.6274284456146872,0.4773255599236104,1.1047540055382976,R10INDIA+
WITCH 5.0,ENGAGE-INDCi2030-900,0.7564004819220989,0.6564881142386756,1.4128885961607744,R10INDIA+
WITCH 5.0,ENGAGE-INDCi2030-900-NDCp,0.7256040271521567,0.5812503834664351,1.3068544106185918,R10INDIA+
WITCH 5.0,ENGAGE-INDCi2030-900f,0.5818202009945186,0.4607027356357477,1.0425229366302662,R10INDIA+
WITCH 5.0,ENGAGE-INDCi2030-900f-NDCp,0.5645892343039397,0.4337520657334777,0.9983413000374174,R10INDIA+
IMAGE 3.0,ENGAGE-INDCi2030-1000,0.53399441952715,0.27517630189104825,0.8091707214181982,R10AFRICA
IMAGE 3.0,ENGAGE-INDCi2030-1000f,0.335946641138324,0.3000265378215829,0.6359731789599069,R10AFRICA
IMAGE 3.0,ENGAGE-INDCi2030-1200,0.42853935863516535,0.0,0.42853935863516535,R10AFRICA
IMAGE 3.0,ENGAGE-INDCi2030-1200f,0.1797200014190028,0.06066190730639178,0.24038190872539458,R10AFRICA
IMAGE 3.0,ENGAGE-INDCi2030-1400f,0.18197017630429851,0.19045702135362774,0.37242719765792626,R10AFRICA
IMAGE 3.0,ENGAGE-INDCi2030-800f,0.5235288538266222,0.22992477689158847,0.7534536307182107,R10AFRICA
IMAGE 3.0,ENGAGE-NPi2020-1000,0.35922338731366493,0.12427826372817954,0.4835016510418445,R10AFRICA
IMAGE 3.0,ENGAGE-NPi2020-1200,0.21494375536693267,0.036246700747068095,0.25119045611400076,R10AFRICA
IMAGE 3.0,ENGAGE-NPi2020-1400,0.14095177220116514,0.10227467009025457,0.2432264422914197,R10AFRICA
IMAGE 3.0,ENGAGE-NPi2020-1400f,0.08948949508810611,0.1558590127472173,0.24534850783532342,R10AFRICA
IMAGE 3.2,SSP2021-SSP1-SPA1-19-Default,0.06611418145991968,0.3207372084312024,0.3868513898911221,R10AFRICA
IMAGE 3.2,SSP2021-SSP1-SPA1-19-Lifestyle-Renewables,0.06489722020322865,0.6709447530916625,0.7358419732948911,R10AFRICA
IMAGE 3.2,SSP2021-SSP1-SPA1-19-Renewables,0.10868170802508234,0.7439005313642783,0.8525822393893606,R10AFRICA
IMAGE 3.2,SSP2021-SSP1-SPA1-26-Default,0.009036017662087028,0.24039280029227655,0.24942881795436359,R10AFRICA
IMAGE 3.2,SSP2021-SSP1-SPA1-26-Lifestyle,0.0,0.23006867133399075,0.23006867133399075,R10AFRICA
IMAGE 3.2,SSP2021-SSP1-SPA1-26-Lifestyle-Renewables,0.031203209114118623,0.5723241669710248,0.6035273760851435,R10AFRICA
IMAGE 3.2,SSP2021-SSP1-SPA1-26-Renewables,0.02941697297764526,0.7341758998126835,0.7635928727903287,R10AFRICA
IMAGE 3.2,SSP2021-SSP2-SPA0-26-Default,0.07877294679602757,0.17266322498845552,0.2514361717844831,R10AFRICA
IMAGE 3.2,SSP2021-SSP2-SPA2-19-Renewables,0.17346715642185181,0.634786308719198,0.8082534651410498,R10AFRICA
IMAGE 3.2,SSP2021-SSP2-SPA2-26-Default,0.0,0.1815281335107928,0.1815281335107928,R10AFRICA
IMAGE 3.2,SSP2021-SSP2-SPA2-26-Lifestyle,0.0,0.15585390997820572,0.15585390997820572,R10AFRICA
IMAGE 3.2,SSP2021-SSP2-SPA2-26-Lifestyle-Renewables,0.09122373569587096,0.5604444022537991,0.65166813794967,R10AFRICA
IMAGE 3.2,SSP2021-SSP2-SPA2-26-Renewables,0.0,0.6690774407350706,0.6690774407350706,R10AFRICA
IMAGE 3.3,NAVIGATE Demand-1.5°C-ele_u,0.5280582104675737,0.44780202045792,0.9758602309254938,R10AFRICA
IMAGE 3.3,NAVIGATE Demand-1.5°C-tec_u,0.39354257626389083,0.31099766351607266,0.7045402397799635,R10AFRICA
IMAGE 3.3,NAVIGATE Demand-2.0°C-ele_u,0.4728203630506451,0.43426587625551577,0.907086239306161,R10AFRICA
IMAGE 3.3,NAVIGATE Demand-2.0°C-ref,0.2904521255300839,0.12801272756694393,0.41846485309702786,R10AFRICA
IMAGE 3.3,NAVIGATE Demand-2.0°C-tec_u,0.3111878758430837,0.09076292573373898,0.4019508015768227,R10AFRICA
MESSAGEix-GLOBIOM 2.0-M-R12-NGFS,NGFS Phase 5-Below 2°C,0.04378129173229333,0.3600399506118758,0.40382124234416916,R10AFRICA
MESSAGEix-GLOBIOM 2.0-M-R12-NGFS,NGFS Phase 5-Delayed Transition,0.10657749175296136,0.49585171274012135,0.6024292044930827,R10AFRICA
MESSAGEix-GLOBIOM 2.0-M-R12-NGFS,NGFS Phase 5-Low Demand,0.22577583348852368,0.4835360252454534,0.7093118587339771,R10AFRICA
MESSAGEix-GLOBIOM 2.0-M-R12-NGFS,NGFS Phase 5-Nationally Determined Contributions (NDCs),0.04993560543465466,0.4858597751410027,0.5357953805756573,R10AFRICA
MESSAGEix-GLOBIOM 2.0-M-R12-NGFS,NGFS Phase 5-Net-Zero 2050,0.1915041475754084,0.4185977349461198,0.6101018825215282,R10AFRICA
POLES-JRC ENGAGE,ENGAGE-INDCi2030-1000,0.2846874582178096,0.524075855722546,0.8087633139403556,R10AFRICA
POLES-JRC ENGAGE,ENGAGE-INDCi2030-1000-COV,0.33548810335098,0.37645488814937855,0.7119429915003586,R10AFRICA
POLES-JRC ENGAGE,ENGAGE-INDCi2030-1000-COV-NDCp,0.4141385054329536,0.40222242087381416,0.8163609263067677,R10AFRICA
POLES-JRC ENGAGE,ENGAGE-INDCi2030-1000-NDCp,0.18667701046896415,0.5804381422293866,0.7671151526983507,R10AFRICA
POLES-JRC ENGAGE,ENGAGE-INDCi2030-1000f,0.24017111121370605,0.3907941995078304,0.6309653107215365,R10AFRICA
POLES-JRC ENGAGE,ENGAGE-INDCi2030-1000f-COV,0.33548810335098,0.29173120409929476,0.6272193074502748,R10AFRICA
POLES-JRC ENGAGE,ENGAGE-INDCi2030-1000f-COV-NDCp,0.4141385054329536,0.27205336132150615,0.6861918667544598,R10AFRICA
POLES-JRC ENGAGE,ENGAGE-INDCi2030-1000f-NDCp,0.18667719818801723,0.43794712170388317,0.6246243198919004,R10AFRICA
POLES-JRC ENGAGE,ENGAGE-INDCi2030-1200,0.24017111121370605,0.3346022097924463,0.5747733210061523,R10AFRICA
POLES-JRC ENGAGE,ENGAGE-INDCi2030-1200f,0.24017111121370605,0.28287063772591553,0.5230417489396215,R10AFRICA
POLES-JRC ENGAGE,ENGAGE-INDCi2030-300f,0.421442403089064,0.735505209512992,1.156947612602056,R10AFRICA
POLES-JRC ENGAGE,ENGAGE-INDCi2030-400f,0.3943737518947368,0.7071847092247164,1.101558461119453,R10AFRICA
POLES-JRC ENGAGE,ENGAGE-INDCi2030-500f,0.3445393558724257,0.6097559262244154,0.9542952820968411,R10AFRICA
POLES-JRC ENGAGE,ENGAGE-INDCi2030-600f,0.3098104365540856,0.5611887426396983,0.8709991791937839,R10AFRICA
POLES-JRC ENGAGE,ENGAGE-INDCi2030-600f-COV,0.33548810335098,0.7056888474569304,1.0411769508079103,R10AFRICA
POLES-JRC ENGAGE,ENGAGE-INDCi2030-600f-COV-NDCp,0.4141385054329536,0.7404712260175978,1.1546097314505515,R10AFRICA
POLES-JRC ENGAGE,ENGAGE-INDCi2030-600f-NDCp,0.2650136956101827,0.6277836640163449,0.8927973596265275,R10AFRICA
POLES-JRC ENGAGE,ENGAGE-INDCi2030-700f,0.26272643220576586,0.5548985682060158,0.8176250004117817,R10AFRICA
POLES-JRC ENGAGE,ENGAGE-INDCi2030-800f,0.24017111121370605,0.5441109295709936,0.7842820407846997,R10AFRICA
POLES-JRC ENGAGE,ENGAGE-INDCi2030-900,0.44407044118942796,0.7386277816828791,1.182698222872307,R10AFRICA
POLES-JRC ENGAGE,ENGAGE-INDCi2030-900f,0.24017111121370605,0.44931444004376503,0.6894855512574711,R10AFRICA
POLES-JRC ENGAGE,ENGAGE-NPi2020-1000f,0.25189480357725574,0.2909793800863146,0.5428741836635703,R10AFRICA
POLES-JRC ENGAGE,ENGAGE-NPi2020-1000f-COV,0.34285402583392643,0.28346135903157493,0.6263153848655014,R10AFRICA
POLES-JRC ENGAGE,ENGAGE-NPi2020-1200f,0.24505807523157294,0.2798726702728702,0.5249307455044432,R10AFRICA
POLES-JRC ENGAGE,ENGAGE-NPi2020-900f,0.2602064406162865,0.34005314487485205,0.6002595854911386,R10AFRICA
REMIND-MAgPIE 2.1-4.2,NGFS Phase 2-Delayed Transition,0.6739840642839026,0.9433561617230984,1.6173402260070011,R10AFRICA
REMIND-MAgPIE 3.2.0-4.8.0,RESCUE-End-of-Century-Budget-1150,0.0,0.41720600295504334,0.41720600295504334,R10AFRICA
REMIND-MAgPIE 3.2.0-4.8.0,RESCUE-End-of-Century-Budget-1150-with-OAE,0.0,0.40903702492105154,0.40903702492105154,R10AFRICA
REMIND-MAgPIE 3.2.0-4.8.0,RESCUE-End-of-Century-Budget-500,0.15223156296472357,0.7299956522975952,0.8822272152623187,R10AFRICA
REMIND-MAgPIE 3.2.0-4.8.0,RESCUE-End-of-Century-Budget-500-with-OAE,0.1337603434125836,0.7210711765535075,0.8548315199660911,R10AFRICA
REMIND-MAgPIE 3.2.0-4.8.0,RESCUE-Peak-Budget-1150,0.0,0.39019772182127627,0.39019772182127627,R10AFRICA
REMIND-MAgPIE 3.2.0-4.8.0,RESCUE-Peak-Budget-1150-with-OAE,0.0,0.3927199952953464,0.3927199952953464,R10AFRICA
REMIND-MAgPIE 3.3-4.8,NGFS Phase 5-Below 2°C,0.153585964750892,0.5762814375594563,0.7298674023103483,R10AFRICA
REMIND-MAgPIE 3.3-4.8,NGFS Phase 5-Delayed Transition,0.26347100782838145,0.7187415952985875,0.9822126031269689,R10AFRICA
REMIND-MAgPIE 3.3-4.8,NGFS Phase 5-Low Demand,0.562374425818805,0.69269227011354,1.2550666959323449,R10AFRICA
REMIND-MAgPIE 3.3-4.8,NGFS Phase 5-Net-Zero 2050,0.35843643585177704,0.8491315375865554,1.2075679734383324,R10AFRICA
WITCH 5.0,ENGAGE-INDCi2030-1000,0.6754666662775731,0.7796549696988286,1.4551216359764019,R10AFRICA
WITCH 5.0,ENGAGE-INDCi2030-1000-NDCp,0.8189308419348152,0.7672174692430718,1.5861483111778871,R10AFRICA
WITCH 5.0,ENGAGE-INDCi2030-1000f,0.5625929897457406,0.6917109644631427,1.2543039542088832,R10AFRICA
WITCH 5.0,ENGAGE-INDCi2030-1000f-NDCp,0.8189308419348152,0.6637645448089609,1.4826953867437762,R10AFRICA
WITCH 5.0,ENGAGE-INDCi2030-1200,0.48838408445265724,0.6641784925445137,1.152562576997171,R10AFRICA
WITCH 5.0,ENGAGE-INDCi2030-1200-NDCp,0.8189308419348152,0.6717903286818064,1.4907211706166217,R10AFRICA
WITCH 5.0,ENGAGE-INDCi2030-1200f,0.44428378518325135,0.6710443150562354,1.1153281002394868,R10AFRICA
WITCH 5.0,ENGAGE-INDCi2030-1200f-NDCp,0.8189308419348152,0.6988564077208035,1.5177872496556186,R10AFRICA
WITCH 5.0,ENGAGE-INDCi2030-1400,0.458767873554341,0.6448842095460736,1.1036520831004146,R10AFRICA
WITCH 5.0,ENGAGE-INDCi2030-1400-NDCp,0.8189308419348152,0.6094687924684385,1.4283996344032537,R10AFRICA
WITCH 5.0,ENGAGE-INDCi2030-1400f,0.48282856990170275,0.6255549777258732,1.108383547627576,R10AFRICA
WITCH 5.0,ENGAGE-INDCi2030-1400f-NDCp,0.8189308419348152,0.6249202341498068,1.4438510760846222,R10AFRICA
WITCH 5.0,ENGAGE-INDCi2030-1600-NDCp,0.8189308419348152,0.5424505524665892,1.3613813944014046,R10AFRICA
WITCH 5.0,ENGAGE-INDCi2030-500f,1.0,1.0,2.0,R10AFRICA
WITCH 5.0,ENGAGE-INDCi2030-600f,0.8956253694178535,0.9983772791349528,1.8940026485528063,R10AFRICA
WITCH 5.0,ENGAGE-INDCi2030-600f-NDCp,0.8189308419348152,0.9909344111840978,1.809865253118913,R10AFRICA
WITCH 5.0,ENGAGE-INDCi2030-700f,0.7929638664147184,0.9309866643107035,1.723950530725422,R10AFRICA
WITCH 5.0,ENGAGE-INDCi2030-700f-NDCp,0.8189308419348152,0.8659025058775357,1.684833347812351,R10AFRICA
WITCH 5.0,ENGAGE-INDCi2030-800,0.9244865359906388,0.8975983116219156,1.8220848476125544,R10AFRICA
WITCH 5.0,ENGAGE-INDCi2030-800-NDCp,0.8189308419348152,0.8739050752956083,1.6928359172304237,R10AFRICA
WITCH 5.0,ENGAGE-INDCi2030-800f,0.7017972224858197,0.8143974942007997,1.5161947166866194,R10AFRICA
WITCH 5.0,ENGAGE-INDCi2030-800f-NDCp,0.8189308419348152,0.778946693782257,1.5978775357170723,R10AFRICA
WITCH 5.0,ENGAGE-INDCi2030-900,0.7845970943057701,0.9238906005260266,1.7084876948317966,R10AFRICA
WITCH 5.0,ENGAGE-INDCi2030-900-NDCp,0.8189308419348152,0.898985854805935,1.7179166967407502,R10AFRICA
WITCH 5.0,ENGAGE-INDCi2030-900f,0.6072061527672898,0.7459295071434817,1.3531356599107716,R10AFRICA
WITCH 5.0,ENGAGE-INDCi2030-900f-NDCp,0.8189308419348152,0.7089755430570399,1.527906384991855,R10AFRICA
IMAGE 3.0,ENGAGE-INDCi2030-1000,0.5718804553670177,0.26879135786897224,0.8406718132359899,R10CHINA+
IMAGE 3.0,ENGAGE-INDCi2030-1000f,0.36793416512380817,0.6351297182703163,1.0030638833941246,R10CHINA+
IMAGE 3.0,ENGAGE-INDCi2030-1200,0.45184714413824256,0.13250374127553577,0.5843508854137783,R10CHINA+
IMAGE 3.0,ENGAGE-INDCi2030-1200f,0.21694342357884286,0.401119574269738,0.6180629978485809,R10CHINA+
IMAGE 3.0,ENGAGE-INDCi2030-1400f,0.21658043883251046,0.3918279931983889,0.6084084320308993,R10CHINA+
IMAGE 3.0,ENGAGE-INDCi2030-800f,0.5778294061084271,0.27547440759873015,0.8533038137071574,R10CHINA+
IMAGE 3.0,ENGAGE-NPi2020-1000,0.36348023313922057,0.1803164006746208,0.5437966338138414,R10CHINA+
IMAGE 3.0,ENGAGE-NPi2020-1200,0.221877382155727,0.21140704622082693,0.4332844283765539,R10CHINA+
IMAGE 3.0,ENGAGE-NPi2020-1400,0.16024136375114245,0.17194694030524582,0.3321883040563883,R10CHINA+
IMAGE 3.0,ENGAGE-NPi2020-1400f,0.18777761233446993,0.35440445958267075,0.5421820719171406,R10CHINA+
IMAGE 3.2,SSP2021-SSP1-SPA1-19-Default,0.15615197871757355,0.37600127149079393,0.5321532502083675,R10CHINA+
IMAGE 3.2,SSP2021-SSP1-SPA1-19-Lifestyle-Renewables,0.17116764405987425,0.31395453795534445,0.48512218201521873,R10CHINA+
IMAGE 3.2,SSP2021-SSP1-SPA1-19-Renewables,0.11385895026515697,0.4980562979928987,0.6119152482580557,R10CHINA+
IMAGE 3.2,SSP2021-SSP1-SPA1-26-Default,0.1037143397731684,0.38406193963436347,0.4877762794075319,R10CHINA+
IMAGE 3.2,SSP2021-SSP1-SPA1-26-Lifestyle,0.1718429921356874,0.3254288993450098,0.49727189148069717,R10CHINA+
IMAGE 3.2,SSP2021-SSP1-SPA1-26-Lifestyle-Renewables,0.1484670408973788,0.24009042258527832,0.38855746348265713,R10CHINA+
IMAGE 3.2,SSP2021-SSP1-SPA1-26-Renewables,0.09965684775485799,0.41157259428950715,0.5112294420443652,R10CHINA+
IMAGE 3.2,SSP2021-SSP2-SPA0-26-Default,0.058896281774212064,0.08398325600430577,0.14287953777851783,R10CHINA+
IMAGE 3.2,SSP2021-SSP2-SPA2-19-Renewables,0.3079063217939409,0.3771924971978707,0.6850988189918116,R10CHINA+
IMAGE 3.2,SSP2021-SSP2-SPA2-26-Default,0.11932870905217886,0.1009168906092838,0.22024559966146268,R10CHINA+
IMAGE 3.2,SSP2021-SSP2-SPA2-26-Lifestyle,0.1612931227447079,0.23024330699182505,0.3915364297365329,R10CHINA+
IMAGE 3.2,SSP2021-SSP2-SPA2-26-Lifestyle-Renewables,0.11971330106700351,0.26541313157410695,0.38512643264111046,R10CHINA+
IMAGE 3.2,SSP2021-SSP2-SPA2-26-Renewables,0.09553520339401583,0.21858561655807868,0.3141208199520945,R10CHINA+
IMAGE 3.3,NAVIGATE Demand-1.5°C-ele_u,0.2023816706039821,0.27520885541975926,0.47759052602374136,R10CHINA+
IMAGE 3.3,NAVIGATE Demand-1.5°C-tec_u,0.21500210212283621,0.14310509092565482,0.35810719304849103,R10CHINA+
IMAGE 3.3,NAVIGATE Demand-2.0°C-ele_u,0.14244271952014698,0.2043505057414182,0.3467932252615652,R10CHINA+
IMAGE 3.3,NAVIGATE Demand-2.0°C-ref,0.1360417985609301,0.06740472041652061,0.2034465189774507,R10CHINA+
IMAGE 3.3,NAVIGATE Demand-2.0°C-tec_u,0.1856839660682632,0.07033297865862324,0.25601694472688646,R10CHINA+
MESSAGEix-GLOBIOM 2.0-M-R12-NGFS,NGFS Phase 5-Below 2°C,0.11331339803229788,0.262312719234608,0.3756261172669059,R10CHINA+
MESSAGEix-GLOBIOM 2.0-M-R12-NGFS,NGFS Phase 5-Delayed Transition,0.15427059493831963,0.1174202792851461,0.2716908742234657,R10CHINA+
MESSAGEix-GLOBIOM 2.0-M-R12-NGFS,NGFS Phase 5-Low Demand,0.30566330502029465,0.05233948583653363,0.3580027908568283,R10CHINA+
MESSAGEix-GLOBIOM 2.0-M-R12-NGFS,NGFS Phase 5-Nationally Determined Contributions (NDCs),0.13036464098523215,0.0,0.13036464098523215,R10CHINA+
MESSAGEix-GLOBIOM 2.0-M-R12-NGFS,NGFS Phase 5-Net-Zero 2050,0.0841767121700121,0.20102910481505207,0.2852058169850642,R10CHINA+
POLES-JRC ENGAGE,ENGAGE-INDCi2030-1000,0.774546641314181,0.45156385472896293,1.226110496043144,R10CHINA+
POLES-JRC ENGAGE,ENGAGE-INDCi2030-1000-COV,0.4983831863173386,0.32736955767406445,0.825752743991403,R10CHINA+
POLES-JRC ENGAGE,ENGAGE-INDCi2030-1000-COV-NDCp,0.5249112087895175,0.33578025668337225,0.8606914654728897,R10CHINA+
POLES-JRC ENGAGE,ENGAGE-INDCi2030-1000-NDCp,0.6268997322849144,0.320727182372542,0.9476269146574563,R10CHINA+
POLES-JRC ENGAGE,ENGAGE-INDCi2030-1000f,0.4773080646260406,0.3575439035026459,0.8348519681286866,R10CHINA+
POLES-JRC ENGAGE,ENGAGE-INDCi2030-1000f-COV,0.3036678832282047,0.24579411446268062,0.5494619976908853,R10CHINA+
POLES-JRC ENGAGE,ENGAGE-INDCi2030-1000f-COV-NDCp,0.3031314600826135,0.24508672235796689,0.5482181824405804,R10CHINA+
POLES-JRC ENGAGE,ENGAGE-INDCi2030-1000f-NDCp,0.3975951542991313,0.2672980975731041,0.6648932518722354,R10CHINA+
POLES-JRC ENGAGE,ENGAGE-INDCi2030-1200,0.4229698048990111,0.33386646882322557,0.7568362737222367,R10CHINA+
POLES-JRC ENGAGE,ENGAGE-INDCi2030-1200f,0.2915069901681434,0.2655731603786304,0.5570801505467737,R10CHINA+
POLES-JRC ENGAGE,ENGAGE-INDCi2030-300f,0.9714621585405558,0.5615043122281544,1.5329664707687103,R10CHINA+
POLES-JRC ENGAGE,ENGAGE-INDCi2030-400f,0.9357480008589893,0.5261632652266595,1.4619112660856488,R10CHINA+
POLES-JRC ENGAGE,ENGAGE-INDCi2030-500f,0.8669982932715136,0.4734555709007228,1.3404538641722363,R10CHINA+
POLES-JRC ENGAGE,ENGAGE-INDCi2030-600f,0.8151511671810208,0.459698382873964,1.2748495500549848,R10CHINA+
POLES-JRC ENGAGE,ENGAGE-INDCi2030-600f-COV,0.6852123773548509,0.3428046003127571,1.028016977667608,R10CHINA+
POLES-JRC ENGAGE,ENGAGE-INDCi2030-600f-COV-NDCp,0.7085586912473355,0.3597903850171644,1.0683490762645,R10CHINA+
POLES-JRC ENGAGE,ENGAGE-INDCi2030-600f-NDCp,0.7485848182517513,0.35383461962588175,1.102419437877633,R10CHINA+
POLES-JRC ENGAGE,ENGAGE-INDCi2030-700f,0.7390007425079222,0.43459076877708974,1.173591511285012,R10CHINA+
POLES-JRC ENGAGE,ENGAGE-INDCi2030-800f,0.6616701664581491,0.4226910405465615,1.0843612070047106,R10CHINA+
POLES-JRC ENGAGE,ENGAGE-INDCi2030-900,1.0,0.6115712996648092,1.611571299664809,R10CHINA+
POLES-JRC ENGAGE,ENGAGE-INDCi2030-900f,0.5571540022536835,0.3869076870571314,0.9440616893108149,R10CHINA+
POLES-JRC ENGAGE,ENGAGE-NPi2020-1000f,0.1864766214491803,0.23687223504153937,0.4233488564907197,R10CHINA+
POLES-JRC ENGAGE,ENGAGE-NPi2020-1000f-COV,0.2048570445361139,0.2133277620044967,0.41818480654061063,R10CHINA+
POLES-JRC ENGAGE,ENGAGE-NPi2020-1200f,0.11004575660163039,0.2058745080767582,0.3159202646783886,R10CHINA+
POLES-JRC ENGAGE,ENGAGE-NPi2020-900f,0.22423168726661502,0.25838073696582964,0.48261242423244466,R10CHINA+
REMIND-MAgPIE 2.1-4.2,NGFS Phase 2-Delayed Transition,0.5222016034753951,0.3550084104740659,0.877210013949461,R10CHINA+
REMIND-MAgPIE 3.2.0-4.8.0,RESCUE-End-of-Century-Budget-1150,0.2446577369098653,0.14507942994331846,0.38973716685318377,R10CHINA+
REMIND-MAgPIE 3.2.0-4.8.0,RESCUE-End-of-Century-Budget-1150-with-OAE,0.24788266313219257,0.13820573589228288,0.38608839902447545,R10CHINA+
REMIND-MAgPIE 3.2.0-4.8.0,RESCUE-End-of-Century-Budget-500,0.4035072302057156,0.3637536508744967,0.7672608810802123,R10CHINA+
REMIND-MAgPIE 3.2.0-4.8.0,RESCUE-End-of-Century-Budget-500-with-OAE,0.3891231747568564,0.3486253482653726,0.737748523022229,R10CHINA+
REMIND-MAgPIE 3.2.0-4.8.0,RESCUE-Peak-Budget-1150,0.1731069455585981,0.28538652461939984,0.4584934701779979,R10CHINA+
REMIND-MAgPIE 3.2.0-4.8.0,RESCUE-Peak-Budget-1150-with-OAE,0.17298126761317084,0.28305029758102096,0.4560315651941918,R10CHINA+
REMIND-MAgPIE 3.3-4.8,NGFS Phase 5-Below 2°C,0.20994208549908974,0.2873153713664142,0.49725745686550393,R10CHINA+
REMIND-MAgPIE 3.3-4.8,NGFS Phase 5-Delayed Transition,0.37595794526777676,0.4795984611846245,0.8555564064524013,R10CHINA+
REMIND-MAgPIE 3.3-4.8,NGFS Phase 5-Low Demand,0.4047415169765794,0.6317570862933825,1.036498603269962,R10CHINA+
REMIND-MAgPIE 3.3-4.8,NGFS Phase 5-Net-Zero 2050,0.27408818004137353,1.0,1.2740881800413735,R10CHINA+
WITCH 5.0,ENGAGE-INDCi2030-1000,0.24811703483279005,0.17038891096016964,0.4185059457929597,R10CHINA+
WITCH 5.0,ENGAGE-INDCi2030-1000-NDCp,0.04167098534184174,0.18153447045060975,0.2232054557924515,R10CHINA+
WITCH 5.0,ENGAGE-INDCi2030-1000f,0.2142417319430831,0.1466978778812463,0.3609396098243294,R10CHINA+
WITCH 5.0,ENGAGE-INDCi2030-1000f-NDCp,0.006821535064447541,0.13613728263803748,0.14295881770248503,R10CHINA+
WITCH 5.0,ENGAGE-INDCi2030-1200,0.19788563182150912,0.1217508077835963,0.3196364396051054,R10CHINA+
WITCH 5.0,ENGAGE-INDCi2030-1200-NDCp,0.0,0.12374780238037854,0.12374780238037854,R10CHINA+
WITCH 5.0,ENGAGE-INDCi2030-1200f,0.161902546566075,0.1359835693965006,0.29788611596257564,R10CHINA+
WITCH 5.0,ENGAGE-INDCi2030-1200f-NDCp,0.0,0.11336715796892369,0.11336715796892369,R10CHINA+
WITCH 5.0,ENGAGE-INDCi2030-1400,0.14472315138143976,0.11245267655985441,0.2571758279412942,R10CHINA+
WITCH 5.0,ENGAGE-INDCi2030-1400-NDCp,0.0,0.09895351821308479,0.09895351821308479,R10CHINA+
WITCH 5.0,ENGAGE-INDCi2030-1400f,0.13988317877716064,0.10694653080236738,0.24682970957952802,R10CHINA+
WITCH 5.0,ENGAGE-INDCi2030-1400f-NDCp,0.0,0.09475964480520328,0.09475964480520328,R10CHINA+
WITCH 5.0,ENGAGE-INDCi2030-1600-NDCp,0.0,0.08625747340079944,0.08625747340079944,R10CHINA+
WITCH 5.0,ENGAGE-INDCi2030-500f,0.3992905028435588,0.26523580488627774,0.6645263077298366,R10CHINA+
WITCH 5.0,ENGAGE-INDCi2030-600f,0.3461831369713497,0.233354603424407,0.5795377403957567,R10CHINA+
WITCH 5.0,ENGAGE-INDCi2030-600f-NDCp,0.11767222989512201,0.2590477243236983,0.3767199542188203,R10CHINA+
WITCH 5.0,ENGAGE-INDCi2030-700f,0.3015661891848938,0.23227989428156828,0.5338460834664621,R10CHINA+
WITCH 5.0,ENGAGE-INDCi2030-700f-NDCp,0.07447316443830557,0.24781738373313672,0.3222905481714423,R10CHINA+
WITCH 5.0,ENGAGE-INDCi2030-800,0.378989639948836,0.3457550405407934,0.7247446804896294,R10CHINA+
WITCH 5.0,ENGAGE-INDCi2030-800-NDCp,0.15768139355789376,0.36588150440315464,0.5235628979610484,R10CHINA+
WITCH 5.0,ENGAGE-INDCi2030-800f,0.2599539475563895,0.21492093563319817,0.4748748831895877,R10CHINA+
WITCH 5.0,ENGAGE-INDCi2030-800f-NDCp,0.04261960724113645,0.19982072766034997,0.24244033490148642,R10CHINA+
WITCH 5.0,ENGAGE-INDCi2030-900,0.3004987147000747,0.254094446145527,0.5545931608456017,R10CHINA+
WITCH 5.0,ENGAGE-INDCi2030-900-NDCp,0.07942140681020511,0.22331308233747454,0.30273448914767964,R10CHINA+
WITCH 5.0,ENGAGE-INDCi2030-900f,0.23457803261980806,0.16353189329959444,0.39810992591940253,R10CHINA+
WITCH 5.0,ENGAGE-INDCi2030-900f-NDCp,0.024960533139378235,0.1542779295054845,0.17923846264486273,R10CHINA+
IMAGE 3.0,ENGAGE-INDCi2030-1000,0.784846485014105,0.244719948612542,1.029566433626647,R10MIDDLE_EAST
IMAGE 3.0,ENGAGE-INDCi2030-1000f,0.495338081206943,0.3197320897023986,0.8150701709093415,R10MIDDLE_EAST
IMAGE 3.0,ENGAGE-INDCi2030-1200,0.611954368218743,0.010173331870112854,0.6221277000888559,R10MIDDLE_EAST
IMAGE 3.0,ENGAGE-INDCi2030-1200f,0.3323462157511882,0.1251800588989272,0.4575262746501154,R10MIDDLE_EAST
IMAGE 3.0,ENGAGE-INDCi2030-1400f,0.3115938783053549,0.16205119682819263,0.47364507513354753,R10MIDDLE_EAST
IMAGE 3.0,ENGAGE-INDCi2030-800f,0.7652748316077979,0.369784970299856,1.1350598019076539,R10MIDDLE_EAST
IMAGE 3.0,ENGAGE-NPi2020-1000,0.528582914754186,0.0,0.528582914754186,R10MIDDLE_EAST
IMAGE 3.0,ENGAGE-NPi2020-1200,0.31024714054004376,0.0068857721891155505,0.31713291272915933,R10MIDDLE_EAST
IMAGE 3.0,ENGAGE-NPi2020-1400,0.21983209407230023,0.05546738635104453,0.27529948042334473,R10MIDDLE_EAST
IMAGE 3.0,ENGAGE-NPi2020-1400f,0.16116500262194736,0.16444881318939558,0.32561381581134297,R10MIDDLE_EAST
IMAGE 3.2,SSP2021-SSP1-SPA1-19-Default,0.2781332118006463,0.3159162693794106,0.594049481180057,R10MIDDLE_EAST
IMAGE 3.2,SSP2021-SSP1-SPA1-19-Lifestyle-Renewables,0.3325750972189114,0.6060935043045677,0.9386686015234791,R10MIDDLE_EAST
IMAGE 3.2,SSP2021-SSP1-SPA1-19-Renewables,0.3044749057185954,0.557914729040275,0.8623896347588704,R10MIDDLE_EAST
IMAGE 3.2,SSP2021-SSP1-SPA1-26-Default,0.19439346499105425,0.18021304137319796,0.3746065063642522,R10MIDDLE_EAST
IMAGE 3.2,SSP2021-SSP1-SPA1-26-Lifestyle,0.1432133078084476,0.16127452897191485,0.30448783678036245,R10MIDDLE_EAST
IMAGE 3.2,SSP2021-SSP1-SPA1-26-Lifestyle-Renewables,0.2068698795276914,0.5275961673087687,0.7344660468364601,R10MIDDLE_EAST
IMAGE 3.2,SSP2021-SSP1-SPA1-26-Renewables,0.1848586663919226,0.45429190987402523,0.6391505762659478,R10MIDDLE_EAST
IMAGE 3.2,SSP2021-SSP2-SPA0-26-Default,0.23867576774136567,0.13914727228564708,0.3778230400270127,R10MIDDLE_EAST
IMAGE 3.2,SSP2021-SSP2-SPA2-19-Renewables,0.8432556794174255,0.5337506925181004,1.3770063719355259,R10MIDDLE_EAST
IMAGE 3.2,SSP2021-SSP2-SPA2-26-Default,0.297644010287652,0.18825878798081544,0.4859027982684675,R10MIDDLE_EAST
IMAGE 3.2,SSP2021-SSP2-SPA2-26-Lifestyle,0.32690417734326027,0.1703614709470006,0.4972656482902609,R10MIDDLE_EAST
IMAGE 3.2,SSP2021-SSP2-SPA2-26-Lifestyle-Renewables,0.30054520372996457,0.5115193731014851,0.8120645768314496,R10MIDDLE_EAST
IMAGE 3.2,SSP2021-SSP2-SPA2-26-Renewables,0.31562813287838826,0.5679896040443954,0.8836177369227836,R10MIDDLE_EAST
IMAGE 3.3,NAVIGATE Demand-1.5°C-ele_u,0.3587105085170516,0.30693753707187066,0.6656480455889222,R10MIDDLE_EAST
IMAGE 3.3,NAVIGATE Demand-1.5°C-tec_u,0.4386415255850599,0.4196077832297935,0.8582493088148534,R10MIDDLE_EAST
IMAGE 3.3,NAVIGATE Demand-2.0°C-ele_u,0.26487240756081315,0.3670421589224694,0.6319145664832826,R10MIDDLE_EAST
IMAGE 3.3,NAVIGATE Demand-2.0°C-ref,0.1794607829342869,0.10785132704643788,0.28731210998072476,R10MIDDLE_EAST
IMAGE 3.3,NAVIGATE Demand-2.0°C-tec_u,0.2699475644722567,0.014599098367968145,0.28454666284022484,R10MIDDLE_EAST
MESSAGEix-GLOBIOM 2.0-M-R12-NGFS,NGFS Phase 5-Below 2°C,0.15718969312258196,0.14074603431646693,0.2979357274390489,R10MIDDLE_EAST
MESSAGEix-GLOBIOM 2.0-M-R12-NGFS,NGFS Phase 5-Delayed Transition,0.16421596875833783,0.2299561910021995,0.3941721597605373,R10MIDDLE_EAST
MESSAGEix-GLOBIOM 2.0-M-R12-NGFS,NGFS Phase 5-Low Demand,0.47483227988582555,0.5180877490525055,0.9929200289383311,R10MIDDLE_EAST
MESSAGEix-GLOBIOM 2.0-M-R12-NGFS,NGFS Phase 5-Nationally Determined Contributions (NDCs),0.3474564684298277,0.18599503659188593,0.5334515050217137,R10MIDDLE_EAST
MESSAGEix-GLOBIOM 2.0-M-R12-NGFS,NGFS Phase 5-Net-Zero 2050,0.2913181136453975,0.4104812570397721,0.7017993706851696,R10MIDDLE_EAST
POLES-JRC ENGAGE,ENGAGE-INDCi2030-1000,0.7085311411705968,0.16793676339955807,0.8764679045701549,R10MIDDLE_EAST
POLES-JRC ENGAGE,ENGAGE-INDCi2030-1000-COV,0.5445890611583242,0.1370609814443582,0.6816500426026824,R10MIDDLE_EAST
POLES-JRC ENGAGE,ENGAGE-INDCi2030-1000-COV-NDCp,0.5379849414243678,0.13894550272846568,0.6769304441528334,R10MIDDLE_EAST
POLES-JRC ENGAGE,ENGAGE-INDCi2030-1000-NDCp,0.9078729362119106,0.23302261000822924,1.1408955462201398,R10MIDDLE_EAST
POLES-JRC ENGAGE,ENGAGE-INDCi2030-1000f,0.5073729934522636,0.15897411700016442,0.666347110452428,R10MIDDLE_EAST
POLES-JRC ENGAGE,ENGAGE-INDCi2030-1000f-COV,0.43300196035300625,0.10728211362256805,0.5402840739755743,R10MIDDLE_EAST
POLES-JRC ENGAGE,ENGAGE-INDCi2030-1000f-COV-NDCp,0.41013918987301307,0.10039664238985195,0.510535832262865,R10MIDDLE_EAST
POLES-JRC ENGAGE,ENGAGE-INDCi2030-1000f-NDCp,0.7221833523973058,0.19778244458741473,0.9199657969847206,R10MIDDLE_EAST
POLES-JRC ENGAGE,ENGAGE-INDCi2030-1200,0.47088009498792277,0.1430886561394171,0.6139687511273398,R10MIDDLE_EAST
POLES-JRC ENGAGE,ENGAGE-INDCi2030-1200f,0.3966030176169993,0.09197963909061967,0.48858265670761897,R10MIDDLE_EAST
POLES-JRC ENGAGE,ENGAGE-INDCi2030-300f,0.8304427677771294,0.131537246382578,0.9619800141597075,R10MIDDLE_EAST
POLES-JRC ENGAGE,ENGAGE-INDCi2030-400f,0.8089523918645994,0.11904378979944509,0.9279961816640445,R10MIDDLE_EAST
POLES-JRC ENGAGE,ENGAGE-INDCi2030-500f,0.7670137430756676,0.13698548013855877,0.9039992232142264,R10MIDDLE_EAST
POLES-JRC ENGAGE,ENGAGE-INDCi2030-600f,0.7346825288037434,0.14954219732171162,0.884224726125455,R10MIDDLE_EAST
POLES-JRC ENGAGE,ENGAGE-INDCi2030-600f-COV,0.658957802426663,0.12574163863402338,0.7846994410606865,R10MIDDLE_EAST
POLES-JRC ENGAGE,ENGAGE-INDCi2030-600f-COV-NDCp,0.6501092601891919,0.11950358929825702,0.7696128494874489,R10MIDDLE_EAST
POLES-JRC ENGAGE,ENGAGE-INDCi2030-600f-NDCp,1.0,0.255765757999688,1.255765757999688,R10MIDDLE_EAST
POLES-JRC ENGAGE,ENGAGE-INDCi2030-700f,0.6844807389600814,0.1591157990329882,0.8435965379930697,R10MIDDLE_EAST
POLES-JRC ENGAGE,ENGAGE-INDCi2030-800f,0.6331680264258398,0.16156159172358148,0.7947296181494212,R10MIDDLE_EAST
POLES-JRC ENGAGE,ENGAGE-INDCi2030-900,0.8491683606812452,0.25369958069509546,1.1028679413763407,R10MIDDLE_EAST
POLES-JRC ENGAGE,ENGAGE-INDCi2030-900f,0.5606595087968391,0.16204424787169172,0.7227037566685308,R10MIDDLE_EAST
POLES-JRC ENGAGE,ENGAGE-NPi2020-1000f,0.41535821688993174,0.08697712787786134,0.5023353447677931,R10MIDDLE_EAST
POLES-JRC ENGAGE,ENGAGE-NPi2020-1000f-COV,0.3900211602725945,0.06152662136066075,0.4515477816332552,R10MIDDLE_EAST
POLES-JRC ENGAGE,ENGAGE-NPi2020-1200f,0.3845367060210359,0.06144622739494218,0.44598293341597806,R10MIDDLE_EAST
POLES-JRC ENGAGE,ENGAGE-NPi2020-900f,0.4319716728291484,0.12439518594650652,0.556366858775655,R10MIDDLE_EAST
REMIND-MAgPIE 2.1-4.2,NGFS Phase 2-Delayed Transition,0.46281086304759844,0.8539098582845788,1.3167207213321772,R10MIDDLE_EAST
REMIND-MAgPIE 3.2.0-4.8.0,RESCUE-End-of-Century-Budget-1150,0.045975514355559036,0.15134775426739008,0.19732326862294913,R10MIDDLE_EAST
REMIND-MAgPIE 3.2.0-4.8.0,RESCUE-End-of-Century-Budget-1150-with-OAE,0.042778329451319104,0.14713736659578608,0.18991569604710518,R10MIDDLE_EAST
REMIND-MAgPIE 3.2.0-4.8.0,RESCUE-End-of-Century-Budget-500,0.2641593246276181,0.34598935172705264,0.6101486763546707,R10MIDDLE_EAST
REMIND-MAgPIE 3.2.0-4.8.0,RESCUE-End-of-Century-Budget-500-with-OAE,0.238100560270239,0.39067415601023486,0.6287747162804739,R10MIDDLE_EAST
REMIND-MAgPIE 3.2.0-4.8.0,RESCUE-Peak-Budget-1150,0.06507663170233705,0.23337882224986367,0.29845545395220074,R10MIDDLE_EAST
REMIND-MAgPIE 3.2.0-4.8.0,RESCUE-Peak-Budget-1150-with-OAE,0.06089482650028684,0.23034533650426817,0.291240163004555,R10MIDDLE_EAST
REMIND-MAgPIE 3.3-4.8,NGFS Phase 5-Below 2°C,0.0,0.14626866146935474,0.14626866146935474,R10MIDDLE_EAST
REMIND-MAgPIE 3.3-4.8,NGFS Phase 5-Delayed Transition,0.13370021514522368,0.25294135186596933,0.386641567011193,R10MIDDLE_EAST
REMIND-MAgPIE 3.3-4.8,NGFS Phase 5-Low Demand,0.5399711407787398,0.6389878394190399,1.1789589801977796,R10MIDDLE_EAST
REMIND-MAgPIE 3.3-4.8,NGFS Phase 5-Net-Zero 2050,0.2553024640206095,0.7569890244126257,1.0122914884332352,R10MIDDLE_EAST
WITCH 5.0,ENGAGE-INDCi2030-1000,0.3490263084306974,0.583887131985998,0.9329134404166953,R10MIDDLE_EAST
WITCH 5.0,ENGAGE-INDCi2030-1000-NDCp,0.2975962178040111,0.6104937625307659,0.9080899803347771,R10MIDDLE_EAST
WITCH 5.0,ENGAGE-INDCi2030-1000f,0.2964618948913345,0.5531098293298276,0.849571724221162,R10MIDDLE_EAST
WITCH 5.0,ENGAGE-INDCi2030-1000f-NDCp,0.24202810344783374,0.5697533508819854,0.8117814543298192,R10MIDDLE_EAST
WITCH 5.0,ENGAGE-INDCi2030-1200,0.24399004149916462,0.48255821816976385,0.7265482596689284,R10MIDDLE_EAST
WITCH 5.0,ENGAGE-INDCi2030-1200-NDCp,0.19410155856565767,0.5173201943107756,0.7114217528764333,R10MIDDLE_EAST
WITCH 5.0,ENGAGE-INDCi2030-1200f,0.21378634477383798,0.4630728523329735,0.6768591971068115,R10MIDDLE_EAST
WITCH 5.0,ENGAGE-INDCi2030-1200f-NDCp,0.16119859314411975,0.5043105191741631,0.6655091123182829,R10MIDDLE_EAST
WITCH 5.0,ENGAGE-INDCi2030-1400,0.1621239744034441,0.39670025840961104,0.5588242328130552,R10MIDDLE_EAST
WITCH 5.0,ENGAGE-INDCi2030-1400-NDCp,0.11527935703838793,0.4491956610150738,0.5644750180534617,R10MIDDLE_EAST
WITCH 5.0,ENGAGE-INDCi2030-1400f,0.15653758892341116,0.39870108613816296,0.5552386750615741,R10MIDDLE_EAST
WITCH 5.0,ENGAGE-INDCi2030-1400f-NDCp,0.10446787291863505,0.4437500800412731,0.5482179529599082,R10MIDDLE_EAST
WITCH 5.0,ENGAGE-INDCi2030-1600-NDCp,0.0610970276344494,0.3851081164488083,0.44620514408325773,R10MIDDLE_EAST
WITCH 5.0,ENGAGE-INDCi2030-500f,0.5613114844295287,1.0,1.5613114844295288,R10MIDDLE_EAST
WITCH 5.0,ENGAGE-INDCi2030-600f,0.5307065391009658,0.8588538563477179,1.3895603954486837,R10MIDDLE_EAST
WITCH 5.0,ENGAGE-INDCi2030-600f-NDCp,0.4684766358712276,0.8217386971113438,1.2902153329825714,R10MIDDLE_EAST
WITCH 5.0,ENGAGE-INDCi2030-700f,0.4568388025208235,0.7867408304422404,1.243579632963064,R10MIDDLE_EAST
WITCH 5.0,ENGAGE-INDCi2030-700f-NDCp,0.3696944534363358,0.7268866223887073,1.0965810758250432,R10MIDDLE_EAST
WITCH 5.0,ENGAGE-INDCi2030-800,0.5078117941341428,0.9045203630977738,1.4123321572319165,R10MIDDLE_EAST
WITCH 5.0,ENGAGE-INDCi2030-800-NDCp,0.48121779629085704,0.8425350391971381,1.323752835487995,R10MIDDLE_EAST
WITCH 5.0,ENGAGE-INDCi2030-800f,0.3864157416061056,0.6451807093151855,1.031596450921291,R10MIDDLE_EAST
WITCH 5.0,ENGAGE-INDCi2030-800f-NDCp,0.32843890292814815,0.6561842983374431,0.9846232012655912,R10MIDDLE_EAST
WITCH 5.0,ENGAGE-INDCi2030-900,0.42980375988412534,0.746432364607796,1.1762361244919215,R10MIDDLE_EAST
WITCH 5.0,ENGAGE-INDCi2030-900-NDCp,0.371741406350084,0.6924384646218937,1.0641798709719779,R10MIDDLE_EAST
WITCH 5.0,ENGAGE-INDCi2030-900f,0.3319323114708608,0.5756976782809734,0.9076299897518342,R10MIDDLE_EAST
WITCH 5.0,ENGAGE-INDCi2030-900f-NDCp,0.27394211646020517,0.6108489875293875,0.8847911039895927,R10MIDDLE_EAST
IMAGE 3.0,ENGAGE-INDCi2030-1000,0.4855501666436821,0.38204410194144034,0.8675942685851225,R10EUROPE
IMAGE 3.0,ENGAGE-INDCi2030-1000f,0.30872594489565686,0.5191835430710547,0.8279094879667116,R10EUROPE
IMAGE 3.0,ENGAGE-INDCi2030-1200,0.3763622424010107,0.1380922759945074,0.514454518395518,R10EUROPE
IMAGE 3.0,ENGAGE-INDCi2030-1200f,0.282998278513155,0.185982931363111,0.468981209876266,R10EUROPE
IMAGE 3.0,ENGAGE-INDCi2030-1400f,0.282998278513155,0.16982589941424403,0.45282417792739904,R10EUROPE
IMAGE 3.0,ENGAGE-INDCi2030-800f,0.5052268224364116,0.42163277181632797,0.9268595942527396,R10EUROPE
IMAGE 3.0,ENGAGE-NPi2020-1000,0.4428554050136223,0.2692638472119458,0.7121192522255682,R10EUROPE
IMAGE 3.0,ENGAGE-NPi2020-1200,0.34323741653575934,0.05188202035336837,0.3951194368891277,R10EUROPE
IMAGE 3.0,ENGAGE-NPi2020-1400,0.31049702187154643,0.04333912674468973,0.35383614861623613,R10EUROPE
IMAGE 3.0,ENGAGE-NPi2020-1400f,0.32823340300435977,0.12637050628171412,0.45460390928607386,R10EUROPE
IMAGE 3.2,SSP2021-SSP1-SPA1-19-Default,0.2789881022966302,0.09815782829311645,0.37714593058974666,R10EUROPE
IMAGE 3.2,SSP2021-SSP1-SPA1-19-Lifestyle-Renewables,0.3019908508637525,0.1668464632312811,0.4688373140950336,R10EUROPE
IMAGE 3.2,SSP2021-SSP1-SPA1-19-Renewables,0.25177782438968166,0.13515970127521792,0.3869375256648996,R10EUROPE
IMAGE 3.2,SSP2021-SSP1-SPA1-26-Default,0.226646641694293,0.053846079854448635,0.2804927215487416,R10EUROPE
IMAGE 3.2,SSP2021-SSP1-SPA1-26-Lifestyle,0.32043189957716217,0.0,0.32043189957716217,R10EUROPE
IMAGE 3.2,SSP2021-SSP1-SPA1-26-Lifestyle-Renewables,0.2956863698654718,0.12297986101049165,0.41866623087596344,R10EUROPE
IMAGE 3.2,SSP2021-SSP1-SPA1-26-Renewables,0.2297890832305811,0.11513557993673564,0.34492466316731674,R10EUROPE
IMAGE 3.2,SSP2021-SSP2-SPA0-26-Default,0.21549939097855283,0.08528213132323023,0.30078152230178307,R10EUROPE
IMAGE 3.2,SSP2021-SSP2-SPA2-19-Renewables,0.4626525500019922,0.2135699375142028,0.676222487516195,R10EUROPE
IMAGE 3.2,SSP2021-SSP2-SPA2-26-Default,0.20454002191044698,0.08508406314997706,0.28962408506042403,R10EUROPE
IMAGE 3.2,SSP2021-SSP2-SPA2-26-Lifestyle,0.26281536162983166,0.08226862263348042,0.3450839842633121,R10EUROPE
IMAGE 3.2,SSP2021-SSP2-SPA2-26-Lifestyle-Renewables,0.27879697766291106,0.08968305372275509,0.36848003138566615,R10EUROPE
IMAGE 3.2,SSP2021-SSP2-SPA2-26-Renewables,0.25275755180598103,0.08567193399741674,0.33842948580339777,R10EUROPE
IMAGE 3.3,NAVIGATE Demand-1.5°C-ele_u,0.40238816377863734,0.264016615086954,0.6664047788655914,R10EUROPE
IMAGE 3.3,NAVIGATE Demand-1.5°C-tec_u,0.42682727595345854,0.2977126417822528,0.7245399177357114,R10EUROPE
IMAGE 3.3,NAVIGATE Demand-2.0°C-ele_u,0.3486198276225753,0.212304660183881,0.5609244878064563,R10EUROPE
IMAGE 3.3,NAVIGATE Demand-2.0°C-ref,0.32961675192077394,0.0856362723953279,0.41525302431610184,R10EUROPE
IMAGE 3.3,NAVIGATE Demand-2.0°C-tec_u,0.34363550685994476,0.10682637935729496,0.4504618862172397,R10EUROPE
MESSAGEix-GLOBIOM 2.0-M-R12-NGFS,NGFS Phase 5-Below 2°C,0.28819412275565476,0.2589164501073547,0.5471105728630095,R10EUROPE
MESSAGEix-GLOBIOM 2.0-M-R12-NGFS,NGFS Phase 5-Delayed Transition,0.311656753251322,0.409512578901634,0.721169332152956,R10EUROPE
MESSAGEix-GLOBIOM 2.0-M-R12-NGFS,NGFS Phase 5-Low Demand,0.5505569795979576,0.2941021903764574,0.844659169974415,R10EUROPE
MESSAGEix-GLOBIOM 2.0-M-R12-NGFS,NGFS Phase 5-Nationally Determined Contributions (NDCs),0.29213016497864724,0.19847858573319951,0.49060875071184673,R10EUROPE
MESSAGEix-GLOBIOM 2.0-M-R12-NGFS,NGFS Phase 5-Net-Zero 2050,0.31097513637517166,0.32036264853582064,0.6313377849109922,R10EUROPE
POLES-JRC ENGAGE,ENGAGE-INDCi2030-1000,0.8133515523747253,0.5966139425517034,1.4099654949264289,R10EUROPE
POLES-JRC ENGAGE,ENGAGE-INDCi2030-1000-COV,0.5847809349684185,0.4596241906213365,1.044405125589755,R10EUROPE
POLES-JRC ENGAGE,ENGAGE-INDCi2030-1000-COV-NDCp,0.35763144644732364,0.4749968244005714,0.832628270847895,R10EUROPE
POLES-JRC ENGAGE,ENGAGE-INDCi2030-1000-NDCp,0.48129513266443713,0.5441553275555197,1.0254504602199568,R10EUROPE
POLES-JRC ENGAGE,ENGAGE-INDCi2030-1000f,0.5509134437609614,0.38194307838722896,0.9328565221481904,R10EUROPE
POLES-JRC ENGAGE,ENGAGE-INDCi2030-1000f-COV,0.4401629650982301,0.33774147724538306,0.7779044423436132,R10EUROPE
POLES-JRC ENGAGE,ENGAGE-INDCi2030-1000f-COV-NDCp,0.2906649331499447,0.3931854708703436,0.6838504040202883,R10EUROPE
POLES-JRC ENGAGE,ENGAGE-INDCi2030-1000f-NDCp,0.48129667251454455,0.38738475583324516,0.8686814283477897,R10EUROPE
POLES-JRC ENGAGE,ENGAGE-INDCi2030-1200,0.5082666870856327,0.3476153595790581,0.8558820466646908,R10EUROPE
POLES-JRC ENGAGE,ENGAGE-INDCi2030-1200f,0.42116693986675846,0.27816320124901533,0.6993301411157737,R10EUROPE
POLES-JRC ENGAGE,ENGAGE-INDCi2030-300f,0.9779506974874742,0.6405347209788308,1.618485418466305,R10EUROPE
POLES-JRC ENGAGE,ENGAGE-INDCi2030-400f,0.9498692363211222,0.6435721399306057,1.5934413762517279,R10EUROPE
POLES-JRC ENGAGE,ENGAGE-INDCi2030-500f,0.8931283461900136,0.6345225841884511,1.5276509303784647,R10EUROPE
POLES-JRC ENGAGE,ENGAGE-INDCi2030-600f,0.849547377237038,0.6165333010354983,1.4660806782725362,R10EUROPE
POLES-JRC ENGAGE,ENGAGE-INDCi2030-600f-COV,0.7559036426568754,0.5863900938804754,1.3422937365373508,R10EUROPE
POLES-JRC ENGAGE,ENGAGE-INDCi2030-600f-COV-NDCp,0.5020418743399153,0.6682386123637231,1.1702804867036383,R10EUROPE
POLES-JRC ENGAGE,ENGAGE-INDCi2030-600f-NDCp,0.5066081414161324,0.671541003149367,1.1781491445654995,R10EUROPE
POLES-JRC ENGAGE,ENGAGE-INDCi2030-700f,0.781262678809702,0.5721764474040186,1.3534391262137206,R10EUROPE
POLES-JRC ENGAGE,ENGAGE-INDCi2030-800f,0.7118046381530406,0.5191351409435035,1.2309397790965442,R10EUROPE
POLES-JRC ENGAGE,ENGAGE-INDCi2030-900,1.0,0.6341977963337858,1.634197796333786,R10EUROPE
POLES-JRC ENGAGE,ENGAGE-INDCi2030-900f,0.6166866862081763,0.4375810987053116,1.0542677849134878,R10EUROPE
POLES-JRC ENGAGE,ENGAGE-NPi2020-1000f,0.35047811823663816,0.257237172615058,0.6077152908516962,R10EUROPE
POLES-JRC ENGAGE,ENGAGE-NPi2020-1000f-COV,0.3173579170050278,0.26088942688986877,0.5782473438948965,R10EUROPE
POLES-JRC ENGAGE,ENGAGE-NPi2020-1200f,0.293973087625506,0.22117263332421253,0.5151457209497186,R10EUROPE
POLES-JRC ENGAGE,ENGAGE-NPi2020-900f,0.3868896647967134,0.299826084449141,0.6867157492458544,R10EUROPE
REMIND-MAgPIE 2.1-4.2,NGFS Phase 2-Delayed Transition,0.6867602936486115,0.9318525668687969,1.6186128605174084,R10EUROPE
REMIND-MAgPIE 3.2.0-4.8.0,RESCUE-End-of-Century-Budget-1150,0.24738332929094503,0.16875252398094612,0.4161358532718912,R10EUROPE
REMIND-MAgPIE 3.2.0-4.8.0,RESCUE-End-of-Century-Budget-1150-with-OAE,0.2435923237107081,0.16779320365305828,0.4113855273637664,R10EUROPE
REMIND-MAgPIE 3.2.0-4.8.0,RESCUE-End-of-Century-Budget-500,0.33739867053419365,0.29355152337605844,0.6309501939102521,R10EUROPE
REMIND-MAgPIE 3.2.0-4.8.0,RESCUE-End-of-Century-Budget-500-with-OAE,0.3275254510757844,0.2953384627324299,0.6228639138082144,R10EUROPE
REMIND-MAgPIE 3.2.0-4.8.0,RESCUE-Peak-Budget-1150,0.34224614087702143,0.3104308401201493,0.6526769809971708,R10EUROPE
REMIND-MAgPIE 3.2.0-4.8.0,RESCUE-Peak-Budget-1150-with-OAE,0.34512242098839346,0.3130502047817965,0.65817262577019,R10EUROPE
REMIND-MAgPIE 3.3-4.8,NGFS Phase 5-Below 2°C,0.41531770597717094,0.3563168072530965,0.7716345132302674,R10EUROPE
REMIND-MAgPIE 3.3-4.8,NGFS Phase 5-Delayed Transition,0.7534574083413413,0.8342828129603808,1.587740221301722,R10EUROPE
REMIND-MAgPIE 3.3-4.8,NGFS Phase 5-Low Demand,0.7176177944754298,0.8458723486253014,1.563490143100731,R10EUROPE
REMIND-MAgPIE 3.3-4.8,NGFS Phase 5-Net-Zero 2050,0.5378406790705872,0.9692109868308596,1.5070516659014468,R10EUROPE
WITCH 5.0,ENGAGE-INDCi2030-1000,0.011745011565337044,0.6095601939239016,0.6213052054892386,R10EUROPE
WITCH 5.0,ENGAGE-INDCi2030-1000-NDCp,0.0,0.6059987568860696,0.6059987568860696,R10EUROPE
WITCH 5.0,ENGAGE-INDCi2030-1000f,0.011745011565337044,0.5305926279324861,0.5423376394978231,R10EUROPE
WITCH 5.0,ENGAGE-INDCi2030-1000f-NDCp,0.0,0.514293925224889,0.514293925224889,R10EUROPE
WITCH 5.0,ENGAGE-INDCi2030-1200,0.011745011565337044,0.4814971535641092,0.49324216512944624,R10EUROPE
WITCH 5.0,ENGAGE-INDCi2030-1200-NDCp,0.0,0.4751687062761381,0.4751687062761381,R10EUROPE
WITCH 5.0,ENGAGE-INDCi2030-1200f,0.011745011565337044,0.44494812392392663,0.45669313548926366,R10EUROPE
WITCH 5.0,ENGAGE-INDCi2030-1200f-NDCp,0.0,0.4291331093387,0.4291331093387,R10EUROPE
WITCH 5.0,ENGAGE-INDCi2030-1400,0.011745011565337044,0.37064358315047513,0.38238859471581216,R10EUROPE
WITCH 5.0,ENGAGE-INDCi2030-1400-NDCp,0.0,0.34466728081324877,0.34466728081324877,R10EUROPE
WITCH 5.0,ENGAGE-INDCi2030-1400f,0.011745011565337044,0.349340283404517,0.36108529496985403,R10EUROPE
WITCH 5.0,ENGAGE-INDCi2030-1400f-NDCp,0.0,0.34611757143432614,0.34611757143432614,R10EUROPE
WITCH 5.0,ENGAGE-INDCi2030-1600-NDCp,0.0,0.26047769341486543,0.26047769341486543,R10EUROPE
WITCH 5.0,ENGAGE-INDCi2030-500f,0.16699526021858216,1.0,1.1669952602185822,R10EUROPE
WITCH 5.0,ENGAGE-INDCi2030-600f,0.1049103832503139,0.8304250373660493,0.9353354206163632,R10EUROPE
WITCH 5.0,ENGAGE-INDCi2030-600f-NDCp,0.06335834149698664,0.786837318280786,0.8501956597777726,R10EUROPE
WITCH 5.0,ENGAGE-INDCi2030-700f,0.03839251300384941,0.703009179548566,0.7414016925524154,R10EUROPE
WITCH 5.0,ENGAGE-INDCi2030-700f-NDCp,0.030872025146807265,0.7266987956089229,0.7575708207557302,R10EUROPE
WITCH 5.0,ENGAGE-INDCi2030-800,0.12542275090741986,0.9002417251751546,1.0256644760825744,R10EUROPE
WITCH 5.0,ENGAGE-INDCi2030-800-NDCp,0.0979814424428019,0.8673058103720341,0.9652872528148361,R10EUROPE
WITCH 5.0,ENGAGE-INDCi2030-800f,0.018931140882882738,0.6633709192438381,0.6823020601267208,R10EUROPE
WITCH 5.0,ENGAGE-INDCi2030-800f-NDCp,0.0,0.6564839599060469,0.6564839599060469,R10EUROPE
WITCH 5.0,ENGAGE-INDCi2030-900,0.05426547457920257,0.7267029005534632,0.7809683751326658,R10EUROPE
WITCH 5.0,ENGAGE-INDCi2030-900-NDCp,0.03236873350900397,0.7254074177681111,0.7577761512771151,R10EUROPE
WITCH 5.0,ENGAGE-INDCi2030-900f,0.011745011565337044,0.5881342338758591,0.5998792454411961,R10EUROPE
WITCH 5.0,ENGAGE-INDCi2030-900f-NDCp,0.0,0.5706066546993542,0.5706066546993542,R10EUROPE
IMAGE 3.0,ENGAGE-INDCi2030-1000,0.6725779147994954,0.2165732004694871,0.8891511152689825,R10REST_ASIA
IMAGE 3.0,ENGAGE-INDCi2030-1000f,0.27023231134206627,0.3313050483439575,0.6015373596860238,R10REST_ASIA
IMAGE 3.0,ENGAGE-INDCi2030-1200,0.44947526156716217,0.0,0.44947526156716217,R10REST_ASIA
IMAGE 3.0,ENGAGE-INDCi2030-1200f,0.1590822122703642,0.13958293207815925,0.2986651443485234,R10REST_ASIA
IMAGE 3.0,ENGAGE-INDCi2030-1400f,0.053999328784564704,0.2589479674517736,0.3129472962363383,R10REST_ASIA
IMAGE 3.0,ENGAGE-INDCi2030-800f,0.6714755975170958,0.29909918654455947,0.9705747840616553,R10REST_ASIA
IMAGE 3.0,ENGAGE-NPi2020-1000,0.4927972236381514,0.05141419045182973,0.5442114140899812,R10REST_ASIA
IMAGE 3.0,ENGAGE-NPi2020-1200,0.19092538694623726,0.051144688315557636,0.2420700752617949,R10REST_ASIA
IMAGE 3.0,ENGAGE-NPi2020-1400,0.04061372048979413,0.09812019420735492,0.13873391469714905,R10REST_ASIA
IMAGE 3.0,ENGAGE-NPi2020-1400f,0.015385770172102365,0.18949531283156865,0.204881083003671,R10REST_ASIA
IMAGE 3.2,SSP2021-SSP1-SPA1-19-Default,0.0,0.47894664845258905,0.47894664845258905,R10REST_ASIA
IMAGE 3.2,SSP2021-SSP1-SPA1-19-Lifestyle-Renewables,0.048266734931689294,0.4124530110498202,0.4607197459815095,R10REST_ASIA
IMAGE 3.2,SSP2021-SSP1-SPA1-19-Renewables,0.0,0.5811629635196889,0.5811629635196889,R10REST_ASIA
IMAGE 3.2,SSP2021-SSP1-SPA1-26-Default,0.06155003626217541,0.32341740403691377,0.3849674402990892,R10REST_ASIA
IMAGE 3.2,SSP2021-SSP1-SPA1-26-Lifestyle,0.06748623133763279,0.30210088310233557,0.3695871144399684,R10REST_ASIA
IMAGE 3.2,SSP2021-SSP1-SPA1-26-Lifestyle-Renewables,0.0,0.4222419317725376,0.4222419317725376,R10REST_ASIA
IMAGE 3.2,SSP2021-SSP1-SPA1-26-Renewables,0.07802484151418085,0.5791966185100547,0.6572214600242355,R10REST_ASIA
IMAGE 3.2,SSP2021-SSP2-SPA0-26-Default,0.0,0.18360471379680102,0.18360471379680102,R10REST_ASIA
IMAGE 3.2,SSP2021-SSP2-SPA2-19-Renewables,0.1866933574815822,0.4007534416155654,0.5874467990971476,R10REST_ASIA
IMAGE 3.2,SSP2021-SSP2-SPA2-26-Default,0.0,0.16530830752861966,0.16530830752861966,R10REST_ASIA
IMAGE 3.2,SSP2021-SSP2-SPA2-26-Lifestyle,0.0,0.1606016495152945,0.1606016495152945,R10REST_ASIA
IMAGE 3.2,SSP2021-SSP2-SPA2-26-Lifestyle-Renewables,0.028631728903863427,0.41488485051529417,0.4435165794191576,R10REST_ASIA
IMAGE 3.2,SSP2021-SSP2-SPA2-26-Renewables,0.0,0.3597943103229957,0.3597943103229957,R10REST_ASIA
IMAGE 3.3,NAVIGATE Demand-1.5°C-ele_u,0.1920107705853743,0.37662237371959656,0.5686331443049708,R10REST_ASIA
IMAGE 3.3,NAVIGATE Demand-1.5°C-tec_u,0.1777984404519245,0.2703969829226306,0.4481954233745551,R10REST_ASIA
IMAGE 3.3,NAVIGATE Demand-2.0°C-ele_u,0.0928876779677854,0.317874995384419,0.4107626733522044,R10REST_ASIA
IMAGE 3.3,NAVIGATE Demand-2.0°C-ref,0.0,0.1321356237225565,0.1321356237225565,R10REST_ASIA
IMAGE 3.3,NAVIGATE Demand-2.0°C-tec_u,0.06286832770836849,0.07468519119585665,0.13755351890422512,R10REST_ASIA
MESSAGEix-GLOBIOM 2.0-M-R12-NGFS,NGFS Phase 5-Below 2°C,0.4991001829014991,0.3979274759395695,0.8970276588410686,R10REST_ASIA
MESSAGEix-GLOBIOM 2.0-M-R12-NGFS,NGFS Phase 5-Delayed Transition,0.5404368229167308,0.41535676636316493,0.9557935892798957,R10REST_ASIA
MESSAGEix-GLOBIOM 2.0-M-R12-NGFS,NGFS Phase 5-Low Demand,0.4875528273021141,0.20203148778793426,0.6895843150900484,R10REST_ASIA
MESSAGEix-GLOBIOM 2.0-M-R12-NGFS,NGFS Phase 5-Nationally Determined Contributions (NDCs),0.5158082767687885,0.37416193725824515,0.8899702140270336,R10REST_ASIA
MESSAGEix-GLOBIOM 2.0-M-R12-NGFS,NGFS Phase 5-Net-Zero 2050,0.4520708191218276,0.2299131737812483,0.6819839929030759,R10REST_ASIA
POLES-JRC ENGAGE,ENGAGE-INDCi2030-1000,0.7689330607445657,0.3813510124058965,1.1502840731504622,R10REST_ASIA
POLES-JRC ENGAGE,ENGAGE-INDCi2030-1000-COV,0.5690420554444133,0.3595518786891394,0.9285939341335527,R10REST_ASIA
POLES-JRC ENGAGE,ENGAGE-INDCi2030-1000-COV-NDCp,0.5558241893888407,0.3616485261418772,0.9174727155307179,R10REST_ASIA
POLES-JRC ENGAGE,ENGAGE-INDCi2030-1000-NDCp,0.7273311208533366,0.4895602715343671,1.2168913923877036,R10REST_ASIA
POLES-JRC ENGAGE,ENGAGE-INDCi2030-1000f,0.4856192479084403,0.34402510036411915,0.8296443482725595,R10REST_ASIA
POLES-JRC ENGAGE,ENGAGE-INDCi2030-1000f-COV,0.4062520414814319,0.3027360398859127,0.7089880813673446,R10REST_ASIA
POLES-JRC ENGAGE,ENGAGE-INDCi2030-1000f-COV-NDCp,0.3709273264894387,0.2918083707903459,0.6627356972797847,R10REST_ASIA
POLES-JRC ENGAGE,ENGAGE-INDCi2030-1000f-NDCp,0.49259322127743754,0.4523935471818328,0.9449867684592703,R10REST_ASIA
POLES-JRC ENGAGE,ENGAGE-INDCi2030-1200,0.4343448224899995,0.32889391555875636,0.7632387380487559,R10REST_ASIA
POLES-JRC ENGAGE,ENGAGE-INDCi2030-1200f,0.32247230343139155,0.2916932062962723,0.6141655097276639,R10REST_ASIA
POLES-JRC ENGAGE,ENGAGE-INDCi2030-300f,0.9673400848883584,0.40212244937227165,1.3694625342606301,R10REST_ASIA
POLES-JRC ENGAGE,ENGAGE-INDCi2030-400f,0.9273275333385991,0.40002759601986393,1.327355129358463,R10REST_ASIA
POLES-JRC ENGAGE,ENGAGE-INDCi2030-500f,0.856979658951527,0.3891693277770572,1.2461489867285842,R10REST_ASIA
POLES-JRC ENGAGE,ENGAGE-INDCi2030-600f,0.8076685292207857,0.3867221360139084,1.194390665234694,R10REST_ASIA
POLES-JRC ENGAGE,ENGAGE-INDCi2030-600f-COV,0.7390646907206005,0.4291407956882215,1.168205486408822,R10REST_ASIA
POLES-JRC ENGAGE,ENGAGE-INDCi2030-600f-COV-NDCp,0.7281210100345702,0.4325918457308036,1.1607128557653739,R10REST_ASIA
POLES-JRC ENGAGE,ENGAGE-INDCi2030-600f-NDCp,0.8437131565671632,0.4996513958885549,1.343364552455718,R10REST_ASIA
POLES-JRC ENGAGE,ENGAGE-INDCi2030-700f,0.7338011493692651,0.3805214831789926,1.1143226325482578,R10REST_ASIA
POLES-JRC ENGAGE,ENGAGE-INDCi2030-800f,0.6610174501939295,0.373763656850796,1.0347811070447255,R10REST_ASIA
POLES-JRC ENGAGE,ENGAGE-INDCi2030-900,1.0,0.46389113792243797,1.463891137922438,R10REST_ASIA
POLES-JRC ENGAGE,ENGAGE-INDCi2030-900f,0.5612954106134672,0.3623977274164415,0.9236931380299087,R10REST_ASIA
POLES-JRC ENGAGE,ENGAGE-NPi2020-1000f,0.17137175009383868,0.3037041419219157,0.4750758920157544,R10REST_ASIA
POLES-JRC ENGAGE,ENGAGE-NPi2020-1000f-COV,0.19277357268241066,0.26188799271489666,0.4546615653973073,R10REST_ASIA
POLES-JRC ENGAGE,ENGAGE-NPi2020-1200f,0.1285070794154486,0.25302399062675013,0.3815310700421987,R10REST_ASIA
POLES-JRC ENGAGE,ENGAGE-NPi2020-900f,0.2209192486261058,0.33683568234353317,0.557754930969639,R10REST_ASIA
REMIND-MAgPIE 2.1-4.2,NGFS Phase 2-Delayed Transition,0.6660740657492934,1.0,1.6660740657492934,R10REST_ASIA
REMIND-MAgPIE 3.2.0-4.8.0,RESCUE-End-of-Century-Budget-1150,6.231711142757228e-05,0.32414505218465445,0.324207369296082,R10REST_ASIA
REMIND-MAgPIE 3.2.0-4.8.0,RESCUE-End-of-Century-Budget-1150-with-OAE,0.0,0.32576626112422913,0.32576626112422913,R10REST_ASIA
REMIND-MAgPIE 3.2.0-4.8.0,RESCUE-End-of-Century-Budget-500,0.20825744226118864,0.5465640821092166,0.7548215243704053,R10REST_ASIA
REMIND-MAgPIE 3.2.0-4.8.0,RESCUE-End-of-Century-Budget-500-with-OAE,0.183902315146938,0.5558210141230566,0.7397233292699946,R10REST_ASIA
REMIND-MAgPIE 3.2.0-4.8.0,RESCUE-Peak-Budget-1150,0.03224019110770321,0.34167257125793876,0.37391276236564197,R10REST_ASIA
REMIND-MAgPIE 3.2.0-4.8.0,RESCUE-Peak-Budget-1150-with-OAE,0.04097760365824368,0.34973113851818144,0.39070874217642515,R10REST_ASIA
REMIND-MAgPIE 3.3-4.8,NGFS Phase 5-Below 2°C,0.02032986853121516,0.38230830358584844,0.4026381721170636,R10REST_ASIA
REMIND-MAgPIE 3.3-4.8,NGFS Phase 5-Delayed Transition,0.10707116815205413,0.48882097730248414,0.5958921454545383,R10REST_ASIA
REMIND-MAgPIE 3.3-4.8,NGFS Phase 5-Low Demand,0.41977050316102016,0.8278900462291665,1.2476605493901867,R10REST_ASIA
REMIND-MAgPIE 3.3-4.8,NGFS Phase 5-Net-Zero 2050,0.2709451156206379,0.7956402482149857,1.0665853638356235,R10REST_ASIA
WITCH 5.0,ENGAGE-INDCi2030-1000,0.5427603837905962,0.4162273830670029,0.9589877668575991,R10REST_ASIA
WITCH 5.0,ENGAGE-INDCi2030-1000-NDCp,0.5348181234900234,0.40529992350912897,0.9401180469991524,R10REST_ASIA
WITCH 5.0,ENGAGE-INDCi2030-1000f,0.488909056951413,0.47089119586892064,0.9598002528203337,R10REST_ASIA
WITCH 5.0,ENGAGE-INDCi2030-1000f-NDCp,0.46977975371675806,0.47182200539125074,0.9416017591080088,R10REST_ASIA
WITCH 5.0,ENGAGE-INDCi2030-1200,0.4186985466781828,0.5054433865923107,0.9241419332704934,R10REST_ASIA
WITCH 5.0,ENGAGE-INDCi2030-1200-NDCp,0.41092176204325326,0.4835211433792154,0.8944429054224687,R10REST_ASIA
WITCH 5.0,ENGAGE-INDCi2030-1200f,0.36351918530096117,0.4649029630917939,0.8284221483927551,R10REST_ASIA
WITCH 5.0,ENGAGE-INDCi2030-1200f-NDCp,0.3174647220835233,0.40528994151706,0.7227546636005833,R10REST_ASIA
WITCH 5.0,ENGAGE-INDCi2030-1400,0.2684935854711914,0.32153821999405835,0.5900318054652498,R10REST_ASIA
WITCH 5.0,ENGAGE-INDCi2030-1400-NDCp,0.2571382962503332,0.28412609244837767,0.5412643886987109,R10REST_ASIA
WITCH 5.0,ENGAGE-INDCi2030-1400f,0.26103667844308387,0.3164076338102982,0.5774443122533821,R10REST_ASIA
WITCH 5.0,ENGAGE-INDCi2030-1400f-NDCp,0.24652240861102748,0.28123288143238234,0.5277552900434098,R10REST_ASIA
WITCH 5.0,ENGAGE-INDCi2030-1600-NDCp,0.16794874637252083,0.25112809925228746,0.4190768456248083,R10REST_ASIA
WITCH 5.0,ENGAGE-INDCi2030-500f,0.6993199510640749,0.6475036599192251,1.3468236109833,R10REST_ASIA
WITCH 5.0,ENGAGE-INDCi2030-600f,0.6502061389734505,0.593586742785472,1.2437928817589223,R10REST_ASIA
WITCH 5.0,ENGAGE-INDCi2030-600f-NDCp,0.643569586578798,0.5801173544904067,1.2236869410692046,R10REST_ASIA
WITCH 5.0,ENGAGE-INDCi2030-700f,0.6363023256096887,0.5280840440159585,1.1643863696256473,R10REST_ASIA
WITCH 5.0,ENGAGE-INDCi2030-700f-NDCp,0.6095012516725109,0.4403234203844844,1.0498246720569953,R10REST_ASIA
WITCH 5.0,ENGAGE-INDCi2030-800,0.6898379194554428,0.6066008675149154,1.2964387869703582,R10REST_ASIA
WITCH 5.0,ENGAGE-INDCi2030-800-NDCp,0.6747691916527898,0.6253471833665102,1.3001163750193,R10REST_ASIA
WITCH 5.0,ENGAGE-INDCi2030-800f,0.5658014158288804,0.47360511009846085,1.0394065259273413,R10REST_ASIA
WITCH 5.0,ENGAGE-INDCi2030-800f-NDCp,0.5544997761868851,0.46054099169523444,1.0150407678821196,R10REST_ASIA
WITCH 5.0,ENGAGE-INDCi2030-900,0.6326339289937285,0.5435282885936352,1.1761622175873638,R10REST_ASIA
WITCH 5.0,ENGAGE-INDCi2030-900-NDCp,0.6081348831672913,0.4421706331592419,1.0503055163265331,R10REST_ASIA
WITCH 5.0,ENGAGE-INDCi2030-900f,0.5283211520590223,0.4340083999454025,0.9623295520044248,R10REST_ASIA
WITCH 5.0,ENGAGE-INDCi2030-900f-NDCp,0.5105589253283974,0.4053413079168029,0.9159002332452003,R10REST_ASIA
IMAGE 3.0,ENGAGE-INDCi2030-1000,0.2511581411292816,0.22790851222792033,0.4790666533572019,R10PAC_OECD
IMAGE 3.0,ENGAGE-INDCi2030-1000f,0.25112064415618973,0.29494173455485256,0.5460623787110424,R10PAC_OECD
IMAGE 3.0,ENGAGE-INDCi2030-1200,0.2511581411292816,0.08165595314596184,0.33281409427524344,R10PAC_OECD
IMAGE 3.0,ENGAGE-INDCi2030-1200f,0.25112064415618973,0.04038272968190355,0.29150337383809327,R10PAC_OECD
IMAGE 3.0,ENGAGE-INDCi2030-1400f,0.25112064415618973,0.08618041111215467,0.3373010552683444,R10PAC_OECD
IMAGE 3.0,ENGAGE-INDCi2030-800f,0.25112064415618973,0.2898008002282668,0.5409214443844566,R10PAC_OECD
IMAGE 3.0,ENGAGE-NPi2020-1000,0.30072966407817636,0.14723617578357143,0.44796583986174776,R10PAC_OECD
IMAGE 3.0,ENGAGE-NPi2020-1200,0.15295441533106996,0.048873757166782945,0.2018281724978529,R10PAC_OECD
IMAGE 3.0,ENGAGE-NPi2020-1400,0.09645913280070728,0.02155927092523162,0.1180184037259389,R10PAC_OECD
IMAGE 3.0,ENGAGE-NPi2020-1400f,0.0787445870228413,0.10184771509621014,0.18059230211905145,R10PAC_OECD
IMAGE 3.2,SSP2021-SSP1-SPA1-19-Default,0.0869617844290935,0.053121576858978836,0.14008336128807233,R10PAC_OECD
IMAGE 3.2,SSP2021-SSP1-SPA1-19-Lifestyle-Renewables,0.16896289035895276,0.18986888505359095,0.35883177541254374,R10PAC_OECD
IMAGE 3.2,SSP2021-SSP1-SPA1-19-Renewables,0.10336678914097151,0.11447868767052885,0.21784547681150035,R10PAC_OECD
IMAGE 3.2,SSP2021-SSP1-SPA1-26-Default,0.07743412531104625,0.028830757843886667,0.10626488315493292,R10PAC_OECD
IMAGE 3.2,SSP2021-SSP1-SPA1-26-Lifestyle,0.12727020433903713,0.05880316093480011,0.18607336527383725,R10PAC_OECD
IMAGE 3.2,SSP2021-SSP1-SPA1-26-Lifestyle-Renewables,0.1749394159991748,0.14466700521180592,0.3196064212109807,R10PAC_OECD
IMAGE 3.2,SSP2021-SSP1-SPA1-26-Renewables,0.08749624692447254,0.09731511993803163,0.18481136686250416,R10PAC_OECD
IMAGE 3.2,SSP2021-SSP2-SPA0-26-Default,0.13799100055467928,0.0,0.13799100055467928,R10PAC_OECD
IMAGE 3.2,SSP2021-SSP2-SPA2-19-Renewables,0.24830914977028876,0.2138185897306598,0.46212773950094854,R10PAC_OECD
IMAGE 3.2,SSP2021-SSP2-SPA2-26-Default,0.07079340163603884,0.02459182822162818,0.09538522985766702,R10PAC_OECD
IMAGE 3.2,SSP2021-SSP2-SPA2-26-Lifestyle,0.1534522152183334,0.04729540666729532,0.20074762188562872,R10PAC_OECD
IMAGE 3.2,SSP2021-SSP2-SPA2-26-Lifestyle-Renewables,0.17085159486201068,0.1270132934242504,0.2978648882862611,R10PAC_OECD
IMAGE 3.2,SSP2021-SSP2-SPA2-26-Renewables,0.12589144295524873,0.15415598613289483,0.28004742908814356,R10PAC_OECD
IMAGE 3.3,NAVIGATE Demand-1.5°C-ele_u,0.2409308330852474,0.10396970144835126,0.34490053453359865,R10PAC_OECD
IMAGE 3.3,NAVIGATE Demand-1.5°C-tec_u,0.24758874701158928,0.11306119960399451,0.3606499466155838,R10PAC_OECD
IMAGE 3.3,NAVIGATE Demand-2.0°C-ele_u,0.2001594058270015,0.0712940151470906,0.2714534209740921,R10PAC_OECD
IMAGE 3.3,NAVIGATE Demand-2.0°C-ref,0.14124848416337143,0.0066372943382721995,0.14788577850164364,R10PAC_OECD
IMAGE 3.3,NAVIGATE Demand-2.0°C-tec_u,0.17657448001578932,0.017654708968363318,0.19422918898415265,R10PAC_OECD
MESSAGEix-GLOBIOM 2.0-M-R12-NGFS,NGFS Phase 5-Below 2°C,0.20799266049306803,0.2634102220698269,0.4714028825628949,R10PAC_OECD
MESSAGEix-GLOBIOM 2.0-M-R12-NGFS,NGFS Phase 5-Delayed Transition,0.2869073849360952,0.24039305592798196,0.5273004408640771,R10PAC_OECD
MESSAGEix-GLOBIOM 2.0-M-R12-NGFS,NGFS Phase 5-Low Demand,0.5433528557827392,0.2116321910592922,0.7549850468420314,R10PAC_OECD
MESSAGEix-GLOBIOM 2.0-M-R12-NGFS,NGFS Phase 5-Nationally Determined Contributions (NDCs),0.14629242748071924,0.12292342764827231,0.26921585512899154,R10PAC_OECD
MESSAGEix-GLOBIOM 2.0-M-R12-NGFS,NGFS Phase 5-Net-Zero 2050,0.36900330596609043,0.2981872030204743,0.6671905089865647,R10PAC_OECD
POLES-JRC ENGAGE,ENGAGE-INDCi2030-1000,0.8150732754806365,0.20592806626972268,1.0210013417503592,R10PAC_OECD
POLES-JRC ENGAGE,ENGAGE-INDCi2030-1000-COV,0.6505355900763895,0.1759365255215835,0.8264721155979731,R10PAC_OECD
POLES-JRC ENGAGE,ENGAGE-INDCi2030-1000-COV-NDCp,0.5957295372851681,0.17577644181030933,0.7715059790954775,R10PAC_OECD
POLES-JRC ENGAGE,ENGAGE-INDCi2030-1000-NDCp,0.7230663733369558,0.18142218900781915,0.9044885623447749,R10PAC_OECD
POLES-JRC ENGAGE,ENGAGE-INDCi2030-1000f,0.548184918274161,0.15329295450878902,0.70147787278295,R10PAC_OECD
POLES-JRC ENGAGE,ENGAGE-INDCi2030-1000f-COV,0.48389472842218867,0.14418843028850384,0.6280831587106925,R10PAC_OECD
POLES-JRC ENGAGE,ENGAGE-INDCi2030-1000f-COV-NDCp,0.4128497005712732,0.1354235154885237,0.5482732160597968,R10PAC_OECD
POLES-JRC ENGAGE,ENGAGE-INDCi2030-1000f-NDCp,0.4947480396157286,0.13000903888665688,0.6247570785023855,R10PAC_OECD
POLES-JRC ENGAGE,ENGAGE-INDCi2030-1200,0.5002948889662309,0.14578332003789865,0.6460782090041295,R10PAC_OECD
POLES-JRC ENGAGE,ENGAGE-INDCi2030-1200f,0.40000196397922694,0.12356270968531882,0.5235646736645457,R10PAC_OECD
POLES-JRC ENGAGE,ENGAGE-INDCi2030-300f,0.9738911248597272,0.1984816954821939,1.172372820341921,R10PAC_OECD
POLES-JRC ENGAGE,ENGAGE-INDCi2030-400f,0.9457456503356603,0.20274645499761962,1.14849210533328,R10PAC_OECD
POLES-JRC ENGAGE,ENGAGE-INDCi2030-500f,0.890729210158478,0.20636256738619907,1.097091777544677,R10PAC_OECD
POLES-JRC ENGAGE,ENGAGE-INDCi2030-600f,0.8486529150616821,0.20527129993698967,1.0539242149986716,R10PAC_OECD
POLES-JRC ENGAGE,ENGAGE-INDCi2030-600f-COV,0.8190924286808815,0.20005642655040312,1.0191488552312846,R10PAC_OECD
POLES-JRC ENGAGE,ENGAGE-INDCi2030-600f-COV-NDCp,0.7656743465983709,0.20281660076532218,0.968490947363693,R10PAC_OECD
POLES-JRC ENGAGE,ENGAGE-INDCi2030-600f-NDCp,0.835112657182358,0.19361044752448253,1.0287231047068406,R10PAC_OECD
POLES-JRC ENGAGE,ENGAGE-INDCi2030-700f,0.7825861624482991,0.19701064544965327,0.9795968078979524,R10PAC_OECD
POLES-JRC ENGAGE,ENGAGE-INDCi2030-800f,0.7151611848782987,0.1873861218025028,0.9025473066808015,R10PAC_OECD
POLES-JRC ENGAGE,ENGAGE-INDCi2030-900,1.0,0.2042635021403466,1.2042635021403467,R10PAC_OECD
POLES-JRC ENGAGE,ENGAGE-INDCi2030-900f,0.6190804231436476,0.1671179308968647,0.7861983540405123,R10PAC_OECD
POLES-JRC ENGAGE,ENGAGE-NPi2020-1000f,0.28034031745639854,0.09125156213166212,0.37159187958806067,R10PAC_OECD
POLES-JRC ENGAGE,ENGAGE-NPi2020-1000f-COV,0.2978555724977015,0.09713907789062255,0.39499465038832404,R10PAC_OECD
POLES-JRC ENGAGE,ENGAGE-NPi2020-1200f,0.25437545003592127,0.07992624244439019,0.33430169248031144,R10PAC_OECD
POLES-JRC ENGAGE,ENGAGE-NPi2020-900f,0.3134104507801466,0.1046115907430341,0.41802204152318073,R10PAC_OECD
REMIND-MAgPIE 2.1-4.2,NGFS Phase 2-Delayed Transition,0.7658752916919553,0.6910329020605513,1.4569081937525068,R10PAC_OECD
REMIND-MAgPIE 3.2.0-4.8.0,RESCUE-End-of-Century-Budget-1150,0.3051723346092653,0.1030915732171738,0.40826390782643907,R10PAC_OECD
REMIND-MAgPIE 3.2.0-4.8.0,RESCUE-End-of-Century-Budget-1150-with-OAE,0.304682661165711,0.10696104928567315,0.41164371045138415,R10PAC_OECD
REMIND-MAgPIE 3.2.0-4.8.0,RESCUE-End-of-Century-Budget-500,0.5061898659278583,0.24071054352448332,0.7469004094523416,R10PAC_OECD
REMIND-MAgPIE 3.2.0-4.8.0,RESCUE-End-of-Century-Budget-500-with-OAE,0.4867447857405931,0.23544911206722735,0.7221938978078204,R10PAC_OECD
REMIND-MAgPIE 3.2.0-4.8.0,RESCUE-Peak-Budget-1150,0.3336766333687268,0.12264900632778725,0.4563256396965141,R10PAC_OECD
REMIND-MAgPIE 3.2.0-4.8.0,RESCUE-Peak-Budget-1150-with-OAE,0.333651948095688,0.12241655245668445,0.45606850055237247,R10PAC_OECD
REMIND-MAgPIE 3.3-4.8,NGFS Phase 5-Below 2°C,0.3324978765300718,0.16892247159346366,0.5014203481235354,R10PAC_OECD
REMIND-MAgPIE 3.3-4.8,NGFS Phase 5-Delayed Transition,0.7741538470180381,0.46085229472284456,1.2350061417408826,R10PAC_OECD
REMIND-MAgPIE 3.3-4.8,NGFS Phase 5-Low Demand,0.6462654546215008,0.5540018123828634,1.2002672670043641,R10PAC_OECD
REMIND-MAgPIE 3.3-4.8,NGFS Phase 5-Net-Zero 2050,0.4979365944930967,0.7471193478162503,1.245055942309347,R10PAC_OECD
WITCH 5.0,ENGAGE-INDCi2030-1000,0.20478402466991244,0.44872991607129914,0.6535139407412116,R10PAC_OECD
WITCH 5.0,ENGAGE-INDCi2030-1000-NDCp,0.13948915376302196,0.2624146119143229,0.40190376567734487,R10PAC_OECD
WITCH 5.0,ENGAGE-INDCi2030-1000f,0.1398287549184985,0.373477408406891,0.5133061633253895,R10PAC_OECD
WITCH 5.0,ENGAGE-INDCi2030-1000f-NDCp,0.16840531773853934,0.41498274880065367,0.5833880665391931,R10PAC_OECD
WITCH 5.0,ENGAGE-INDCi2030-1200,0.0708896787328605,0.25476251485301765,0.32565219358587816,R10PAC_OECD
WITCH 5.0,ENGAGE-INDCi2030-1200-NDCp,0.05686358345346988,0.23637784364370026,0.29324142709717016,R10PAC_OECD
WITCH 5.0,ENGAGE-INDCi2030-1200f,0.11515551718463539,0.4048934869161147,0.5200490041007501,R10PAC_OECD
WITCH 5.0,ENGAGE-INDCi2030-1200f-NDCp,0.11731053948979005,0.40838063954935894,0.525691179039149,R10PAC_OECD
WITCH 5.0,ENGAGE-INDCi2030-1400,0.0,0.1916416989041972,0.1916416989041972,R10PAC_OECD
WITCH 5.0,ENGAGE-INDCi2030-1400-NDCp,0.05686358345346988,0.17134781678976865,0.22821140024323855,R10PAC_OECD
WITCH 5.0,ENGAGE-INDCi2030-1400f,0.19525430406824912,0.4990930783735204,0.6943473824417695,R10PAC_OECD
WITCH 5.0,ENGAGE-INDCi2030-1400f-NDCp,0.141479227917198,0.420263084342208,0.561742312259406,R10PAC_OECD
WITCH 5.0,ENGAGE-INDCi2030-1600-NDCp,0.05686358345346988,0.16291680244065715,0.21978038589412702,R10PAC_OECD
WITCH 5.0,ENGAGE-INDCi2030-500f,0.6288321531493457,1.0,1.6288321531493457,R10PAC_OECD
WITCH 5.0,ENGAGE-INDCi2030-600f,0.5020914810343067,0.6914959118689401,1.1935873929032468,R10PAC_OECD
WITCH 5.0,ENGAGE-INDCi2030-600f-NDCp,0.37197984463445577,0.6462684238256369,1.0182482684600926,R10PAC_OECD
WITCH 5.0,ENGAGE-INDCi2030-700f,0.38292837355104115,0.6470291897286068,1.0299575632796478,R10PAC_OECD
WITCH 5.0,ENGAGE-INDCi2030-700f-NDCp,0.26845445410913776,0.6581281187456597,0.9265825728547974,R10PAC_OECD
WITCH 5.0,ENGAGE-INDCi2030-800,0.5243328111382308,0.5242360109963484,1.0485688221345792,R10PAC_OECD
WITCH 5.0,ENGAGE-INDCi2030-800-NDCp,0.4265649009622455,0.4922540409331298,0.9188189418953753,R10PAC_OECD
WITCH 5.0,ENGAGE-INDCi2030-800f,0.2751720985995367,0.6251106633121513,0.900282761911688,R10PAC_OECD
WITCH 5.0,ENGAGE-INDCi2030-800f-NDCp,0.16581617781348776,0.5535516378112665,0.7193678156247543,R10PAC_OECD
WITCH 5.0,ENGAGE-INDCi2030-900,0.3447496854536353,0.36984763204637483,0.7145973175000102,R10PAC_OECD
WITCH 5.0,ENGAGE-INDCi2030-900-NDCp,0.24671651731241026,0.6122689298299423,0.8589854471423526,R10PAC_OECD
WITCH 5.0,ENGAGE-INDCi2030-900f,0.2048469777631808,0.4404278930811157,0.6452748708442965,R10PAC_OECD
WITCH 5.0,ENGAGE-INDCi2030-900f-NDCp,0.21265601036788168,0.4409902085784842,0.6536462189463659,R10PAC_OECD
IMAGE 3.0,ENGAGE-INDCi2030-1000,0.6971795737337276,0.16026595163626214,0.8574455253699897,R10REF_ECON
IMAGE 3.0,ENGAGE-INDCi2030-1000f,0.48700857667975367,0.2948041829208073,0.781812759600561,R10REF_ECON
IMAGE 3.0,ENGAGE-INDCi2030-1200,0.5830770657718185,0.07863056636246074,0.6617076321342792,R10REF_ECON
IMAGE 3.0,ENGAGE-INDCi2030-1200f,0.4195673933512565,0.23790645818959952,0.657473851540856,R10REF_ECON
IMAGE 3.0,ENGAGE-INDCi2030-1400f,0.3279053053039115,0.35042938182564204,0.6783346871295535,R10REF_ECON
IMAGE 3.0,ENGAGE-INDCi2030-800f,0.7040070762584935,0.16302774765839434,0.8670348239168878,R10REF_ECON
IMAGE 3.0,ENGAGE-NPi2020-1000,0.540045559755527,0.13317843434459245,0.6732239941001195,R10REF_ECON
IMAGE 3.0,ENGAGE-NPi2020-1200,0.3685597012706523,0.21051835687530748,0.5790780581459598,R10REF_ECON
IMAGE 3.0,ENGAGE-NPi2020-1400,0.29536585751057887,0.22108465910510822,0.5164505166156871,R10REF_ECON
IMAGE 3.0,ENGAGE-NPi2020-1400f,0.241409100653644,0.3429738598784588,0.5843829605321028,R10REF_ECON
IMAGE 3.2,SSP2021-SSP1-SPA1-19-Default,0.24139668769542894,0.18927656539653662,0.4306732530919656,R10REF_ECON
IMAGE 3.2,SSP2021-SSP1-SPA1-19-Lifestyle-Renewables,0.23972060853386673,0.29969553728895815,0.5394161458228248,R10REF_ECON
IMAGE 3.2,SSP2021-SSP1-SPA1-19-Renewables,0.19073026540438243,0.23003945956523622,0.4207697249696186,R10REF_ECON
IMAGE 3.2,SSP2021-SSP1-SPA1-26-Default,0.18037906579068164,0.08415347393779365,0.2645325397284753,R10REF_ECON
IMAGE 3.2,SSP2021-SSP1-SPA1-26-Lifestyle,0.25888963042107066,0.07817701190724584,0.3370666423283165,R10REF_ECON
IMAGE 3.2,SSP2021-SSP1-SPA1-26-Lifestyle-Renewables,0.19836764275858065,0.29422001925499075,0.4925876620135714,R10REF_ECON
IMAGE 3.2,SSP2021-SSP1-SPA1-26-Renewables,0.21423561513710274,0.16090241225943272,0.37513802739653546,R10REF_ECON
IMAGE 3.2,SSP2021-SSP2-SPA0-26-Default,0.15970981847430502,0.23139196365762443,0.3911017821319295,R10REF_ECON
IMAGE 3.2,SSP2021-SSP2-SPA2-19-Renewables,0.5375387063303998,0.8534885290449782,1.391027235375378,R10REF_ECON
IMAGE 3.2,SSP2021-SSP2-SPA2-26-Default,0.21084866759864426,0.26209335471989514,0.47294202231853943,R10REF_ECON
IMAGE 3.2,SSP2021-SSP2-SPA2-26-Lifestyle,0.2158747330412462,0.15984555589234314,0.37572028893358933,R10REF_ECON
IMAGE 3.2,SSP2021-SSP2-SPA2-26-Lifestyle-Renewables,0.18982778333387768,0.28569882120648216,0.47552660454035983,R10REF_ECON
IMAGE 3.2,SSP2021-SSP2-SPA2-26-Renewables,0.1861172613153865,0.26468870763383096,0.45080596894921743,R10REF_ECON
IMAGE 3.3,NAVIGATE Demand-1.5°C-ele_u,0.3781464631140704,0.7577140492108739,1.1358605123249443,R10REF_ECON
IMAGE 3.3,NAVIGATE Demand-1.5°C-tec_u,0.45069804536726726,0.714832313946495,1.1655303593137623,R10REF_ECON
IMAGE 3.3,NAVIGATE Demand-2.0°C-ele_u,0.29182909414981206,0.5871594936630213,0.8789885878128334,R10REF_ECON
IMAGE 3.3,NAVIGATE Demand-2.0°C-ref,0.19861475811464943,0.18755803562362977,0.3861727937382792,R10REF_ECON
IMAGE 3.3,NAVIGATE Demand-2.0°C-tec_u,0.3193781358528948,0.13004838991273793,0.44942652576563275,R10REF_ECON
MESSAGEix-GLOBIOM 2.0-M-R12-NGFS,NGFS Phase 5-Below 2°C,0.15690083808723912,0.5279893519429394,0.6848901900301785,R10REF_ECON
MESSAGEix-GLOBIOM 2.0-M-R12-NGFS,NGFS Phase 5-Delayed Transition,0.22076836884428439,0.3445480279484398,0.5653163967927242,R10REF_ECON
MESSAGEix-GLOBIOM 2.0-M-R12-NGFS,NGFS Phase 5-Low Demand,0.46819917727025406,0.5061599159463978,0.9743590932166518,R10REF_ECON
MESSAGEix-GLOBIOM 2.0-M-R12-NGFS,NGFS Phase 5-Nationally Determined Contributions (NDCs),0.0,0.0,0.0,R10REF_ECON
MESSAGEix-GLOBIOM 2.0-M-R12-NGFS,NGFS Phase 5-Net-Zero 2050,0.3123854047669174,0.5648357072312409,0.8772211119981583,R10REF_ECON
POLES-JRC ENGAGE,ENGAGE-INDCi2030-1000,0.7477377375494076,0.08679355223025408,0.8345312897796617,R10REF_ECON
POLES-JRC ENGAGE,ENGAGE-INDCi2030-1000-COV,0.6373832855465965,0.08638207843007945,0.7237653639766759,R10REF_ECON
POLES-JRC ENGAGE,ENGAGE-INDCi2030-1000-COV-NDCp,0.629677315163804,0.0781892033806784,0.7078665185444823,R10REF_ECON
POLES-JRC ENGAGE,ENGAGE-INDCi2030-1000-NDCp,0.762129264142545,0.12338116647565715,0.8855104306182021,R10REF_ECON
POLES-JRC ENGAGE,ENGAGE-INDCi2030-1000f,0.5923777851169413,0.07968074229190009,0.6720585274088413,R10REF_ECON
POLES-JRC ENGAGE,ENGAGE-INDCi2030-1000f-COV,0.5393381167280497,0.08054241722893557,0.6198805339569853,R10REF_ECON
POLES-JRC ENGAGE,ENGAGE-INDCi2030-1000f-COV-NDCp,0.5170034884827419,0.07778977602627513,0.594793264509017,R10REF_ECON
POLES-JRC ENGAGE,ENGAGE-INDCi2030-1000f-NDCp,0.618341487519642,0.07060050701978123,0.6889419945394233,R10REF_ECON
POLES-JRC ENGAGE,ENGAGE-INDCi2030-1200,0.5621803477348359,0.08221626604811802,0.644396613782954,R10REF_ECON
POLES-JRC ENGAGE,ENGAGE-INDCi2030-1200f,0.4907695585735929,0.07179925255327314,0.5625688111268661,R10REF_ECON
POLES-JRC ENGAGE,ENGAGE-INDCi2030-300f,0.8446693596940664,0.08089624394595026,0.9255656036400167,R10REF_ECON
POLES-JRC ENGAGE,ENGAGE-INDCi2030-400f,0.8266752736518619,0.06512511927460904,0.891800392926471,R10REF_ECON
POLES-JRC ENGAGE,ENGAGE-INDCi2030-500f,0.792993403541195,0.08196466923022966,0.8749580727714246,R10REF_ECON
POLES-JRC ENGAGE,ENGAGE-INDCi2030-600f,0.7677462051399677,0.07985736842243836,0.8476035735624061,R10REF_ECON
POLES-JRC ENGAGE,ENGAGE-INDCi2030-600f-COV,0.7265768085952651,0.07017839033284315,0.7967551989281082,R10REF_ECON
POLES-JRC ENGAGE,ENGAGE-INDCi2030-600f-COV-NDCp,0.7192602310387322,0.06914080984936329,0.7884010408880955,R10REF_ECON
POLES-JRC ENGAGE,ENGAGE-INDCi2030-600f-NDCp,0.8155778042207276,0.06029641607080298,0.8758742202915305,R10REF_ECON
POLES-JRC ENGAGE,ENGAGE-INDCi2030-700f,0.7289082170459497,0.07350014931811594,0.8024083663640655,R10REF_ECON
POLES-JRC ENGAGE,ENGAGE-INDCi2030-800f,0.691499463517852,0.07844758225280582,0.7699470457706578,R10REF_ECON
POLES-JRC ENGAGE,ENGAGE-INDCi2030-900,0.8591008083747351,0.1555427357266084,1.0146435441013435,R10REF_ECON
POLES-JRC ENGAGE,ENGAGE-INDCi2030-900f,0.6358654386442194,0.07639422944990101,0.7122596680941204,R10REF_ECON
POLES-JRC ENGAGE,ENGAGE-NPi2020-1000f,0.3495045815737019,0.07830268459456577,0.4278072661682677,R10REF_ECON
POLES-JRC ENGAGE,ENGAGE-NPi2020-1000f-COV,0.3574661938918711,0.0809714823122692,0.4384376762041403,R10REF_ECON
POLES-JRC ENGAGE,ENGAGE-NPi2020-1200f,0.3157950398213846,0.07157417179547508,0.3873692116168597,R10REF_ECON
POLES-JRC ENGAGE,ENGAGE-NPi2020-900f,0.37362012292971625,0.07358793633563988,0.4472080592653561,R10REF_ECON
REMIND-MAgPIE 2.1-4.2,NGFS Phase 2-Delayed Transition,0.907218146664059,0.5519970704509789,1.4592152171150379,R10REF_ECON
REMIND-MAgPIE 3.2.0-4.8.0,RESCUE-End-of-Century-Budget-1150,0.3725192639478862,0.3000264623706836,0.6725457263185698,R10REF_ECON
REMIND-MAgPIE 3.2.0-4.8.0,RESCUE-End-of-Century-Budget-1150-with-OAE,0.3610953356020751,0.2932506394426487,0.6543459750447238,R10REF_ECON
REMIND-MAgPIE 3.2.0-4.8.0,RESCUE-End-of-Century-Budget-500,0.5392806102592976,0.33030163161786125,0.8695822418771588,R10REF_ECON
REMIND-MAgPIE 3.2.0-4.8.0,RESCUE-End-of-Century-Budget-500-with-OAE,0.49742686387204677,0.37916397917213546,0.8765908430441822,R10REF_ECON
REMIND-MAgPIE 3.2.0-4.8.0,RESCUE-Peak-Budget-1150,0.3683864567736698,0.25425176761386376,0.6226382243875336,R10REF_ECON
REMIND-MAgPIE 3.2.0-4.8.0,RESCUE-Peak-Budget-1150-with-OAE,0.3687216221801559,0.25723769423671206,0.625959316416868,R10REF_ECON
REMIND-MAgPIE 3.3-4.8,NGFS Phase 5-Below 2°C,0.2956893432545578,0.33097241469533173,0.6266617579498895,R10REF_ECON
REMIND-MAgPIE 3.3-4.8,NGFS Phase 5-Delayed Transition,0.80629511781432,0.6179955092651376,1.4242906270794575,R10REF_ECON
REMIND-MAgPIE 3.3-4.8,NGFS Phase 5-Low Demand,1.0,0.825574122777323,1.825574122777323,R10REF_ECON
REMIND-MAgPIE 3.3-4.8,NGFS Phase 5-Net-Zero 2050,0.72585222393607,1.0,1.7258522239360699,R10REF_ECON
WITCH 5.0,ENGAGE-INDCi2030-1000,0.6747402823659189,0.5357838975883294,1.2105241799542483,R10REF_ECON
WITCH 5.0,ENGAGE-INDCi2030-1000-NDCp,0.6665660582948134,0.5236199037562067,1.1901859620510202,R10REF_ECON
WITCH 5.0,ENGAGE-INDCi2030-1000f,0.6002373047454073,0.4615581723715762,1.0617954771169835,R10REF_ECON
WITCH 5.0,ENGAGE-INDCi2030-1000f-NDCp,0.5481622732428412,0.4596003933909702,1.0077626666338113,R10REF_ECON
WITCH 5.0,ENGAGE-INDCi2030-1200,0.4999739246480855,0.47740698726965025,0.9773809119177357,R10REF_ECON
WITCH 5.0,ENGAGE-INDCi2030-1200-NDCp,0.4897410999446205,0.45637392006236377,0.9461150200069843,R10REF_ECON
WITCH 5.0,ENGAGE-INDCi2030-1200f,0.45813877656451646,0.438995338926855,0.8971341154913715,R10REF_ECON
WITCH 5.0,ENGAGE-INDCi2030-1200f-NDCp,0.4475836460188811,0.43603204337733786,0.883615689396219,R10REF_ECON
WITCH 5.0,ENGAGE-INDCi2030-1400,0.3826413019421589,0.445036817459604,0.8276781194017628,R10REF_ECON
WITCH 5.0,ENGAGE-INDCi2030-1400-NDCp,0.37878208187046647,0.4243040044411332,0.8030860863115996,R10REF_ECON
WITCH 5.0,ENGAGE-INDCi2030-1400f,0.37753515335505444,0.43854565130533224,0.8160808046603867,R10REF_ECON
WITCH 5.0,ENGAGE-INDCi2030-1400f-NDCp,0.3644957011206737,0.43311984085570226,0.797615541976376,R10REF_ECON
WITCH 5.0,ENGAGE-INDCi2030-1600-NDCp,0.27542408929662743,0.40156064886466364,0.676984738161291,R10REF_ECON
WITCH 5.0,ENGAGE-INDCi2030-500f,0.7501499591488412,0.9085565557548874,1.6587065149037286,R10REF_ECON
WITCH 5.0,ENGAGE-INDCi2030-600f,0.746697657804302,0.717387605979448,1.4640852637837498,R10REF_ECON
WITCH 5.0,ENGAGE-INDCi2030-600f-NDCp,0.7510308511045224,0.6686391685330001,1.4196700196375225,R10REF_ECON
WITCH 5.0,ENGAGE-INDCi2030-700f,0.7455912818968804,0.5967465292655062,1.3423378111623867,R10REF_ECON
WITCH 5.0,ENGAGE-INDCi2030-700f-NDCp,0.7468792876782936,0.5716273377231837,1.3185066254014775,R10REF_ECON
WITCH 5.0,ENGAGE-INDCi2030-800,0.7196017498427795,0.7796823916739015,1.4992841415166809,R10REF_ECON
WITCH 5.0,ENGAGE-INDCi2030-800-NDCp,0.7232762362346172,0.695068054384323,1.4183442906189403,R10REF_ECON
WITCH 5.0,ENGAGE-INDCi2030-800f,0.7150510076639538,0.5747628653945613,1.2898138730585151,R10REF_ECON
WITCH 5.0,ENGAGE-INDCi2030-800f-NDCp,0.6953097293984297,0.5593173818188593,1.2546271112172889,R10REF_ECON
WITCH 5.0,ENGAGE-INDCi2030-900,0.7212649094056183,0.5917829951690222,1.3130479045746406,R10REF_ECON
WITCH 5.0,ENGAGE-INDCi2030-900-NDCp,0.7203222049700825,0.5820532166024892,1.3023754215725716,R10REF_ECON
WITCH 5.0,ENGAGE-INDCi2030-900f,0.6532671532086207,0.5245246441815845,1.1777917973902052,R10REF_ECON
WITCH 5.0,ENGAGE-INDCi2030-900f-NDCp,0.6348561226635407,0.501262544659787,1.136118667323328,R10REF_ECON
IMAGE 3.0,ENGAGE-INDCi2030-1000,0.3381856353598103,0.4810805615768572,0.8192661969366675,R10NORTH_AM
IMAGE 3.0,ENGAGE-INDCi2030-1000f,0.33813535796417826,0.6015848347537599,0.9397201927179382,R10NORTH_AM
IMAGE 3.0,ENGAGE-INDCi2030-1200,0.33818559500876955,0.13633237975244675,0.47451797476121627,R10NORTH_AM
IMAGE 3.0,ENGAGE-INDCi2030-1200f,0.33813535796417826,0.24182808347340545,0.5799634414375837,R10NORTH_AM
IMAGE 3.0,ENGAGE-INDCi2030-1400f,0.33813535796417826,0.2829097076075918,0.6210450655717701,R10NORTH_AM
IMAGE 3.0,ENGAGE-INDCi2030-800f,0.33813535796417826,0.5560072567256228,0.894142614689801,R10NORTH_AM
IMAGE 3.0,ENGAGE-NPi2020-1000,0.40376040487045023,0.37111724833570636,0.7748776532061565,R10NORTH_AM
IMAGE 3.0,ENGAGE-NPi2020-1200,0.20981860676106995,0.12173600718017168,0.33155461394124164,R10NORTH_AM
IMAGE 3.0,ENGAGE-NPi2020-1400,0.13348545148898855,0.07277802476936034,0.2062634762583489,R10NORTH_AM
IMAGE 3.0,ENGAGE-NPi2020-1400f,0.1598450354584965,0.21895115374000187,0.37879618919849833,R10NORTH_AM
IMAGE 3.2,SSP2021-SSP1-SPA1-19-Default,0.27796211903476914,0.2154732333288369,0.49343535236360603,R10NORTH_AM
IMAGE 3.2,SSP2021-SSP1-SPA1-19-Lifestyle-Renewables,0.31892673196226434,0.36841834463541306,0.6873450765976774,R10NORTH_AM
IMAGE 3.2,SSP2021-SSP1-SPA1-19-Renewables,0.24812252776135849,0.3267283838539878,0.5748509116153463,R10NORTH_AM
IMAGE 3.2,SSP2021-SSP1-SPA1-26-Default,0.2260352937390254,0.14296142382570368,0.36899671756472907,R10NORTH_AM
IMAGE 3.2,SSP2021-SSP1-SPA1-26-Lifestyle,0.26754769375063314,0.06797100385724018,0.33551869760787334,R10NORTH_AM
IMAGE 3.2,SSP2021-SSP1-SPA1-26-Lifestyle-Renewables,0.32325512253496597,0.2863126602580214,0.6095677827929873,R10NORTH_AM
IMAGE 3.2,SSP2021-SSP1-SPA1-26-Renewables,0.23405333827022098,0.2664115041112421,0.500464842381463,R10NORTH_AM
IMAGE 3.2,SSP2021-SSP2-SPA0-26-Default,0.12300852955833465,0.026106572359592326,0.14911510191792698,R10NORTH_AM
IMAGE 3.2,SSP2021-SSP2-SPA2-19-Renewables,0.289533102047542,0.35530533924901675,0.6448384412965588,R10NORTH_AM
IMAGE 3.2,SSP2021-SSP2-SPA2-26-Default,0.0,0.0225792657737911,0.0225792657737911,R10NORTH_AM
IMAGE 3.2,SSP2021-SSP2-SPA2-26-Lifestyle,0.19789021338671925,0.0014013876276344147,0.19929160101435367,R10NORTH_AM
IMAGE 3.2,SSP2021-SSP2-SPA2-26-Lifestyle-Renewables,0.24896677949481205,0.31348810482923367,0.5624548843240458,R10NORTH_AM
IMAGE 3.2,SSP2021-SSP2-SPA2-26-Renewables,0.10515306791003337,0.20978958461975636,0.3149426525297897,R10NORTH_AM
IMAGE 3.3,NAVIGATE Demand-1.5°C-ele_u,0.25870718767009915,0.3363756942119637,0.5950828818820628,R10NORTH_AM
IMAGE 3.3,NAVIGATE Demand-1.5°C-tec_u,0.2448785301763961,0.34982562484084667,0.5947041550172427,R10NORTH_AM
IMAGE 3.3,NAVIGATE Demand-2.0°C-ele_u,0.20508102712496593,0.21802001008147637,0.4231010372064423,R10NORTH_AM
IMAGE 3.3,NAVIGATE Demand-2.0°C-ref,0.1524479616209394,0.05505428361480449,0.2075022452357439,R10NORTH_AM
IMAGE 3.3,NAVIGATE Demand-2.0°C-tec_u,0.15742022222623028,0.0,0.15742022222623028,R10NORTH_AM
MESSAGEix-GLOBIOM 2.0-M-R12-NGFS,NGFS Phase 5-Below 2°C,0.12451438586635558,0.4589222736728211,0.5834366595391767,R10NORTH_AM
MESSAGEix-GLOBIOM 2.0-M-R12-NGFS,NGFS Phase 5-Delayed Transition,0.1234519408835749,0.26555301369977913,0.38900495458335405,R10NORTH_AM
MESSAGEix-GLOBIOM 2.0-M-R12-NGFS,NGFS Phase 5-Low Demand,0.344619556462586,0.6211617774331895,0.9657813338957755,R10NORTH_AM
MESSAGEix-GLOBIOM 2.0-M-R12-NGFS,NGFS Phase 5-Nationally Determined Contributions (NDCs),0.07072974852089764,0.26192765053090944,0.3326573990518071,R10NORTH_AM
MESSAGEix-GLOBIOM 2.0-M-R12-NGFS,NGFS Phase 5-Net-Zero 2050,0.25053209585053104,0.6307405958090042,0.8812726916595353,R10NORTH_AM
POLES-JRC ENGAGE,ENGAGE-INDCi2030-1000,0.8307180814514065,0.36901408183909284,1.1997321632904994,R10NORTH_AM
POLES-JRC ENGAGE,ENGAGE-INDCi2030-1000-COV,0.5395189204750716,0.2452721656249383,0.7847910861000098,R10NORTH_AM
POLES-JRC ENGAGE,ENGAGE-INDCi2030-1000-COV-NDCp,0.39946245671236474,0.18975288979282637,0.5892153465051911,R10NORTH_AM
POLES-JRC ENGAGE,ENGAGE-INDCi2030-1000-NDCp,0.591644155285182,0.2763761616665643,0.8680203169517463,R10NORTH_AM
POLES-JRC ENGAGE,ENGAGE-INDCi2030-1000f,0.4984511930866651,0.184795021944382,0.6832462150310471,R10NORTH_AM
POLES-JRC ENGAGE,ENGAGE-INDCi2030-1000f-COV,0.3674543841413835,0.12016630145967253,0.487620685601056,R10NORTH_AM
POLES-JRC ENGAGE,ENGAGE-INDCi2030-1000f-COV-NDCp,0.2582059426901003,0.05537934454101202,0.3135852872311123,R10NORTH_AM
POLES-JRC ENGAGE,ENGAGE-INDCi2030-1000f-NDCp,0.3352091310378118,0.15690994866283894,0.4921190797006507,R10NORTH_AM
POLES-JRC ENGAGE,ENGAGE-INDCi2030-1200,0.4470671559328005,0.15300151930167707,0.6000686752344776,R10NORTH_AM
POLES-JRC ENGAGE,ENGAGE-INDCi2030-1200f,0.34956822260986475,0.08242475958979341,0.43199298219965815,R10NORTH_AM
POLES-JRC ENGAGE,ENGAGE-INDCi2030-300f,0.9828735880795221,0.3445508840971005,1.3274244721766226,R10NORTH_AM
POLES-JRC ENGAGE,ENGAGE-INDCi2030-400f,0.9620064268038192,0.3508141109979026,1.3128205378017217,R10NORTH_AM
POLES-JRC ENGAGE,ENGAGE-INDCi2030-500f,0.9153344142290378,0.3597596393248867,1.2750940535539246,R10NORTH_AM
POLES-JRC ENGAGE,ENGAGE-INDCi2030-600f,0.870129149600345,0.36660173068225443,1.2367308802825994,R10NORTH_AM
POLES-JRC ENGAGE,ENGAGE-INDCi2030-600f-COV,0.7524011362250927,0.3433611097883136,1.0957622460134062,R10NORTH_AM
POLES-JRC ENGAGE,ENGAGE-INDCi2030-600f-COV-NDCp,0.6084214653269918,0.3062861130092692,0.914707578336261,R10NORTH_AM
POLES-JRC ENGAGE,ENGAGE-INDCi2030-600f-NDCp,0.7549138012074447,0.3237881265772035,1.0787019277846481,R10NORTH_AM
POLES-JRC ENGAGE,ENGAGE-INDCi2030-700f,0.7901295879712975,0.35389802726138864,1.144027615232686,R10NORTH_AM
POLES-JRC ENGAGE,ENGAGE-INDCi2030-800f,0.6992979301325608,0.31517174755092153,1.0144696776834823,R10NORTH_AM
POLES-JRC ENGAGE,ENGAGE-INDCi2030-900,1.0,0.3318539938087849,1.3318539938087848,R10NORTH_AM
POLES-JRC ENGAGE,ENGAGE-INDCi2030-900f,0.577019165352915,0.24354465045520388,0.8205638158081189,R10NORTH_AM
POLES-JRC ENGAGE,ENGAGE-NPi2020-1000f,0.33220027561767607,0.05950365306818096,0.391703928685857,R10NORTH_AM
POLES-JRC ENGAGE,ENGAGE-NPi2020-1000f-COV,0.30662213756714846,0.03629708063814918,0.34291921820529764,R10NORTH_AM
POLES-JRC ENGAGE,ENGAGE-NPi2020-1200f,0.292444088281251,0.022814008713259788,0.3152580969945108,R10NORTH_AM
POLES-JRC ENGAGE,ENGAGE-NPi2020-900f,0.36102953936552074,0.08247803411956098,0.44350757348508174,R10NORTH_AM
REMIND-MAgPIE 2.1-4.2,NGFS Phase 2-Delayed Transition,0.6726284558529376,0.959201505031759,1.6318299608846967,R10NORTH_AM
REMIND-MAgPIE 3.2.0-4.8.0,RESCUE-End-of-Century-Budget-1150,0.31595459831420214,0.20256117294289538,0.5185157712570976,R10NORTH_AM
REMIND-MAgPIE 3.2.0-4.8.0,RESCUE-End-of-Century-Budget-1150-with-OAE,0.3130047504551768,0.20532398961075712,0.5183287400659339,R10NORTH_AM
REMIND-MAgPIE 3.2.0-4.8.0,RESCUE-End-of-Century-Budget-500,0.44747427710374754,0.38072601229960074,0.8282002894033482,R10NORTH_AM
REMIND-MAgPIE 3.2.0-4.8.0,RESCUE-End-of-Century-Budget-500-with-OAE,0.41868218529704976,0.4190132829434631,0.8376954682405129,R10NORTH_AM
REMIND-MAgPIE 3.2.0-4.8.0,RESCUE-Peak-Budget-1150,0.26896592297030253,0.32687697223288453,0.5958428952031871,R10NORTH_AM
REMIND-MAgPIE 3.2.0-4.8.0,RESCUE-Peak-Budget-1150-with-OAE,0.2696576659631735,0.32588587410504954,0.595543540068223,R10NORTH_AM
REMIND-MAgPIE 3.3-4.8,NGFS Phase 5-Below 2°C,0.19546155201199236,0.25955428625885624,0.45501583827084857,R10NORTH_AM
REMIND-MAgPIE 3.3-4.8,NGFS Phase 5-Delayed Transition,0.7853267140030371,0.8673785682351792,1.6527052822382164,R10NORTH_AM
REMIND-MAgPIE 3.3-4.8,NGFS Phase 5-Low Demand,0.7099626851976909,0.9340062396703263,1.6439689248680172,R10NORTH_AM
REMIND-MAgPIE 3.3-4.8,NGFS Phase 5-Net-Zero 2050,0.3731428284552294,1.0,1.3731428284552294,R10NORTH_AM
WITCH 5.0,ENGAGE-INDCi2030-1000,0.07940221733756243,0.46271285988624017,0.5421150772238026,R10NORTH_AM
WITCH 5.0,ENGAGE-INDCi2030-1000-NDCp,0.43427644036834545,0.5170800884413739,0.9513565288097193,R10NORTH_AM
WITCH 5.0,ENGAGE-INDCi2030-1000f,0.07940221733756749,0.4939789829923923,0.5733812003299598,R10NORTH_AM
WITCH 5.0,ENGAGE-INDCi2030-1000f-NDCp,0.4342764403683404,0.42609172581728066,0.8603681661856211,R10NORTH_AM
WITCH 5.0,ENGAGE-INDCi2030-1200,0.07940221733756243,0.498747156386141,0.5781493737237035,R10NORTH_AM
WITCH 5.0,ENGAGE-INDCi2030-1200-NDCp,0.43427644036834545,0.44659883444115134,0.8808752748094968,R10NORTH_AM
WITCH 5.0,ENGAGE-INDCi2030-1200f,0.07940221733756749,0.501878870295096,0.5812810876326635,R10NORTH_AM
WITCH 5.0,ENGAGE-INDCi2030-1200f-NDCp,0.4342764403683404,0.4478270275979886,0.882103467966329,R10NORTH_AM
WITCH 5.0,ENGAGE-INDCi2030-1400,0.07940221733756749,0.43642299012343,0.5158252074609975,R10NORTH_AM
WITCH 5.0,ENGAGE-INDCi2030-1400-NDCp,0.4342764403683404,0.399661116912613,0.8339375572809534,R10NORTH_AM
WITCH 5.0,ENGAGE-INDCi2030-1400f,0.07940221733756749,0.439834074374751,0.5192362917123186,R10NORTH_AM
WITCH 5.0,ENGAGE-INDCi2030-1400f-NDCp,0.4342764403683404,0.39596840032049074,0.8302448406888312,R10NORTH_AM
WITCH 5.0,ENGAGE-INDCi2030-1600-NDCp,0.43427644036834545,0.3850483877399453,0.8193248281082908,R10NORTH_AM
WITCH 5.0,ENGAGE-INDCi2030-500f,0.09396027789789166,0.7879157184622018,0.8818759963600934,R10NORTH_AM
WITCH 5.0,ENGAGE-INDCi2030-600f,0.07940221733756749,0.652783716518705,0.7321859338562725,R10NORTH_AM
WITCH 5.0,ENGAGE-INDCi2030-600f-NDCp,0.4342764403683404,0.7370585542764012,1.1713349946447416,R10NORTH_AM
WITCH 5.0,ENGAGE-INDCi2030-700f,0.07940221733756749,0.5241806705406158,0.6035828878781833,R10NORTH_AM
WITCH 5.0,ENGAGE-INDCi2030-700f-NDCp,0.4342764403683404,0.6110788616390662,1.0453553020074067,R10NORTH_AM
WITCH 5.0,ENGAGE-INDCi2030-800,0.07940221733756243,0.7226841334860428,0.8020863508236052,R10NORTH_AM
WITCH 5.0,ENGAGE-INDCi2030-800-NDCp,0.43427644036834545,0.8254743164424452,1.2597507568107906,R10NORTH_AM
WITCH 5.0,ENGAGE-INDCi2030-800f,0.07940221733756749,0.43719234894446524,0.5165945662820327,R10NORTH_AM
WITCH 5.0,ENGAGE-INDCi2030-800f-NDCp,0.4342764403683404,0.5397229164844091,0.9739993568527494,R10NORTH_AM
WITCH 5.0,ENGAGE-INDCi2030-900,0.07940221733756243,0.5096698128589129,0.5890720301964754,R10NORTH_AM
WITCH 5.0,ENGAGE-INDCi2030-900-NDCp,0.43427644036834545,0.6076156370292529,1.0418920773975984,R10NORTH_AM
WITCH 5.0,ENGAGE-INDCi2030-900f,0.07940221733756749,0.42758517964669185,0.5069873969842593,R10NORTH_AM
WITCH 5.0,ENGAGE-INDCi2030-900f-NDCp,0.4342764403683404,0.4876596177493112,0.9219360581176517,R10NORTH_AM
