economic_score,environmental_score,resource_score,resilience_score,robustness_score,fairness_score,cluster
0.7459072535087252,0.6680001769672532,0.1880438577655894,0.8458257958531378,0.6008053186468036,0.5929000042943935,0
0.18295362037072596,0.528545105011288,0.06923133042072321,0.41359995092604507,0.6493301011753265,0.7846450000767466,1
0.08887250040586897,0.5240692645897607,0.3274519365672307,0.6294919645177375,0.19945897758943462,0.3074162826834601,2
0.6467910553558782,0.8463480395845456,0.6404789481222712,0.8176535396732026,0.33540456875470265,0.4220960802713534,3
