economic_score,environmental_score,resource_score,resilience_score,robustness_score,cluster,model,scenario
0.0396606654121095,0.4556029801299626,0.1830996680118054,0.0,0.9325780220607996,2.0,IMAGE 3.2,SSP1_SPA1_19I_LI
0.041425565082296,0.0,0.3325365804875577,0.5681562299947683,0.3569388947553155,1.0,REMIND-MAgPIE 2.1-4.2,SusDev_SDP-PkBudg1000
0.8735408375936649,0.8406540458892581,1.0,0.906504421130134,0.7316244252484595,3.0,REMIND-MAgPIE 1.7-3.0,PEP_2C_red_NDC
0.9355037385938396,0.8165193266786588,0.559787326912591,1.0,0.3423690278696337,0.0,REMIND-MAgPIE 2.1-4.2,EN_NPi2020_200f
