economic_score,environmental_score,resource_score,resilience_score,robustness_score,cluster,model,scenario
0.0396606654121095,0.7657044956606965,0.208807193330792,0.0176414259313322,1.0,2.0,IMAGE 3.2,SSP1_SPA1_19I_LI
0.1769128066263087,0.5185310482516888,0.86899080177938,0.3263550223745475,0.4268389390037203,3.0,REMIND-MAgPIE 2.1-4.2,CEMICS_SSP1-1p5C-minCDR
0.0194639862313438,0.0004371819842512,0.3612903902237298,0.5362113679752423,0.4918206717320696,0.0,WITCH 5.0,EN_NPi2020_400f
1.0,0.4376377249406143,0.8823471069141482,0.9949627022931524,0.6959590075406636,1.0,REMIND-MAgPIE 1.7-3.0,PEP_1p5C_red_eff
