economic_score,environmental_score,resource_score,resilience_score,robustness_score,fairness_score,cluster,model,scenario
0.0396606654121095,0.4556029801299626,0.0,0.0,0.9325780220607996,0.6324592764092537,3.0,IMAGE 3.2,SSP1_SPA1_19I_LI
0.128414245458633,0.600759585211285,0.6283042136982132,0.6948751726007812,0.0,0.0,1.0,MESSAGEix-GLOBIOM_1.1,EN_NPi2020_450
0.8750136599004738,0.4516206305332669,0.2017390387138486,0.8757370495136024,0.7570018432646658,0.9218380140745582,0.0,REMIND-MAgPIE 1.7-3.0,CD-LINKS_INDC2030i_400
0.9355037385938396,0.8165193266786588,0.7006800939260066,1.0,0.3423690278696337,0.751089161037638,2.0,REMIND-MAgPIE 2.1-4.2,EN_NPi2020_200f
