economic_score,environmental_score,resource_score,resilience_score,robustness_score,cluster,model,scenario
0.0396606654121095,0.6098118985257,0.1086374082321756,0.0176414259313322,0.9513620801737726,3.0,IMAGE 3.2,SSP1_SPA1_19I_LI
0.0,0.5252504487026277,0.7445510143259255,0.5222752370358318,0.3507912407542174,1.0,WITCH 5.0,EN_NPi2020_450
1.0,0.8485374494010598,0.4423700748716969,0.9949627022931524,0.6122709784223858,0.0,REMIND-MAgPIE 1.7-3.0,PEP_1p5C_red_eff
0.9003542138109033,0.8557927865487684,1.0,0.9803769427312816,0.7799930390475637,2.0,REMIND-MAgPIE 2.1-4.2,EN_INDCi2030_300f
