index,economic_score,environmental_score,resource_score,resilience_score,robustness_score,cluster
"('MESSAGEix-GLOBIOM_GEI 1.0', 'SSP2_openres_lc_80')",0.133779201175174,0.8939113907925686,0.2232931287373564,0.7819290559005733,0.6350675111266166,2.0
"('WITCH 5.0', 'EN_INDCi2030_500f')",0.0932973051575077,0.0,0.2512028809692603,0.5543586133879018,0.7087842852105204,0.0
"('IMAGE 3.2', 'SSP1_SPA1_19I_LI')",0.0943788431427342,0.7587371367358406,0.2675478256409742,0.0553540402941727,0.7702143799843133,3.0
"('REMIND-MAgPIE 2.1-4.2', 'EN_INDCi2030_300f')",1.0,0.445164233967542,0.7943113908943678,1.0,0.9139936693744108,1.0
